{"file_name": "U_20_1", "number_of_trucks": 2, "drone_capacity": 2, "number_of_drones": 2, "iteration": 1, "best_fitness": 335.4392336234791, "runtime": 126.86241149902344, "best_solution": [[[[0, []], [4, [4]], [14, [14, 16, 12, 15]], [5, [5, 13]], [16, []], [15, []], [1, [1, 10]], [10, []], [17, [17, 8]], [8, []], [12, []], [13, []]], [[0, [7, 19, 2, 11, 3, 20]], [3, []], [20, [18]], [7, []], [19, []], [9, [9, 6]], [2, []], [6, []], [18, []], [11, []]]], [[[4, [4]]], [[14, [12, 15]]], [[14, [14, 16]]], [[5, [5, 13]]], [[20, [18]]], [[1, [1, 10]]], [[17, [17, 8]]], [[9, [9, 6]]]]]}
{"file_name": "U_20_1", "number_of_trucks": 2, "drone_capacity": 2, "number_of_drones": 2, "iteration": 2, "best_fitness": 335.9647604119603, "runtime": 154.93338298797607, "best_solution": [[[[0, [7, 12, 15, 4, 19, 2, 3]], [3, []], [4, []], [13, [13, 11]], [12, []], [15, []], [7, []], [19, []], [9, [9, 6]], [2, []], [6, []], [11, []]], [[0, [18, 16, 14]], [14, []], [5, [5, 20]], [16, []], [1, [1, 10]], [18, []], [10, []], [20, []], [17, [17, 8]], [8, []]]], [[[5, [5, 20]]], [[13, [13, 11]]], [[1, [1, 10]]], [[9, [9, 6]]], [[17, [17, 8]]]]]}
{"file_name": "U_20_1", "number_of_trucks": 2, "drone_capacity": 2, "number_of_drones": 2, "iteration": 3, "best_fitness": 334.2887616039331, "runtime": 126.76355242729187, "best_solution": [[[[0, [15, 7, 16, 19, 2]], [14, [14, 5]], [16, []], [5, []], [15, []], [7, []], [19, []], [6, [6, 9]], [9, []], [2, []]], [[0, [20]], [3, [3, 12]], [4, [4, 11]], [11, [13, 18]], [18, []], [1, [1, 10]], [10, []], [20, []], [17, [17, 8]], [8, []], [12, []], [13, []]]], [[[3, [12]]], [[3, [3]]], [[4, [4, 11]]], [[11, [13, 18]]], [[14, [14, 5]]], [[1, [1, 10]]], [[17, [17, 8]]], [[6, [6, 9]]]]]}
