{"file_name": "U_20_1", "number_of_trucks": 2, "drone_capacity": 2, "number_of_drones": 2, "iteration": 1, "best_fitness": 331.47999999999996, "runtime": 161.80112957954407, "best_solution": [[[[0, [10, 11]], [10, [15, 18]], [11, []], [13, [13, 14]], [15, []], [16, [16, 1]], [18, []], [1, []], [14, []], [2, [2, 12]], [12, []], [9, [9]], [19, [19]]], [[0, [20, 8, 6, 4]], [5, [5, 7]], [6, []], [7, [3, 17]], [17, []], [4, []], [3, []], [8, []], [20, []]]], [[[10, [15, 18]]], [[13, [13, 14]]], [[16, [16, 1]]], [[5, [5, 7]]], [[7, [3, 17]]], [[2, [2, 12]]], [[9, [9]]], [[19, [19]]]]]}
{"file_name": "U_20_1", "number_of_trucks": 2, "drone_capacity": 2, "number_of_drones": 2, "iteration": 2, "best_fitness": 327.5415713174241, "runtime": 198.6621162891388, "best_solution": [[[[0, []], [11, [11]], [4, [4, 8]], [16, [16, 1]], [1, []], [8, []], [3, [3, 2]], [2, []], [12, [12, 20]], [20, []], [19, [19]]], [[0, [6, 10, 18, 13, 14, 15]], [10, []], [5, [5, 7]], [7, [17, 9]], [6, []], [17, []], [18, []], [14, []], [15, []], [13, []], [9, []]]], [[[11, [11]]], [[4, [4, 8]]], [[16, [16, 1]]], [[5, [5, 7]]], [[7, [17, 9]]], [[3, [3, 2]]], [[12, [12, 20]]], [[19, [19]]]]]}
{"file_name": "U_20_1", "number_of_trucks": 2, "drone_capacity": 2, "number_of_drones": 2, "iteration": 3, "best_fitness": 335.0660491952631, "runtime": 112.31651043891907, "best_solution": [[[[0, [14, 1, 4, 8, 15, 13, 20, 9]], [9, []], [15, []], [13, []], [14, []], [1, []], [4, []], [8, []], [3, [3, 2]], [2, []], [20, []]], [[0, [6, 18, 11, 16, 10]], [10, []], [5, [5, 7]], [6, [12]], [7, [17, 19]], [11, []], [18, []], [17, []], [16, []], [12, []], [19, []]]], [[[5, [5, 7]]], [[6, [12]]], [[7, [17, 19]]], [[3, [3, 2]]]]]}
