{"file_name": "U_20_1", "number_of_trucks": 2, "drone_capacity": 2, "number_of_drones": 2, "iteration": 1, "best_fitness": 386.48, "runtime": 115.20104813575745, "best_solution": [[[[0, [2, 10, 14, 18, 15]], [14, []], [18, []], [15, []], [16, [16, 1]], [1, []], [10, []], [2, []], [17, [17, 3, 19]], [3, []], [19, []], [13, [13, 9, 11]], [9, []], [11, []]], [[0, [6, 8, 20, 5, 7, 4, 12]], [20, []], [8, []], [6, []], [12, []], [5, []], [7, []], [4, []]]], [[[16, [16, 1]]], [[17, [19]]], [[17, [17, 3]]], [[13, [13]]], [[13, [9, 11]]]]]}
{"file_name": "U_20_1", "number_of_trucks": 2, "drone_capacity": 2, "number_of_drones": 2, "iteration": 2, "best_fitness": 380.26281804263834, "runtime": 107.70454812049866, "best_solution": [[[[0, [18, 8, 20, 16, 6, 15, 12, 11]], [20, []], [8, []], [18, []], [15, []], [12, []], [11, []], [16, []], [6, []]], [[0, [14]], [10, [2, 10]], [2, []], [14, []], [1, [1, 13]], [5, [5, 4]], [13, []], [9, [9]], [19, [19, 3]], [3, []], [17, [17, 7]], [7, []], [4, []]]], [[[10, [10]]], [[10, [2]]], [[1, [1, 13]]], [[5, [5, 4]]], [[9, [9]]], [[19, [19, 3]]], [[17, [17, 7]]]]]}
{"file_name": "U_20_1", "number_of_trucks": 2, "drone_capacity": 2, "number_of_drones": 2, "iteration": 3, "best_fitness": 377.32, "runtime": 100.31792545318604, "best_solution": [[[[0, [14, 2, 15, 18]], [15, []], [18, []], [14, []], [16, [16, 1]], [1, []], [5, [5, 13]], [2, []], [3, [3, 19]], [19, []], [13, []], [9, [9, 11]], [11, []], [12, [12, 6]], [6, []]], [[0, [7, 17, 8, 20, 4, 10]], [4, []], [7, []], [17, []], [10, []], [8, []], [20, []]]], [[[16, [16, 1]]], [[5, [5, 13]]], [[3, [3, 19]]], [[9, [9, 11]]], [[12, [12, 6]]]]]}
