{"file_name": "U_20_1", "number_of_trucks": 2, "drone_capacity": 2, "number_of_drones": 2, "iteration": 1, "best_fitness": 427.59353624300167, "runtime": 159.66971039772034, "best_solution": [[[[0, [3]], [15, [15, 1]], [1, []], [16, [16]], [3, []], [19, [19]], [11, [11, 2]], [2, []], [8, [8, 20]], [20, []]], [[0, [17, 10, 5, 13, 18]], [10, []], [5, []], [13, []], [9, [9, 14]], [7, [7, 6]], [6, []], [17, []], [18, []], [14, []], [4, [4, 12]], [12, []]]], [[[15, [15, 1]]], [[16, [16]]], [[19, [19]]], [[9, [9, 14]]], [[7, [7, 6]]], [[11, [11, 2]]], [[8, [8, 20]]], [[4, [4, 12]]]]]}
{"file_name": "U_20_1", "number_of_trucks": 2, "drone_capacity": 2, "number_of_drones": 2, "iteration": 2, "best_fitness": 427.1851961294467, "runtime": 107.21785283088684, "best_solution": [[[[0, [10, 15, 17, 18, 1]], [10, [16]], [17, []], [18, []], [1, []], [15, [2, 14]], [14, []], [16, []], [2, []], [12, [12, 4]], [4, []]], [[0, []], [3, [3]], [0, []], [5, [5, 13]], [19, [19, 9]], [13, []], [7, [7, 6]], [6, []], [11, [11]], [9, []], [8, [8, 20]], [20, []]]], [[[3, [3]]], [[10, [16]]], [[5, [5, 13]]], [[19, [19, 9]]], [[15, [2, 14]]], [[7, [7, 6]]], [[11, [11]]], [[12, [12, 4]]], [[8, [8, 20]]]]]}
{"file_name": "U_20_1", "number_of_trucks": 2, "drone_capacity": 2, "number_of_drones": 2, "iteration": 3, "best_fitness": 430.6480483805892, "runtime": 114.01926255226135, "best_solution": [[[[0, [3, 18]], [1, [1]], [18, []], [16, [16, 9]], [3, []], [11, [11, 2]], [2, []], [8, [8, 20]], [20, []], [9, []]], [[0, [10, 5, 15, 13, 17]], [10, []], [5, []], [15, []], [19, [19, 14]], [13, []], [6, [6, 7]], [7, []], [17, []], [14, []], [4, [4, 12]], [12, []]]], [[[1, [1]]], [[16, [16, 9]]], [[19, [19, 14]]], [[6, [6, 7]]], [[11, [11, 2]]], [[8, [8, 20]]], [[4, [4, 12]]]]]}
