{"file_name": "U_20_0", "number_of_trucks": 2, "drone_capacity": 2, "number_of_drones": 2, "iteration": 1, "best_fitness": 258.36160368856184, "runtime": 126.2272961139679, "best_solution": [[[[0, [9, 11, 18, 16, 10, 19, 15]], [15, []], [9, []], [10, []], [11, []], [16, []], [1, [1, 8]], [8, []], [19, []], [18, []], [2, [2]]], [[0, [4, 13, 14, 3, 17]], [13, []], [5, [5, 20, 7]], [20, []], [4, []], [3, []], [17, []], [14, []], [12, [12, 6]], [6, []], [7, []]]], [[[5, [7]]], [[5, [5, 20]]], [[1, [1, 8]]], [[12, [12, 6]]], [[2, [2]]]]]}
{"file_name": "U_20_0", "number_of_trucks": 2, "drone_capacity": 2, "number_of_drones": 2, "iteration": 2, "best_fitness": 262.0775627797667, "runtime": 115.29707551002502, "best_solution": [[[[0, [9, 3, 4, 17, 14, 13]], [9, []], [14, []], [12, [12, 5]], [13, []], [5, []], [17, []], [3, []], [4, []], [6, [6, 7]], [7, []]], [[0, [10, 19]], [15, [15, 18, 16, 11]], [10, []], [18, []], [19, []], [8, [8, 1]], [1, []], [16, []], [11, []], [20, [20, 2]], [2, []]]], [[[15, [16, 11]]], [[15, [15, 18]]], [[12, [12, 5]]], [[8, [8, 1]]], [[20, [20, 2]]], [[6, [6, 7]]]]]}
{"file_name": "U_20_0", "number_of_trucks": 2, "drone_capacity": 2, "number_of_drones": 2, "iteration": 3, "best_fitness": 267.8110177223919, "runtime": 125.12901258468628, "best_solution": [[[[0, [3, 4, 17]], [15, [15, 7]], [7, []], [6, [6, 20]], [4, []], [3, []], [17, []], [20, []], [5, [5, 2]], [12, [12]], [2, []]], [[0, [10, 9, 13, 14, 16, 11, 19, 18]], [9, []], [18, []], [10, [1, 8]], [16, []], [11, []], [1, []], [8, []], [19, []], [14, []], [13, []]]], [[[15, [15, 7]]], [[6, [6, 20]]], [[10, [1, 8]]], [[5, [5, 2]]], [[12, [12]]]]]}
