{"file_name": "U_20_1", "number_of_trucks": 2, "drone_capacity": 2, "number_of_drones": 2, "iteration": 1, "best_fitness": 342.3030111575666, "runtime": 194.91056966781616, "best_solution": [[[[0, [12, 8, 19, 16]], [17, [17, 4]], [4, []], [12, []], [18, [18, 11]], [19, []], [11, []], [10, [10, 1]], [8, []], [1, []], [16, []], [3, [3, 5]], [5, []]], [[0, [15]], [9, [9]], [15, []], [7, [7, 6]], [6, []], [2, [2, 20]], [20, []], [13, [13, 14]], [14, []]]], [[[9, [9]]], [[17, [17, 4]]], [[7, [7, 6]]], [[18, [18, 11]]], [[10, [10, 1]]], [[2, [2, 20]]], [[3, [3, 5]]], [[13, [13, 14]]]]]}
{"file_name": "U_20_1", "number_of_trucks": 2, "drone_capacity": 2, "number_of_drones": 2, "iteration": 2, "best_fitness": 345.84347123511776, "runtime": 148.91232228279114, "best_solution": [[[[0, [15, 4, 17]], [15, []], [4, []], [7, [7, 6]], [6, []], [2, [2, 13]], [13, []], [17, []], [5, [5, 20]], [20, []]], [[0, [16, 8, 12]], [9, [9, 19]], [19, []], [16, []], [8, []], [18, [18, 11]], [12, []], [10, [10, 1]], [1, []], [11, []], [3, [3, 14]], [14, []]]], [[[9, [9, 19]]], [[7, [7, 6]]], [[18, [18, 11]]], [[10, [10, 1]]], [[2, [2, 13]]], [[5, [5, 20]]], [[3, [3, 14]]]]]}
{"file_name": "U_20_1", "number_of_trucks": 2, "drone_capacity": 2, "number_of_drones": 2, "iteration": 3, "best_fitness": 351.32, "runtime": 111.70994067192078, "best_solution": [[[[0, [20, 14, 6, 7, 4, 5, 13]], [13, []], [5, []], [20, []], [4, []], [14, []], [6, []], [7, []]], [[0, []], [9, [9]], [0, [19, 8, 16, 15, 12, 17]], [15, []], [18, [18, 10]], [10, []], [19, []], [8, []], [1, [1, 11]], [16, []], [11, []], [3, [3, 2]], [17, []], [12, []], [2, []]]], [[[9, [9]]], [[18, [18, 10]]], [[1, [1, 11]]], [[3, [3, 2]]]]]}
