{"file_name": "U_20_1", "number_of_trucks": 2, "drone_capacity": 2, "number_of_drones": 2, "iteration": 1, "best_fitness": 318.79028098707954, "runtime": 118.4060447216034, "best_solution": [[[[0, [11, 8, 1, 2, 15]], [2, []], [4, [4, 13]], [13, []], [11, []], [19, [19, 17]], [15, []], [8, []], [17, []], [1, []]], [[0, [3]], [18, [12, 18, 14]], [14, []], [16, [10, 16]], [12, []], [20, [20, 9]], [10, []], [3, []], [9, []], [5, [5, 7]], [7, []], [6, [6]]]], [[[18, [18, 14]]], [[18, [12]]], [[16, [10, 16]]], [[4, [4, 13]]], [[20, [20, 9]]], [[19, [19, 17]]], [[5, [5, 7]]], [[6, [6]]]]]}
{"file_name": "U_20_1", "number_of_trucks": 2, "drone_capacity": 2, "number_of_drones": 2, "iteration": 2, "best_fitness": 312.04798761563427, "runtime": 112.1221570968628, "best_solution": [[[[0, [14, 16, 12, 18]], [18, []], [14, [11, 3]], [16, []], [13, [13, 4, 2, 20]], [4, []], [11, []], [12, []], [3, []], [5, [5, 19]], [20, []], [2, []], [19, []], [0, []]], [[0, [1, 8, 9, 10, 15]], [1, []], [8, []], [9, []], [10, []], [7, [7, 17]], [17, []], [15, []], [6, [6]]]], [[[14, [11, 3]]], [[13, [4, 2]]], [[13, [13, 20]]], [[5, [5, 19]]], [[7, [7, 17]]], [[6, [6]]]]]}
{"file_name": "U_20_1", "number_of_trucks": 2, "drone_capacity": 2, "number_of_drones": 2, "iteration": 3, "best_fitness": 314.1679876156342, "runtime": 105.53412222862244, "best_solution": [[[[0, [15, 2]], [2, []], [15, []], [18, [18, 1, 8]], [13, [13, 4, 20, 9]], [4, []], [20, []], [9, []], [17, [17, 19]], [8, []], [1, []], [19, []]], [[0, [14, 16, 12, 11, 10, 3]], [14, []], [16, []], [12, []], [11, []], [10, []], [3, []], [5, [5, 7]], [7, []], [6, [6]]]], [[[18, [18]]], [[18, [1, 8]]], [[13, [4, 20]]], [[13, [13, 9]]], [[17, [17, 19]]], [[5, [5, 7]]], [[6, [6]]]]]}
