{"file_name": "U_20_1", "number_of_trucks": 2, "drone_capacity": 2, "number_of_drones": 2, "iteration": 1, "best_fitness": 376.88507708684034, "runtime": 172.95480871200562, "best_solution": [[[[0, [6, 10, 11, 2, 19, 9]], [10, []], [15, [15, 18]], [6, []], [2, []], [19, []], [9, []], [7, [7, 16]], [18, []], [11, []], [16, []]], [[0, []], [14, [14, 1]], [1, []], [4, [4, 8]], [8, []], [20, [20, 17]], [17, []], [12, [12, 13]], [13, []], [3, [3, 5]], [5, []]]], [[[14, [14, 1]]], [[4, [4, 8]]], [[15, [15, 18]]], [[20, [20, 17]]], [[7, [7, 16]]], [[12, [12, 13]]], [[3, [3, 5]]]]]}
{"file_name": "U_20_1", "number_of_trucks": 2, "drone_capacity": 2, "number_of_drones": 2, "iteration": 2, "best_fitness": 390.31396723939804, "runtime": 102.81544280052185, "best_solution": [[[[0, []], [2, [2, 1]], [1, []], [11, [11, 10]], [10, []], [20, [20, 5]], [15, [15, 18]], [7, [7, 16]], [18, []], [16, []], [5, []]], [[0, [8, 14, 19, 6, 4]], [14, [9, 13]], [19, []], [9, []], [6, []], [8, []], [17, [17, 12]], [12, []], [13, []], [4, []], [3, [3]]]], [[[2, [2, 1]]], [[14, [9, 13]]], [[11, [11, 10]]], [[20, [20, 5]]], [[15, [15, 18]]], [[17, [17, 12]]], [[7, [7, 16]]], [[3, [3]]]]]}
{"file_name": "U_20_1", "number_of_trucks": 2, "drone_capacity": 2, "number_of_drones": 2, "iteration": 3, "best_fitness": 391.62058118150463, "runtime": 133.11346077919006, "best_solution": [[[[0, []], [14, [14, 2]], [2, []], [19, [19, 8, 9, 6]], [9, []], [6, []], [20, [20, 17]], [17, []], [8, []], [7, [7, 15]], [15, []], [5, [5]]], [[0, []], [1, [1]], [0, [13, 10, 4]], [18, [18, 11]], [10, []], [16, [16]], [11, []], [13, []], [12, [12, 3]], [4, []], [3, []]]], [[[14, [14, 2]]], [[1, [1]]], [[19, [19, 6]]], [[19, [8, 9]]], [[20, [20, 17]]], [[18, [18, 11]]], [[16, [16]]], [[7, [7, 15]]], [[12, [12, 3]]], [[5, [5]]]]]}
