{"file_name": "U_20_0", "number_of_trucks": 2, "drone_capacity": 2, "number_of_drones": 2, "iteration": 1, "best_fitness": 280.28000000000003, "runtime": 101.57870531082153, "best_solution": [[[[0, [10]], [10, []], [5, [5, 18]], [11, [11, 14]], [14, []], [18, []], [17, [17, 19]], [6, [6, 7]], [7, []], [15, [15, 13]], [13, []], [19, []]], [[0, [12, 2, 4, 16, 1, 3, 20]], [9, [8, 9]], [12, []], [16, []], [1, []], [4, []], [2, []], [3, []], [8, []], [20, []]]], [[[5, [5, 18]]], [[11, [11, 14]]], [[9, [8, 9]]], [[17, [17, 19]]], [[6, [6, 7]]], [[15, [15, 13]]]]]}
{"file_name": "U_20_0", "number_of_trucks": 2, "drone_capacity": 2, "number_of_drones": 2, "iteration": 2, "best_fitness": 279.84000000000003, "runtime": 119.6994948387146, "best_solution": [[[[0, [10, 4]], [10, []], [5, [5, 18]], [14, [14, 17, 6, 1]], [1, []], [4, []], [17, []], [18, []], [7, [7, 11]], [6, []], [11, []]], [[0, [20, 8, 19, 3, 2, 16, 12, 15, 13, 9]], [19, []], [20, []], [8, []], [3, []], [2, []], [16, []], [12, []], [15, []], [13, []], [9, []]]], [[[5, [18]]], [[5, [5]]], [[14, [6, 1]]], [[14, [14, 17]]], [[7, [11]]], [[7, [7]]]]]}
{"file_name": "U_20_0", "number_of_trucks": 2, "drone_capacity": 2, "number_of_drones": 2, "iteration": 3, "best_fitness": 286.03999999999996, "runtime": 165.49645400047302, "best_solution": [[[[0, [2, 4, 16]], [20, [20, 3]], [2, []], [8, [8, 12, 1]], [3, []], [4, []], [12, []], [14, [14, 9]], [1, []], [16, []], [9, []]], [[0, [5, 6, 7, 11, 15, 13, 19, 18, 17, 10]], [10, []], [5, []], [6, []], [7, []], [18, []], [17, []], [11, []], [15, []], [13, []], [19, []]]], [[[20, [20, 3]]], [[8, [1]]], [[8, [8, 12]]], [[14, [14, 9]]]]]}
