{"file_name": "U_20_0", "number_of_trucks": 2, "drone_capacity": 2, "number_of_drones": 2, "iteration": 1, "best_fitness": 255.91472174864674, "runtime": 156.17025232315063, "best_solution": [[[[0, [3, 4, 13]], [3, [8, 20, 5]], [4, []], [13, []], [12, [12, 10]], [8, []], [17, [17, 1]], [20, []], [10, []], [1, []], [11, [11, 16]], [16, []], [5, []]], [[0, [15, 2, 9, 7, 18, 14]], [18, []], [15, []], [6, [6, 19]], [19, []], [2, []], [9, []], [7, []], [14, []]]], [[[3, [8, 20]]], [[3, [5]]], [[12, [12, 10]]], [[6, [6, 19]]], [[17, [17, 1]]], [[11, [11, 16]]]]]}
{"file_name": "U_20_0", "number_of_trucks": 2, "drone_capacity": 2, "number_of_drones": 2, "iteration": 2, "best_fitness": 254.21298007235683, "runtime": 148.88554763793945, "best_solution": [[[[0, [15, 14, 9, 7, 5, 2]], [14, []], [5, []], [15, []], [6, [6, 19]], [19, []], [2, []], [9, []], [7, []]], [[0, [13, 4]], [3, [3, 8, 20]], [4, []], [13, []], [12, [12, 18]], [8, []], [17, [17, 10]], [20, []], [10, []], [18, []], [1, [1, 11]], [11, []], [16, [16]]]], [[[3, [20]]], [[3, [3, 8]]], [[12, [12, 18]]], [[17, [17, 10]]], [[6, [6, 19]]], [[1, [1, 11]]], [[16, [16]]]]]}
{"file_name": "U_20_0", "number_of_trucks": 2, "drone_capacity": 2, "number_of_drones": 2, "iteration": 3, "best_fitness": 265.49298007235683, "runtime": 89.16739296913147, "best_solution": [[[[0, [3, 4, 13]], [3, [8, 20]], [4, []], [13, []], [12, [12, 10, 5, 15]], [8, []], [17, [17, 16]], [20, []], [10, []], [15, []], [16, []], [5, []], [11, [11]]], [[0, [7, 9, 2, 14, 18]], [14, []], [7, []], [9, []], [19, [19, 6]], [6, []], [2, []], [1, [1]], [18, []]]], [[[3, [8, 20]]], [[12, [5, 15]]], [[12, [12, 10]]], [[17, [17, 16]]], [[19, [19, 6]]], [[11, [11]]], [[1, [1]]]]]}
