{"file_name": "U_20_0", "number_of_trucks": 2, "drone_capacity": 2, "number_of_drones": 2, "iteration": 1, "best_fitness": 247.60000000000002, "runtime": 107.69168305397034, "best_solution": [[[[0, [17, 5, 20, 3, 19, 6, 1, 18]], [19, []], [18, []], [20, []], [5, []], [10, [10, 9]], [3, []], [9, []], [17, []], [8, [8]], [6, []], [1, []]], [[0, [7, 15, 11, 12, 13, 4, 2]], [2, []], [13, []], [4, []], [11, []], [12, []], [16, [16, 14]], [14, []], [7, []], [15, []]]], [[[10, [10, 9]]], [[16, [16, 14]]], [[8, [8]]]]]}
{"file_name": "U_20_0", "number_of_trucks": 2, "drone_capacity": 2, "number_of_drones": 2, "iteration": 2, "best_fitness": 252.04, "runtime": 99.75949382781982, "best_solution": [[[[0, [2, 3]], [6, [5, 11, 6]], [3, []], [10, [10, 12]], [5, []], [11, []], [12, []], [16, [16, 13, 4, 19]], [4, []], [13, []], [2, []], [19, []]], [[0, [17, 15, 1, 7, 18]], [18, [9, 20]], [17, []], [15, []], [1, []], [8, [8, 14]], [7, []], [9, []], [20, []], [14, []], [0, []]]], [[[6, [5, 11]]], [[6, [6]]], [[18, [9, 20]]], [[10, [10, 12]]], [[8, [8, 14]]], [[16, [4, 19]]], [[16, [16, 13]]]]]}
{"file_name": "U_20_0", "number_of_trucks": 2, "drone_capacity": 2, "number_of_drones": 2, "iteration": 3, "best_fitness": 250.52, "runtime": 97.62681221961975, "best_solution": [[[[0, [19, 2, 11, 17, 12, 13, 4]], [19, []], [2, []], [13, []], [4, []], [11, []], [12, []], [16, [16, 8]], [17, []], [8, []]], [[0, [3, 1]], [6, [20, 15, 6]], [1, []], [15, []], [7, [7, 9, 18, 5]], [9, []], [3, []], [5, []], [14, [14, 10]], [10, []], [20, []], [18, []]]], [[[6, [15, 6]]], [[6, [20]]], [[7, [18, 5]]], [[7, [7, 9]]], [[14, [14, 10]]], [[16, [16, 8]]]]]}
