{"file_name": "U_20_1", "number_of_trucks": 2, "drone_capacity": 2, "number_of_drones": 2, "iteration": 1, "best_fitness": 407.08615484109066, "runtime": 95.52737069129944, "best_solution": [[[[0, [20]], [20, []], [0, [14, 13, 5, 4, 6, 12]], [14, []], [13, []], [5, []], [4, []], [6, []], [7, [7, 19]], [12, []], [19, []], [10, [10, 2]], [2, []]], [[0, []], [18, [18, 16]], [16, []], [11, [11, 15]], [15, []], [9, [9]], [8, [8, 1]], [1, []], [17, [17, 3]], [3, []]]], [[[18, [18, 16]]], [[11, [11, 15]]], [[9, [9]]], [[7, [7, 19]]], [[8, [8, 1]]], [[17, [17, 3]]], [[10, [10, 2]]]]]}
{"file_name": "U_20_1", "number_of_trucks": 2, "drone_capacity": 2, "number_of_drones": 2, "iteration": 2, "best_fitness": 406.970597595408, "runtime": 126.02971148490906, "best_solution": [[[[0, [15, 6, 4, 12, 14, 13]], [15, []], [12, []], [14, []], [13, []], [4, []], [6, []], [7, [7, 19]], [17, [17, 3]], [3, []], [19, []]], [[0, [18, 16]], [20, [20, 5]], [5, []], [18, []], [16, []], [11, [11]], [2, [2, 1]], [1, []], [8, [8, 10]], [10, []], [9, [9]]]], [[[20, [20, 5]]], [[11, [11]]], [[7, [7, 19]]], [[2, [2, 1]]], [[17, [17, 3]]], [[8, [8, 10]]], [[9, [9]]]]]}
{"file_name": "U_20_1", "number_of_trucks": 2, "drone_capacity": 2, "number_of_drones": 2, "iteration": 3, "best_fitness": 414.11174121064903, "runtime": 127.43224668502808, "best_solution": [[[[0, [20, 16, 6, 4, 18]], [4, []], [20, []], [16, []], [11, [11]], [18, []], [6, []], [7, [7, 2]], [2, []], [10, [10, 19]], [19, []], [0, []]], [[0, [5, 14, 12]], [15, [13, 15]], [13, []], [5, []], [14, []], [12, []], [9, [9]], [8, [8, 1]], [1, []], [3, [3, 17]], [17, []]]], [[[15, [13, 15]]], [[11, [11]]], [[9, [9]]], [[8, [8, 1]]], [[7, [7, 2]]], [[10, [10, 19]]], [[3, [3, 17]]]]]}
