{"file_name": "U_20_1", "number_of_trucks": 2, "drone_capacity": 2, "number_of_drones": 2, "iteration": 1, "best_fitness": 420.73383481640394, "runtime": 100.55515503883362, "best_solution": [[[[0, [11, 19, 16, 1, 15]], [15, []], [6, [6]], [11, []], [19, []], [16, []], [5, [5, 2]], [1, []], [2, []], [12, [12, 8]], [8, []], [20, [20, 4]], [4, []]], [[0, []], [13, [13, 14]], [14, []], [9, [9, 18]], [18, []], [10, [10]], [17, [17]], [3, [3, 7]], [7, []]]], [[[6, [6]]], [[13, [13, 14]]], [[9, [9, 18]]], [[10, [10]]], [[5, [5, 2]]], [[17, [17]]], [[12, [12, 8]]], [[3, [3, 7]]], [[20, [20, 4]]]]]}
{"file_name": "U_20_1", "number_of_trucks": 2, "drone_capacity": 2, "number_of_drones": 2, "iteration": 2, "best_fitness": 420.73383481640394, "runtime": 115.12241792678833, "best_solution": [[[[0, [16, 6, 19, 1, 15, 11]], [6, []], [1, []], [19, []], [16, []], [15, []], [11, []], [5, [5, 2]], [2, []], [17, [17, 10]], [10, []], [3, [3, 7]], [7, []]], [[0, [13, 14]], [13, []], [9, [9, 18]], [18, []], [14, []], [4, [4, 8]], [20, [20, 12]], [8, []], [12, []]]], [[[9, [9, 18]]], [[5, [5, 2]]], [[4, [4, 8]]], [[17, [17, 10]]], [[20, [20, 12]]], [[3, [3, 7]]]]]}
{"file_name": "U_20_1", "number_of_trucks": 2, "drone_capacity": 2, "number_of_drones": 2, "iteration": 3, "best_fitness": 417.0875308162026, "runtime": 85.4036111831665, "best_solution": [[[[0, [6, 15, 11, 19]], [6, []], [15, []], [11, []], [19, []], [18, [18, 2]], [2, []], [10, [10, 5]], [5, []], [12, [12, 20]], [20, []]], [[0, [14, 13]], [14, [1, 16]], [13, []], [16, []], [1, []], [9, [9]], [8, [8]], [4, [4, 17]], [17, []], [3, [3, 7]], [7, []]]], [[[14, [1, 16]]], [[18, [18, 2]]], [[9, [9]]], [[8, [8]]], [[10, [10, 5]]], [[4, [4, 17]]], [[12, [12, 20]]], [[3, [3, 7]]]]]}
