{"file_name": "U_20_0", "number_of_trucks": 2, "drone_capacity": 2, "number_of_drones": 2, "iteration": 1, "best_fitness": 271.14964303105035, "runtime": 143.79690265655518, "best_solution": [[[[0, [11, 16, 15, 18, 1, 12]], [1, []], [11, []], [16, []], [12, []], [15, []], [18, []], [14, [14, 8]], [8, []], [20, [20]]], [[0, [2, 4, 13, 5]], [6, [6, 10, 7]], [7, []], [10, []], [17, [17, 3]], [2, []], [3, []], [19, [19, 9]], [9, []], [13, []], [5, []], [4, []]]], [[[6, [7]]], [[6, [6, 10]]], [[17, [17, 3]]], [[19, [19, 9]]], [[14, [14, 8]]], [[20, [20]]]]]}
{"file_name": "U_20_0", "number_of_trucks": 2, "drone_capacity": 2, "number_of_drones": 2, "iteration": 2, "best_fitness": 269.24, "runtime": 101.60205125808716, "best_solution": [[[[0, [16, 11, 6, 9, 18, 12]], [6, []], [16, []], [9, []], [11, []], [12, []], [18, []], [14, [14, 8]], [8, []], [20, [20]]], [[0, [2, 13, 1, 5, 7, 15, 4]], [15, []], [10, [10, 3]], [17, [17, 19]], [2, []], [3, []], [19, []], [13, []], [1, []], [5, []], [7, []], [4, []]]], [[[10, [10, 3]]], [[17, [17, 19]]], [[14, [14, 8]]], [[20, [20]]]]]}
{"file_name": "U_20_0", "number_of_trucks": 2, "drone_capacity": 2, "number_of_drones": 2, "iteration": 3, "best_fitness": 268.7024168102878, "runtime": 114.79562592506409, "best_solution": [[[[0, [12, 11, 16, 15, 18]], [16, []], [12, []], [11, []], [15, []], [18, []], [14, [14, 8]], [8, []], [20, [20]]], [[0, [7, 2, 13, 4, 10, 6, 1, 5]], [4, []], [7, []], [10, []], [17, [17, 3, 9, 19]], [2, []], [3, []], [19, []], [9, []], [13, []], [1, []], [5, []], [6, []]]], [[[17, [3, 9]]], [[17, [17, 19]]], [[14, [14, 8]]], [[20, [20]]]]]}
