{"file_name": "U_20_1", "number_of_trucks": 2, "drone_capacity": 2, "number_of_drones": 2, "iteration": 1, "best_fitness": 382.2079876156342, "runtime": 126.91667985916138, "best_solution": [[[[0, [13]], [13, [7]], [15, [15, 6]], [7, []], [6, []], [17, [17, 9]], [9, []], [20, [20, 10]], [10, []], [16, [16, 14]], [14, []]], [[0, []], [8, [8, 11]], [1, [1, 3]], [5, [5, 12]], [3, []], [4, [4, 19]], [11, []], [12, []], [2, [2, 18]], [19, []], [18, []]]], [[[13, [7]]], [[8, [8, 11]]], [[1, [1, 3]]], [[15, [15, 6]]], [[17, [17, 9]]], [[5, [5, 12]]], [[4, [4, 19]]], [[20, [20, 10]]], [[16, [16, 14]]], [[2, [2, 18]]]]]}
{"file_name": "U_20_1", "number_of_trucks": 2, "drone_capacity": 2, "number_of_drones": 2, "iteration": 2, "best_fitness": 382.81228858446804, "runtime": 79.33638215065002, "best_solution": [[[[0, [13]], [13, []], [0, []], [6, [6, 15]], [15, []], [1, [1, 3]], [17, [17]], [9, [9, 10]], [3, []], [10, []], [14, [14, 18]], [18, []]], [[0, []], [7, [7]], [8, [8, 11]], [19, [19]], [11, []], [12, [12, 5]], [20, [20, 4]], [5, []], [4, []], [16, [16, 2]], [2, []]]], [[[7, [7]]], [[8, [8, 11]]], [[19, [19]]], [[6, [6, 15]]], [[1, [1, 3]]], [[12, [12, 5]]], [[17, [17]]], [[20, [20, 4]]], [[9, [9, 10]]], [[16, [16, 2]]], [[14, [14, 18]]]]]}
{"file_name": "U_20_1", "number_of_trucks": 2, "drone_capacity": 2, "number_of_drones": 2, "iteration": 3, "best_fitness": 377.0451851664201, "runtime": 102.40873670578003, "best_solution": [[[[0, [7]], [7, []], [1, [1]], [8, [8, 3]], [15, [15]], [17, [17]], [9, [9, 5]], [20, [20, 10]], [5, []], [3, []], [10, []], [16, [16, 14]], [14, []]], [[0, [13]], [13, []], [0, [11, 6, 12, 19]], [19, []], [6, []], [12, []], [11, []], [4, [4, 18]], [2, [2]], [18, []]]], [[[1, [1]]], [[8, [8, 3]]], [[15, [15]]], [[17, [17]]], [[9, [9, 5]]], [[20, [20, 10]]], [[4, [4, 18]]], [[16, [16, 14]]], [[2, [2]]]]]}
