{"file_name": "U_50_0", "number_of_trucks": 2, "drone_capacity": 10, "number_of_drones": 20, "iteration": 1, "best_fitness": 358.59999999999997, "runtime": 3908.3555788993835, "best_solution": [[[[0, []], [35, [35, 5, 16, 37, 19, 42, 26]], [26, []], [5, [12, 48, 33, 46, 7, 6, 17, 22, 43, 27, 34, 23]], [12, []], [16, []], [48, []], [27, []], [33, []], [46, []], [42, []], [37, []], [19, []], [7, []], [22, []], [43, []], [28, [28, 14, 1, 29, 11, 40, 38, 49]], [1, []], [6, []], [17, []], [29, []], [11, []], [34, []], [14, []], [23, []], [40, []], [38, []], [49, []]], [[0, []], [18, [18, 9, 25, 15, 32, 47, 30, 50, 36, 13, 21, 2, 41, 3, 4, 45, 31]], [41, []], [9, []], [15, []], [25, []], [4, []], [45, []], [32, []], [31, []], [44, [44]], [8, [8, 24, 20, 39, 10]], [24, []], [20, []], [47, []], [39, []], [21, []], [13, []], [50, []], [10, []], [36, []], [30, []], [2, []], [3, []]]], [[[35, [37, 19, 42, 26]]], [[35, [35, 5, 16]]], [[5, [46, 7, 6, 17, 22, 43, 27, 34, 23]]], [[18, [9, 15, 32, 50, 13, 21, 2, 3, 31]]], [[18, [25, 47, 30, 36, 41, 4, 45]]], [[5, [12, 48, 33]]], [[28, [28, 14, 1, 29, 11, 40, 38, 49]]], [[18, [18]]], [[44, [44]]], [[8, [8, 24, 20, 39, 10]]]]], "all_solution": [[[[[0, []], [35, [35, 5, 16, 37, 19, 42, 26]], [26, []], [5, [12, 48, 33, 46, 7, 6, 17, 22, 43, 27, 34, 23]], [12, []], [16, []], [48, []], [27, []], [33, []], [46, []], [42, []], [37, []], [19, []], [7, []], [22, []], [43, []], [28, [28, 14, 1, 29, 11, 40, 38, 49]], [1, []], [6, []], [17, []], [29, []], [11, []], [34, []], [14, []], [23, []], [40, []], [38, []], [49, []]], [[0, []], [18, [18, 9, 25, 15, 32, 47, 30, 50, 36, 13, 21, 2, 41, 3, 4, 45, 31]], [41, []], [9, []], [15, []], [25, []], [4, []], [45, []], [32, []], [31, []], [44, [44]], [8, [8, 24, 20, 39, 10]], [24, []], [20, []], [47, []], [39, []], [21, []], [13, []], [50, []], [10, []], [36, []], [30, []], [2, []], [3, []]]], [[[35, [37, 19, 42, 26]]], [[35, [35, 5, 16]]], [[5, [46, 7, 6, 17, 22, 43, 27, 34, 23]]], [[18, [9, 15, 32, 50, 13, 21, 2, 3, 31]]], [[18, [25, 47, 30, 36, 41, 4, 45]]], [[5, [12, 48, 33]]], [[28, [28, 14, 1, 29, 11, 40, 38, 49]]], [[18, [18]]], [[44, [44]]], [[8, [8, 24, 20, 39, 10]]]]]], "Numrun": 5, "all_fitness": [358.59999999999997]}
{"file_name": "U_50_0", "number_of_trucks": 2, "drone_capacity": 10, "number_of_drones": 20, "iteration": 2, "best_fitness": 499.0399999999999, "runtime": 102.03928685188293, "best_solution": [[[[0, [3, 18, 35, 37, 12, 16, 30, 2, 48, 33, 46, 42, 24, 20, 47, 39, 21]], [3, []], [18, [13, 50, 10, 36, 27, 5, 40, 38, 49]], [35, []], [37, []], [12, []], [16, []], [30, []], [2, []], [48, []], [33, []], [46, []], [42, []], [24, []], [20, []], [47, []], [39, []], [21, []], [13, []], [50, []], [10, []], [36, []], [27, []], [5, []], [40, []], [38, []], [49, []]], [[0, [32, 19, 31, 15, 14, 41, 34, 11, 29, 17, 23, 26, 28, 43, 22, 7, 4, 8, 45, 44, 9, 25, 6, 1]], [32, []], [19, []], [31, []], [15, []], [14, []], [41, []], [34, []], [11, []], [29, []], [17, []], [23, []], [26, []], [28, []], [43, []], [22, []], [7, []], [4, []], [8, []], [45, []], [44, []], [9, []], [25, []], [6, []], [1, []]]], [[[18, [13, 50, 10, 36, 27, 5, 40, 38, 49]]]]], "all_solution": [[[[[0, []], [35, [35, 5, 16, 37, 19, 42, 26]], [26, []], [5, [12, 48, 33, 46, 7, 6, 17, 22, 43, 27, 34, 23]], [12, []], [16, []], [48, []], [27, []], [33, []], [46, []], [42, []], [37, []], [19, []], [7, []], [22, []], [43, []], [28, [28, 14, 1, 29, 11, 40, 38, 49]], [1, []], [6, []], [17, []], [29, []], [11, []], [34, []], [14, []], [23, []], [40, []], [38, []], [49, []]], [[0, []], [18, [18, 9, 25, 15, 32, 47, 30, 50, 36, 13, 21, 2, 41, 3, 4, 45, 31]], [41, []], [9, []], [15, []], [25, []], [4, []], [45, []], [32, []], [31, []], [44, [44]], [8, [8, 24, 20, 39, 10]], [24, []], [20, []], [47, []], [39, []], [21, []], [13, []], [50, []], [10, []], [36, []], [30, []], [2, []], [3, []]]], [[[35, [37, 19, 42, 26]]], [[35, [35, 5, 16]]], [[5, [46, 7, 6, 17, 22, 43, 27, 34, 23]]], [[18, [9, 15, 32, 50, 13, 21, 2, 3, 31]]], [[18, [25, 47, 30, 36, 41, 4, 45]]], [[5, [12, 48, 33]]], [[28, [28, 14, 1, 29, 11, 40, 38, 49]]], [[18, [18]]], [[44, [44]]], [[8, [8, 24, 20, 39, 10]]]]], [[[[0, [3, 18, 35, 37, 12, 16, 30, 2, 48, 33, 46, 42, 24, 20, 47, 39, 21]], [3, []], [18, [13, 50, 10, 36, 27, 5, 40, 38, 49]], [35, []], [37, []], [12, []], [16, []], [30, []], [2, []], [48, []], [33, []], [46, []], [42, []], [24, []], [20, []], [47, []], [39, []], [21, []], [13, []], [50, []], [10, []], [36, []], [27, []], [5, []], [40, []], [38, []], [49, []]], [[0, [32, 19, 31, 15, 14, 41, 34, 11, 29, 17, 23, 26, 28, 43, 22, 7, 4, 8, 45, 44, 9, 25, 6, 1]], [32, []], [19, []], [31, []], [15, []], [14, []], [41, []], [34, []], [11, []], [29, []], [17, []], [23, []], [26, []], [28, []], [43, []], [22, []], [7, []], [4, []], [8, []], [45, []], [44, []], [9, []], [25, []], [6, []], [1, []]]], [[[18, [13, 50, 10, 36, 27, 5, 40, 38, 49]]]]]], "Numrun": 5, "all_fitness": [358.59999999999997, 499.0399999999999]}
{"file_name": "U_50_0", "number_of_trucks": 2, "drone_capacity": 10, "number_of_drones": 20, "iteration": 3, "best_fitness": 400.5001751723467, "runtime": 132.3465301990509, "best_solution": [[[[0, [35, 31, 32]], [18, [18, 23, 24]], [23, []], [35, []], [31, []], [32, []], [24, []], [19, [19, 37, 5, 27, 46, 42, 20, 39, 47]], [37, []], [5, []], [27, []], [46, []], [42, []], [20, []], [39, []], [47, []], [21, [21, 13, 10, 50, 36, 12, 2, 49, 38, 40]], [13, []], [10, []], [50, []], [36, []], [12, []], [2, []], [49, []], [38, []], [40, []]], [[0, []], [3, [3, 16, 48]], [16, []], [48, []], [33, [33, 30]], [30, []], [25, [25, 41, 15, 14, 34, 11, 29, 6, 22, 7]], [41, []], [15, []], [14, []], [34, []], [11, []], [29, []], [6, []], [22, []], [7, []], [4, [4, 8, 45, 44, 9, 43, 28, 1, 26, 17]], [8, []], [45, []], [44, []], [9, []], [43, []], [28, []], [1, []], [26, []], [17, []]]], [[[3, [3, 16, 48]]], [[33, [33, 30]]], [[18, [18, 23, 24]]], [[25, [25, 41, 15, 14, 34, 11, 29, 6, 22, 7]]], [[19, [19, 37, 5, 27, 46, 42, 20, 39, 47]]], [[4, [4, 8, 45, 44, 9, 43, 28, 1, 26, 17]]], [[21, [21, 13, 10, 50, 36, 12, 2, 49, 38, 40]]]]],