{"file_name": "U_50_0", "number_of_trucks": 2, "drone_capacity": 10, "number_of_drones": 20, "iteration": 1, "best_fitness": 355.9835435178429, "runtime": 3720.3773908615112, "best_solution": [[[[0, [27]], [2, [2, 15, 35, 9, 43]], [35, []], [20, [20, 26, 49, 17, 19, 7, 4]], [16, [16, 38, 50, 29]], [38, []], [9, []], [15, []], [3, [3, 34, 24, 42, 8, 37, 33, 11, 12]], [50, []], [4, []], [43, []], [29, []], [17, []], [19, []], [34, []], [24, []], [26, []], [49, []], [37, []], [33, []], [11, []], [12, []], [8, []], [27, []], [42, []], [7, []]], [[0, [45]], [47, [18, 25, 10, 41, 47, 6]], [30, [48, 31, 30, 21]], [18, []], [25, []], [23, [23, 44, 40, 1, 36, 32, 22, 13, 28, 5, 14, 39, 46]], [44, []], [32, []], [45, []], [31, []], [40, []], [22, []], [46, []], [41, []], [13, []], [10, []], [28, []], [5, []], [6, []], [21, []], [48, []], [14, []], [39, []], [1, []], [36, []]]], [[[2, [2, 15, 35, 9, 43]]], [[47, [18, 25, 10, 41, 47, 6]]], [[30, [48, 31, 30, 21]]], [[23, [32, 22, 13, 28, 5, 14, 39, 46]]], [[20, [26, 49, 17, 19, 7, 4]]], [[20, [20]]], [[16, [16, 38, 50, 29]]], [[3, [3, 34, 24, 42, 8, 37, 33, 11, 12]]], [[23, [23, 44, 40]]], [[23, [1, 36]]]]], "all_solution": [[[[[0, [27]], [2, [2, 15, 35, 9, 43]], [35, []], [20, [20, 26, 49, 17, 19, 7, 4]], [16, [16, 38, 50, 29]], [38, []], [9, []], [15, []], [3, [3, 34, 24, 42, 8, 37, 33, 11, 12]], [50, []], [4, []], [43, []], [29, []], [17, []], [19, []], [34, []], [24, []], [26, []], [49, []], [37, []], [33, []], [11, []], [12, []], [8, []], [27, []], [42, []], [7, []]], [[0, [45]], [47, [18, 25, 10, 41, 47, 6]], [30, [48, 31, 30, 21]], [18, []], [25, []], [23, [23, 44, 40, 1, 36, 32, 22, 13, 28, 5, 14, 39, 46]], [44, []], [32, []], [45, []], [31, []], [40, []], [22, []], [46, []], [41, []], [13, []], [10, []], [28, []], [5, []], [6, []], [21, []], [48, []], [14, []], [39, []], [1, []], [36, []]]], [[[2, [2, 15, 35, 9, 43]]], [[47, [18, 25, 10, 41, 47, 6]]], [[30, [48, 31, 30, 21]]], [[23, [32, 22, 13, 28, 5, 14, 39, 46]]], [[20, [26, 49, 17, 19, 7, 4]]], [[20, [20]]], [[16, [16, 38, 50, 29]]], [[3, [3, 34, 24, 42, 8, 37, 33, 11, 12]]], [[23, [23, 44, 40]]], [[23, [1, 36]]]]]], "Numrun": 5, "all_fitness": [355.9835435178429]}
{"file_name": "U_50_0", "number_of_trucks": 2, "drone_capacity": 10, "number_of_drones": 20, "iteration": 2, "best_fitness": 507.32000000000005, "runtime": 99.99351286888123, "best_solution": [[[[0, [2, 43, 9, 15, 38, 37, 30, 33, 36, 1, 12, 42, 27, 47, 8, 26, 24, 17, 19, 50, 3, 29, 4, 34, 35, 7]], [2, []], [43, []], [9, []], [15, []], [38, []], [37, []], [30, []], [33, []], [36, []], [1, []], [12, []], [42, []], [27, []], [47, []], [8, []], [26, []], [24, []], [17, []], [19, []], [50, []], [3, []], [29, []], [4, []], [34, []], [35, []], [7, []]], [[0, [11, 48, 6, 45, 31, 16, 20, 5, 41, 46, 21, 39, 14, 18, 25, 23, 44, 32, 22, 40, 10, 28, 13, 49]], [11, []], [48, []], [6, []], [45, []], [31, []], [16, []], [20, []], [5, []], [41, []], [46, []], [21, []], [39, []], [14, []], [18, []], [25, []], [23, []], [44, []], [32, []], [22, []], [40, []], [10, []], [28, []], [13, []], [49, []]]], []], "all_solution": [[[[[0, [27]], [2, [2, 15, 35, 9, 43]], [35, []], [20, [20, 26, 49, 17, 19, 7, 4]], [16, [16, 38, 50, 29]], [38, []], [9, []], [15, []], [3, [3, 34, 24, 42, 8, 37, 33, 11, 12]], [50, []], [4, []], [43, []], [29, []], [17, []], [19, []], [34, []], [24, []], [26, []], [49, []], [37, []], [33, []], [11, []], [12, []], [8, []], [27, []], [42, []], [7, []]], [[0, [45]], [47, [18, 25, 10, 41, 47, 6]], [30, [48, 31, 30, 21]], [18, []], [25, []], [23, [23, 44, 40, 1, 36, 32, 22, 13, 28, 5, 14, 39, 46]], [44, []], [32, []], [45, []], [31, []], [40, []], [22, []], [46, []], [41, []], [13, []], [10, []], [28, []], [5, []], [6, []], [21, []], [48, []], [14, []], [39, []], [1, []], [36, []]]], [[[2, [2, 15, 35, 9, 43]]], [[47, [18, 25, 10, 41, 47, 6]]], [[30, [48, 31, 30, 21]]], [[23, [32, 22, 13, 28, 5, 14, 39, 46]]], [[20, [26, 49, 17, 19, 7, 4]]], [[20, [20]]], [[16, [16, 38, 50, 29]]], [[3, [3, 34, 24, 42, 8, 37, 33, 11, 12]]], [[23, [23, 44, 40]]], [[23, [1, 36]]]]], [[[[0, [2, 43, 9, 15, 38, 37, 30, 33, 36, 1, 12, 42, 27, 47, 8, 26, 24, 17, 19, 50, 3, 29, 4, 34, 35, 7]], [2, []], [43, []], [9, []], [15, []], [38, []], [37, []], [30, []], [33, []], [36, []], [1, []], [12, []], [42, []], [27, []], [47, []], [8, []], [26, []], [24, []], [17, []], [19, []], [50, []], [3, []], [29, []], [4, []], [34, []], [35, []], [7, []]], [[0, [11, 48, 6, 45, 31, 16, 20, 5, 41, 46, 21, 39, 14, 18, 25, 23, 44, 32, 22, 40, 10, 28, 13, 49]], [11, []], [48, []], [6, []], [45, []], [31, []], [16, []], [20, []], [5, []], [41, []], [46, []], [21, []], [39, []], [14, []], [18, []], [25, []], [23, []], [44, []], [32, []], [22, []], [40, []], [10, []], [28, []], [13, []], [49, []]]], []]], "Numrun": 5, "all_fitness": [355.9835435178429, 507.32000000000005]}
{"file_name": "U_50_0", "number_of_trucks": 2, "drone_capacity": 10, "number_of_drones": 20, "iteration": 3, "best_fitness": 487.67999999999995, "runtime": 104.26820778846741, "best_solution": [[[[0, [27, 2, 35, 47, 8, 42, 11, 33, 43, 4, 29, 3, 50, 19, 17, 34, 24, 12, 1, 36, 18]], [27, [14, 39, 49]], [2, []], [35, []], [47, []], [8, []], [42, []], [11, []], [33, []], [43, []], [4, []], [29, []], [3, []], [50, []], [19, []], [17, []], [34, []], [24, []], [12, []], [1, []], [36, []], [18, []], [14, []], [39, []], [49, []]], [[0, [6, 41, 10, 16, 20, 38, 9, 15, 5, 28, 13, 46, 31, 40, 22, 45, 32, 44, 23, 25, 21, 48, 37, 30, 26, 7]], [6, []], [41, []], [10, []], [16, []], [20, []], [38, []], [9, []], [15, []], [5, []], [28, []], [13, []], [46, []], [31, []], [40, []], [22, []], [45, []], [32, []], [44, []], [23, []], [25, []], [21, []], [48, []], [37, []], [30, []], [26, []], [7, []]]], [[[27, [14, 39, 49]]]]],