{"file_name": "U_50_0", "number_of_trucks": 2, "drone_capacity": 10, "number_of_drones": 20, "iteration": 1, "best_fitness": 376.691543680808, "runtime": 4534.554625749588, "best_solution": [[[[0, [33, 20]], [21, [21, 10]], [44, [12, 39, 44, 43, 3, 26, 40, 46, 6, 15, 1]], [10, []], [46, []], [24, [18, 24, 45, 19, 48, 42, 47, 2, 38, 31]], [1, []], [15, []], [2, []], [12, []], [45, []], [39, []], [19, []], [43, []], [3, []], [48, []], [42, []], [40, []], [47, []], [26, []], [18, []], [20, []], [33, []], [31, []], [29, [29]], [38, []], [6, []]], [[0, []], [8, [8, 41, 50, 16, 17, 7, 14, 36, 30, 32, 34, 9, 13, 35, 5, 11, 28, 49]], [28, []], [13, []], [49, []], [17, []], [41, []], [50, []], [35, []], [5, []], [14, []], [16, []], [23, [23, 4, 25, 27, 22, 37]], [4, []], [11, []], [7, []], [34, []], [22, []], [9, []], [37, []], [36, []], [30, []], [32, []], [27, []], [25, []]]], [[[21, [21, 10]]], [[8, [17, 7, 14, 35, 11]]], [[44, [12, 39, 44, 43, 3, 26, 6]]], [[44, [40, 46, 15, 1]]], [[8, [36, 30, 32, 34, 9, 13, 5, 28, 49]]], [[24, [19, 48, 42, 47, 2, 38, 31]]], [[24, [18, 24, 45]]], [[8, [8, 41, 50, 16]]], [[23, [23, 4, 25, 27, 22, 37]]], [[29, [29]]]]], "all_solution": [[[[[0, [33, 20]], [21, [21, 10]], [44, [12, 39, 44, 43, 3, 26, 40, 46, 6, 15, 1]], [10, []], [46, []], [24, [18, 24, 45, 19, 48, 42, 47, 2, 38, 31]], [1, []], [15, []], [2, []], [12, []], [45, []], [39, []], [19, []], [43, []], [3, []], [48, []], [42, []], [40, []], [47, []], [26, []], [18, []], [20, []], [33, []], [31, []], [29, [29]], [38, []], [6, []]], [[0, []], [8, [8, 41, 50, 16, 17, 7, 14, 36, 30, 32, 34, 9, 13, 35, 5, 11, 28, 49]], [28, []], [13, []], [49, []], [17, []], [41, []], [50, []], [35, []], [5, []], [14, []], [16, []], [23, [23, 4, 25, 27, 22, 37]], [4, []], [11, []], [7, []], [34, []], [22, []], [9, []], [37, []], [36, []], [30, []], [32, []], [27, []], [25, []]]], [[[21, [21, 10]]], [[8, [17, 7, 14, 35, 11]]], [[44, [12, 39, 44, 43, 3, 26, 6]]], [[44, [40, 46, 15, 1]]], [[8, [36, 30, 32, 34, 9, 13, 5, 28, 49]]], [[24, [19, 48, 42, 47, 2, 38, 31]]], [[24, [18, 24, 45]]], [[8, [8, 41, 50, 16]]], [[23, [23, 4, 25, 27, 22, 37]]], [[29, [29]]]]]], "Numrun": 5, "all_fitness": [376.691543680808]}
{"file_name": "U_50_0", "number_of_trucks": 2, "drone_capacity": 10, "number_of_drones": 20, "iteration": 2, "best_fitness": 524.5200000000001, "runtime": 99.85065841674805, "best_solution": [[[[0, [43, 3, 10, 46, 15, 1, 44, 7, 39, 45, 12, 2, 19, 34, 22, 27, 32, 36, 31, 30, 29, 21, 25, 24]], [43, []], [3, []], [10, []], [46, []], [15, []], [1, []], [44, []], [7, []], [39, []], [45, []], [12, []], [2, []], [19, []], [34, []], [22, []], [27, []], [32, []], [36, []], [31, []], [30, []], [29, []], [21, []], [25, []], [24, []]], [[0, [33, 41, 50, 8, 40, 16, 5, 35, 14, 23, 11, 4, 42, 47, 26, 48, 28, 18, 13, 49, 17, 37, 20, 9, 38, 6]], [33, []], [41, []], [50, []], [8, []], [40, []], [16, []], [5, []], [35, []], [14, []], [23, []], [11, []], [4, []], [42, []], [47, []], [26, []], [48, []], [28, []], [18, []], [13, []], [49, []], [17, []], [37, []], [20, []], [9, []], [38, []], [6, []]]], []], "all_solution": [[[[[0, [33, 20]], [21, [21, 10]], [44, [12, 39, 44, 43, 3, 26, 40, 46, 6, 15, 1]], [10, []], [46, []], [24, [18, 24, 45, 19, 48, 42, 47, 2, 38, 31]], [1, []], [15, []], [2, []], [12, []], [45, []], [39, []], [19, []], [43, []], [3, []], [48, []], [42, []], [40, []], [47, []], [26, []], [18, []], [20, []], [33, []], [31, []], [29, [29]], [38, []], [6, []]], [[0, []], [8, [8, 41, 50, 16, 17, 7, 14, 36, 30, 32, 34, 9, 13, 35, 5, 11, 28, 49]], [28, []], [13, []], [49, []], [17, []], [41, []], [50, []], [35, []], [5, []], [14, []], [16, []], [23, [23, 4, 25, 27, 22, 37]], [4, []], [11, []], [7, []], [34, []], [22, []], [9, []], [37, []], [36, []], [30, []], [32, []], [27, []], [25, []]]], [[[21, [21, 10]]], [[8, [17, 7, 14, 35, 11]]], [[44, [12, 39, 44, 43, 3, 26, 6]]], [[44, [40, 46, 15, 1]]], [[8, [36, 30, 32, 34, 9, 13, 5, 28, 49]]], [[24, [19, 48, 42, 47, 2, 38, 31]]], [[24, [18, 24, 45]]], [[8, [8, 41, 50, 16]]], [[23, [23, 4, 25, 27, 22, 37]]], [[29, [29]]]]], [[[[0, [43, 3, 10, 46, 15, 1, 44, 7, 39, 45, 12, 2, 19, 34, 22, 27, 32, 36, 31, 30, 29, 21, 25, 24]], [43, []], [3, []], [10, []], [46, []], [15, []], [1, []], [44, []], [7, []], [39, []], [45, []], [12, []], [2, []], [19, []], [34, []], [22, []], [27, []], [32, []], [36, []], [31, []], [30, []], [29, []], [21, []], [25, []], [24, []]], [[0, [33, 41, 50, 8, 40, 16, 5, 35, 14, 23, 11, 4, 42, 47, 26, 48, 28, 18, 13, 49, 17, 37, 20, 9, 38, 6]], [33, []], [41, []], [50, []], [8, []], [40, []], [16, []], [5, []], [35, []], [14, []], [23, []], [11, []], [4, []], [42, []], [47, []], [26, []], [48, []], [28, []], [18, []], [13, []], [49, []], [17, []], [37, []], [20, []], [9, []], [38, []], [6, []]]], []]], "Numrun": 5, "all_fitness": [376.691543680808, 524.5200000000001]}
{"file_name": "U_50_0", "number_of_trucks": 2, "drone_capacity": 10, "number_of_drones": 20, "iteration": 3, "best_fitness": 409.4481096108161, "runtime": 129.21198534965515, "best_solution": [[[[0, [18, 8, 33]], [43, [43, 3, 20]], [3, []], [18, []], [8, []], [33, []], [20, []], [41, [41, 50, 49, 32, 27, 30, 36, 31, 34]], [50, []], [49, []], [32, []], [27, []], [30, []], [36, []], [31, []], [34, []], [22, [22, 9, 37, 17, 13, 48, 7, 46, 15, 1]], [9, []], [37, []], [17, []], [13, []], [48, []], [7, []], [46, []], [15, []], [1, []]], [[0, []], [10, [10]], [44, [44, 14, 16, 11, 45]], [14, []], [16, []], [11, []], [23, [23, 35, 5, 47, 42, 40, 28, 26, 4]], [35, []], [5, []], [47, []], [42, []], [40, []], [28, []], [26, []], [4, []], [45, []], [12, [12, 2, 19, 39, 38, 29, 21, 25, 6, 24]], [2, []], [19, []], [39, []], [38, []], [29, []], [21, []], [25, []], [6, []], [24, []]]], [[[43, [43, 3, 20]]], [[10, [10]]], [[44, [44, 14, 16, 11, 45]]], [[23, [23, 35, 5, 47, 42, 40, 28, 26, 4]]], [[12, [12, 2, 19, 39, 38, 29, 21, 25, 6, 24]]], [[41, [41, 50, 49, 32, 27, 30, 36, 31, 34]]], [[22, [22, 9, 37, 17, 13, 48, 7, 46, 15, 1]]]]],