{"file_name": "U_50_1", "number_of_trucks": 2, "drone_capacity": 10, "number_of_drones": 20, "iteration": 1, "best_fitness": 473.96751940923156, "runtime": 4340.916045188904, "best_solution": [[[[0, [5, 29, 36, 13, 18]], [13, []], [18, []], [1, [1, 33, 41, 2, 28]], [33, []], [41, []], [2, []], [26, [26, 35, 3, 19, 37, 50, 47, 4]], [35, []], [28, []], [29, []], [19, [15, 39, 42, 43]], [4, []], [15, []], [37, []], [42, []], [43, []], [50, []], [39, []], [47, []], [5, []], [3, []], [36, []]], [[0, [31]], [31, []], [38, [38, 10, 11, 7, 8, 45, 20, 21, 23, 22, 14]], [45, []], [22, []], [23, []], [21, []], [20, []], [11, []], [8, []], [7, []], [14, []], [30, [30, 17, 34, 46, 27, 32, 40, 16, 6]], [34, []], [17, []], [46, []], [10, []], [24, [24, 48, 44, 25, 49, 12, 9]], [12, []], [6, []], [9, []], [48, []], [40, []], [16, []], [27, []], [32, []], [49, []], [44, []], [25, []]]], [[[1, [1, 33, 41, 2, 28]]], [[38, [10, 11, 7, 8, 45, 20, 21, 23, 22, 14]]], [[26, [26, 35, 3, 19, 37, 50, 47, 4]]], [[38, [38]]], [[30, [30, 17, 34, 46, 32, 40, 16, 6]]], [[19, [15, 39, 42, 43]]], [[30, [27]]], [[24, [24, 48, 44, 25, 49, 12, 9]]]]], "all_solution": [[[[[0, [5, 29, 36, 13, 18]], [13, []], [18, []], [1, [1, 33, 41, 2, 28]], [33, []], [41, []], [2, []], [26, [26, 35, 3, 19, 37, 50, 47, 4]], [35, []], [28, []], [29, []], [19, [15, 39, 42, 43]], [4, []], [15, []], [37, []], [42, []], [43, []], [50, []], [39, []], [47, []], [5, []], [3, []], [36, []]], [[0, [31]], [31, []], [38, [38, 10, 11, 7, 8, 45, 20, 21, 23, 22, 14]], [45, []], [22, []], [23, []], [21, []], [20, []], [11, []], [8, []], [7, []], [14, []], [30, [30, 17, 34, 46, 27, 32, 40, 16, 6]], [34, []], [17, []], [46, []], [10, []], [24, [24, 48, 44, 25, 49, 12, 9]], [12, []], [6, []], [9, []], [48, []], [40, []], [16, []], [27, []], [32, []], [49, []], [44, []], [25, []]]], [[[1, [1, 33, 41, 2, 28]]], [[38, [10, 11, 7, 8, 45, 20, 21, 23, 22, 14]]], [[26, [26, 35, 3, 19, 37, 50, 47, 4]]], [[38, [38]]], [[30, [30, 17, 34, 46, 32, 40, 16, 6]]], [[19, [15, 39, 42, 43]]], [[30, [27]]], [[24, [24, 48, 44, 25, 49, 12, 9]]]]]], "Numrun": 5, "all_fitness": [473.96751940923156]}
{"file_name": "U_50_1", "number_of_trucks": 2, "drone_capacity": 10, "number_of_drones": 20, "iteration": 2, "best_fitness": 536.7506958227683, "runtime": 136.02634501457214, "best_solution": [[[[0, [5]], [5, []], [36, [36, 31, 13]], [31, [21, 11]], [13, []], [21, []], [11, []], [8, [8, 23, 32, 3, 14, 40, 50]], [23, []], [32, []], [3, []], [14, []], [40, []], [50, []], [6, [6, 10, 46, 17, 24, 12, 42, 44, 49, 25]], [10, []], [46, []], [17, []], [24, []], [12, []], [42, []], [44, []], [49, []], [25, []]], [[0, [27]], [27, []], [18, [18, 29, 2, 26, 28, 35]], [29, []], [2, []], [26, []], [28, []], [35, []], [20, [20, 45, 33, 1, 4, 19, 38, 22, 37, 47]], [45, []], [33, []], [1, []], [4, []], [19, []], [38, []], [22, []], [37, []], [47, []], [16, [16, 34, 30, 41, 48, 9, 39, 7, 43, 15]], [34, []], [30, []], [41, []], [48, []], [9, []], [39, []], [7, []], [43, []], [15, []]]], [[[36, [36, 31, 13]]], [[31, [21, 11]]], [[18, [18, 29, 2, 26, 28, 35]]], [[8, [8, 23, 32, 3, 14, 40, 50]]], [[20, [20, 45, 33, 1, 4, 19, 38, 22, 37, 47]]], [[6, [6, 10, 46, 17, 24, 12, 42, 44, 49, 25]]], [[16, [16, 34, 30, 41, 48, 9, 39, 7, 43, 15]]]]], "all_solution": [[[[[0, [5, 29, 36, 13, 18]], [13, []], [18, []], [1, [1, 33, 41, 2, 28]], [33, []], [41, []], [2, []], [26, [26, 35, 3, 19, 37, 50, 47, 4]], [35, []], [28, []], [29, []], [19, [15, 39, 42, 43]], [4, []], [15, []], [37, []], [42, []], [43, []], [50, []], [39, []], [47, []], [5, []], [3, []], [36, []]], [[0, [31]], [31, []], [38, [38, 10, 11, 7, 8, 45, 20, 21, 23, 22, 14]], [45, []], [22, []], [23, []], [21, []], [20, []], [11, []], [8, []], [7, []], [14, []], [30, [30, 17, 34, 46, 27, 32, 40, 16, 6]], [34, []], [17, []], [46, []], [10, []], [24, [24, 48, 44, 25, 49, 12, 9]], [12, []], [6, []], [9, []], [48, []], [40, []], [16, []], [27, []], [32, []], [49, []], [44, []], [25, []]]], [[[1, [1, 33, 41, 2, 28]]], [[38, [10, 11, 7, 8, 45, 20, 21, 23, 22, 14]]], [[26, [26, 35, 3, 19, 37, 50, 47, 4]]], [[38, [38]]], [[30, [30, 17, 34, 46, 32, 40, 16, 6]]], [[19, [15, 39, 42, 43]]], [[30, [27]]], [[24, [24, 48, 44, 25, 49, 12, 9]]]]], [[[[0, [5]], [5, []], [36, [36, 31, 13]], [31, [21, 11]], [13, []], [21, []], [11, []], [8, [8, 23, 32, 3, 14, 40, 50]], [23, []], [32, []], [3, []], [14, []], [40, []], [50, []], [6, [6, 10, 46, 17, 24, 12, 42, 44, 49, 25]], [10, []], [46, []], [17, []], [24, []], [12, []], [42, []], [44, []], [49, []], [25, []]], [[0, [27]], [27, []], [18, [18, 29, 2, 26, 28, 35]], [29, []], [2, []], [26, []], [28, []], [35, []], [20, [20, 45, 33, 1, 4, 19, 38, 22, 37, 47]], [45, []], [33, []], [1, []], [4, []], [19, []], [38, []], [22, []], [37, []], [47, []], [16, [16, 34, 30, 41, 48, 9, 39, 7, 43, 15]], [34, []], [30, []], [41, []], [48, []], [9, []], [39, []], [7, []], [43, []], [15, []]]], [[[36, [36, 31, 13]]], [[31, [21, 11]]], [[18, [18, 29, 2, 26, 28, 35]]], [[8, [8, 23, 32, 3, 14, 40, 50]]], [[20, [20, 45, 33, 1, 4, 19, 38, 22, 37, 47]]], [[6, [6, 10, 46, 17, 24, 12, 42, 44, 49, 25]]], [[16, [16, 34, 30, 41, 48, 9, 39, 7, 43, 15]]]]]], "Numrun": 5, "all_fitness": [473.96751940923156, 536.7506958227683]}
{"file_name": "U_50_1", "number_of_trucks": 2, "drone_capacity": 10, "number_of_drones": 20, "iteration": 3, "best_fitness": 522.24, "runtime": 144.62249302864075, "best_solution": [[[[0, [36, 27, 5]], [36, []], [27, []], [5, []], [31, [31]], [13, [13, 22]], [22, []], [45, [45, 32, 3, 14, 7, 37, 50]], [32, []], [3, []], [14, []], [7, []], [37, []], [50, []], [35, [35, 26, 46, 17, 24, 12, 16, 44, 49, 25]], [26, []], [46, []], [17, []], [24, []], [12, []], [16, []], [44, []], [49, []], [25, []]], [[0, []], [2, [2]], [28, [28]], [1, [1, 18, 33]], [18, [23, 38, 11, 8, 21]], [33, []], [23, []], [38, []], [11, []], [8, []], [21, []], [29, [29, 10, 4, 19, 20, 47, 40]], [10, []], [4, []], [19, []], [20, []], [47, []], [40, []], [34, [34, 30, 41, 48, 6, 9, 39, 43, 42, 15]], [30, []], [41, []], [48, []], [6, []], [9, []], [39, []], [43, []], [42, []], [15, []]]], [[[2, [2]]], [[28, [28]]], [[1, [1, 18, 33]]], [[31, [31]]], [[18, [23, 38, 11, 8, 21]]], [[13, [13, 22]]], [[45, [45, 32, 3, 14, 7, 37, 50]]], [[29, [29, 10, 4, 19, 20, 47, 40]]], [[35, [35, 26, 46, 17, 24, 12, 16, 44, 49, 25]]], [[34, [34, 30, 41, 48, 6, 9, 39, 43, 42, 15]]]]],