{"file_name": "U_50_0", "number_of_trucks": 2, "drone_capacity": 10, "number_of_drones": 20, "iteration": 1, "best_fitness": 381.0027158726238, "runtime": 4094.4083709716797, "best_solution": [[[[0, [39]], [50, [50]], [36, [36, 43, 8, 24, 18]], [16, [12, 29, 16, 26]], [43, []], [33, [33, 13, 6, 30, 44, 31, 37]], [44, []], [13, [40, 46, 15, 7]], [6, []], [30, []], [26, []], [8, []], [29, []], [40, []], [46, []], [39, []], [31, []], [37, []], [7, []], [24, []], [18, []], [15, []], [12, []]], [[0, [35, 28, 20, 23, 3, 27]], [28, []], [2, [2, 5, 1, 22, 42, 41, 19, 34, 21]], [20, []], [41, []], [42, []], [38, [38, 45, 14, 48, 11, 25, 9, 32, 10, 4, 17, 49, 47]], [22, []], [45, []], [1, []], [19, []], [3, []], [47, []], [14, []], [27, []], [5, []], [34, []], [11, []], [35, []], [48, []], [25, []], [23, []], [9, []], [32, []], [10, []], [21, []], [4, []], [17, []], [49, []]]], [[[50, [50]]], [[36, [36, 43, 8, 24, 18]]], [[2, [2, 1, 22, 42, 41, 19, 34, 21]]], [[16, [12, 29, 16, 26]]], [[2, [5]]], [[33, [33, 13, 6, 30, 44, 31, 37]]], [[38, [11, 25, 9, 32, 10, 4, 17, 49, 47]]], [[13, [40, 46, 15, 7]]], [[38, [38, 45, 14, 48]]]]], "all_solution": [[[[[0, [39]], [50, [50]], [36, [36, 43, 8, 24, 18]], [16, [12, 29, 16, 26]], [43, []], [33, [33, 13, 6, 30, 44, 31, 37]], [44, []], [13, [40, 46, 15, 7]], [6, []], [30, []], [26, []], [8, []], [29, []], [40, []], [46, []], [39, []], [31, []], [37, []], [7, []], [24, []], [18, []], [15, []], [12, []]], [[0, [35, 28, 20, 23, 3, 27]], [28, []], [2, [2, 5, 1, 22, 42, 41, 19, 34, 21]], [20, []], [41, []], [42, []], [38, [38, 45, 14, 48, 11, 25, 9, 32, 10, 4, 17, 49, 47]], [22, []], [45, []], [1, []], [19, []], [3, []], [47, []], [14, []], [27, []], [5, []], [34, []], [11, []], [35, []], [48, []], [25, []], [23, []], [9, []], [32, []], [10, []], [21, []], [4, []], [17, []], [49, []]]], [[[50, [50]]], [[36, [36, 43, 8, 24, 18]]], [[2, [2, 1, 22, 42, 41, 19, 34, 21]]], [[16, [12, 29, 16, 26]]], [[2, [5]]], [[33, [33, 13, 6, 30, 44, 31, 37]]], [[38, [11, 25, 9, 32, 10, 4, 17, 49, 47]]], [[13, [40, 46, 15, 7]]], [[38, [38, 45, 14, 48]]]]]], "Numrun": 5, "all_fitness": [381.0027158726238]}
{"file_name": "U_50_0", "number_of_trucks": 2, "drone_capacity": 10, "number_of_drones": 20, "iteration": 2, "best_fitness": 494.48, "runtime": 104.46621704101562, "best_solution": [[[[0, [28, 41, 24, 18, 21, 31, 39, 46, 29, 23, 9, 25, 36, 8, 11, 27, 14, 5, 47, 13, 30, 6, 44, 33, 38, 42, 15, 12]], [28, []], [41, []], [24, []], [18, []], [21, []], [31, []], [39, []], [46, []], [29, []], [23, []], [9, []], [25, []], [36, []], [8, []], [11, []], [27, []], [14, []], [5, []], [47, []], [13, []], [30, []], [6, []], [44, []], [33, []], [38, []], [42, []], [15, []], [12, []]], [[0, [43, 3, 34, 48, 35, 19, 22, 1, 26, 45, 2, 20, 17]], [43, [4, 10, 37, 40, 50, 32, 16, 7, 49]], [3, []], [34, []], [48, []], [35, []], [19, []], [22, []], [1, []], [26, []], [45, []], [2, []], [20, []], [17, []], [4, []], [10, []], [37, []], [40, []], [50, []], [32, []], [16, []], [7, []], [49, []]]], [[[43, [4, 10, 37, 40, 50, 32, 16, 7, 49]]]]], "all_solution": [[[[[0, [39]], [50, [50]], [36, [36, 43, 8, 24, 18]], [16, [12, 29, 16, 26]], [43, []], [33, [33, 13, 6, 30, 44, 31, 37]], [44, []], [13, [40, 46, 15, 7]], [6, []], [30, []], [26, []], [8, []], [29, []], [40, []], [46, []], [39, []], [31, []], [37, []], [7, []], [24, []], [18, []], [15, []], [12, []]], [[0, [35, 28, 20, 23, 3, 27]], [28, []], [2, [2, 5, 1, 22, 42, 41, 19, 34, 21]], [20, []], [41, []], [42, []], [38, [38, 45, 14, 48, 11, 25, 9, 32, 10, 4, 17, 49, 47]], [22, []], [45, []], [1, []], [19, []], [3, []], [47, []], [14, []], [27, []], [5, []], [34, []], [11, []], [35, []], [48, []], [25, []], [23, []], [9, []], [32, []], [10, []], [21, []], [4, []], [17, []], [49, []]]], [[[50, [50]]], [[36, [36, 43, 8, 24, 18]]], [[2, [2, 1, 22, 42, 41, 19, 34, 21]]], [[16, [12, 29, 16, 26]]], [[2, [5]]], [[33, [33, 13, 6, 30, 44, 31, 37]]], [[38, [11, 25, 9, 32, 10, 4, 17, 49, 47]]], [[13, [40, 46, 15, 7]]], [[38, [38, 45, 14, 48]]]]], [[[[0, [28, 41, 24, 18, 21, 31, 39, 46, 29, 23, 9, 25, 36, 8, 11, 27, 14, 5, 47, 13, 30, 6, 44, 33, 38, 42, 15, 12]], [28, []], [41, []], [24, []], [18, []], [21, []], [31, []], [39, []], [46, []], [29, []], [23, []], [9, []], [25, []], [36, []], [8, []], [11, []], [27, []], [14, []], [5, []], [47, []], [13, []], [30, []], [6, []], [44, []], [33, []], [38, []], [42, []], [15, []], [12, []]], [[0, [43, 3, 34, 48, 35, 19, 22, 1, 26, 45, 2, 20, 17]], [43, [4, 10, 37, 40, 50, 32, 16, 7, 49]], [3, []], [34, []], [48, []], [35, []], [19, []], [22, []], [1, []], [26, []], [45, []], [2, []], [20, []], [17, []], [4, []], [10, []], [37, []], [40, []], [50, []], [32, []], [16, []], [7, []], [49, []]]], [[[43, [4, 10, 37, 40, 50, 32, 16, 7, 49]]]]]], "Numrun": 5, "all_fitness": [381.0027158726238, 494.48]}
{"file_name": "U_50_0", "number_of_trucks": 2, "drone_capacity": 10, "number_of_drones": 20, "iteration": 3, "best_fitness": 520.6000000000001, "runtime": 98.75989294052124, "best_solution": [[[[0, [28, 27, 5, 3, 37, 24, 7, 10, 31, 39, 40, 50, 25, 23, 9, 32, 16, 43, 22, 30, 6, 13, 44, 33, 42, 15]], [28, []], [27, []], [5, []], [3, []], [37, []], [24, []], [7, []], [10, []], [31, []], [39, []], [40, []], [50, []], [25, []], [23, []], [9, []], [32, []], [16, []], [43, []], [22, []], [30, []], [6, []], [13, []], [44, []], [33, []], [42, []], [15, []]], [[0, [19, 48, 35, 29, 46, 36, 8, 26, 1, 45, 14, 34, 11, 47, 41, 2, 20, 38, 18, 4, 21, 17, 49, 12]], [19, []], [48, []], [35, []], [29, []], [46, []], [36, []], [8, []], [26, []], [1, []], [45, []], [14, []], [34, []], [11, []], [47, []], [41, []], [2, []], [20, []], [38, []], [18, []], [4, []], [21, []], [17, []], [49, []], [12, []]]], []],