{"file_name": "U_50_0", "number_of_trucks": 2, "drone_capacity": 10, "number_of_drones": 20, "iteration": 1, "best_fitness": 331.254966543557, "runtime": 8076.920169591904, "best_solution": [[[[0, [17, 16, 30, 49]], [35, [35, 37, 50, 25, 41, 6, 19, 31, 43, 15, 27, 28, 23, 42, 12, 4, 20]], [16, []], [23, []], [37, []], [19, []], [31, []], [43, []], [30, []], [49, []], [15, []], [41, []], [6, []], [27, []], [50, []], [17, []], [25, []], [7, [7, 24, 14, 46, 32, 34]], [24, []], [14, []], [34, []], [46, []], [28, []], [20, []], [4, []], [42, []], [32, []], [12, []]], [[0, []], [44, [44, 21]], [8, [8]], [1, [1, 39, 45, 10, 48, 36, 5, 13, 18, 11, 9, 29, 2, 26]], [26, []], [39, []], [45, []], [10, []], [18, []], [48, []], [38, [38, 33, 40, 22, 3, 47]], [33, []], [13, []], [2, []], [29, []], [40, []], [5, []], [22, []], [36, []], [21, []], [11, []], [3, []], [47, []], [9, []]]], [[[44, [44, 21]]], [[8, [8]]], [[1, [36, 5, 18, 26]]], [[35, [37, 50, 25, 19, 28, 23, 42, 12, 4, 20]]], [[35, [41, 6, 31, 43, 15, 27]]], [[1, [48, 13, 11, 9, 29, 2]]], [[35, [35]]], [[7, [7, 24, 14, 46, 32, 34]]], [[1, [1, 39, 45, 10]]], [[38, [38, 33, 40, 22, 3, 47]]]]], "all_solution": [[[[[0, [17, 16, 30, 49]], [35, [35, 37, 50, 25, 41, 6, 19, 31, 43, 15, 27, 28, 23, 42, 12, 4, 20]], [16, []], [23, []], [37, []], [19, []], [31, []], [43, []], [30, []], [49, []], [15, []], [41, []], [6, []], [27, []], [50, []], [17, []], [25, []], [7, [7, 24, 14, 46, 32, 34]], [24, []], [14, []], [34, []], [46, []], [28, []], [20, []], [4, []], [42, []], [32, []], [12, []]], [[0, []], [44, [44, 21]], [8, [8]], [1, [1, 39, 45, 10, 48, 36, 5, 13, 18, 11, 9, 29, 2, 26]], [26, []], [39, []], [45, []], [10, []], [18, []], [48, []], [38, [38, 33, 40, 22, 3, 47]], [33, []], [13, []], [2, []], [29, []], [40, []], [5, []], [22, []], [36, []], [21, []], [11, []], [3, []], [47, []], [9, []]]], [[[44, [44, 21]]], [[8, [8]]], [[1, [36, 5, 18, 26]]], [[35, [37, 50, 25, 19, 28, 23, 42, 12, 4, 20]]], [[35, [41, 6, 31, 43, 15, 27]]], [[1, [48, 13, 11, 9, 29, 2]]], [[35, [35]]], [[7, [7, 24, 14, 46, 32, 34]]], [[1, [1, 39, 45, 10]]], [[38, [38, 33, 40, 22, 3, 47]]]]]], "Numrun": 5, "all_fitness": [331.254966543557]}
{"file_name": "U_50_0", "number_of_trucks": 2, "drone_capacity": 10, "number_of_drones": 20, "iteration": 2, "best_fitness": 477.52000000000004, "runtime": 109.13797521591187, "best_solution": [[[[0, [16, 21, 45, 36, 15, 30, 49, 43, 19, 13, 2, 31, 37, 34, 46, 14, 24, 7, 6, 41, 27, 17, 50, 3, 47, 9]], [16, []], [21, []], [45, []], [36, []], [15, []], [30, []], [49, []], [43, []], [19, []], [13, []], [2, []], [31, []], [37, []], [34, []], [46, []], [14, []], [24, []], [7, []], [6, []], [41, []], [27, []], [17, []], [50, []], [3, []], [47, []], [9, []]], [[0, [35, 44, 8, 26, 1, 12, 25, 23, 20, 28, 11, 5, 40, 29, 22, 10, 18, 48, 38, 33, 39, 4, 42, 32]], [35, []], [44, []], [8, []], [26, []], [1, []], [12, []], [25, []], [23, []], [20, []], [28, []], [11, []], [5, []], [40, []], [29, []], [22, []], [10, []], [18, []], [48, []], [38, []], [33, []], [39, []], [4, []], [42, []], [32, []]]], []], "all_solution": [[[[[0, [17, 16, 30, 49]], [35, [35, 37, 50, 25, 41, 6, 19, 31, 43, 15, 27, 28, 23, 42, 12, 4, 20]], [16, []], [23, []], [37, []], [19, []], [31, []], [43, []], [30, []], [49, []], [15, []], [41, []], [6, []], [27, []], [50, []], [17, []], [25, []], [7, [7, 24, 14, 46, 32, 34]], [24, []], [14, []], [34, []], [46, []], [28, []], [20, []], [4, []], [42, []], [32, []], [12, []]], [[0, []], [44, [44, 21]], [8, [8]], [1, [1, 39, 45, 10, 48, 36, 5, 13, 18, 11, 9, 29, 2, 26]], [26, []], [39, []], [45, []], [10, []], [18, []], [48, []], [38, [38, 33, 40, 22, 3, 47]], [33, []], [13, []], [2, []], [29, []], [40, []], [5, []], [22, []], [36, []], [21, []], [11, []], [3, []], [47, []], [9, []]]], [[[44, [44, 21]]], [[8, [8]]], [[1, [36, 5, 18, 26]]], [[35, [37, 50, 25, 19, 28, 23, 42, 12, 4, 20]]], [[35, [41, 6, 31, 43, 15, 27]]], [[1, [48, 13, 11, 9, 29, 2]]], [[35, [35]]], [[7, [7, 24, 14, 46, 32, 34]]], [[1, [1, 39, 45, 10]]], [[38, [38, 33, 40, 22, 3, 47]]]]], [[[[0, [16, 21, 45, 36, 15, 30, 49, 43, 19, 13, 2, 31, 37, 34, 46, 14, 24, 7, 6, 41, 27, 17, 50, 3, 47, 9]], [16, []], [21, []], [45, []], [36, []], [15, []], [30, []], [49, []], [43, []], [19, []], [13, []], [2, []], [31, []], [37, []], [34, []], [46, []], [14, []], [24, []], [7, []], [6, []], [41, []], [27, []], [17, []], [50, []], [3, []], [47, []], [9, []]], [[0, [35, 44, 8, 26, 1, 12, 25, 23, 20, 28, 11, 5, 40, 29, 22, 10, 18, 48, 38, 33, 39, 4, 42, 32]], [35, []], [44, []], [8, []], [26, []], [1, []], [12, []], [25, []], [23, []], [20, []], [28, []], [11, []], [5, []], [40, []], [29, []], [22, []], [10, []], [18, []], [48, []], [38, []], [33, []], [39, []], [4, []], [42, []], [32, []]]], []]], "Numrun": 5, "all_fitness": [331.254966543557, 477.52000000000004]}
{"file_name": "U_50_0", "number_of_trucks": 2, "drone_capacity": 10, "number_of_drones": 20, "iteration": 3, "best_fitness": 499.36, "runtime": 107.33764576911926, "best_solution": [[[[0, [16, 49, 30, 15, 23, 28, 20, 25, 17, 50, 6, 41, 27, 7, 24, 14, 46, 34, 5, 40, 22, 21, 4, 42, 32, 3, 9, 47]], [16, []], [49, []], [30, []], [15, []], [23, []], [28, []], [20, []], [25, []], [17, []], [50, []], [6, []], [41, []], [27, []], [7, []], [24, []], [14, []], [46, []], [34, []], [5, []], [40, []], [22, []], [21, []], [4, []], [42, []], [32, []], [3, []], [9, []], [47, []]], [[0, [44, 8, 35, 12, 1, 26, 39, 10, 45, 36, 29, 13, 2, 18, 48, 38, 33, 37, 31, 43, 19, 11]], [44, []], [8, []], [35, []], [12, []], [1, []], [26, []], [39, []], [10, []], [45, []], [36, []], [29, []], [13, []], [2, []], [18, []], [48, []], [38, []], [33, []], [37, []], [31, []], [43, []], [19, []], [11, []]]], []],