{"file_name": "U_50_0", "number_of_trucks": 2, "drone_capacity": 10, "number_of_drones": 20, "iteration": 1, "best_fitness": 379.40945967474516, "runtime": 3981.0968096256256, "best_solution": [[[[0, []], [33, [33, 26, 17, 46, 2, 24, 29, 37, 32]], [37, []], [24, []], [17, []], [2, []], [46, []], [26, []], [35, [35]], [10, [10, 14, 49, 36, 25, 27]], [29, []], [28, [28, 44, 3, 38, 1, 13, 23, 15]], [38, []], [23, []], [1, []], [13, []], [36, []], [44, []], [25, []], [49, []], [32, []], [27, []], [3, []], [14, []], [15, []]], [[0, [19, 8, 22]], [22, []], [19, []], [4, [4, 16]], [18, [45, 18, 20, 34, 12, 50]], [45, []], [21, [21, 41, 11]], [11, []], [20, []], [8, []], [5, [5, 31, 40, 47, 30, 43, 42]], [47, []], [31, []], [40, []], [16, []], [34, []], [30, []], [41, []], [48, [48, 7, 39, 6, 9]], [39, []], [7, []], [9, []], [6, []], [12, []], [50, []], [43, []], [42, []]]], [[[33, [26, 17, 46, 2, 24, 29, 37, 32]]], [[4, [4, 16]]], [[18, [45, 18, 34, 12, 50]]], [[33, [33]]], [[18, [20]]], [[21, [21, 41, 11]]], [[35, [35]]], [[10, [10, 14, 49, 36, 25, 27]]], [[5, [5, 31, 40, 47, 30, 43, 42]]], [[48, [48, 7, 39, 6, 9]]], [[28, [28, 44, 3, 38, 1, 13, 23, 15]]]]], "all_solution": [[[[[0, []], [33, [33, 26, 17, 46, 2, 24, 29, 37, 32]], [37, []], [24, []], [17, []], [2, []], [46, []], [26, []], [35, [35]], [10, [10, 14, 49, 36, 25, 27]], [29, []], [28, [28, 44, 3, 38, 1, 13, 23, 15]], [38, []], [23, []], [1, []], [13, []], [36, []], [44, []], [25, []], [49, []], [32, []], [27, []], [3, []], [14, []], [15, []]], [[0, [19, 8, 22]], [22, []], [19, []], [4, [4, 16]], [18, [45, 18, 20, 34, 12, 50]], [45, []], [21, [21, 41, 11]], [11, []], [20, []], [8, []], [5, [5, 31, 40, 47, 30, 43, 42]], [47, []], [31, []], [40, []], [16, []], [34, []], [30, []], [41, []], [48, [48, 7, 39, 6, 9]], [39, []], [7, []], [9, []], [6, []], [12, []], [50, []], [43, []], [42, []]]], [[[33, [26, 17, 46, 2, 24, 29, 37, 32]]], [[4, [4, 16]]], [[18, [45, 18, 34, 12, 50]]], [[33, [33]]], [[18, [20]]], [[21, [21, 41, 11]]], [[35, [35]]], [[10, [10, 14, 49, 36, 25, 27]]], [[5, [5, 31, 40, 47, 30, 43, 42]]], [[48, [48, 7, 39, 6, 9]]], [[28, [28, 44, 3, 38, 1, 13, 23, 15]]]]]], "Numrun": 5, "all_fitness": [379.40945967474516]}
{"file_name": "U_50_0", "number_of_trucks": 2, "drone_capacity": 10, "number_of_drones": 20, "iteration": 2, "best_fitness": 497.03999999999996, "runtime": 99.1507682800293, "best_solution": [[[[0, [7, 37, 50, 12, 6, 16, 41, 30, 34, 27, 3, 32, 49, 25, 44, 36, 1, 13, 22, 23, 11, 20, 21, 45, 38, 4, 18]], [7, []], [37, []], [50, []], [12, []], [6, []], [16, []], [41, []], [30, []], [34, []], [27, []], [3, []], [32, []], [49, []], [25, []], [44, []], [36, []], [1, []], [13, []], [22, []], [23, []], [11, []], [20, []], [21, []], [45, []], [38, []], [4, []], [18, []]], [[0, [33, 19, 8, 29, 24, 17, 46, 2, 26, 35, 10, 28, 9, 48, 40, 31, 47, 5, 14, 39, 43, 42, 15]], [33, []], [19, []], [8, []], [29, []], [24, []], [17, []], [46, []], [2, []], [26, []], [35, []], [10, []], [28, []], [9, []], [48, []], [40, []], [31, []], [47, []], [5, []], [14, []], [39, []], [43, []], [42, []], [15, []]]], []], "all_solution": [[[[[0, []], [33, [33, 26, 17, 46, 2, 24, 29, 37, 32]], [37, []], [24, []], [17, []], [2, []], [46, []], [26, []], [35, [35]], [10, [10, 14, 49, 36, 25, 27]], [29, []], [28, [28, 44, 3, 38, 1, 13, 23, 15]], [38, []], [23, []], [1, []], [13, []], [36, []], [44, []], [25, []], [49, []], [32, []], [27, []], [3, []], [14, []], [15, []]], [[0, [19, 8, 22]], [22, []], [19, []], [4, [4, 16]], [18, [45, 18, 20, 34, 12, 50]], [45, []], [21, [21, 41, 11]], [11, []], [20, []], [8, []], [5, [5, 31, 40, 47, 30, 43, 42]], [47, []], [31, []], [40, []], [16, []], [34, []], [30, []], [41, []], [48, [48, 7, 39, 6, 9]], [39, []], [7, []], [9, []], [6, []], [12, []], [50, []], [43, []], [42, []]]], [[[33, [26, 17, 46, 2, 24, 29, 37, 32]]], [[4, [4, 16]]], [[18, [45, 18, 34, 12, 50]]], [[33, [33]]], [[18, [20]]], [[21, [21, 41, 11]]], [[35, [35]]], [[10, [10, 14, 49, 36, 25, 27]]], [[5, [5, 31, 40, 47, 30, 43, 42]]], [[48, [48, 7, 39, 6, 9]]], [[28, [28, 44, 3, 38, 1, 13, 23, 15]]]]], [[[[0, [7, 37, 50, 12, 6, 16, 41, 30, 34, 27, 3, 32, 49, 25, 44, 36, 1, 13, 22, 23, 11, 20, 21, 45, 38, 4, 18]], [7, []], [37, []], [50, []], [12, []], [6, []], [16, []], [41, []], [30, []], [34, []], [27, []], [3, []], [32, []], [49, []], [25, []], [44, []], [36, []], [1, []], [13, []], [22, []], [23, []], [11, []], [20, []], [21, []], [45, []], [38, []], [4, []], [18, []]], [[0, [33, 19, 8, 29, 24, 17, 46, 2, 26, 35, 10, 28, 9, 48, 40, 31, 47, 5, 14, 39, 43, 42, 15]], [33, []], [19, []], [8, []], [29, []], [24, []], [17, []], [46, []], [2, []], [26, []], [35, []], [10, []], [28, []], [9, []], [48, []], [40, []], [31, []], [47, []], [5, []], [14, []], [39, []], [43, []], [42, []], [15, []]]], []]], "Numrun": 5, "all_fitness": [379.40945967474516, 497.03999999999996]}
{"file_name": "U_50_0", "number_of_trucks": 2, "drone_capacity": 10, "number_of_drones": 20, "iteration": 3, "best_fitness": 512.28, "runtime": 98.80804228782654, "best_solution": [[[[0, [19, 29, 7, 6, 34, 41, 30, 16, 43, 42, 21, 45, 38, 36, 3, 27, 32, 49, 44, 25]], [19, []], [29, []], [7, []], [6, []], [34, []], [41, []], [30, []], [16, []], [43, []], [42, []], [21, []], [45, []], [38, []], [36, []], [3, []], [27, []], [32, []], [49, []], [44, []], [25, []]], [[0, [33, 4, 22, 18, 8, 20, 11, 17, 2, 46, 26, 35, 28, 10, 24, 12, 50, 39, 9, 48, 40, 31, 5, 47, 14, 15, 37, 23, 1, 13]], [33, []], [4, []], [22, []], [18, []], [8, []], [20, []], [11, []], [17, []], [2, []], [46, []], [26, []], [35, []], [28, []], [10, []], [24, []], [12, []], [50, []], [39, []], [9, []], [48, []], [40, []], [31, []], [5, []], [47, []], [14, []], [15, []], [37, []], [23, []], [1, []], [13, []]]], []],