{"file_name": "U_50_0", "number_of_trucks": 2, "drone_capacity": 10, "number_of_drones": 20, "iteration": 1, "best_fitness": 383.03538617401205, "runtime": 4289.783357620239, "best_solution": [[[[0, [2, 41, 9]], [29, [29, 17, 10, 28, 15, 33]], [7, [7, 50, 44]], [44, []], [17, []], [28, []], [3, [3, 38, 46, 32, 12]], [15, []], [10, []], [38, []], [46, [22, 26, 18, 34, 36]], [26, []], [33, [24, 21, 40, 4, 5, 48]], [18, []], [2, []], [50, []], [24, []], [41, []], [34, []], [9, []], [32, []], [12, []], [21, []], [40, []], [4, []], [5, []], [48, []], [22, []], [36, []]], [[0, []], [19, [19, 23, 13, 35]], [23, []], [1, [1]], [45, [45, 49, 47, 11, 31, 37]], [49, []], [13, []], [47, []], [35, [39, 42, 43, 6]], [39, []], [30, [30, 16, 8, 14, 27, 25, 20]], [16, []], [25, []], [8, []], [14, []], [27, []], [43, []], [42, []], [11, []], [31, []], [37, []], [20, []], [6, []]]], [[[29, [29, 17, 10, 28, 15, 33]]], [[19, [19, 23, 13, 35]]], [[1, [1]]], [[7, [7, 50, 44]]], [[45, [45, 49, 47, 11, 31, 37]]], [[35, [39, 42, 43, 6]]], [[3, [3, 38, 46, 32, 12]]], [[46, [22, 26, 18, 34, 36]]], [[33, [24, 21, 40, 4, 5, 48]]], [[30, [30, 16, 8, 14, 27, 25, 20]]]]], "all_solution": [[[[[0, [2, 41, 9]], [29, [29, 17, 10, 28, 15, 33]], [7, [7, 50, 44]], [44, []], [17, []], [28, []], [3, [3, 38, 46, 32, 12]], [15, []], [10, []], [38, []], [46, [22, 26, 18, 34, 36]], [26, []], [33, [24, 21, 40, 4, 5, 48]], [18, []], [2, []], [50, []], [24, []], [41, []], [34, []], [9, []], [32, []], [12, []], [21, []], [40, []], [4, []], [5, []], [48, []], [22, []], [36, []]], [[0, []], [19, [19, 23, 13, 35]], [23, []], [1, [1]], [45, [45, 49, 47, 11, 31, 37]], [49, []], [13, []], [47, []], [35, [39, 42, 43, 6]], [39, []], [30, [30, 16, 8, 14, 27, 25, 20]], [16, []], [25, []], [8, []], [14, []], [27, []], [43, []], [42, []], [11, []], [31, []], [37, []], [20, []], [6, []]]], [[[29, [29, 17, 10, 28, 15, 33]]], [[19, [19, 23, 13, 35]]], [[1, [1]]], [[7, [7, 50, 44]]], [[45, [45, 49, 47, 11, 31, 37]]], [[35, [39, 42, 43, 6]]], [[3, [3, 38, 46, 32, 12]]], [[46, [22, 26, 18, 34, 36]]], [[33, [24, 21, 40, 4, 5, 48]]], [[30, [30, 16, 8, 14, 27, 25, 20]]]]]], "Numrun": 5, "all_fitness": [383.03538617401205]}
{"file_name": "U_50_0", "number_of_trucks": 2, "drone_capacity": 10, "number_of_drones": 20, "iteration": 2, "best_fitness": 502.6400000000001, "runtime": 104.08535695075989, "best_solution": [[[[0, [29, 7, 41, 42, 11, 31, 37, 43, 12, 18, 33, 2, 50, 14, 8, 4, 27, 21, 24, 34, 20, 6]], [29, []], [7, []], [41, []], [42, []], [11, []], [31, []], [37, []], [43, []], [12, []], [18, []], [33, []], [2, []], [50, []], [14, []], [8, []], [4, []], [27, []], [21, []], [24, []], [34, []], [20, []], [6, []]], [[0, [19, 23, 15, 17, 13, 47, 44, 9, 32, 40, 5, 1, 10, 45, 3, 28, 49, 30, 39, 35, 16, 25, 26, 46, 38, 48, 22, 36]], [19, []], [23, []], [15, []], [17, []], [13, []], [47, []], [44, []], [9, []], [32, []], [40, []], [5, []], [1, []], [10, []], [45, []], [3, []], [28, []], [49, []], [30, []], [39, []], [35, []], [16, []], [25, []], [26, []], [46, []], [38, []], [48, []], [22, []], [36, []]]], []], "all_solution": [[[[[0, [2, 41, 9]], [29, [29, 17, 10, 28, 15, 33]], [7, [7, 50, 44]], [44, []], [17, []], [28, []], [3, [3, 38, 46, 32, 12]], [15, []], [10, []], [38, []], [46, [22, 26, 18, 34, 36]], [26, []], [33, [24, 21, 40, 4, 5, 48]], [18, []], [2, []], [50, []], [24, []], [41, []], [34, []], [9, []], [32, []], [12, []], [21, []], [40, []], [4, []], [5, []], [48, []], [22, []], [36, []]], [[0, []], [19, [19, 23, 13, 35]], [23, []], [1, [1]], [45, [45, 49, 47, 11, 31, 37]], [49, []], [13, []], [47, []], [35, [39, 42, 43, 6]], [39, []], [30, [30, 16, 8, 14, 27, 25, 20]], [16, []], [25, []], [8, []], [14, []], [27, []], [43, []], [42, []], [11, []], [31, []], [37, []], [20, []], [6, []]]], [[[29, [29, 17, 10, 28, 15, 33]]], [[19, [19, 23, 13, 35]]], [[1, [1]]], [[7, [7, 50, 44]]], [[45, [45, 49, 47, 11, 31, 37]]], [[35, [39, 42, 43, 6]]], [[3, [3, 38, 46, 32, 12]]], [[46, [22, 26, 18, 34, 36]]], [[33, [24, 21, 40, 4, 5, 48]]], [[30, [30, 16, 8, 14, 27, 25, 20]]]]], [[[[0, [29, 7, 41, 42, 11, 31, 37, 43, 12, 18, 33, 2, 50, 14, 8, 4, 27, 21, 24, 34, 20, 6]], [29, []], [7, []], [41, []], [42, []], [11, []], [31, []], [37, []], [43, []], [12, []], [18, []], [33, []], [2, []], [50, []], [14, []], [8, []], [4, []], [27, []], [21, []], [24, []], [34, []], [20, []], [6, []]], [[0, [19, 23, 15, 17, 13, 47, 44, 9, 32, 40, 5, 1, 10, 45, 3, 28, 49, 30, 39, 35, 16, 25, 26, 46, 38, 48, 22, 36]], [19, []], [23, []], [15, []], [17, []], [13, []], [47, []], [44, []], [9, []], [32, []], [40, []], [5, []], [1, []], [10, []], [45, []], [3, []], [28, []], [49, []], [30, []], [39, []], [35, []], [16, []], [25, []], [26, []], [46, []], [38, []], [48, []], [22, []], [36, []]]], []]], "Numrun": 5, "all_fitness": [383.03538617401205, 502.6400000000001]}
{"file_name": "U_50_0", "number_of_trucks": 2, "drone_capacity": 10, "number_of_drones": 20, "iteration": 3, "best_fitness": 413.97587684073454, "runtime": 142.2737774848938, "best_solution": [[[[0, []], [33, [33]], [50, [50, 2]], [2, []], [37, [37, 11, 43, 42, 41, 31, 34]], [11, []], [43, []], [42, []], [41, []], [31, []], [34, []], [12, [12, 24, 8, 14, 18, 25, 16, 30, 38, 22]], [24, []], [8, []], [14, []], [18, []], [25, []], [16, []], [30, []], [38, []], [22, []]], [[0, [23]], [23, []], [29, [29, 7, 17, 13]], [7, []], [17, [45, 15, 49, 39, 35, 5]], [13, []], [45, []], [15, []], [49, []], [39, []], [35, []], [47, [47, 44, 28, 3, 1, 10, 48, 46, 26]], [44, []], [28, []], [3, []], [1, []], [10, []], [48, []], [46, []], [26, []], [5, []], [4, [4, 27, 21, 40, 32, 9, 20, 19, 36, 6]], [27, []], [21, []], [40, []], [32, []], [9, []], [20, []], [19, []], [36, []], [6, []]]], [[[29, [29, 7, 17, 13]]], [[33, [33]]], [[50, [50, 2]]], [[17, [45, 15, 49, 39, 35, 5]]], [[37, [37, 11, 43, 42, 41, 31, 34]]], [[47, [47, 44, 28, 3, 1, 10, 48, 46, 26]]], [[12, [12, 24, 8, 14, 18, 25, 16, 30, 38, 22]]], [[4, [4, 27, 21, 40, 32, 9, 20, 19, 36, 6]]]]],