{"file_name": "U_40_1", "number_of_trucks": 2, "drone_capacity": 10, "number_of_drones": 2, "iteration": 1, "best_fitness": 414.2471994773043, "runtime": 3760.3376953601837, "best_solution": [[[[0, [11, 10, 27, 33]], [11, []], [10, [29]], [33, []], [29, []], [37, [37, 14, 35, 19, 2]], [14, []], [35, []], [27, []], [19, []], [12, [12, 32, 30, 15, 4, 13, 26]], [32, []], [2, []], [30, []], [15, []], [4, []], [25, [25, 21, 24, 22, 40]], [13, []], [26, []], [22, []], [40, []], [21, []], [24, []]], [[0, [1, 34, 36]], [31, [31]], [1, []], [23, [23, 17, 3, 18]], [34, []], [18, []], [17, []], [36, []], [39, [39, 7, 8, 6, 28, 5]], [7, []], [28, []], [38, [38, 20, 9, 16]], [8, []], [6, []], [20, []], [16, []], [5, []], [3, []], [9, []]]], [[[31, [31]]], [[10, [29]]], [[23, [23, 17, 3, 18]]], [[37, [37, 14, 35, 19, 2]]], [[39, [39, 7, 8, 6, 28, 5]]], [[12, [12, 32, 30, 15, 4, 13, 26]]], [[38, [38, 20, 9, 16]]], [[25, [25, 21, 24, 22, 40]]]]], "all_solution": [[[[[0, [11, 10, 27, 33]], [11, []], [10, [29]], [33, []], [29, []], [37, [37, 14, 35, 19, 2]], [14, []], [35, []], [27, []], [19, []], [12, [12, 32, 30, 15, 4, 13, 26]], [32, []], [2, []], [30, []], [15, []], [4, []], [25, [25, 21, 24, 22, 40]], [13, []], [26, []], [22, []], [40, []], [21, []], [24, []]], [[0, [1, 34, 36]], [31, [31]], [1, []], [23, [23, 17, 3, 18]], [34, []], [18, []], [17, []], [36, []], [39, [39, 7, 8, 6, 28, 5]], [7, []], [28, []], [38, [38, 20, 9, 16]], [8, []], [6, []], [20, []], [16, []], [5, []], [3, []], [9, []]]], [[[31, [31]]], [[10, [29]]], [[23, [23, 17, 3, 18]]], [[37, [37, 14, 35, 19, 2]]], [[39, [39, 7, 8, 6, 28, 5]]], [[12, [12, 32, 30, 15, 4, 13, 26]]], [[38, [38, 20, 9, 16]]], [[25, [25, 21, 24, 22, 40]]]]]], "Numrun": 5, "all_fitness": [414.2471994773043]}
{"file_name": "U_40_1", "number_of_trucks": 2, "drone_capacity": 10, "number_of_drones": 2, "iteration": 2, "best_fitness": 499.3884614606474, "runtime": 49.672141790390015, "best_solution": [[[[0, [11, 31, 3]], [11, [23, 37]], [31, []], [3, []], [23, []], [37, []], [14, [14, 2, 6, 28, 32, 12, 19, 30, 15, 34]], [2, []], [6, []], [28, []], [32, []], [12, []], [19, []], [30, []], [15, []], [34, []], [29, [29, 25, 35, 4, 13, 26, 22, 9, 40, 24]], [25, []], [35, []], [4, []], [13, []], [26, []], [22, []], [9, []], [40, []], [24, []]], [[0, [10, 18, 33, 17, 27]], [10, []], [18, []], [33, []], [17, []], [27, []], [36, [36, 1, 39, 5, 7, 20, 8, 38, 16, 21]], [1, []], [39, []], [5, []], [7, []], [20, []], [8, []], [38, []], [16, []], [21, []]]], [[[11, [23, 37]]], [[14, [14, 2, 6, 28, 32, 12, 19, 30, 15, 34]]], [[36, [36, 1, 39, 5, 7, 20, 8, 38, 16, 21]]], [[29, [29, 25, 35, 4, 13, 26, 22, 9, 40, 24]]]]], "all_solution": [[[[[0, [11, 10, 27, 33]], [11, []], [10, [29]], [33, []], [29, []], [37, [37, 14, 35, 19, 2]], [14, []], [35, []], [27, []], [19, []], [12, [12, 32, 30, 15, 4, 13, 26]], [32, []], [2, []], [30, []], [15, []], [4, []], [25, [25, 21, 24, 22, 40]], [13, []], [26, []], [22, []], [40, []], [21, []], [24, []]], [[0, [1, 34, 36]], [31, [31]], [1, []], [23, [23, 17, 3, 18]], [34, []], [18, []], [17, []], [36, []], [39, [39, 7, 8, 6, 28, 5]], [7, []], [28, []], [38, [38, 20, 9, 16]], [8, []], [6, []], [20, []], [16, []], [5, []], [3, []], [9, []]]], [[[31, [31]]], [[10, [29]]], [[23, [23, 17, 3, 18]]], [[37, [37, 14, 35, 19, 2]]], [[39, [39, 7, 8, 6, 28, 5]]], [[12, [12, 32, 30, 15, 4, 13, 26]]], [[38, [38, 20, 9, 16]]], [[25, [25, 21, 24, 22, 40]]]]], [[[[0, [11, 31, 3]], [11, [23, 37]], [31, []], [3, []], [23, []], [37, []], [14, [14, 2, 6, 28, 32, 12, 19, 30, 15, 34]], [2, []], [6, []], [28, []], [32, []], [12, []], [19, []], [30, []], [15, []], [34, []], [29, [29, 25, 35, 4, 13, 26, 22, 9, 40, 24]], [25, []], [35, []], [4, []], [13, []], [26, []], [22, []], [9, []], [40, []], [24, []]], [[0, [10, 18, 33, 17, 27]], [10, []], [18, []], [33, []], [17, []], [27, []], [36, [36, 1, 39, 5, 7, 20, 8, 38, 16, 21]], [1, []], [39, []], [5, []], [7, []], [20, []], [8, []], [38, []], [16, []], [21, []]]], [[[11, [23, 37]]], [[14, [14, 2, 6, 28, 32, 12, 19, 30, 15, 34]]], [[36, [36, 1, 39, 5, 7, 20, 8, 38, 16, 21]]], [[29, [29, 25, 35, 4, 13, 26, 22, 9, 40, 24]]]]]], "Numrun": 5, "all_fitness": [414.2471994773043, 499.3884614606474]}
{"file_name": "U_40_1", "number_of_trucks": 2, "drone_capacity": 10, "number_of_drones": 2, "iteration": 3, "best_fitness": 493.4800000000001, "runtime": 49.199217796325684, "best_solution": [[[[0, [33, 34, 27]], [33, []], [34, []], [27, []], [17, [17, 29, 35, 3]], [29, []], [35, []], [3, [6, 19, 30, 2, 32, 12]], [6, []], [19, []], [30, []], [2, []], [32, []], [12, []], [10, [10, 38, 8, 28, 20, 9, 22, 40, 31, 21]], [38, []], [8, []], [28, []], [20, []], [9, []], [22, []], [40, []], [31, []], [21, []]], [[0, [11, 36, 1, 18, 23, 37, 14]], [11, []], [36, []], [1, []], [18, []], [23, []], [37, []], [14, []], [13, [13, 39, 5, 7, 16, 15, 25, 4, 26, 24]], [39, []], [5, []], [7, []], [16, []], [15, []], [25, []], [4, []], [26, []], [24, []]]], [[[13, [13, 39, 5, 7, 16, 15, 25, 4, 26, 24]]], [[17, [17, 29, 35, 3]]], [[3, [6, 19, 30, 2, 32, 12]]], [[10, [10, 38, 8, 28, 20, 9, 22, 40, 31, 21]]]]], "all_solution": [[[[[0, [11, 10, 27, 33]], [11, []], [10, [29]], [33, []], [29, []], [37, [37, 14, 35, 19, 2]], [14, []], [35, []], [27, []], [19, []], [12, [12, 32, 30, 15, 4, 13, 26]], [32, []], [2, []], [30, []], [15, []], [4, []], [25, [25, 21, 24, 22, 40]], [13, []], [26, []], [22, []], [40, []], [21, []], [24, []]], [[0, [1, 34, 36]], [31, [31]], [1, []], [23, [23, 17, 3, 18]], [34, []], [18, []], [17, []], [36, []], [39, [39, 7, 8, 6, 28, 5]], [7, []], [28, []], [38, [38, 20, 9, 16]], [8, []], [6, []], [20, []], [16, []], [5, []], [3, []], [9, []]]], [[[31, [31]]], [[10, [29]]], [[23, [23, 17, 3, 18]]], [[37, [37, 14, 35, 19, 2]]], [[39, [39, 7, 8, 6, 28, 5]]], [[12, [12, 32, 30, 15, 4, 13, 26]]], [[38, [38, 20, 9, 16]]], [[25, [25, 21, 24, 22, 40]]]]], [[[[0, [11, 31, 3]], [11, [23, 37]], [31, []], [3, []], [23, []], [37, []], [14, [14, 2, 6, 28, 32, 12, 19, 30, 15, 34]], [2, []], [6, []], [28, []], [32, []], [12, []], [19, []], [30, []], [15, []], [34, []], [29, [29, 25, 35, 4, 13, 26, 22, 9, 40, 24]], [25, []], [35, []], [4, []], [13, []], [26, []], [22, []], [9, []], [40, []], [24, []]], [[0, [10, 18, 33, 17, 27]], [10, []], [18, []], [33, []], [17, []], [27, []], [36, [36, 1, 39, 5, 7, 20, 8, 38, 16, 21]], [1, []], [39, []], [5, []], [7, []], [20, []], [8, []], [38, []], [16, []], [21, []]]], [[[11, [23, 37]]], [[14, [14, 2, 6, 28, 32, 12, 19, 30, 15, 34]]], [[36, [36, 1, 39, 5, 7, 20, 8, 38, 16, 21]]], [[29, [29, 25, 35, 4, 13, 26, 22, 9, 40, 24]]]]], [[[[0, [33, 34, 27]], [33, []], [34, []], [27, []], [17, [17, 29, 35, 3]], [29, []], [35, []], [3, [6, 19, 30, 2, 32, 12]], [6, []], [19, []], [30, []], [2, []], [32, []], [12, []], [10, [10, 38, 8, 28, 20, 9, 22, 40, 31, 21]], [38, []], [8, []], [28, []], [20, []], [9, []], [22, []], [40, []], [31, []], [21, []]], [[0, [11, 36, 1, 18, 23, 37, 14]], [11, []], [36, []], [1, []], [18, []], [23, []], [37, []], [14, []], [13, [13, 39, 5, 7, 16, 15, 25, 4, 26, 24]], [39, []], [5, []], [7, []], [16, []], [15, []], [25, []], [4, []], [26, []], [24, []]]], [[[13, [13, 39, 5, 7, 16, 15, 25, 4, 26, 24]]], [[17, [17, 29, 35, 3]]], [[3, [6, 19, 30, 2, 32, 12]]], [[10, [10, 38, 8, 28, 20, 9, 22, 40, 31, 21]]]]]], "Numrun": 5, "all_fitness": [414.2471994773043, 499.3884614606474, 493.4800000000001]}
{"file_name": "U_40_1", "number_of_trucks": 2, "drone_capacity": 10, "number_of_drones": 2, "iteration": 4, "best_fitness": 479.8205792842512, "runtime": 55.481226682662964,