{"file_name": "U_40_1", "number_of_trucks": 2, "drone_capacity": 10, "number_of_drones": 2, "iteration": 1, "best_fitness": 516.3241287185715, "runtime": 3658.194110393524, "best_solution": [[[[0, [7, 12, 19]], [19, []], [12, []], [7, [32, 10]], [10, []], [32, []], [27, [27, 4, 29, 6, 38, 17]], [29, []], [17, []], [38, []], [6, []], [34, [34, 23, 1, 21]], [4, []], [23, []], [1, []], [21, []]], [[0, [25, 26, 36, 9, 15, 22, 35, 2, 31, 14, 13, 40, 30]], [40, []], [13, []], [31, []], [9, []], [22, []], [26, []], [36, []], [39, [39, 37]], [37, []], [14, []], [35, []], [25, []], [15, []], [30, []], [2, []], [33, [33, 18, 20, 24]], [18, []], [20, []], [8, [8, 28, 16, 5, 3, 11]], [28, []], [16, []], [5, []], [3, []], [11, []], [24, []]]], [[[7, [32, 10]]], [[39, [39, 37]]], [[27, [27, 4, 29, 6, 38, 17]]], [[33, [33, 18, 20, 24]]], [[8, [8, 28, 16, 5, 3, 11]]], [[34, [34, 23, 1, 21]]]]], "all_solution": [[[[[0, [7, 12, 19]], [19, []], [12, []], [7, [32, 10]], [10, []], [32, []], [27, [27, 4, 29, 6, 38, 17]], [29, []], [17, []], [38, []], [6, []], [34, [34, 23, 1, 21]], [4, []], [23, []], [1, []], [21, []]], [[0, [25, 26, 36, 9, 15, 22, 35, 2, 31, 14, 13, 40, 30]], [40, []], [13, []], [31, []], [9, []], [22, []], [26, []], [36, []], [39, [39, 37]], [37, []], [14, []], [35, []], [25, []], [15, []], [30, []], [2, []], [33, [33, 18, 20, 24]], [18, []], [20, []], [8, [8, 28, 16, 5, 3, 11]], [28, []], [16, []], [5, []], [3, []], [11, []], [24, []]]], [[[7, [32, 10]]], [[39, [39, 37]]], [[27, [27, 4, 29, 6, 38, 17]]], [[33, [33, 18, 20, 24]]], [[8, [8, 28, 16, 5, 3, 11]]], [[34, [34, 23, 1, 21]]]]]], "Numrun": 5, "all_fitness": [516.3241287185715]}
{"file_name": "U_40_1", "number_of_trucks": 2, "drone_capacity": 10, "number_of_drones": 2, "iteration": 2, "best_fitness": 629.225033882293, "runtime": 58.60381817817688, "best_solution": [[[[0, []], [7, [7, 22, 40, 36, 31, 9, 14]], [22, [32, 10]], [40, []], [36, []], [31, []], [9, []], [14, []], [32, []], [10, []], [39, [39, 27, 29, 34, 24, 16, 3, 11, 23]], [27, []], [29, []], [34, []], [24, []], [16, []], [3, []], [11, []], [23, []]], [[0, [30, 25, 19, 2]], [30, []], [25, []], [19, []], [2, []], [15, [15]], [12, [12, 13, 26, 35, 37, 4, 17]], [13, []], [26, []], [35, []], [37, []], [4, []], [17, []], [6, [6, 1, 20, 18, 33, 38, 28, 8, 5, 21]], [1, []], [20, []], [18, []], [33, []], [38, []], [28, []], [8, []], [5, []], [21, []]]], [[[7, [7, 22, 40, 36, 31, 9, 14]]], [[22, [32, 10]]], [[15, [15]]], [[12, [12, 13, 26, 35, 37, 4, 17]]], [[39, [39, 27, 29, 34, 24, 16, 3, 11, 23]]], [[6, [6, 1, 20, 18, 33, 38, 28, 8, 5, 21]]]]], "all_solution": [[[[[0, [7, 12, 19]], [19, []], [12, []], [7, [32, 10]], [10, []], [32, []], [27, [27, 4, 29, 6, 38, 17]], [29, []], [17, []], [38, []], [6, []], [34, [34, 23, 1, 21]], [4, []], [23, []], [1, []], [21, []]], [[0, [25, 26, 36, 9, 15, 22, 35, 2, 31, 14, 13, 40, 30]], [40, []], [13, []], [31, []], [9, []], [22, []], [26, []], [36, []], [39, [39, 37]], [37, []], [14, []], [35, []], [25, []], [15, []], [30, []], [2, []], [33, [33, 18, 20, 24]], [18, []], [20, []], [8, [8, 28, 16, 5, 3, 11]], [28, []], [16, []], [5, []], [3, []], [11, []], [24, []]]], [[[7, [32, 10]]], [[39, [39, 37]]], [[27, [27, 4, 29, 6, 38, 17]]], [[33, [33, 18, 20, 24]]], [[8, [8, 28, 16, 5, 3, 11]]], [[34, [34, 23, 1, 21]]]]], [[[[0, []], [7, [7, 22, 40, 36, 31, 9, 14]], [22, [32, 10]], [40, []], [36, []], [31, []], [9, []], [14, []], [32, []], [10, []], [39, [39, 27, 29, 34, 24, 16, 3, 11, 23]], [27, []], [29, []], [34, []], [24, []], [16, []], [3, []], [11, []], [23, []]], [[0, [30, 25, 19, 2]], [30, []], [25, []], [19, []], [2, []], [15, [15]], [12, [12, 13, 26, 35, 37, 4, 17]], [13, []], [26, []], [35, []], [37, []], [4, []], [17, []], [6, [6, 1, 20, 18, 33, 38, 28, 8, 5, 21]], [1, []], [20, []], [18, []], [33, []], [38, []], [28, []], [8, []], [5, []], [21, []]]], [[[7, [7, 22, 40, 36, 31, 9, 14]]], [[22, [32, 10]]], [[15, [15]]], [[12, [12, 13, 26, 35, 37, 4, 17]]], [[39, [39, 27, 29, 34, 24, 16, 3, 11, 23]]], [[6, [6, 1, 20, 18, 33, 38, 28, 8, 5, 21]]]]]], "Numrun": 5, "all_fitness": [516.3241287185715, 629.225033882293]}
{"file_name": "U_40_1", "number_of_trucks": 2, "drone_capacity": 10, "number_of_drones": 2, "iteration": 3, "best_fitness": 644.6257394168749, "runtime": 52.92017674446106, "best_solution": [[[[0, [9, 30, 25, 35, 19, 15, 2, 12]], [9, [10, 40, 22]], [30, []], [25, []], [35, []], [19, []], [15, []], [2, []], [12, []], [10, []], [40, []], [22, []], [36, [36, 27, 29, 34, 24, 1, 16, 3, 11, 23]], [27, []], [29, []], [34, []], [24, []], [1, []], [16, []], [3, []], [11, []], [23, []]], [[0, [7, 14, 13]], [7, []], [14, []], [13, []], [26, [26, 31, 37, 39, 4, 6]], [31, []], [37, []], [39, []], [4, []], [6, []], [38, [38, 32, 18, 17, 33, 20, 28, 8, 5, 21]], [32, []], [18, []], [17, []], [33, []], [20, []], [28, []], [8, []], [5, []], [21, []]]], [[[9, [10, 40, 22]]], [[26, [26, 31, 37, 39, 4, 6]]], [[36, [36, 27, 29, 34, 24, 1, 16, 3, 11, 23]]], [[38, [38, 32, 18, 17, 33, 20, 28, 8, 5, 21]]]]], "all_solution": [[[[[0, [7, 12, 19]], [19, []], [12, []], [7, [32, 10]], [10, []], [32, []], [27, [27, 4, 29, 6, 38, 17]], [29, []], [17, []], [38, []], [6, []], [34, [34, 23, 1, 21]], [4, []], [23, []], [1, []], [21, []]], [[0, [25, 26, 36, 9, 15, 22, 35, 2, 31, 14, 13, 40, 30]], [40, []], [13, []], [31, []], [9, []], [22, []], [26, []], [36, []], [39, [39, 37]], [37, []], [14, []], [35, []], [25, []], [15, []], [30, []], [2, []], [33, [33, 18, 20, 24]], [18, []], [20, []], [8, [8, 28, 16, 5, 3, 11]], [28, []], [16, []], [5, []], [3, []], [11, []], [24, []]]], [[[7, [32, 10]]], [[39, [39, 37]]], [[27, [27, 4, 29, 6, 38, 17]]], [[33, [33, 18, 20, 24]]], [[8, [8, 28, 16, 5, 3, 11]]], [[34, [34, 23, 1, 21]]]]], [[[[0, []], [7, [7, 22, 40, 36, 31, 9, 14]], [22, [32, 10]], [40, []], [36, []], [31, []], [9, []], [14, []], [32, []], [10, []], [39, [39, 27, 29, 34, 24, 16, 3, 11, 23]], [27, []], [29, []], [34, []], [24, []], [16, []], [3, []], [11, []], [23, []]], [[0, [30, 25, 19, 2]], [30, []], [25, []], [19, []], [2, []], [15, [15]], [12, [12, 13, 26, 35, 37, 4, 17]], [13, []], [26, []], [35, []], [37, []], [4, []], [17, []], [6, [6, 1, 20, 18, 33, 38, 28, 8, 5, 21]], [1, []], [20, []], [18, []], [33, []], [38, []], [28, []], [8, []], [5, []], [21, []]]], [[[7, [7, 22, 40, 36, 31, 9, 14]]], [[22, [32, 10]]], [[15, [15]]], [[12, [12, 13, 26, 35, 37, 4, 17]]], [[39, [39, 27, 29, 34, 24, 16, 3, 11, 23]]], [[6, [6, 1, 20, 18, 33, 38, 28, 8, 5, 21]]]]], [[[[0, [9, 30, 25, 35, 19, 15, 2, 12]], [9, [10, 40, 22]], [30, []], [25, []], [35, []], [19, []], [15, []], [2, []], [12, []], [10, []], [40, []], [22, []], [36, [36, 27, 29, 34, 24, 1, 16, 3, 11, 23]], [27, []], [29, []], [34, []], [24, []], [1, []], [16, []], [3, []], [11, []], [23, []]], [[0, [7, 14, 13]], [7, []], [14, []], [13, []], [26, [26, 31, 37, 39, 4, 6]], [31, []], [37, []], [39, []], [4, []], [6, []], [38, [38, 32, 18, 17, 33, 20, 28, 8, 5, 21]], [32, []], [18, []], [17, []], [33, []], [20, []], [28, []], [8, []], [5, []], [21, []]]], [[[9, [10, 40, 22]]], [[26, [26, 31, 37, 39, 4, 6]]], [[36, [36, 27, 29, 34, 24, 1, 16, 3, 11, 23]]], [[38, [38, 32, 18, 17, 33, 20, 28, 8, 5, 21]]]]]], "Numrun": 5, "all_fitness": [516.3241287185715, 629.225033882293, 644.6257394168749]}
{"file_name": "U_40_1", "number_of_trucks": 2, "drone_capacity": 10, "number_of_drones": 2, "iteration": 4, "best_fitness": 622.9450338822929, "runtime": 63.09205198287964,