{"file_name": "U_40_1", "number_of_trucks": 2, "drone_capacity": 10, "number_of_drones": 2, "iteration": 1, "best_fitness": 445.79839818046383, "runtime": 3672.2542595863342, "best_solution": [[[[0, [22, 37, 8, 38, 40, 23]], [40, []], [23, []], [38, [35]], [22, []], [37, []], [8, []], [35, []], [33, [33, 39, 10, 29, 11, 31, 21]], [11, []], [39, []], [31, []], [21, []], [29, []], [10, []], [7, [7, 26, 32, 6, 5, 20]], [26, []], [32, []], [6, []], [5, []], [20, []], [9, [9]]], [[0, [18]], [18, []], [12, [12, 16, 34, 3, 2, 19, 15]], [34, []], [3, []], [2, []], [19, []], [36, [36, 25, 14, 17, 30]], [30, []], [15, []], [16, []], [24, [24, 27, 1, 4, 13, 28]], [27, []], [4, []], [14, []], [1, []], [25, []], [13, []], [17, []], [28, []]]], [[[38, [35]]], [[12, [12, 16, 34, 3, 2, 19, 15]]], [[33, [33, 39, 21]]], [[33, [10, 29, 11, 31]]], [[36, [36, 25, 14, 17, 30]]], [[24, [24, 27, 1, 4, 13, 28]]], [[7, [7, 26, 32, 6, 5, 20]]], [[9, [9]]]]], "all_solution": [[[[[0, [22, 37, 8, 38, 40, 23]], [40, []], [23, []], [38, [35]], [22, []], [37, []], [8, []], [35, []], [33, [33, 39, 10, 29, 11, 31, 21]], [11, []], [39, []], [31, []], [21, []], [29, []], [10, []], [7, [7, 26, 32, 6, 5, 20]], [26, []], [32, []], [6, []], [5, []], [20, []], [9, [9]]], [[0, [18]], [18, []], [12, [12, 16, 34, 3, 2, 19, 15]], [34, []], [3, []], [2, []], [19, []], [36, [36, 25, 14, 17, 30]], [30, []], [15, []], [16, []], [24, [24, 27, 1, 4, 13, 28]], [27, []], [4, []], [14, []], [1, []], [25, []], [13, []], [17, []], [28, []]]], [[[38, [35]]], [[12, [12, 16, 34, 3, 2, 19, 15]]], [[33, [33, 39, 21]]], [[33, [10, 29, 11, 31]]], [[36, [36, 25, 14, 17, 30]]], [[24, [24, 27, 1, 4, 13, 28]]], [[7, [7, 26, 32, 6, 5, 20]]], [[9, [9]]]]]], "Numrun": 5, "all_fitness": [445.79839818046383]}
{"file_name": "U_40_1", "number_of_trucks": 2, "drone_capacity": 10, "number_of_drones": 2, "iteration": 2, "best_fitness": 494.274495494617, "runtime": 65.23133397102356, "best_solution": [[[[0, []], [18, [18, 38, 40, 8]], [38, []], [40, []], [37, [37]], [8, []], [39, [39, 31, 11, 33, 35, 12]], [31, []], [11, []], [33, []], [35, []], [12, []], [17, [17, 13, 5, 1, 32, 23, 27, 24, 4, 28]], [13, []], [5, []], [1, []], [32, []], [23, []], [27, []], [24, []], [4, []], [28, []]], [[0, []], [16, [16]], [22, [22, 15]], [15, []], [2, [2, 3, 19, 29, 25, 10, 21]], [3, []], [19, []], [29, []], [25, []], [10, []], [14, [14, 34, 36, 30]], [34, []], [36, []], [30, [7, 26, 6, 20, 9]], [7, []], [26, []], [6, []], [20, []], [9, []], [21, []]]], [[[18, [18, 38, 40, 8]]], [[16, [16]]], [[22, [22, 15]]], [[37, [37]]], [[2, [2, 3, 19, 29, 25, 10, 21]]], [[39, [39, 31, 11, 33, 35, 12]]], [[14, [14, 34, 36, 30]]], [[17, [17, 13, 5, 1, 32, 23, 27, 24, 4, 28]]], [[30, [7, 26, 6, 20, 9]]]]], "all_solution": [[[[[0, [22, 37, 8, 38, 40, 23]], [40, []], [23, []], [38, [35]], [22, []], [37, []], [8, []], [35, []], [33, [33, 39, 10, 29, 11, 31, 21]], [11, []], [39, []], [31, []], [21, []], [29, []], [10, []], [7, [7, 26, 32, 6, 5, 20]], [26, []], [32, []], [6, []], [5, []], [20, []], [9, [9]]], [[0, [18]], [18, []], [12, [12, 16, 34, 3, 2, 19, 15]], [34, []], [3, []], [2, []], [19, []], [36, [36, 25, 14, 17, 30]], [30, []], [15, []], [16, []], [24, [24, 27, 1, 4, 13, 28]], [27, []], [4, []], [14, []], [1, []], [25, []], [13, []], [17, []], [28, []]]], [[[38, [35]]], [[12, [12, 16, 34, 3, 2, 19, 15]]], [[33, [33, 39, 21]]], [[33, [10, 29, 11, 31]]], [[36, [36, 25, 14, 17, 30]]], [[24, [24, 27, 1, 4, 13, 28]]], [[7, [7, 26, 32, 6, 5, 20]]], [[9, [9]]]]], [[[[0, []], [18, [18, 38, 40, 8]], [38, []], [40, []], [37, [37]], [8, []], [39, [39, 31, 11, 33, 35, 12]], [31, []], [11, []], [33, []], [35, []], [12, []], [17, [17, 13, 5, 1, 32, 23, 27, 24, 4, 28]], [13, []], [5, []], [1, []], [32, []], [23, []], [27, []], [24, []], [4, []], [28, []]], [[0, []], [16, [16]], [22, [22, 15]], [15, []], [2, [2, 3, 19, 29, 25, 10, 21]], [3, []], [19, []], [29, []], [25, []], [10, []], [14, [14, 34, 36, 30]], [34, []], [36, []], [30, [7, 26, 6, 20, 9]], [7, []], [26, []], [6, []], [20, []], [9, []], [21, []]]], [[[18, [18, 38, 40, 8]]], [[16, [16]]], [[22, [22, 15]]], [[37, [37]]], [[2, [2, 3, 19, 29, 25, 10, 21]]], [[39, [39, 31, 11, 33, 35, 12]]], [[14, [14, 34, 36, 30]]], [[17, [17, 13, 5, 1, 32, 23, 27, 24, 4, 28]]], [[30, [7, 26, 6, 20, 9]]]]]], "Numrun": 5, "all_fitness": [445.79839818046383, 494.274495494617]}
{"file_name": "U_40_1", "number_of_trucks": 2, "drone_capacity": 10, "number_of_drones": 2, "iteration": 3, "best_fitness": 471.8317681784956, "runtime": 63.302377462387085, "best_solution": [[[[0, [18, 19]], [18, []], [19, []], [34, [34, 39]], [39, []], [35, [35, 37, 33, 17]], [37, []], [33, []], [17, []], [23, [23, 6, 2, 32, 1, 7, 26, 13, 20, 9]], [6, []], [2, []], [32, []], [1, []], [7, []], [26, []], [13, []], [20, []], [9, []]], [[0, []], [22, [22]], [40, [40, 8, 12]], [8, []], [12, []], [31, [31, 21, 11]], [21, []], [11, []], [29, [29, 5, 25, 10, 15]], [5, []], [25, []], [10, []], [15, []], [30, [30, 36, 16, 27, 24, 3, 38, 14, 4, 28]], [36, []], [16, []], [27, []], [24, []], [3, []], [38, []], [14, []], [4, []], [28, []]]], [[[22, [22]]], [[40, [40, 8, 12]]], [[31, [31, 21, 11]]], [[34, [34, 39]]], [[35, [35, 37, 33, 17]]], [[29, [29, 5, 25, 10, 15]]], [[30, [30, 36, 16, 27, 24, 3, 38, 14, 4, 28]]], [[23, [23, 6, 2, 32, 1, 7, 26, 13, 20, 9]]]]], "all_solution": [[[[[0, [22, 37, 8, 38, 40, 23]], [40, []], [23, []], [38, [35]], [22, []], [37, []], [8, []], [35, []], [33, [33, 39, 10, 29, 11, 31, 21]], [11, []], [39, []], [31, []], [21, []], [29, []], [10, []], [7, [7, 26, 32, 6, 5, 20]], [26, []], [32, []], [6, []], [5, []], [20, []], [9, [9]]], [[0, [18]], [18, []], [12, [12, 16, 34, 3, 2, 19, 15]], [34, []], [3, []], [2, []], [19, []], [36, [36, 25, 14, 17, 30]], [30, []], [15, []], [16, []], [24, [24, 27, 1, 4, 13, 28]], [27, []], [4, []], [14, []], [1, []], [25, []], [13, []], [17, []], [28, []]]], [[[38, [35]]], [[12, [12, 16, 34, 3, 2, 19, 15]]], [[33, [33, 39, 21]]], [[33, [10, 29, 11, 31]]], [[36, [36, 25, 14, 17, 30]]], [[24, [24, 27, 1, 4, 13, 28]]], [[7, [7, 26, 32, 6, 5, 20]]], [[9, [9]]]]], [[[[0, []], [18, [18, 38, 40, 8]], [38, []], [40, []], [37, [37]], [8, []], [39, [39, 31, 11, 33, 35, 12]], [31, []], [11, []], [33, []], [35, []], [12, []], [17, [17, 13, 5, 1, 32, 23, 27, 24, 4, 28]], [13, []], [5, []], [1, []], [32, []], [23, []], [27, []], [24, []], [4, []], [28, []]], [[0, []], [16, [16]], [22, [22, 15]], [15, []], [2, [2, 3, 19, 29, 25, 10, 21]], [3, []], [19, []], [29, []], [25, []], [10, []], [14, [14, 34, 36, 30]], [34, []], [36, []], [30, [7, 26, 6, 20, 9]], [7, []], [26, []], [6, []], [20, []], [9, []], [21, []]]], [[[18, [18, 38, 40, 8]]], [[16, [16]]], [[22, [22, 15]]], [[37, [37]]], [[2, [2, 3, 19, 29, 25, 10, 21]]], [[39, [39, 31, 11, 33, 35, 12]]], [[14, [14, 34, 36, 30]]], [[17, [17, 13, 5, 1, 32, 23, 27, 24, 4, 28]]], [[30, [7, 26, 6, 20, 9]]]]], [[[[0, [18, 19]], [18, []], [19, []], [34, [34, 39]], [39, []], [35, [35, 37, 33, 17]], [37, []], [33, []], [17, []], [23, [23, 6, 2, 32, 1, 7, 26, 13, 20, 9]], [6, []], [2, []], [32, []], [1, []], [7, []], [26, []], [13, []], [20, []], [9, []]], [[0, []], [22, [22]], [40, [40, 8, 12]], [8, []], [12, []], [31, [31, 21, 11]], [21, []], [11, []], [29, [29, 5, 25, 10, 15]], [5, []], [25, []], [10, []], [15, []], [30, [30, 36, 16, 27, 24, 3, 38, 14, 4, 28]], [36, []], [16, []], [27, []], [24, []], [3, []], [38, []], [14, []], [4, []], [28, []]]], [[[22, [22]]], [[40, [40, 8, 12]]], [[31, [31, 21, 11]]], [[34, [34, 39]]], [[35, [35, 37, 33, 17]]], [[29, [29, 5, 25, 10, 15]]], [[30, [30, 36, 16, 27, 24, 3, 38, 14, 4, 28]]], [[23, [23, 6, 2, 32, 1, 7, 26, 13, 20, 9]]]]]], "Numrun": 5, "all_fitness": [445.79839818046383, 494.274495494617, 471.8317681784956]}
{"file_name": "U_40_1", "number_of_trucks": 2, "drone_capacity": 10, "number_of_drones": 2, "iteration": 4, "best_fitness": 512.7889953353873, "runtime": 62.226144313812256,