{"file_name": "U_40_1", "number_of_trucks": 2, "drone_capacity": 10, "number_of_drones": 2, "iteration": 1, "best_fitness": 485.7155514056436, "runtime": 2685.862464904785, "best_solution": [[[[0, [16, 24, 33]], [24, []], [33, []], [31, [31, 19, 36, 18]], [19, []], [36, []], [18, []], [16, []], [2, [2, 21, 38, 4, 26]], [21, []], [10, [10, 12, 32, 6]], [38, []], [4, []], [32, []], [40, [40]], [12, []], [6, []], [20, [20, 5, 13]], [5, []], [26, []], [13, []]], [[0, [7, 35, 29, 14, 30, 3]], [15, [15]], [7, []], [35, []], [14, []], [30, []], [3, []], [29, []], [11, [25, 9, 17, 28, 11]], [25, []], [9, []], [17, []], [28, []], [23, [23, 39, 27, 22, 1]], [39, []], [22, []], [1, []], [37, [37, 34, 8]], [34, []], [8, []], [27, []]]], [[[15, [15]]], [[31, [31, 19, 36, 18]]], [[2, [2, 21, 38, 4, 26]]], [[11, [25, 9, 17, 28, 11]]], [[10, [10, 12, 32, 6]]], [[23, [23, 39, 27, 22, 1]]], [[40, [40]]], [[37, [37, 34, 8]]], [[20, [20, 5, 13]]]]], "all_solution": [[[[[0, [16, 24, 33]], [24, []], [33, []], [31, [31, 19, 36, 18]], [19, []], [36, []], [18, []], [16, []], [2, [2, 21, 38, 4, 26]], [21, []], [10, [10, 12, 32, 6]], [38, []], [4, []], [32, []], [40, [40]], [12, []], [6, []], [20, [20, 5, 13]], [5, []], [26, []], [13, []]], [[0, [7, 35, 29, 14, 30, 3]], [15, [15]], [7, []], [35, []], [14, []], [30, []], [3, []], [29, []], [11, [25, 9, 17, 28, 11]], [25, []], [9, []], [17, []], [28, []], [23, [23, 39, 27, 22, 1]], [39, []], [22, []], [1, []], [37, [37, 34, 8]], [34, []], [8, []], [27, []]]], [[[15, [15]]], [[31, [31, 19, 36, 18]]], [[2, [2, 21, 38, 4, 26]]], [[11, [25, 9, 17, 28, 11]]], [[10, [10, 12, 32, 6]]], [[23, [23, 39, 27, 22, 1]]], [[40, [40]]], [[37, [37, 34, 8]]], [[20, [20, 5, 13]]]]]], "Numrun": 5, "all_fitness": [485.7155514056436]}
{"file_name": "U_40_1", "number_of_trucks": 2, "drone_capacity": 10, "number_of_drones": 2, "iteration": 2, "best_fitness": 496.90888784698967, "runtime": 1045.7975738048553, "best_solution": [[[[0, [14, 30]], [14, []], [30, []], [16, [16, 12, 15]], [12, []], [15, []], [36, [36, 21, 26, 18]], [21, []], [26, []], [18, []], [2, [2, 27, 10, 9, 28, 39, 32]], [32, []], [10, []], [27, []], [9, []], [39, []], [28, []], [23, [23, 34, 8, 5, 13]], [8, []], [34, []], [5, []], [13, []]], [[0, [29, 17, 3, 33]], [7, [7, 35, 19, 31, 24, 11]], [35, []], [19, []], [31, []], [24, []], [25, [25]], [11, []], [17, []], [29, []], [3, []], [33, []], [22, [22, 1, 4, 38, 6]], [1, []], [4, []], [6, []], [38, []], [37, [37, 20, 40]], [20, []], [40, []]]], [[[16, [16, 12, 15]]], [[7, [7, 35, 19, 31, 24, 11]]], [[36, [36, 21, 26, 18]]], [[25, [25]]], [[2, [2, 27, 10, 9, 28, 39, 32]]], [[22, [22, 1, 4, 38, 6]]], [[23, [23, 34, 8, 5, 13]]], [[37, [37, 20, 40]]]]], "all_solution": [[[[[0, [16, 24, 33]], [24, []], [33, []], [31, [31, 19, 36, 18]], [19, []], [36, []], [18, []], [16, []], [2, [2, 21, 38, 4, 26]], [21, []], [10, [10, 12, 32, 6]], [38, []], [4, []], [32, []], [40, [40]], [12, []], [6, []], [20, [20, 5, 13]], [5, []], [26, []], [13, []]], [[0, [7, 35, 29, 14, 30, 3]], [15, [15]], [7, []], [35, []], [14, []], [30, []], [3, []], [29, []], [11, [25, 9, 17, 28, 11]], [25, []], [9, []], [17, []], [28, []], [23, [23, 39, 27, 22, 1]], [39, []], [22, []], [1, []], [37, [37, 34, 8]], [34, []], [8, []], [27, []]]], [[[15, [15]]], [[31, [31, 19, 36, 18]]], [[2, [2, 21, 38, 4, 26]]], [[11, [25, 9, 17, 28, 11]]], [[10, [10, 12, 32, 6]]], [[23, [23, 39, 27, 22, 1]]], [[40, [40]]], [[37, [37, 34, 8]]], [[20, [20, 5, 13]]]]], [[[[0, [14, 30]], [14, []], [30, []], [16, [16, 12, 15]], [12, []], [15, []], [36, [36, 21, 26, 18]], [21, []], [26, []], [18, []], [2, [2, 27, 10, 9, 28, 39, 32]], [32, []], [10, []], [27, []], [9, []], [39, []], [28, []], [23, [23, 34, 8, 5, 13]], [8, []], [34, []], [5, []], [13, []]], [[0, [29, 17, 3, 33]], [7, [7, 35, 19, 31, 24, 11]], [35, []], [19, []], [31, []], [24, []], [25, [25]], [11, []], [17, []], [29, []], [3, []], [33, []], [22, [22, 1, 4, 38, 6]], [1, []], [4, []], [6, []], [38, []], [37, [37, 20, 40]], [20, []], [40, []]]], [[[16, [16, 12, 15]]], [[7, [7, 35, 19, 31, 24, 11]]], [[36, [36, 21, 26, 18]]], [[25, [25]]], [[2, [2, 27, 10, 9, 28, 39, 32]]], [[22, [22, 1, 4, 38, 6]]], [[23, [23, 34, 8, 5, 13]]], [[37, [37, 20, 40]]]]]], "Numrun": 5, "all_fitness": [485.7155514056436, 496.90888784698967]}
{"file_name": "U_40_1", "number_of_trucks": 2, "drone_capacity": 10, "number_of_drones": 2, "iteration": 3, "best_fitness": 593.7720292485562, "runtime": 66.73580622673035, "best_solution": [[[[0, []], [16, [16, 15]], [15, []], [35, [35]], [12, [12, 36, 7, 21, 26, 2, 18]], [36, []], [7, []], [21, []], [26, []], [2, []], [18, []], [6, [6, 4, 38, 32, 10, 13, 40, 20, 34, 5]], [4, []], [38, []], [32, []], [10, []], [13, []], [40, []], [20, []], [34, []], [5, []]], [[0, []], [30, [30]], [14, [14]], [29, [29, 17, 3, 31, 24, 33, 11]], [17, [28]], [3, []], [31, []], [24, []], [33, []], [11, []], [28, []], [25, [25, 1, 22, 9, 23, 39, 27, 8, 19, 37]], [1, []], [22, []], [9, []], [23, []], [39, []], [27, []], [8, []], [19, []], [37, []]]], [[[30, [30]]], [[14, [14]]], [[29, [29, 17, 3, 31, 24, 33, 11]]], [[16, [16, 15]]], [[35, [35]]], [[17, [28]]], [[12, [12, 36, 7, 21, 26, 2, 18]]], [[25, [25, 1, 22, 9, 23, 39, 27, 8, 19, 37]]], [[6, [6, 4, 38, 32, 10, 13, 40, 20, 34, 5]]]]], "all_solution": [[[[[0, [16, 24, 33]], [24, []], [33, []], [31, [31, 19, 36, 18]], [19, []], [36, []], [18, []], [16, []], [2, [2, 21, 38, 4, 26]], [21, []], [10, [10, 12, 32, 6]], [38, []], [4, []], [32, []], [40, [40]], [12, []], [6, []], [20, [20, 5, 13]], [5, []], [26, []], [13, []]], [[0, [7, 35, 29, 14, 30, 3]], [15, [15]], [7, []], [35, []], [14, []], [30, []], [3, []], [29, []], [11, [25, 9, 17, 28, 11]], [25, []], [9, []], [17, []], [28, []], [23, [23, 39, 27, 22, 1]], [39, []], [22, []], [1, []], [37, [37, 34, 8]], [34, []], [8, []], [27, []]]], [[[15, [15]]], [[31, [31, 19, 36, 18]]], [[2, [2, 21, 38, 4, 26]]], [[11, [25, 9, 17, 28, 11]]], [[10, [10, 12, 32, 6]]], [[23, [23, 39, 27, 22, 1]]], [[40, [40]]], [[37, [37, 34, 8]]], [[20, [20, 5, 13]]]]], [[[[0, [14, 30]], [14, []], [30, []], [16, [16, 12, 15]], [12, []], [15, []], [36, [36, 21, 26, 18]], [21, []], [26, []], [18, []], [2, [2, 27, 10, 9, 28, 39, 32]], [32, []], [10, []], [27, []], [9, []], [39, []], [28, []], [23, [23, 34, 8, 5, 13]], [8, []], [34, []], [5, []], [13, []]], [[0, [29, 17, 3, 33]], [7, [7, 35, 19, 31, 24, 11]], [35, []], [19, []], [31, []], [24, []], [25, [25]], [11, []], [17, []], [29, []], [3, []], [33, []], [22, [22, 1, 4, 38, 6]], [1, []], [4, []], [6, []], [38, []], [37, [37, 20, 40]], [20, []], [40, []]]], [[[16, [16, 12, 15]]], [[7, [7, 35, 19, 31, 24, 11]]], [[36, [36, 21, 26, 18]]], [[25, [25]]], [[2, [2, 27, 10, 9, 28, 39, 32]]], [[22, [22, 1, 4, 38, 6]]], [[23, [23, 34, 8, 5, 13]]], [[37, [37, 20, 40]]]]], [[[[0, []], [16, [16, 15]], [15, []], [35, [35]], [12, [12, 36, 7, 21, 26, 2, 18]], [36, []], [7, []], [21, []], [26, []], [2, []], [18, []], [6, [6, 4, 38, 32, 10, 13, 40, 20, 34, 5]], [4, []], [38, []], [32, []], [10, []], [13, []], [40, []], [20, []], [34, []], [5, []]], [[0, []], [30, [30]], [14, [14]], [29, [29, 17, 3, 31, 24, 33, 11]], [17, [28]], [3, []], [31, []], [24, []], [33, []], [11, []], [28, []], [25, [25, 1, 22, 9, 23, 39, 27, 8, 19, 37]], [1, []], [22, []], [9, []], [23, []], [39, []], [27, []], [8, []], [19, []], [37, []]]], [[[30, [30]]], [[14, [14]]], [[29, [29, 17, 3, 31, 24, 33, 11]]], [[16, [16, 15]]], [[35, [35]]], [[17, [28]]], [[12, [12, 36, 7, 21, 26, 2, 18]]], [[25, [25, 1, 22, 9, 23, 39, 27, 8, 19, 37]]], [[6, [6, 4, 38, 32, 10, 13, 40, 20, 34, 5]]]]]], "Numrun": 5, "all_fitness": [485.7155514056436, 496.90888784698967, 593.7720292485562]}
{"file_name": "U_40_1", "number_of_trucks": 2, "drone_capacity": 10, "number_of_drones": 2, "iteration": 4, "best_fitness": 596.0483937450399, "runtime": 63.82201886177063,