{"file_name": "U_40_0", "number_of_trucks": 2, "drone_capacity": 10, "number_of_drones": 2, "iteration": 1, "best_fitness": 304.91998665480037, "runtime": 3738.511662721634, "best_solution": [[[[0, [1]], [29, [29, 9, 28, 33, 8, 11]], [28, []], [33, []], [8, []], [9, [26, 27, 12, 36, 5]], [5, []], [26, []], [27, []], [12, []], [1, []], [11, []], [13, [13, 7, 30, 34, 18, 15, 10]], [7, []], [15, []], [10, []], [36, []], [30, []], [18, []], [34, []]], [[0, [23, 3, 16, 19]], [19, []], [16, [35, 31, 17]], [35, []], [31, []], [4, [4, 25, 32, 14, 37]], [14, []], [23, []], [3, []], [25, []], [38, [38, 22, 6, 40, 2, 24, 21, 20, 39]], [22, []], [6, []], [37, []], [40, []], [2, []], [24, []], [21, []], [17, []], [32, []], [39, []], [20, []]]], [[[16, [35, 31, 17]]], [[29, [29, 9, 28, 33, 8, 11]]], [[9, [26, 27, 12, 36, 5]]], [[4, [4, 25, 32, 14, 37]]], [[38, [38, 22, 6, 40, 2, 24, 21, 20, 39]]], [[13, [13, 7, 30, 34, 18, 15, 10]]]]], "all_solution": [[[[[0, [1]], [29, [29, 9, 28, 33, 8, 11]], [28, []], [33, []], [8, []], [9, [26, 27, 12, 36, 5]], [5, []], [26, []], [27, []], [12, []], [1, []], [11, []], [13, [13, 7, 30, 34, 18, 15, 10]], [7, []], [15, []], [10, []], [36, []], [30, []], [18, []], [34, []]], [[0, [23, 3, 16, 19]], [19, []], [16, [35, 31, 17]], [35, []], [31, []], [4, [4, 25, 32, 14, 37]], [14, []], [23, []], [3, []], [25, []], [38, [38, 22, 6, 40, 2, 24, 21, 20, 39]], [22, []], [6, []], [37, []], [40, []], [2, []], [24, []], [21, []], [17, []], [32, []], [39, []], [20, []]]], [[[16, [35, 31, 17]]], [[29, [29, 9, 28, 33, 8, 11]]], [[9, [26, 27, 12, 36, 5]]], [[4, [4, 25, 32, 14, 37]]], [[38, [38, 22, 6, 40, 2, 24, 21, 20, 39]]], [[13, [13, 7, 30, 34, 18, 15, 10]]]]]], "Numrun": 5, "all_fitness": [304.91998665480037]}
{"file_name": "U_40_0", "number_of_trucks": 2, "drone_capacity": 10, "number_of_drones": 2, "iteration": 2, "best_fitness": 362.62683566803855, "runtime": 57.99795889854431, "best_solution": [[[[0, [1]], [35, [35, 8, 26, 28, 27]], [8, []], [26, []], [28, []], [27, []], [5, [5, 9, 12, 29, 21, 40, 6]], [9, []], [12, []], [1, []], [29, []], [21, []], [40, []], [6, []], [33, [33, 22, 38, 37, 25, 23, 14, 4, 39, 20]], [22, []], [38, []], [37, []], [25, []], [23, []], [14, []], [4, []], [39, []], [20, []]], [[0, [16, 19]], [16, []], [3, [3]], [17, [17, 32, 31, 18, 11]], [32, []], [31, []], [18, []], [11, []], [13, [13, 15, 7, 10, 36, 24, 2, 30, 34]], [15, []], [7, []], [10, []], [36, []], [24, []], [2, []], [30, []], [34, []], [19, []]]], [[[35, [35, 8, 26, 28, 27]]], [[3, [3]]], [[17, [17, 32, 31, 18, 11]]], [[5, [5, 9, 12, 29, 21, 40, 6]]], [[13, [13, 15, 7, 10, 36, 24, 2, 30, 34]]], [[33, [33, 22, 38, 37, 25, 23, 14, 4, 39, 20]]]]], "all_solution": [[[[[0, [1]], [29, [29, 9, 28, 33, 8, 11]], [28, []], [33, []], [8, []], [9, [26, 27, 12, 36, 5]], [5, []], [26, []], [27, []], [12, []], [1, []], [11, []], [13, [13, 7, 30, 34, 18, 15, 10]], [7, []], [15, []], [10, []], [36, []], [30, []], [18, []], [34, []]], [[0, [23, 3, 16, 19]], [19, []], [16, [35, 31, 17]], [35, []], [31, []], [4, [4, 25, 32, 14, 37]], [14, []], [23, []], [3, []], [25, []], [38, [38, 22, 6, 40, 2, 24, 21, 20, 39]], [22, []], [6, []], [37, []], [40, []], [2, []], [24, []], [21, []], [17, []], [32, []], [39, []], [20, []]]], [[[16, [35, 31, 17]]], [[29, [29, 9, 28, 33, 8, 11]]], [[9, [26, 27, 12, 36, 5]]], [[4, [4, 25, 32, 14, 37]]], [[38, [38, 22, 6, 40, 2, 24, 21, 20, 39]]], [[13, [13, 7, 30, 34, 18, 15, 10]]]]], [[[[0, [1]], [35, [35, 8, 26, 28, 27]], [8, []], [26, []], [28, []], [27, []], [5, [5, 9, 12, 29, 21, 40, 6]], [9, []], [12, []], [1, []], [29, []], [21, []], [40, []], [6, []], [33, [33, 22, 38, 37, 25, 23, 14, 4, 39, 20]], [22, []], [38, []], [37, []], [25, []], [23, []], [14, []], [4, []], [39, []], [20, []]], [[0, [16, 19]], [16, []], [3, [3]], [17, [17, 32, 31, 18, 11]], [32, []], [31, []], [18, []], [11, []], [13, [13, 15, 7, 10, 36, 24, 2, 30, 34]], [15, []], [7, []], [10, []], [36, []], [24, []], [2, []], [30, []], [34, []], [19, []]]], [[[35, [35, 8, 26, 28, 27]]], [[3, [3]]], [[17, [17, 32, 31, 18, 11]]], [[5, [5, 9, 12, 29, 21, 40, 6]]], [[13, [13, 15, 7, 10, 36, 24, 2, 30, 34]]], [[33, [33, 22, 38, 37, 25, 23, 14, 4, 39, 20]]]]]], "Numrun": 5, "all_fitness": [304.91998665480037, 362.62683566803855]}
{"file_name": "U_40_0", "number_of_trucks": 2, "drone_capacity": 10, "number_of_drones": 2, "iteration": 3, "best_fitness": 358.713321680817, "runtime": 54.48086929321289, "best_solution": [[[[0, [1]], [1, []], [9, [9, 26, 5, 12, 27, 28, 8, 29, 33]], [26, []], [5, []], [12, []], [27, []], [28, []], [8, []], [29, []], [33, []], [21, [21, 17, 39, 32, 14, 4, 16, 19, 34, 20]], [17, []], [39, []], [32, []], [14, []], [4, []], [16, []], [19, []], [34, []], [20, []]], [[0, []], [31, [6, 31, 35]], [35, []], [3, [3, 25]], [25, []], [6, []], [37, [37, 23, 40, 22, 38]], [23, []], [40, []], [22, []], [38, []], [2, [2, 24, 11, 13, 7, 15, 10, 36, 30, 18]], [24, []], [11, []], [13, []], [7, []], [15, []], [10, []], [36, []], [30, []], [18, []]]], [[[31, [6, 31, 35]]], [[9, [9, 26, 5, 12, 27, 28, 8, 29, 33]]], [[3, [3, 25]]], [[37, [37, 23, 40, 22, 38]]], [[21, [21, 17, 39, 32, 14, 4, 16, 19, 34, 20]]], [[2, [2, 24, 11, 13, 7, 15, 10, 36, 30, 18]]]]], "all_solution": [[[[[0, [1]], [29, [29, 9, 28, 33, 8, 11]], [28, []], [33, []], [8, []], [9, [26, 27, 12, 36, 5]], [5, []], [26, []], [27, []], [12, []], [1, []], [11, []], [13, [13, 7, 30, 34, 18, 15, 10]], [7, []], [15, []], [10, []], [36, []], [30, []], [18, []], [34, []]], [[0, [23, 3, 16, 19]], [19, []], [16, [35, 31, 17]], [35, []], [31, []], [4, [4, 25, 32, 14, 37]], [14, []], [23, []], [3, []], [25, []], [38, [38, 22, 6, 40, 2, 24, 21, 20, 39]], [22, []], [6, []], [37, []], [40, []], [2, []], [24, []], [21, []], [17, []], [32, []], [39, []], [20, []]]], [[[16, [35, 31, 17]]], [[29, [29, 9, 28, 33, 8, 11]]], [[9, [26, 27, 12, 36, 5]]], [[4, [4, 25, 32, 14, 37]]], [[38, [38, 22, 6, 40, 2, 24, 21, 20, 39]]], [[13, [13, 7, 30, 34, 18, 15, 10]]]]], [[[[0, [1]], [35, [35, 8, 26, 28, 27]], [8, []], [26, []], [28, []], [27, []], [5, [5, 9, 12, 29, 21, 40, 6]], [9, []], [12, []], [1, []], [29, []], [21, []], [40, []], [6, []], [33, [33, 22, 38, 37, 25, 23, 14, 4, 39, 20]], [22, []], [38, []], [37, []], [25, []], [23, []], [14, []], [4, []], [39, []], [20, []]], [[0, [16, 19]], [16, []], [3, [3]], [17, [17, 32, 31, 18, 11]], [32, []], [31, []], [18, []], [11, []], [13, [13, 15, 7, 10, 36, 24, 2, 30, 34]], [15, []], [7, []], [10, []], [36, []], [24, []], [2, []], [30, []], [34, []], [19, []]]], [[[35, [35, 8, 26, 28, 27]]], [[3, [3]]], [[17, [17, 32, 31, 18, 11]]], [[5, [5, 9, 12, 29, 21, 40, 6]]], [[13, [13, 15, 7, 10, 36, 24, 2, 30, 34]]], [[33, [33, 22, 38, 37, 25, 23, 14, 4, 39, 20]]]]], [[[[0, [1]], [1, []], [9, [9, 26, 5, 12, 27, 28, 8, 29, 33]], [26, []], [5, []], [12, []], [27, []], [28, []], [8, []], [29, []], [33, []], [21, [21, 17, 39, 32, 14, 4, 16, 19, 34, 20]], [17, []], [39, []], [32, []], [14, []], [4, []], [16, []], [19, []], [34, []], [20, []]], [[0, []], [31, [6, 31, 35]], [35, []], [3, [3, 25]], [25, []], [6, []], [37, [37, 23, 40, 22, 38]], [23, []], [40, []], [22, []], [38, []], [2, [2, 24, 11, 13, 7, 15, 10, 36, 30, 18]], [24, []], [11, []], [13, []], [7, []], [15, []], [10, []], [36, []], [30, []], [18, []]]], [[[31, [6, 31, 35]]], [[9, [9, 26, 5, 12, 27, 28, 8, 29, 33]]], [[3, [3, 25]]], [[37, [37, 23, 40, 22, 38]]], [[21, [21, 17, 39, 32, 14, 4, 16, 19, 34, 20]]], [[2, [2, 24, 11, 13, 7, 15, 10, 36, 30, 18]]]]]], "Numrun": 5, "all_fitness": [304.91998665480037, 362.62683566803855, 358.713321680817]}
{"file_name": "U_40_0", "number_of_trucks": 2, "drone_capacity": 10, "number_of_drones": 2, "iteration": 4, "best_fitness": 445.68000000000006, "runtime": 43.153852224349976,