{"file_name": "U_40_0", "number_of_trucks": 2, "drone_capacity": 10, "number_of_drones": 2, "iteration": 1, "best_fitness": 363.50941401914525, "runtime": 3781.273106098175, "best_solution": [[[[0, [35, 1, 39, 29, 28]], [28, []], [35, []], [8, [8, 9, 12, 21, 17, 18, 31, 6, 40]], [12, []], [11, [11, 5, 20, 13, 2, 26, 7, 32]], [39, []], [21, []], [31, []], [9, []], [20, []], [5, []], [1, []], [2, []], [32, []], [7, []], [26, []], [6, []], [13, []], [29, []], [40, []], [18, []], [17, []]], [[0, [3]], [14, [27, 14, 15, 23, 22]], [27, []], [38, [38, 10, 19, 4]], [23, []], [3, []], [19, []], [10, []], [25, [25, 16, 30, 36, 24]], [4, []], [24, []], [16, []], [30, []], [36, []], [15, []], [22, []], [34, [34, 33, 37]], [33, []], [37, []]]], [[[14, [27, 14, 15, 23, 22]]], [[38, [38, 10, 19, 4]]], [[8, [8, 9, 12, 21, 17, 18, 31, 6, 40]]], [[11, [11, 5, 20, 13, 2, 26, 7, 32]]], [[25, [25, 16, 30, 36, 24]]], [[34, [34, 33, 37]]]]], "all_solution": [[[[[0, [35, 1, 39, 29, 28]], [28, []], [35, []], [8, [8, 9, 12, 21, 17, 18, 31, 6, 40]], [12, []], [11, [11, 5, 20, 13, 2, 26, 7, 32]], [39, []], [21, []], [31, []], [9, []], [20, []], [5, []], [1, []], [2, []], [32, []], [7, []], [26, []], [6, []], [13, []], [29, []], [40, []], [18, []], [17, []]], [[0, [3]], [14, [27, 14, 15, 23, 22]], [27, []], [38, [38, 10, 19, 4]], [23, []], [3, []], [19, []], [10, []], [25, [25, 16, 30, 36, 24]], [4, []], [24, []], [16, []], [30, []], [36, []], [15, []], [22, []], [34, [34, 33, 37]], [33, []], [37, []]]], [[[14, [27, 14, 15, 23, 22]]], [[38, [38, 10, 19, 4]]], [[8, [8, 9, 12, 21, 17, 18, 31, 6, 40]]], [[11, [11, 5, 20, 13, 2, 26, 7, 32]]], [[25, [25, 16, 30, 36, 24]]], [[34, [34, 33, 37]]]]]], "Numrun": 5, "all_fitness": [363.50941401914525]}
{"file_name": "U_40_0", "number_of_trucks": 2, "drone_capacity": 10, "number_of_drones": 2, "iteration": 2, "best_fitness": 368.4920555794361, "runtime": 57.37937664985657, "best_solution": [[[[0, []], [14, [14]], [27, [27, 23, 38, 17, 18, 40, 4, 22, 15]], [23, []], [38, []], [17, []], [18, []], [40, []], [4, []], [22, []], [15, []], [36, [36, 30, 16, 24, 34, 33, 35, 8, 12, 37]], [30, []], [16, []], [24, []], [34, []], [33, []], [35, []], [8, []], [12, []], [37, []]], [[0, []], [28, [28, 39]], [39, []], [29, [29, 10, 5, 9, 31, 21, 20]], [10, []], [5, [13]], [9, []], [31, []], [21, []], [20, []], [13, []], [6, [6, 32, 7, 26, 2, 3, 19, 1, 25, 11]], [32, []], [7, []], [26, []], [2, []], [3, []], [19, []], [1, []], [25, []], [11, []]]], [[[14, [14]]], [[28, [28, 39]]], [[29, [29, 10, 5, 9, 31, 21, 20]]], [[27, [27, 23, 38, 17, 18, 40, 4, 22, 15]]], [[5, [13]]], [[36, [36, 30, 16, 24, 34, 33, 35, 8, 12, 37]]], [[6, [6, 32, 7, 26, 2, 3, 19, 1, 25, 11]]]]], "all_solution": [[[[[0, [35, 1, 39, 29, 28]], [28, []], [35, []], [8, [8, 9, 12, 21, 17, 18, 31, 6, 40]], [12, []], [11, [11, 5, 20, 13, 2, 26, 7, 32]], [39, []], [21, []], [31, []], [9, []], [20, []], [5, []], [1, []], [2, []], [32, []], [7, []], [26, []], [6, []], [13, []], [29, []], [40, []], [18, []], [17, []]], [[0, [3]], [14, [27, 14, 15, 23, 22]], [27, []], [38, [38, 10, 19, 4]], [23, []], [3, []], [19, []], [10, []], [25, [25, 16, 30, 36, 24]], [4, []], [24, []], [16, []], [30, []], [36, []], [15, []], [22, []], [34, [34, 33, 37]], [33, []], [37, []]]], [[[14, [27, 14, 15, 23, 22]]], [[38, [38, 10, 19, 4]]], [[8, [8, 9, 12, 21, 17, 18, 31, 6, 40]]], [[11, [11, 5, 20, 13, 2, 26, 7, 32]]], [[25, [25, 16, 30, 36, 24]]], [[34, [34, 33, 37]]]]], [[[[0, []], [14, [14]], [27, [27, 23, 38, 17, 18, 40, 4, 22, 15]], [23, []], [38, []], [17, []], [18, []], [40, []], [4, []], [22, []], [15, []], [36, [36, 30, 16, 24, 34, 33, 35, 8, 12, 37]], [30, []], [16, []], [24, []], [34, []], [33, []], [35, []], [8, []], [12, []], [37, []]], [[0, []], [28, [28, 39]], [39, []], [29, [29, 10, 5, 9, 31, 21, 20]], [10, []], [5, [13]], [9, []], [31, []], [21, []], [20, []], [13, []], [6, [6, 32, 7, 26, 2, 3, 19, 1, 25, 11]], [32, []], [7, []], [26, []], [2, []], [3, []], [19, []], [1, []], [25, []], [11, []]]], [[[14, [14]]], [[28, [28, 39]]], [[29, [29, 10, 5, 9, 31, 21, 20]]], [[27, [27, 23, 38, 17, 18, 40, 4, 22, 15]]], [[5, [13]]], [[36, [36, 30, 16, 24, 34, 33, 35, 8, 12, 37]]], [[6, [6, 32, 7, 26, 2, 3, 19, 1, 25, 11]]]]]], "Numrun": 5, "all_fitness": [363.50941401914525, 368.4920555794361]}
{"file_name": "U_40_0", "number_of_trucks": 2, "drone_capacity": 10, "number_of_drones": 2, "iteration": 3, "best_fitness": 371.02252237392855, "runtime": 48.51822233200073, "best_solution": [[[[0, [29, 23, 27, 22, 15]], [29, []], [23, [30, 36, 16]], [27, []], [22, []], [15, []], [30, []], [36, []], [16, []], [24, [24, 2, 7, 26, 32, 25, 13, 21, 31, 11]], [2, []], [7, []], [26, []], [32, []], [25, []], [13, []], [21, []], [31, []], [11, []]], [[0, [39, 3]], [39, []], [3, []], [1, [1, 5, 9, 20, 6, 10, 19, 38, 14, 4]], [5, []], [9, []], [20, []], [6, []], [10, []], [19, []], [38, []], [14, []], [4, []], [18, [18, 17, 40, 34, 33, 35, 8, 12, 37, 28]], [17, []], [40, []], [34, []], [33, []], [35, []], [8, []], [12, []], [37, []], [28, []]]], [[[1, [1, 5, 9, 20, 6, 10, 19, 38, 14, 4]]], [[23, [30, 36, 16]]], [[18, [18, 17, 40, 34, 33, 35, 8, 12, 37, 28]]], [[24, [24, 2, 7, 26, 32, 25, 13, 21, 31, 11]]]]], "all_solution": [[[[[0, [35, 1, 39, 29, 28]], [28, []], [35, []], [8, [8, 9, 12, 21, 17, 18, 31, 6, 40]], [12, []], [11, [11, 5, 20, 13, 2, 26, 7, 32]], [39, []], [21, []], [31, []], [9, []], [20, []], [5, []], [1, []], [2, []], [32, []], [7, []], [26, []], [6, []], [13, []], [29, []], [40, []], [18, []], [17, []]], [[0, [3]], [14, [27, 14, 15, 23, 22]], [27, []], [38, [38, 10, 19, 4]], [23, []], [3, []], [19, []], [10, []], [25, [25, 16, 30, 36, 24]], [4, []], [24, []], [16, []], [30, []], [36, []], [15, []], [22, []], [34, [34, 33, 37]], [33, []], [37, []]]], [[[14, [27, 14, 15, 23, 22]]], [[38, [38, 10, 19, 4]]], [[8, [8, 9, 12, 21, 17, 18, 31, 6, 40]]], [[11, [11, 5, 20, 13, 2, 26, 7, 32]]], [[25, [25, 16, 30, 36, 24]]], [[34, [34, 33, 37]]]]], [[[[0, []], [14, [14]], [27, [27, 23, 38, 17, 18, 40, 4, 22, 15]], [23, []], [38, []], [17, []], [18, []], [40, []], [4, []], [22, []], [15, []], [36, [36, 30, 16, 24, 34, 33, 35, 8, 12, 37]], [30, []], [16, []], [24, []], [34, []], [33, []], [35, []], [8, []], [12, []], [37, []]], [[0, []], [28, [28, 39]], [39, []], [29, [29, 10, 5, 9, 31, 21, 20]], [10, []], [5, [13]], [9, []], [31, []], [21, []], [20, []], [13, []], [6, [6, 32, 7, 26, 2, 3, 19, 1, 25, 11]], [32, []], [7, []], [26, []], [2, []], [3, []], [19, []], [1, []], [25, []], [11, []]]], [[[14, [14]]], [[28, [28, 39]]], [[29, [29, 10, 5, 9, 31, 21, 20]]], [[27, [27, 23, 38, 17, 18, 40, 4, 22, 15]]], [[5, [13]]], [[36, [36, 30, 16, 24, 34, 33, 35, 8, 12, 37]]], [[6, [6, 32, 7, 26, 2, 3, 19, 1, 25, 11]]]]], [[[[0, [29, 23, 27, 22, 15]], [29, []], [23, [30, 36, 16]], [27, []], [22, []], [15, []], [30, []], [36, []], [16, []], [24, [24, 2, 7, 26, 32, 25, 13, 21, 31, 11]], [2, []], [7, []], [26, []], [32, []], [25, []], [13, []], [21, []], [31, []], [11, []]], [[0, [39, 3]], [39, []], [3, []], [1, [1, 5, 9, 20, 6, 10, 19, 38, 14, 4]], [5, []], [9, []], [20, []], [6, []], [10, []], [19, []], [38, []], [14, []], [4, []], [18, [18, 17, 40, 34, 33, 35, 8, 12, 37, 28]], [17, []], [40, []], [34, []], [33, []], [35, []], [8, []], [12, []], [37, []], [28, []]]], [[[1, [1, 5, 9, 20, 6, 10, 19, 38, 14, 4]]], [[23, [30, 36, 16]]], [[18, [18, 17, 40, 34, 33, 35, 8, 12, 37, 28]]], [[24, [24, 2, 7, 26, 32, 25, 13, 21, 31, 11]]]]]], "Numrun": 5, "all_fitness": [363.50941401914525, 368.4920555794361, 371.02252237392855]}
{"file_name": "U_40_0", "number_of_trucks": 2, "drone_capacity": 10, "number_of_drones": 2, "iteration": 4, "best_fitness": 379.2625223739286, "runtime": 51.05972218513489,