{"file_name": "U_40_0", "number_of_trucks": 2, "drone_capacity": 10, "number_of_drones": 2, "iteration": 1, "best_fitness": 354.02627404022587, "runtime": 3703.6344952583313, "best_solution": [[[[0, [30, 38, 37, 6, 17, 8]], [17, []], [8, []], [30, []], [38, []], [37, []], [4, [4, 25, 23, 26, 3, 13, 22, 27, 9]], [25, []], [23, []], [6, []], [36, [36, 24]], [13, []], [26, []], [24, []], [3, []], [22, []], [27, []], [9, []]], [[0, [28]], [33, [33, 10]], [12, [12, 32, 2]], [32, []], [29, [29, 16, 11, 40, 39, 18, 14]], [16, []], [28, []], [11, []], [5, [5, 7, 19, 15, 34, 31, 20, 21]], [40, []], [39, []], [18, []], [7, []], [19, []], [10, []], [31, []], [21, []], [15, []], [34, []], [20, []], [14, []], [2, []], [35, [35, 1]], [1, []]]], [[[33, [33, 10]]], [[12, [12, 32, 2]]], [[29, [29, 16, 11, 40, 39, 18, 14]]], [[5, [5, 7, 19, 15, 34, 31, 20, 21]]], [[4, [4, 25, 23, 26, 3, 13, 22, 27, 9]]], [[36, [36, 24]]], [[35, [35, 1]]]]], "all_solution": [[[[[0, [30, 38, 37, 6, 17, 8]], [17, []], [8, []], [30, []], [38, []], [37, []], [4, [4, 25, 23, 26, 3, 13, 22, 27, 9]], [25, []], [23, []], [6, []], [36, [36, 24]], [13, []], [26, []], [24, []], [3, []], [22, []], [27, []], [9, []]], [[0, [28]], [33, [33, 10]], [12, [12, 32, 2]], [32, []], [29, [29, 16, 11, 40, 39, 18, 14]], [16, []], [28, []], [11, []], [5, [5, 7, 19, 15, 34, 31, 20, 21]], [40, []], [39, []], [18, []], [7, []], [19, []], [10, []], [31, []], [21, []], [15, []], [34, []], [20, []], [14, []], [2, []], [35, [35, 1]], [1, []]]], [[[33, [33, 10]]], [[12, [12, 32, 2]]], [[29, [29, 16, 11, 40, 39, 18, 14]]], [[5, [5, 7, 19, 15, 34, 31, 20, 21]]], [[4, [4, 25, 23, 26, 3, 13, 22, 27, 9]]], [[36, [36, 24]]], [[35, [35, 1]]]]]], "Numrun": 5, "all_fitness": [354.02627404022587]}
{"file_name": "U_40_0", "number_of_trucks": 2, "drone_capacity": 10, "number_of_drones": 2, "iteration": 2, "best_fitness": 438.2799999999999, "runtime": 45.50143623352051, "best_solution": [[[[0, [8, 14, 12, 28, 11, 3, 27, 9, 22, 24, 26, 4, 23, 15, 34, 20, 2, 17, 1]], [8, []], [14, []], [12, []], [28, []], [11, []], [3, []], [27, []], [9, []], [22, []], [24, []], [26, []], [4, []], [23, []], [15, []], [34, []], [20, []], [2, []], [17, []], [1, []]], [[0, [33, 30, 29, 32, 16, 37, 38, 13, 25]], [33, [36, 6]], [30, []], [29, []], [32, []], [16, []], [37, []], [38, []], [13, []], [25, []], [36, []], [6, []], [21, [21, 10, 31, 19, 7, 18, 39, 40, 5, 35]], [10, []], [31, []], [19, []], [7, []], [18, []], [39, []], [40, []], [5, []], [35, []]]], [[[33, [36, 6]]], [[21, [21, 10, 31, 19, 7, 18, 39, 40, 5, 35]]]]], "all_solution": [[[[[0, [30, 38, 37, 6, 17, 8]], [17, []], [8, []], [30, []], [38, []], [37, []], [4, [4, 25, 23, 26, 3, 13, 22, 27, 9]], [25, []], [23, []], [6, []], [36, [36, 24]], [13, []], [26, []], [24, []], [3, []], [22, []], [27, []], [9, []]], [[0, [28]], [33, [33, 10]], [12, [12, 32, 2]], [32, []], [29, [29, 16, 11, 40, 39, 18, 14]], [16, []], [28, []], [11, []], [5, [5, 7, 19, 15, 34, 31, 20, 21]], [40, []], [39, []], [18, []], [7, []], [19, []], [10, []], [31, []], [21, []], [15, []], [34, []], [20, []], [14, []], [2, []], [35, [35, 1]], [1, []]]], [[[33, [33, 10]]], [[12, [12, 32, 2]]], [[29, [29, 16, 11, 40, 39, 18, 14]]], [[5, [5, 7, 19, 15, 34, 31, 20, 21]]], [[4, [4, 25, 23, 26, 3, 13, 22, 27, 9]]], [[36, [36, 24]]], [[35, [35, 1]]]]], [[[[0, [8, 14, 12, 28, 11, 3, 27, 9, 22, 24, 26, 4, 23, 15, 34, 20, 2, 17, 1]], [8, []], [14, []], [12, []], [28, []], [11, []], [3, []], [27, []], [9, []], [22, []], [24, []], [26, []], [4, []], [23, []], [15, []], [34, []], [20, []], [2, []], [17, []], [1, []]], [[0, [33, 30, 29, 32, 16, 37, 38, 13, 25]], [33, [36, 6]], [30, []], [29, []], [32, []], [16, []], [37, []], [38, []], [13, []], [25, []], [36, []], [6, []], [21, [21, 10, 31, 19, 7, 18, 39, 40, 5, 35]], [10, []], [31, []], [19, []], [7, []], [18, []], [39, []], [40, []], [5, []], [35, []]]], [[[33, [36, 6]]], [[21, [21, 10, 31, 19, 7, 18, 39, 40, 5, 35]]]]]], "Numrun": 5, "all_fitness": [354.02627404022587, 438.2799999999999]}
{"file_name": "U_40_0", "number_of_trucks": 2, "drone_capacity": 10, "number_of_drones": 2, "iteration": 3, "best_fitness": 362.70688916593423, "runtime": 54.02112698554993, "best_solution": [[[[0, []], [14, [14, 39, 40, 18]], [39, []], [40, []], [18, []], [34, [34, 23, 25, 13, 30]], [23, []], [25, []], [13, []], [30, []], [26, [26, 24, 3, 12, 22, 27, 9, 5, 35, 1]], [24, []], [3, []], [12, []], [22, []], [27, []], [9, []], [5, []], [35, []], [1, []]], [[0, [33]], [33, [8, 37, 38]], [8, []], [37, []], [38, []], [28, [28, 11, 16, 29, 32, 4, 36]], [11, []], [16, []], [29, []], [32, []], [4, []], [36, []], [6, [6, 10, 31, 21, 19, 7, 15, 20, 2, 17]], [10, []], [31, []], [21, []], [19, []], [7, []], [15, []], [20, []], [2, []], [17, []]]], [[[14, [14, 39, 40, 18]]], [[33, [8, 37, 38]]], [[28, [28, 11, 16, 29, 32, 4, 36]]], [[34, [34, 23, 25, 13, 30]]], [[26, [26, 24, 3, 12, 22, 27, 9, 5, 35, 1]]], [[6, [6, 10, 31, 21, 19, 7, 15, 20, 2, 17]]]]], "all_solution": [[[[[0, [30, 38, 37, 6, 17, 8]], [17, []], [8, []], [30, []], [38, []], [37, []], [4, [4, 25, 23, 26, 3, 13, 22, 27, 9]], [25, []], [23, []], [6, []], [36, [36, 24]], [13, []], [26, []], [24, []], [3, []], [22, []], [27, []], [9, []]], [[0, [28]], [33, [33, 10]], [12, [12, 32, 2]], [32, []], [29, [29, 16, 11, 40, 39, 18, 14]], [16, []], [28, []], [11, []], [5, [5, 7, 19, 15, 34, 31, 20, 21]], [40, []], [39, []], [18, []], [7, []], [19, []], [10, []], [31, []], [21, []], [15, []], [34, []], [20, []], [14, []], [2, []], [35, [35, 1]], [1, []]]], [[[33, [33, 10]]], [[12, [12, 32, 2]]], [[29, [29, 16, 11, 40, 39, 18, 14]]], [[5, [5, 7, 19, 15, 34, 31, 20, 21]]], [[4, [4, 25, 23, 26, 3, 13, 22, 27, 9]]], [[36, [36, 24]]], [[35, [35, 1]]]]], [[[[0, [8, 14, 12, 28, 11, 3, 27, 9, 22, 24, 26, 4, 23, 15, 34, 20, 2, 17, 1]], [8, []], [14, []], [12, []], [28, []], [11, []], [3, []], [27, []], [9, []], [22, []], [24, []], [26, []], [4, []], [23, []], [15, []], [34, []], [20, []], [2, []], [17, []], [1, []]], [[0, [33, 30, 29, 32, 16, 37, 38, 13, 25]], [33, [36, 6]], [30, []], [29, []], [32, []], [16, []], [37, []], [38, []], [13, []], [25, []], [36, []], [6, []], [21, [21, 10, 31, 19, 7, 18, 39, 40, 5, 35]], [10, []], [31, []], [19, []], [7, []], [18, []], [39, []], [40, []], [5, []], [35, []]]], [[[33, [36, 6]]], [[21, [21, 10, 31, 19, 7, 18, 39, 40, 5, 35]]]]], [[[[0, []], [14, [14, 39, 40, 18]], [39, []], [40, []], [18, []], [34, [34, 23, 25, 13, 30]], [23, []], [25, []], [13, []], [30, []], [26, [26, 24, 3, 12, 22, 27, 9, 5, 35, 1]], [24, []], [3, []], [12, []], [22, []], [27, []], [9, []], [5, []], [35, []], [1, []]], [[0, [33]], [33, [8, 37, 38]], [8, []], [37, []], [38, []], [28, [28, 11, 16, 29, 32, 4, 36]], [11, []], [16, []], [29, []], [32, []], [4, []], [36, []], [6, [6, 10, 31, 21, 19, 7, 15, 20, 2, 17]], [10, []], [31, []], [21, []], [19, []], [7, []], [15, []], [20, []], [2, []], [17, []]]], [[[14, [14, 39, 40, 18]]], [[33, [8, 37, 38]]], [[28, [28, 11, 16, 29, 32, 4, 36]]], [[34, [34, 23, 25, 13, 30]]], [[26, [26, 24, 3, 12, 22, 27, 9, 5, 35, 1]]], [[6, [6, 10, 31, 21, 19, 7, 15, 20, 2, 17]]]]]], "Numrun": 5, "all_fitness": [354.02627404022587, 438.2799999999999, 362.70688916593423]}
{"file_name": "U_40_0", "number_of_trucks": 2, "drone_capacity": 10, "number_of_drones": 2, "iteration": 4, "best_fitness": 388.16, "runtime": 53.642396450042725,