{"file_name": "U_40_0", "number_of_trucks": 2, "drone_capacity": 10, "number_of_drones": 2, "iteration": 1, "best_fitness": 325.538193060759, "runtime": 3782.298977613449, "best_solution": [[[[0, [23, 4, 40, 29, 15, 34, 22]], [40, []], [22, []], [9, [9, 20, 6, 5]], [20, []], [6, []], [5, []], [36, [36, 3, 11, 18, 16, 1, 21, 31]], [3, []], [11, []], [23, []], [4, []], [29, []], [15, []], [34, []], [18, []], [16, []], [1, []], [21, []], [31, []]], [[0, [13, 28, 26]], [26, []], [13, []], [39, [39, 7, 8, 12, 14, 24]], [7, []], [8, []], [28, []], [38, [38, 10, 19, 2, 25, 30, 33, 17, 32]], [10, []], [19, []], [12, []], [33, []], [17, []], [32, []], [2, []], [27, [27, 35, 37]], [30, []], [25, []], [35, []], [14, []], [37, []], [24, []]]], [[[9, [9, 20, 6, 5]]], [[39, [39, 7, 8, 12, 14, 24]]], [[38, [38, 10, 19, 2, 25, 30, 33, 17, 32]]], [[36, [36, 3, 11, 18, 16, 1, 21, 31]]], [[27, [27, 35, 37]]]]], "all_solution": [[[[[0, [23, 4, 40, 29, 15, 34, 22]], [40, []], [22, []], [9, [9, 20, 6, 5]], [20, []], [6, []], [5, []], [36, [36, 3, 11, 18, 16, 1, 21, 31]], [3, []], [11, []], [23, []], [4, []], [29, []], [15, []], [34, []], [18, []], [16, []], [1, []], [21, []], [31, []]], [[0, [13, 28, 26]], [26, []], [13, []], [39, [39, 7, 8, 12, 14, 24]], [7, []], [8, []], [28, []], [38, [38, 10, 19, 2, 25, 30, 33, 17, 32]], [10, []], [19, []], [12, []], [33, []], [17, []], [32, []], [2, []], [27, [27, 35, 37]], [30, []], [25, []], [35, []], [14, []], [37, []], [24, []]]], [[[9, [9, 20, 6, 5]]], [[39, [39, 7, 8, 12, 14, 24]]], [[38, [38, 10, 19, 2, 25, 30, 33, 17, 32]]], [[36, [36, 3, 11, 18, 16, 1, 21, 31]]], [[27, [27, 35, 37]]]]]], "Numrun": 5, "all_fitness": [325.538193060759]}
{"file_name": "U_40_0", "number_of_trucks": 2, "drone_capacity": 10, "number_of_drones": 2, "iteration": 2, "best_fitness": 358.1018334895235, "runtime": 49.16000819206238, "best_solution": [[[[0, [22]], [22, []], [40, [40, 39, 7, 28, 8, 33, 19]], [39, []], [7, []], [28, []], [8, []], [33, []], [19, []], [2, [2, 18, 3, 36, 5, 16, 1, 21, 31, 9]], [18, []], [3, []], [36, []], [5, []], [16, []], [1, []], [21, []], [31, []], [9, []]], [[0, [26, 13, 4]], [26, []], [13, []], [4, []], [23, [23, 29, 34, 17, 32, 12, 10]], [29, []], [34, [38, 6]], [17, []], [32, []], [12, []], [10, []], [38, []], [6, []], [20, [20, 27, 30, 15, 37, 14, 35, 25, 11, 24]], [27, []], [30, []], [15, []], [37, []], [14, []], [35, []], [25, []], [11, []], [24, []]]], [[[23, [23, 29, 34, 17, 32, 12, 10]]], [[40, [40, 39, 7, 28, 8, 33, 19]]], [[34, [38, 6]]], [[20, [20, 27, 30, 15, 37, 14, 35, 25, 11, 24]]], [[2, [2, 18, 3, 36, 5, 16, 1, 21, 31, 9]]]]], "all_solution": [[[[[0, [23, 4, 40, 29, 15, 34, 22]], [40, []], [22, []], [9, [9, 20, 6, 5]], [20, []], [6, []], [5, []], [36, [36, 3, 11, 18, 16, 1, 21, 31]], [3, []], [11, []], [23, []], [4, []], [29, []], [15, []], [34, []], [18, []], [16, []], [1, []], [21, []], [31, []]], [[0, [13, 28, 26]], [26, []], [13, []], [39, [39, 7, 8, 12, 14, 24]], [7, []], [8, []], [28, []], [38, [38, 10, 19, 2, 25, 30, 33, 17, 32]], [10, []], [19, []], [12, []], [33, []], [17, []], [32, []], [2, []], [27, [27, 35, 37]], [30, []], [25, []], [35, []], [14, []], [37, []], [24, []]]], [[[9, [9, 20, 6, 5]]], [[39, [39, 7, 8, 12, 14, 24]]], [[38, [38, 10, 19, 2, 25, 30, 33, 17, 32]]], [[36, [36, 3, 11, 18, 16, 1, 21, 31]]], [[27, [27, 35, 37]]]]], [[[[0, [22]], [22, []], [40, [40, 39, 7, 28, 8, 33, 19]], [39, []], [7, []], [28, []], [8, []], [33, []], [19, []], [2, [2, 18, 3, 36, 5, 16, 1, 21, 31, 9]], [18, []], [3, []], [36, []], [5, []], [16, []], [1, []], [21, []], [31, []], [9, []]], [[0, [26, 13, 4]], [26, []], [13, []], [4, []], [23, [23, 29, 34, 17, 32, 12, 10]], [29, []], [34, [38, 6]], [17, []], [32, []], [12, []], [10, []], [38, []], [6, []], [20, [20, 27, 30, 15, 37, 14, 35, 25, 11, 24]], [27, []], [30, []], [15, []], [37, []], [14, []], [35, []], [25, []], [11, []], [24, []]]], [[[23, [23, 29, 34, 17, 32, 12, 10]]], [[40, [40, 39, 7, 28, 8, 33, 19]]], [[34, [38, 6]]], [[20, [20, 27, 30, 15, 37, 14, 35, 25, 11, 24]]], [[2, [2, 18, 3, 36, 5, 16, 1, 21, 31, 9]]]]]], "Numrun": 5, "all_fitness": [325.538193060759, 358.1018334895235]}
{"file_name": "U_40_0", "number_of_trucks": 2, "drone_capacity": 10, "number_of_drones": 2, "iteration": 3, "best_fitness": 441.2799999999999, "runtime": 39.99505662918091, "best_solution": [[[[0, [13, 4, 39, 7, 8, 6, 33, 17, 32, 2, 30, 27, 18, 20, 36, 3, 1, 31, 21, 22, 9, 24]], [13, []], [4, []], [39, []], [7, []], [8, []], [6, []], [33, []], [17, []], [32, []], [2, []], [30, []], [27, []], [18, []], [20, []], [36, []], [3, []], [1, []], [31, []], [21, []], [22, []], [9, []], [24, []]], [[0, [40, 26, 23, 34, 29, 15, 19, 12, 10, 38, 28, 16, 5, 11, 25, 35, 14, 37]], [40, []], [26, []], [23, []], [34, []], [29, []], [15, []], [19, []], [12, []], [10, []], [38, []], [28, []], [16, []], [5, []], [11, []], [25, []], [35, []], [14, []], [37, []]]], []], "all_solution": [[[[[0, [23, 4, 40, 29, 15, 34, 22]], [40, []], [22, []], [9, [9, 20, 6, 5]], [20, []], [6, []], [5, []], [36, [36, 3, 11, 18, 16, 1, 21, 31]], [3, []], [11, []], [23, []], [4, []], [29, []], [15, []], [34, []], [18, []], [16, []], [1, []], [21, []], [31, []]], [[0, [13, 28, 26]], [26, []], [13, []], [39, [39, 7, 8, 12, 14, 24]], [7, []], [8, []], [28, []], [38, [38, 10, 19, 2, 25, 30, 33, 17, 32]], [10, []], [19, []], [12, []], [33, []], [17, []], [32, []], [2, []], [27, [27, 35, 37]], [30, []], [25, []], [35, []], [14, []], [37, []], [24, []]]], [[[9, [9, 20, 6, 5]]], [[39, [39, 7, 8, 12, 14, 24]]], [[38, [38, 10, 19, 2, 25, 30, 33, 17, 32]]], [[36, [36, 3, 11, 18, 16, 1, 21, 31]]], [[27, [27, 35, 37]]]]], [[[[0, [22]], [22, []], [40, [40, 39, 7, 28, 8, 33, 19]], [39, []], [7, []], [28, []], [8, []], [33, []], [19, []], [2, [2, 18, 3, 36, 5, 16, 1, 21, 31, 9]], [18, []], [3, []], [36, []], [5, []], [16, []], [1, []], [21, []], [31, []], [9, []]], [[0, [26, 13, 4]], [26, []], [13, []], [4, []], [23, [23, 29, 34, 17, 32, 12, 10]], [29, []], [34, [38, 6]], [17, []], [32, []], [12, []], [10, []], [38, []], [6, []], [20, [20, 27, 30, 15, 37, 14, 35, 25, 11, 24]], [27, []], [30, []], [15, []], [37, []], [14, []], [35, []], [25, []], [11, []], [24, []]]], [[[23, [23, 29, 34, 17, 32, 12, 10]]], [[40, [40, 39, 7, 28, 8, 33, 19]]], [[34, [38, 6]]], [[20, [20, 27, 30, 15, 37, 14, 35, 25, 11, 24]]], [[2, [2, 18, 3, 36, 5, 16, 1, 21, 31, 9]]]]], [[[[0, [13, 4, 39, 7, 8, 6, 33, 17, 32, 2, 30, 27, 18, 20, 36, 3, 1, 31, 21, 22, 9, 24]], [13, []], [4, []], [39, []], [7, []], [8, []], [6, []], [33, []], [17, []], [32, []], [2, []], [30, []], [27, []], [18, []], [20, []], [36, []], [3, []], [1, []], [31, []], [21, []], [22, []], [9, []], [24, []]], [[0, [40, 26, 23, 34, 29, 15, 19, 12, 10, 38, 28, 16, 5, 11, 25, 35, 14, 37]], [40, []], [26, []], [23, []], [34, []], [29, []], [15, []], [19, []], [12, []], [10, []], [38, []], [28, []], [16, []], [5, []], [11, []], [25, []], [35, []], [14, []], [37, []]]], []]], "Numrun": 5, "all_fitness": [325.538193060759, 358.1018334895235, 441.2799999999999]}
{"file_name": "U_40_0", "number_of_trucks": 2, "drone_capacity": 10, "number_of_drones": 2, "iteration": 4, "best_fitness": 325.2488894138719, "runtime": 56.85615563392639,