{"file_name": "U_40_1", "number_of_trucks": 2, "drone_capacity": 10, "number_of_drones": 2, "iteration": 1, "best_fitness": 504.0523725194307, "runtime": 3161.2115795612335, "best_solution": [[[[0, [27, 4, 30, 37, 31, 14, 6]], [14, []], [31, []], [27, []], [4, []], [6, []], [37, []], [30, []], [5, [5, 1, 24]], [1, []], [24, []], [23, [23, 40, 20, 17, 3, 21]], [40, []], [3, []], [20, []], [21, []], [17, []], [7, [7, 32, 10]], [32, []], [10, []]], [[0, [28, 22]], [28, []], [2, [2, 39, 8, 33]], [22, []], [39, []], [8, []], [11, [11, 34, 9, 13]], [13, []], [34, []], [9, [36, 19]], [36, []], [19, []], [35, [35, 15, 26, 29, 16, 18]], [15, []], [33, []], [26, []], [29, []], [16, []], [12, [12, 25, 38]], [18, []], [38, []], [25, []]]], [[[2, [2, 39, 8, 33]]], [[11, [11, 34, 9, 13]]], [[5, [5, 1, 24]]], [[9, [36, 19]]], [[23, [23, 40, 20, 17, 3, 21]]], [[35, [35, 15, 26, 29, 16, 18]]], [[12, [12, 25, 38]]], [[7, [7, 32, 10]]]]], "all_solution": [[[[[0, [27, 4, 30, 37, 31, 14, 6]], [14, []], [31, []], [27, []], [4, []], [6, []], [37, []], [30, []], [5, [5, 1, 24]], [1, []], [24, []], [23, [23, 40, 20, 17, 3, 21]], [40, []], [3, []], [20, []], [21, []], [17, []], [7, [7, 32, 10]], [32, []], [10, []]], [[0, [28, 22]], [28, []], [2, [2, 39, 8, 33]], [22, []], [39, []], [8, []], [11, [11, 34, 9, 13]], [13, []], [34, []], [9, [36, 19]], [36, []], [19, []], [35, [35, 15, 26, 29, 16, 18]], [15, []], [33, []], [26, []], [29, []], [16, []], [12, [12, 25, 38]], [18, []], [38, []], [25, []]]], [[[2, [2, 39, 8, 33]]], [[11, [11, 34, 9, 13]]], [[5, [5, 1, 24]]], [[9, [36, 19]]], [[23, [23, 40, 20, 17, 3, 21]]], [[35, [35, 15, 26, 29, 16, 18]]], [[12, [12, 25, 38]]], [[7, [7, 32, 10]]]]]], "Numrun": 5, "all_fitness": [504.0523725194307]}
{"file_name": "U_40_1", "number_of_trucks": 2, "drone_capacity": 10, "number_of_drones": 2, "iteration": 2, "best_fitness": 537.8387474028616, "runtime": 627.6402020454407, "best_solution": [[[[0, [4, 33]], [8, [8, 39]], [39, []], [11, [11, 1, 30, 37, 14, 31]], [1, []], [30, []], [37, []], [4, []], [33, []], [29, [29, 13, 16, 19, 35, 26, 5]], [14, []], [13, []], [31, []], [16, []], [19, []], [35, []], [15, [15, 12, 38, 25]], [26, []], [12, []], [38, []], [5, []], [25, []]], [[0, [6, 22]], [2, [2, 28, 27]], [28, []], [27, []], [6, []], [34, [34, 9]], [9, []], [18, [18]], [36, [36, 17]], [22, []], [24, [24, 23, 3, 40]], [23, []], [40, []], [3, []], [20, [20, 21, 7, 10, 32]], [21, []], [17, []], [7, []], [32, []], [10, []]]], [[[2, [2, 28, 27]]], [[8, [8, 39]]], [[34, [34, 9]]], [[18, [18]]], [[11, [11, 1, 30, 37, 14, 31]]], [[36, [36, 17]]], [[29, [29, 13, 16, 19, 35, 26, 5]]], [[24, [24, 23, 3, 40]]], [[15, [15, 12, 38, 25]]], [[20, [20, 21, 7, 10, 32]]]]], "all_solution": [[[[[0, [27, 4, 30, 37, 31, 14, 6]], [14, []], [31, []], [27, []], [4, []], [6, []], [37, []], [30, []], [5, [5, 1, 24]], [1, []], [24, []], [23, [23, 40, 20, 17, 3, 21]], [40, []], [3, []], [20, []], [21, []], [17, []], [7, [7, 32, 10]], [32, []], [10, []]], [[0, [28, 22]], [28, []], [2, [2, 39, 8, 33]], [22, []], [39, []], [8, []], [11, [11, 34, 9, 13]], [13, []], [34, []], [9, [36, 19]], [36, []], [19, []], [35, [35, 15, 26, 29, 16, 18]], [15, []], [33, []], [26, []], [29, []], [16, []], [12, [12, 25, 38]], [18, []], [38, []], [25, []]]], [[[2, [2, 39, 8, 33]]], [[11, [11, 34, 9, 13]]], [[5, [5, 1, 24]]], [[9, [36, 19]]], [[23, [23, 40, 20, 17, 3, 21]]], [[35, [35, 15, 26, 29, 16, 18]]], [[12, [12, 25, 38]]], [[7, [7, 32, 10]]]]], [[[[0, [4, 33]], [8, [8, 39]], [39, []], [11, [11, 1, 30, 37, 14, 31]], [1, []], [30, []], [37, []], [4, []], [33, []], [29, [29, 13, 16, 19, 35, 26, 5]], [14, []], [13, []], [31, []], [16, []], [19, []], [35, []], [15, [15, 12, 38, 25]], [26, []], [12, []], [38, []], [5, []], [25, []]], [[0, [6, 22]], [2, [2, 28, 27]], [28, []], [27, []], [6, []], [34, [34, 9]], [9, []], [18, [18]], [36, [36, 17]], [22, []], [24, [24, 23, 3, 40]], [23, []], [40, []], [3, []], [20, [20, 21, 7, 10, 32]], [21, []], [17, []], [7, []], [32, []], [10, []]]], [[[2, [2, 28, 27]]], [[8, [8, 39]]], [[34, [34, 9]]], [[18, [18]]], [[11, [11, 1, 30, 37, 14, 31]]], [[36, [36, 17]]], [[29, [29, 13, 16, 19, 35, 26, 5]]], [[24, [24, 23, 3, 40]]], [[15, [15, 12, 38, 25]]], [[20, [20, 21, 7, 10, 32]]]]]], "Numrun": 5, "all_fitness": [504.0523725194307, 537.8387474028616]}
{"file_name": "U_40_1", "number_of_trucks": 2, "drone_capacity": 10, "number_of_drones": 2, "iteration": 3, "best_fitness": 593.1839391867397, "runtime": 64.27164125442505, "best_solution": [[[[0, [2, 22]], [2, []], [22, []], [6, [6, 37]], [37, []], [33, [33, 4]], [4, []], [14, [14, 34, 31, 18, 19]], [34, []], [31, []], [18, []], [19, []], [5, [5, 25, 23, 3, 40, 24, 7, 12, 38, 10]], [25, []], [23, []], [3, []], [40, []], [24, []], [7, []], [12, []], [38, []], [10, []]], [[0, []], [28, [28, 27]], [27, []], [39, [39]], [8, [8, 30, 11, 1, 9, 13]], [30, []], [11, []], [1, []], [9, []], [13, []], [29, [29, 36]], [36, []], [35, [35, 26]], [26, []], [15, [15, 16, 17, 20, 21, 32]], [16, []], [17, []], [20, []], [21, []], [32, []]]], [[[28, [28, 27]]], [[39, [39]]], [[6, [6, 37]]], [[33, [33, 4]]], [[8, [8, 30, 11, 1, 9, 13]]], [[14, [14, 34, 31, 18, 19]]], [[29, [29, 36]]], [[35, [35, 26]]], [[5, [5, 25, 23, 3, 40, 24, 7, 12, 38, 10]]], [[15, [15, 16, 17, 20, 21, 32]]]]], "all_solution": [[[[[0, [27, 4, 30, 37, 31, 14, 6]], [14, []], [31, []], [27, []], [4, []], [6, []], [37, []], [30, []], [5, [5, 1, 24]], [1, []], [24, []], [23, [23, 40, 20, 17, 3, 21]], [40, []], [3, []], [20, []], [21, []], [17, []], [7, [7, 32, 10]], [32, []], [10, []]], [[0, [28, 22]], [28, []], [2, [2, 39, 8, 33]], [22, []], [39, []], [8, []], [11, [11, 34, 9, 13]], [13, []], [34, []], [9, [36, 19]], [36, []], [19, []], [35, [35, 15, 26, 29, 16, 18]], [15, []], [33, []], [26, []], [29, []], [16, []], [12, [12, 25, 38]], [18, []], [38, []], [25, []]]], [[[2, [2, 39, 8, 33]]], [[11, [11, 34, 9, 13]]], [[5, [5, 1, 24]]], [[9, [36, 19]]], [[23, [23, 40, 20, 17, 3, 21]]], [[35, [35, 15, 26, 29, 16, 18]]], [[12, [12, 25, 38]]], [[7, [7, 32, 10]]]]], [[[[0, [4, 33]], [8, [8, 39]], [39, []], [11, [11, 1, 30, 37, 14, 31]], [1, []], [30, []], [37, []], [4, []], [33, []], [29, [29, 13, 16, 19, 35, 26, 5]], [14, []], [13, []], [31, []], [16, []], [19, []], [35, []], [15, [15, 12, 38, 25]], [26, []], [12, []], [38, []], [5, []], [25, []]], [[0, [6, 22]], [2, [2, 28, 27]], [28, []], [27, []], [6, []], [34, [34, 9]], [9, []], [18, [18]], [36, [36, 17]], [22, []], [24, [24, 23, 3, 40]], [23, []], [40, []], [3, []], [20, [20, 21, 7, 10, 32]], [21, []], [17, []], [7, []], [32, []], [10, []]]], [[[2, [2, 28, 27]]], [[8, [8, 39]]], [[34, [34, 9]]], [[18, [18]]], [[11, [11, 1, 30, 37, 14, 31]]], [[36, [36, 17]]], [[29, [29, 13, 16, 19, 35, 26, 5]]], [[24, [24, 23, 3, 40]]], [[15, [15, 12, 38, 25]]], [[20, [20, 21, 7, 10, 32]]]]], [[[[0, [2, 22]], [2, []], [22, []], [6, [6, 37]], [37, []], [33, [33, 4]], [4, []], [14, [14, 34, 31, 18, 19]], [34, []], [31, []], [18, []], [19, []], [5, [5, 25, 23, 3, 40, 24, 7, 12, 38, 10]], [25, []], [23, []], [3, []], [40, []], [24, []], [7, []], [12, []], [38, []], [10, []]], [[0, []], [28, [28, 27]], [27, []], [39, [39]], [8, [8, 30, 11, 1, 9, 13]], [30, []], [11, []], [1, []], [9, []], [13, []], [29, [29, 36]], [36, []], [35, [35, 26]], [26, []], [15, [15, 16, 17, 20, 21, 32]], [16, []], [17, []], [20, []], [21, []], [32, []]]], [[[28, [28, 27]]], [[39, [39]]], [[6, [6, 37]]], [[33, [33, 4]]], [[8, [8, 30, 11, 1, 9, 13]]], [[14, [14, 34, 31, 18, 19]]], [[29, [29, 36]]], [[35, [35, 26]]], [[5, [5, 25, 23, 3, 40, 24, 7, 12, 38, 10]]], [[15, [15, 16, 17, 20, 21, 32]]]]]], "Numrun": 5, "all_fitness": [504.0523725194307, 537.8387474028616, 593.1839391867397]}
{"file_name": "U_40_1", "number_of_trucks": 2, "drone_capacity": 10, "number_of_drones": 2, "iteration": 4, "best_fitness": 573.5434141481453, "runtime": 68.46557140350342,