{"file_name": "U_40_1", "number_of_trucks": 2, "drone_capacity": 10, "number_of_drones": 2, "iteration": 1, "best_fitness": 427.1896573032859, "runtime": 3607.9525241851807, "best_solution": [[[[0, [28, 8, 24]], [24, []], [8, []], [2, [2, 40, 23, 27, 15, 29, 6, 30]], [29, []], [40, []], [23, []], [3, [3, 7, 33, 37, 38]], [6, []], [37, []], [38, []], [33, []], [28, []], [27, []], [11, [11, 10, 36, 34, 19]], [7, []], [10, []], [15, []], [36, []], [30, []], [34, []], [19, []]], [[0, []], [16, [16, 14, 39, 20]], [39, []], [20, []], [14, []], [4, [4, 17, 21, 35, 12, 5, 25]], [17, []], [21, []], [35, []], [31, [31, 18, 13, 9]], [18, []], [13, []], [12, []], [1, [1, 26, 22, 32]], [9, []], [5, []], [26, []], [22, []], [25, []], [32, []]]], [[[16, [16, 14, 39, 20]]], [[2, [2, 40, 23, 27, 15, 29, 6, 30]]], [[4, [4, 17, 21, 35, 12, 5, 25]]], [[3, [3, 7, 33, 37, 38]]], [[31, [31, 18, 13, 9]]], [[11, [11, 10, 36, 34, 19]]], [[1, [1, 26, 22, 32]]]]], "all_solution": [[[[[0, [28, 8, 24]], [24, []], [8, []], [2, [2, 40, 23, 27, 15, 29, 6, 30]], [29, []], [40, []], [23, []], [3, [3, 7, 33, 37, 38]], [6, []], [37, []], [38, []], [33, []], [28, []], [27, []], [11, [11, 10, 36, 34, 19]], [7, []], [10, []], [15, []], [36, []], [30, []], [34, []], [19, []]], [[0, []], [16, [16, 14, 39, 20]], [39, []], [20, []], [14, []], [4, [4, 17, 21, 35, 12, 5, 25]], [17, []], [21, []], [35, []], [31, [31, 18, 13, 9]], [18, []], [13, []], [12, []], [1, [1, 26, 22, 32]], [9, []], [5, []], [26, []], [22, []], [25, []], [32, []]]], [[[16, [16, 14, 39, 20]]], [[2, [2, 40, 23, 27, 15, 29, 6, 30]]], [[4, [4, 17, 21, 35, 12, 5, 25]]], [[3, [3, 7, 33, 37, 38]]], [[31, [31, 18, 13, 9]]], [[11, [11, 10, 36, 34, 19]]], [[1, [1, 26, 22, 32]]]]]], "Numrun": 5, "all_fitness": [427.1896573032859]}
{"file_name": "U_40_1", "number_of_trucks": 2, "drone_capacity": 10, "number_of_drones": 2, "iteration": 2, "best_fitness": 499.4429771642335, "runtime": 48.296324491500854, "best_solution": [[[[0, [20, 39, 27]], [20, []], [39, []], [27, []], [35, [35, 2, 18, 30, 15, 33, 8]], [2, []], [18, []], [30, []], [15, []], [33, []], [8, []], [12, [12, 5, 13, 7, 11, 1, 9, 26, 31, 19]], [5, []], [13, []], [7, []], [11, []], [1, []], [9, []], [26, []], [31, []], [19, []]], [[0, [16, 28, 29, 24, 21, 40, 14, 23, 6, 17]], [16, []], [28, []], [29, []], [24, []], [21, []], [40, []], [14, []], [23, []], [6, []], [17, []], [25, [25, 38, 3, 4, 34, 10, 36, 22, 37, 32]], [38, []], [3, []], [4, []], [34, []], [10, []], [36, []], [22, []], [37, []], [32, []]]], [[[35, [35, 2, 18, 30, 15, 33, 8]]], [[25, [25, 38, 3, 4, 34, 10, 36, 22, 37, 32]]], [[12, [12, 5, 13, 7, 11, 1, 9, 26, 31, 19]]]]], "all_solution": [[[[[0, [28, 8, 24]], [24, []], [8, []], [2, [2, 40, 23, 27, 15, 29, 6, 30]], [29, []], [40, []], [23, []], [3, [3, 7, 33, 37, 38]], [6, []], [37, []], [38, []], [33, []], [28, []], [27, []], [11, [11, 10, 36, 34, 19]], [7, []], [10, []], [15, []], [36, []], [30, []], [34, []], [19, []]], [[0, []], [16, [16, 14, 39, 20]], [39, []], [20, []], [14, []], [4, [4, 17, 21, 35, 12, 5, 25]], [17, []], [21, []], [35, []], [31, [31, 18, 13, 9]], [18, []], [13, []], [12, []], [1, [1, 26, 22, 32]], [9, []], [5, []], [26, []], [22, []], [25, []], [32, []]]], [[[16, [16, 14, 39, 20]]], [[2, [2, 40, 23, 27, 15, 29, 6, 30]]], [[4, [4, 17, 21, 35, 12, 5, 25]]], [[3, [3, 7, 33, 37, 38]]], [[31, [31, 18, 13, 9]]], [[11, [11, 10, 36, 34, 19]]], [[1, [1, 26, 22, 32]]]]], [[[[0, [20, 39, 27]], [20, []], [39, []], [27, []], [35, [35, 2, 18, 30, 15, 33, 8]], [2, []], [18, []], [30, []], [15, []], [33, []], [8, []], [12, [12, 5, 13, 7, 11, 1, 9, 26, 31, 19]], [5, []], [13, []], [7, []], [11, []], [1, []], [9, []], [26, []], [31, []], [19, []]], [[0, [16, 28, 29, 24, 21, 40, 14, 23, 6, 17]], [16, []], [28, []], [29, []], [24, []], [21, []], [40, []], [14, []], [23, []], [6, []], [17, []], [25, [25, 38, 3, 4, 34, 10, 36, 22, 37, 32]], [38, []], [3, []], [4, []], [34, []], [10, []], [36, []], [22, []], [37, []], [32, []]]], [[[35, [35, 2, 18, 30, 15, 33, 8]]], [[25, [25, 38, 3, 4, 34, 10, 36, 22, 37, 32]]], [[12, [12, 5, 13, 7, 11, 1, 9, 26, 31, 19]]]]]], "Numrun": 5, "all_fitness": [427.1896573032859, 499.4429771642335]}
{"file_name": "U_40_1", "number_of_trucks": 2, "drone_capacity": 10, "number_of_drones": 2, "iteration": 3, "best_fitness": 486.077716246107, "runtime": 61.16773867607117, "best_solution": [[[[0, [28]], [8, [8]], [6, [6]], [2, [2, 15, 24, 29, 5, 27, 12]], [15, []], [24, []], [29, []], [5, []], [27, []], [12, []], [28, []], [35, [35, 31, 34, 7, 13, 11, 1, 9, 26, 19]], [31, []], [34, []], [7, []], [13, []], [11, []], [1, []], [9, []], [26, []], [19, []]], [[0, []], [39, [39, 20]], [20, []], [16, [16]], [25, [25, 40, 17, 23, 14, 4, 38]], [40, []], [17, []], [23, []], [14, []], [4, []], [38, []], [37, [37, 33, 21, 32, 18, 30, 10, 36, 22, 3]], [33, []], [21, []], [32, []], [18, []], [30, []], [10, []], [36, []], [22, []], [3, []]]], [[[39, [39, 20]]], [[8, [8]]], [[16, [16]]], [[6, [6]]], [[2, [2, 15, 24, 29, 5, 27, 12]]], [[25, [25, 40, 17, 23, 14, 4, 38]]], [[37, [37, 33, 21, 32, 18, 30, 10, 36, 22, 3]]], [[35, [35, 31, 34, 7, 13, 11, 1, 9, 26, 19]]]]], "all_solution": [[[[[0, [28, 8, 24]], [24, []], [8, []], [2, [2, 40, 23, 27, 15, 29, 6, 30]], [29, []], [40, []], [23, []], [3, [3, 7, 33, 37, 38]], [6, []], [37, []], [38, []], [33, []], [28, []], [27, []], [11, [11, 10, 36, 34, 19]], [7, []], [10, []], [15, []], [36, []], [30, []], [34, []], [19, []]], [[0, []], [16, [16, 14, 39, 20]], [39, []], [20, []], [14, []], [4, [4, 17, 21, 35, 12, 5, 25]], [17, []], [21, []], [35, []], [31, [31, 18, 13, 9]], [18, []], [13, []], [12, []], [1, [1, 26, 22, 32]], [9, []], [5, []], [26, []], [22, []], [25, []], [32, []]]], [[[16, [16, 14, 39, 20]]], [[2, [2, 40, 23, 27, 15, 29, 6, 30]]], [[4, [4, 17, 21, 35, 12, 5, 25]]], [[3, [3, 7, 33, 37, 38]]], [[31, [31, 18, 13, 9]]], [[11, [11, 10, 36, 34, 19]]], [[1, [1, 26, 22, 32]]]]], [[[[0, [20, 39, 27]], [20, []], [39, []], [27, []], [35, [35, 2, 18, 30, 15, 33, 8]], [2, []], [18, []], [30, []], [15, []], [33, []], [8, []], [12, [12, 5, 13, 7, 11, 1, 9, 26, 31, 19]], [5, []], [13, []], [7, []], [11, []], [1, []], [9, []], [26, []], [31, []], [19, []]], [[0, [16, 28, 29, 24, 21, 40, 14, 23, 6, 17]], [16, []], [28, []], [29, []], [24, []], [21, []], [40, []], [14, []], [23, []], [6, []], [17, []], [25, [25, 38, 3, 4, 34, 10, 36, 22, 37, 32]], [38, []], [3, []], [4, []], [34, []], [10, []], [36, []], [22, []], [37, []], [32, []]]], [[[35, [35, 2, 18, 30, 15, 33, 8]]], [[25, [25, 38, 3, 4, 34, 10, 36, 22, 37, 32]]], [[12, [12, 5, 13, 7, 11, 1, 9, 26, 31, 19]]]]], [[[[0, [28]], [8, [8]], [6, [6]], [2, [2, 15, 24, 29, 5, 27, 12]], [15, []], [24, []], [29, []], [5, []], [27, []], [12, []], [28, []], [35, [35, 31, 34, 7, 13, 11, 1, 9, 26, 19]], [31, []], [34, []], [7, []], [13, []], [11, []], [1, []], [9, []], [26, []], [19, []]], [[0, []], [39, [39, 20]], [20, []], [16, [16]], [25, [25, 40, 17, 23, 14, 4, 38]], [40, []], [17, []], [23, []], [14, []], [4, []], [38, []], [37, [37, 33, 21, 32, 18, 30, 10, 36, 22, 3]], [33, []], [21, []], [32, []], [18, []], [30, []], [10, []], [36, []], [22, []], [3, []]]], [[[39, [39, 20]]], [[8, [8]]], [[16, [16]]], [[6, [6]]], [[2, [2, 15, 24, 29, 5, 27, 12]]], [[25, [25, 40, 17, 23, 14, 4, 38]]], [[37, [37, 33, 21, 32, 18, 30, 10, 36, 22, 3]]], [[35, [35, 31, 34, 7, 13, 11, 1, 9, 26, 19]]]]]], "Numrun": 5, "all_fitness": [427.1896573032859, 499.4429771642335, 486.077716246107]}
{"file_name": "U_40_1", "number_of_trucks": 2, "drone_capacity": 10, "number_of_drones": 2, "iteration": 4, "best_fitness": 477.1807674190336, "runtime": 56.64945435523987,