{"file_name": "U_40_1", "number_of_trucks": 2, "drone_capacity": 10, "number_of_drones": 2, "iteration": 1, "best_fitness": 556.0496452152022, "runtime": 3395.055734872818, "best_solution": [[[[0, []], [10, [10]], [1, [1, 32, 8, 36]], [32, []], [33, [33, 26]], [26, []], [8, []], [13, [13, 11, 28, 35, 21, 20, 5]], [36, []], [25, [25]], [20, []], [11, []], [16, [16, 37, 39]], [37, []], [5, []], [21, []], [35, []], [40, [40, 15, 7]], [28, []], [15, []], [7, []], [39, []]], [[0, [24, 6, 23, 4]], [4, []], [6, []], [9, [9, 29]], [29, []], [19, [19]], [24, []], [18, [18, 31, 2, 34, 14, 3]], [31, []], [23, []], [2, []], [34, []], [14, []], [3, []], [12, [12, 22, 17]], [22, []], [17, []], [38, [38, 30, 27]], [30, []], [27, []]]], [[[9, [9, 29]]], [[10, [10]]], [[1, [1, 32, 8, 36]]], [[33, [33, 26]]], [[19, [19]]], [[18, [18, 31, 2, 34, 14, 3]]], [[13, [13, 11, 28, 35, 21, 20, 5]]], [[25, [25]]], [[16, [16, 37, 39]]], [[12, [12, 22, 17]]], [[40, [40, 15, 7]]], [[38, [38, 30, 27]]]]], "all_solution": [[[[[0, []], [10, [10]], [1, [1, 32, 8, 36]], [32, []], [33, [33, 26]], [26, []], [8, []], [13, [13, 11, 28, 35, 21, 20, 5]], [36, []], [25, [25]], [20, []], [11, []], [16, [16, 37, 39]], [37, []], [5, []], [21, []], [35, []], [40, [40, 15, 7]], [28, []], [15, []], [7, []], [39, []]], [[0, [24, 6, 23, 4]], [4, []], [6, []], [9, [9, 29]], [29, []], [19, [19]], [24, []], [18, [18, 31, 2, 34, 14, 3]], [31, []], [23, []], [2, []], [34, []], [14, []], [3, []], [12, [12, 22, 17]], [22, []], [17, []], [38, [38, 30, 27]], [30, []], [27, []]]], [[[9, [9, 29]]], [[10, [10]]], [[1, [1, 32, 8, 36]]], [[33, [33, 26]]], [[19, [19]]], [[18, [18, 31, 2, 34, 14, 3]]], [[13, [13, 11, 28, 35, 21, 20, 5]]], [[25, [25]]], [[16, [16, 37, 39]]], [[12, [12, 22, 17]]], [[40, [40, 15, 7]]], [[38, [38, 30, 27]]]]]], "Numrun": 5, "all_fitness": [556.0496452152022]}
{"file_name": "U_40_1", "number_of_trucks": 2, "drone_capacity": 10, "number_of_drones": 2, "iteration": 2, "best_fitness": 566.8623377012567, "runtime": 377.81334948539734, "best_solution": [[[[0, []], [6, [6, 24, 10]], [24, []], [29, [29, 33]], [33, []], [18, [18, 14, 21]], [14, []], [31, [31, 20, 35, 28, 5, 13, 2]], [13, []], [2, []], [25, [25, 17]], [17, []], [5, []], [20, []], [35, []], [21, []], [28, []], [10, []], [40, [40, 38, 30, 7]], [38, []], [30, []], [7, []]], [[0, []], [8, [1, 8, 4, 23, 36]], [1, [32, 9]], [4, []], [23, []], [36, []], [34, [34]], [32, []], [9, []], [26, [26, 19, 3, 11]], [19, []], [3, []], [11, []], [37, [37, 12, 22, 39, 16]], [16, []], [12, []], [22, []], [27, [27, 15]], [39, []], [15, []]]], [[[8, [1, 8, 4, 23, 36]]], [[6, [6, 24, 10]]], [[1, [32, 9]]], [[29, [29, 33]]], [[18, [18, 14, 21]]], [[34, [34]]], [[31, [31, 20, 35, 28, 5, 13, 2]]], [[26, [26, 19, 3, 11]]], [[25, [25, 17]]], [[37, [37, 12, 22, 39, 16]]], [[40, [40, 38, 30, 7]]], [[27, [27, 15]]]]], "all_solution": [[[[[0, []], [10, [10]], [1, [1, 32, 8, 36]], [32, []], [33, [33, 26]], [26, []], [8, []], [13, [13, 11, 28, 35, 21, 20, 5]], [36, []], [25, [25]], [20, []], [11, []], [16, [16, 37, 39]], [37, []], [5, []], [21, []], [35, []], [40, [40, 15, 7]], [28, []], [15, []], [7, []], [39, []]], [[0, [24, 6, 23, 4]], [4, []], [6, []], [9, [9, 29]], [29, []], [19, [19]], [24, []], [18, [18, 31, 2, 34, 14, 3]], [31, []], [23, []], [2, []], [34, []], [14, []], [3, []], [12, [12, 22, 17]], [22, []], [17, []], [38, [38, 30, 27]], [30, []], [27, []]]], [[[9, [9, 29]]], [[10, [10]]], [[1, [1, 32, 8, 36]]], [[33, [33, 26]]], [[19, [19]]], [[18, [18, 31, 2, 34, 14, 3]]], [[13, [13, 11, 28, 35, 21, 20, 5]]], [[25, [25]]], [[16, [16, 37, 39]]], [[12, [12, 22, 17]]], [[40, [40, 15, 7]]], [[38, [38, 30, 27]]]]], [[[[0, []], [6, [6, 24, 10]], [24, []], [29, [29, 33]], [33, []], [18, [18, 14, 21]], [14, []], [31, [31, 20, 35, 28, 5, 13, 2]], [13, []], [2, []], [25, [25, 17]], [17, []], [5, []], [20, []], [35, []], [21, []], [28, []], [10, []], [40, [40, 38, 30, 7]], [38, []], [30, []], [7, []]], [[0, []], [8, [1, 8, 4, 23, 36]], [1, [32, 9]], [4, []], [23, []], [36, []], [34, [34]], [32, []], [9, []], [26, [26, 19, 3, 11]], [19, []], [3, []], [11, []], [37, [37, 12, 22, 39, 16]], [16, []], [12, []], [22, []], [27, [27, 15]], [39, []], [15, []]]], [[[8, [1, 8, 4, 23, 36]]], [[6, [6, 24, 10]]], [[1, [32, 9]]], [[29, [29, 33]]], [[18, [18, 14, 21]]], [[34, [34]]], [[31, [31, 20, 35, 28, 5, 13, 2]]], [[26, [26, 19, 3, 11]]], [[25, [25, 17]]], [[37, [37, 12, 22, 39, 16]]], [[40, [40, 38, 30, 7]]], [[27, [27, 15]]]]]], "Numrun": 5, "all_fitness": [556.0496452152022, 566.8623377012567]}
{"file_name": "U_40_1", "number_of_trucks": 2, "drone_capacity": 10, "number_of_drones": 2, "iteration": 3, "best_fitness": 703.9488693707929, "runtime": 64.49613833427429, "best_solution": [[[[0, []], [36, [36]], [24, [24, 23, 1, 29, 33, 14]], [23, []], [1, [28, 21, 2]], [29, []], [33, []], [14, []], [28, []], [21, []], [2, []], [34, [34, 11, 20, 35, 16, 37, 22, 27, 38, 30]], [11, []], [20, []], [35, []], [16, []], [37, []], [22, []], [27, []], [38, []], [30, []]], [[0, []], [10, [10]], [6, [6]], [8, [8]], [4, [4, 32, 9, 26, 19, 3, 18]], [32, []], [9, []], [26, []], [19, []], [3, []], [18, []], [31, [31]], [13, [13, 5, 25, 17, 39, 12, 7, 15, 40]], [5, []], [25, []], [17, []], [39, []], [12, []], [7, []], [15, []], [40, []]]], [[[10, [10]]], [[6, [6]]], [[8, [8]]], [[36, [36]]], [[24, [24, 23, 1, 29, 33, 14]]], [[4, [4, 32, 9, 26, 19, 3, 18]]], [[31, [31]]], [[1, [28, 21, 2]]], [[13, [13, 5, 25, 17, 39, 12, 7, 15, 40]]], [[34, [34, 11, 20, 35, 16, 37, 22, 27, 38, 30]]]]], "all_solution": [[[[[0, []], [10, [10]], [1, [1, 32, 8, 36]], [32, []], [33, [33, 26]], [26, []], [8, []], [13, [13, 11, 28, 35, 21, 20, 5]], [36, []], [25, [25]], [20, []], [11, []], [16, [16, 37, 39]], [37, []], [5, []], [21, []], [35, []], [40, [40, 15, 7]], [28, []], [15, []], [7, []], [39, []]], [[0, [24, 6, 23, 4]], [4, []], [6, []], [9, [9, 29]], [29, []], [19, [19]], [24, []], [18, [18, 31, 2, 34, 14, 3]], [31, []], [23, []], [2, []], [34, []], [14, []], [3, []], [12, [12, 22, 17]], [22, []], [17, []], [38, [38, 30, 27]], [30, []], [27, []]]], [[[9, [9, 29]]], [[10, [10]]], [[1, [1, 32, 8, 36]]], [[33, [33, 26]]], [[19, [19]]], [[18, [18, 31, 2, 34, 14, 3]]], [[13, [13, 11, 28, 35, 21, 20, 5]]], [[25, [25]]], [[16, [16, 37, 39]]], [[12, [12, 22, 17]]], [[40, [40, 15, 7]]], [[38, [38, 30, 27]]]]], [[[[0, []], [6, [6, 24, 10]], [24, []], [29, [29, 33]], [33, []], [18, [18, 14, 21]], [14, []], [31, [31, 20, 35, 28, 5, 13, 2]], [13, []], [2, []], [25, [25, 17]], [17, []], [5, []], [20, []], [35, []], [21, []], [28, []], [10, []], [40, [40, 38, 30, 7]], [38, []], [30, []], [7, []]], [[0, []], [8, [1, 8, 4, 23, 36]], [1, [32, 9]], [4, []], [23, []], [36, []], [34, [34]], [32, []], [9, []], [26, [26, 19, 3, 11]], [19, []], [3, []], [11, []], [37, [37, 12, 22, 39, 16]], [16, []], [12, []], [22, []], [27, [27, 15]], [39, []], [15, []]]], [[[8, [1, 8, 4, 23, 36]]], [[6, [6, 24, 10]]], [[1, [32, 9]]], [[29, [29, 33]]], [[18, [18, 14, 21]]], [[34, [34]]], [[31, [31, 20, 35, 28, 5, 13, 2]]], [[26, [26, 19, 3, 11]]], [[25, [25, 17]]], [[37, [37, 12, 22, 39, 16]]], [[40, [40, 38, 30, 7]]], [[27, [27, 15]]]]], [[[[0, []], [36, [36]], [24, [24, 23, 1, 29, 33, 14]], [23, []], [1, [28, 21, 2]], [29, []], [33, []], [14, []], [28, []], [21, []], [2, []], [34, [34, 11, 20, 35, 16, 37, 22, 27, 38, 30]], [11, []], [20, []], [35, []], [16, []], [37, []], [22, []], [27, []], [38, []], [30, []]], [[0, []], [10, [10]], [6, [6]], [8, [8]], [4, [4, 32, 9, 26, 19, 3, 18]], [32, []], [9, []], [26, []], [19, []], [3, []], [18, []], [31, [31]], [13, [13, 5, 25, 17, 39, 12, 7, 15, 40]], [5, []], [25, []], [17, []], [39, []], [12, []], [7, []], [15, []], [40, []]]], [[[10, [10]]], [[6, [6]]], [[8, [8]]], [[36, [36]]], [[24, [24, 23, 1, 29, 33, 14]]], [[4, [4, 32, 9, 26, 19, 3, 18]]], [[31, [31]]], [[1, [28, 21, 2]]], [[13, [13, 5, 25, 17, 39, 12, 7, 15, 40]]], [[34, [34, 11, 20, 35, 16, 37, 22, 27, 38, 30]]]]]], "Numrun": 5,