{"file_name": "U_40_0", "number_of_trucks": 2, "drone_capacity": 10, "number_of_drones": 2, "iteration": 1, "best_fitness": 337.18564297356875, "runtime": 3674.7462117671967, "best_solution": [[[[0, [10, 38, 33, 30, 13, 12, 31, 14]], [10, []], [5, [5, 27, 16, 28, 15, 18, 32, 6, 24]], [27, []], [31, []], [16, []], [14, []], [29, [29, 26, 39, 1, 4]], [28, []], [15, []], [33, []], [26, []], [4, []], [12, []], [38, []], [18, []], [13, []], [32, []], [6, []], [30, []], [39, []], [24, []], [1, []]], [[0, [9, 20]], [9, []], [8, [8, 19, 22, 21]], [20, []], [21, []], [22, []], [17, [17, 36, 35, 7, 34, 40, 3, 2, 23, 37]], [36, []], [35, []], [2, []], [19, []], [7, []], [34, []], [37, []], [40, []], [3, []], [23, []], [11, [11, 25]], [25, []]]], [[[5, [5, 27, 16, 28, 15, 18, 32, 6, 24]]], [[8, [8, 19, 22, 21]]], [[17, [17, 36, 35, 7, 34, 40, 3, 2, 23, 37]]], [[29, [29, 26, 39, 1, 4]]], [[11, [11, 25]]]]], "all_solution": [[[[[0, [10, 38, 33, 30, 13, 12, 31, 14]], [10, []], [5, [5, 27, 16, 28, 15, 18, 32, 6, 24]], [27, []], [31, []], [16, []], [14, []], [29, [29, 26, 39, 1, 4]], [28, []], [15, []], [33, []], [26, []], [4, []], [12, []], [38, []], [18, []], [13, []], [32, []], [6, []], [30, []], [39, []], [24, []], [1, []]], [[0, [9, 20]], [9, []], [8, [8, 19, 22, 21]], [20, []], [21, []], [22, []], [17, [17, 36, 35, 7, 34, 40, 3, 2, 23, 37]], [36, []], [35, []], [2, []], [19, []], [7, []], [34, []], [37, []], [40, []], [3, []], [23, []], [11, [11, 25]], [25, []]]], [[[5, [5, 27, 16, 28, 15, 18, 32, 6, 24]]], [[8, [8, 19, 22, 21]]], [[17, [17, 36, 35, 7, 34, 40, 3, 2, 23, 37]]], [[29, [29, 26, 39, 1, 4]]], [[11, [11, 25]]]]]], "Numrun": 5, "all_fitness": [337.18564297356875]}
{"file_name": "U_40_0", "number_of_trucks": 2, "drone_capacity": 10, "number_of_drones": 2, "iteration": 2, "best_fitness": 381.4800593470504, "runtime": 66.31455206871033, "best_solution": [[[[0, []], [13, [13, 6]], [6, []], [20, [20, 22, 36, 35, 2, 19, 28, 38, 27, 5]], [22, []], [36, []], [35, []], [2, []], [19, []], [28, []], [15, [15, 33, 26, 29, 4, 12, 18]], [33, []], [26, []], [29, []], [4, []], [12, []], [18, []], [38, []], [27, []], [5, []]], [[0, []], [9, [9]], [21, [21]], [30, [30]], [10, [10, 32, 24, 37, 34, 7, 16, 31, 25]], [32, []], [24, []], [37, []], [34, []], [7, []], [16, []], [31, []], [14, [14, 17, 40, 39, 3, 8, 23, 11, 1]], [17, []], [40, []], [39, []], [3, []], [8, []], [23, []], [11, []], [1, []], [25, []]]], [[[9, [9]]], [[21, [21]]], [[13, [13, 6]]], [[30, [30]]], [[10, [10, 32, 24, 37, 34, 7, 16, 31, 25]]], [[20, [20, 22, 36, 35, 2, 19, 28, 38, 27, 5]]], [[15, [15, 33, 26, 29, 4, 12, 18]]], [[14, [14, 17, 40, 39, 3, 8, 23, 11, 1]]]]], "all_solution": [[[[[0, [10, 38, 33, 30, 13, 12, 31, 14]], [10, []], [5, [5, 27, 16, 28, 15, 18, 32, 6, 24]], [27, []], [31, []], [16, []], [14, []], [29, [29, 26, 39, 1, 4]], [28, []], [15, []], [33, []], [26, []], [4, []], [12, []], [38, []], [18, []], [13, []], [32, []], [6, []], [30, []], [39, []], [24, []], [1, []]], [[0, [9, 20]], [9, []], [8, [8, 19, 22, 21]], [20, []], [21, []], [22, []], [17, [17, 36, 35, 7, 34, 40, 3, 2, 23, 37]], [36, []], [35, []], [2, []], [19, []], [7, []], [34, []], [37, []], [40, []], [3, []], [23, []], [11, [11, 25]], [25, []]]], [[[5, [5, 27, 16, 28, 15, 18, 32, 6, 24]]], [[8, [8, 19, 22, 21]]], [[17, [17, 36, 35, 7, 34, 40, 3, 2, 23, 37]]], [[29, [29, 26, 39, 1, 4]]], [[11, [11, 25]]]]], [[[[0, []], [13, [13, 6]], [6, []], [20, [20, 22, 36, 35, 2, 19, 28, 38, 27, 5]], [22, []], [36, []], [35, []], [2, []], [19, []], [28, []], [15, [15, 33, 26, 29, 4, 12, 18]], [33, []], [26, []], [29, []], [4, []], [12, []], [18, []], [38, []], [27, []], [5, []]], [[0, []], [9, [9]], [21, [21]], [30, [30]], [10, [10, 32, 24, 37, 34, 7, 16, 31, 25]], [32, []], [24, []], [37, []], [34, []], [7, []], [16, []], [31, []], [14, [14, 17, 40, 39, 3, 8, 23, 11, 1]], [17, []], [40, []], [39, []], [3, []], [8, []], [23, []], [11, []], [1, []], [25, []]]], [[[9, [9]]], [[21, [21]]], [[13, [13, 6]]], [[30, [30]]], [[10, [10, 32, 24, 37, 34, 7, 16, 31, 25]]], [[20, [20, 22, 36, 35, 2, 19, 28, 38, 27, 5]]], [[15, [15, 33, 26, 29, 4, 12, 18]]], [[14, [14, 17, 40, 39, 3, 8, 23, 11, 1]]]]]], "Numrun": 5, "all_fitness": [337.18564297356875, 381.4800593470504]}
{"file_name": "U_40_0", "number_of_trucks": 2, "drone_capacity": 10, "number_of_drones": 2, "iteration": 3, "best_fitness": 456.71999999999997, "runtime": 43.08174014091492, "best_solution": [[[[0, [21, 9, 20, 22, 37, 32, 27, 31, 16, 14, 28, 15, 33, 26, 29, 4, 12, 18, 38, 6, 30, 40, 39, 23, 11, 1]], [21, []], [9, []], [20, []], [22, []], [37, []], [32, []], [27, []], [31, []], [16, []], [14, []], [28, []], [15, []], [33, []], [26, []], [29, []], [4, []], [12, []], [18, []], [38, []], [6, []], [30, []], [40, []], [39, []], [23, []], [11, []], [1, []]], [[0, [13, 10, 5, 8, 3, 17, 36, 35, 2, 19, 7, 34, 24, 25]], [13, []], [10, []], [5, []], [8, []], [3, []], [17, []], [36, []], [35, []], [2, []], [19, []], [7, []], [34, []], [24, []], [25, []]]], []], "all_solution": [[[[[0, [10, 38, 33, 30, 13, 12, 31, 14]], [10, []], [5, [5, 27, 16, 28, 15, 18, 32, 6, 24]], [27, []], [31, []], [16, []], [14, []], [29, [29, 26, 39, 1, 4]], [28, []], [15, []], [33, []], [26, []], [4, []], [12, []], [38, []], [18, []], [13, []], [32, []], [6, []], [30, []], [39, []], [24, []], [1, []]], [[0, [9, 20]], [9, []], [8, [8, 19, 22, 21]], [20, []], [21, []], [22, []], [17, [17, 36, 35, 7, 34, 40, 3, 2, 23, 37]], [36, []], [35, []], [2, []], [19, []], [7, []], [34, []], [37, []], [40, []], [3, []], [23, []], [11, [11, 25]], [25, []]]], [[[5, [5, 27, 16, 28, 15, 18, 32, 6, 24]]], [[8, [8, 19, 22, 21]]], [[17, [17, 36, 35, 7, 34, 40, 3, 2, 23, 37]]], [[29, [29, 26, 39, 1, 4]]], [[11, [11, 25]]]]], [[[[0, []], [13, [13, 6]], [6, []], [20, [20, 22, 36, 35, 2, 19, 28, 38, 27, 5]], [22, []], [36, []], [35, []], [2, []], [19, []], [28, []], [15, [15, 33, 26, 29, 4, 12, 18]], [33, []], [26, []], [29, []], [4, []], [12, []], [18, []], [38, []], [27, []], [5, []]], [[0, []], [9, [9]], [21, [21]], [30, [30]], [10, [10, 32, 24, 37, 34, 7, 16, 31, 25]], [32, []], [24, []], [37, []], [34, []], [7, []], [16, []], [31, []], [14, [14, 17, 40, 39, 3, 8, 23, 11, 1]], [17, []], [40, []], [39, []], [3, []], [8, []], [23, []], [11, []], [1, []], [25, []]]], [[[9, [9]]], [[21, [21]]], [[13, [13, 6]]], [[30, [30]]], [[10, [10, 32, 24, 37, 34, 7, 16, 31, 25]]], [[20, [20, 22, 36, 35, 2, 19, 28, 38, 27, 5]]], [[15, [15, 33, 26, 29, 4, 12, 18]]], [[14, [14, 17, 40, 39, 3, 8, 23, 11, 1]]]]], [[[[0, [21, 9, 20, 22, 37, 32, 27, 31, 16, 14, 28, 15, 33, 26, 29, 4, 12, 18, 38, 6, 30, 40, 39, 23, 11, 1]], [21, []], [9, []], [20, []], [22, []], [37, []], [32, []], [27, []], [31, []], [16, []], [14, []], [28, []], [15, []], [33, []], [26, []], [29, []], [4, []], [12, []], [18, []], [38, []], [6, []], [30, []], [40, []], [39, []], [23, []], [11, []], [1, []]], [[0, [13, 10, 5, 8, 3, 17, 36, 35, 2, 19, 7, 34, 24, 25]], [13, []], [10, []], [5, []], [8, []], [3, []], [17, []], [36, []], [35, []], [2, []], [19, []], [7, []], [34, []], [24, []], [25, []]]], []]], "Numrun": 5, "all_fitness": [337.18564297356875, 381.4800593470504, 456.71999999999997]}
{"file_name": "U_40_0", "number_of_trucks": 2, "drone_capacity": 10, "number_of_drones": 2, "iteration": 4, "best_fitness": 376.1600593470504, "runtime": 51.667989015579224,