{"file_name": "U_40_0", "number_of_trucks": 2, "drone_capacity": 10, "number_of_drones": 2, "iteration": 1, "best_fitness": 350.74852446032327, "runtime": 3284.1730358600616, "best_solution": [[[[0, [8, 16, 2, 18, 40, 31]], [8, []], [15, [15, 38, 37, 32, 4, 19]], [32, []], [4, []], [19, []], [37, []], [31, []], [38, []], [7, [7, 20, 6, 12, 36, 5, 13, 21, 26]], [20, []], [6, []], [18, []], [40, []], [12, []], [16, []], [2, []], [36, []], [21, []], [5, []], [26, []], [13, []]], [[0, []], [14, [14]], [28, [28, 1, 39]], [1, []], [39, []], [27, [27, 30, 23, 3, 22, 9, 17]], [10, [10, 35, 33, 34, 24, 25, 11, 29]], [34, []], [35, []], [24, []], [25, []], [11, []], [33, []], [3, []], [22, []], [9, []], [29, []], [17, []], [30, []], [23, []]]], [[[14, [14]]], [[28, [28, 1, 39]]], [[15, [15, 38, 37, 32, 4, 19]]], [[27, [27, 30, 23, 3, 22, 9, 17]]], [[10, [10, 35, 33, 34, 24, 25, 11, 29]]], [[7, [7, 20, 6, 12, 36, 5, 13, 21, 26]]]]], "all_solution": [[[[[0, [8, 16, 2, 18, 40, 31]], [8, []], [15, [15, 38, 37, 32, 4, 19]], [32, []], [4, []], [19, []], [37, []], [31, []], [38, []], [7, [7, 20, 6, 12, 36, 5, 13, 21, 26]], [20, []], [6, []], [18, []], [40, []], [12, []], [16, []], [2, []], [36, []], [21, []], [5, []], [26, []], [13, []]], [[0, []], [14, [14]], [28, [28, 1, 39]], [1, []], [39, []], [27, [27, 30, 23, 3, 22, 9, 17]], [10, [10, 35, 33, 34, 24, 25, 11, 29]], [34, []], [35, []], [24, []], [25, []], [11, []], [33, []], [3, []], [22, []], [9, []], [29, []], [17, []], [30, []], [23, []]]], [[[14, [14]]], [[28, [28, 1, 39]]], [[15, [15, 38, 37, 32, 4, 19]]], [[27, [27, 30, 23, 3, 22, 9, 17]]], [[10, [10, 35, 33, 34, 24, 25, 11, 29]]], [[7, [7, 20, 6, 12, 36, 5, 13, 21, 26]]]]]], "Numrun": 5, "all_fitness": [350.74852446032327]}
{"file_name": "U_40_0", "number_of_trucks": 2, "drone_capacity": 10, "number_of_drones": 2, "iteration": 2, "best_fitness": 329.2355514056436, "runtime": 499.953164100647, "best_solution": [[[[0, [1, 14, 28]], [14, []], [28, []], [23, [24, 39, 27, 8, 23]], [39, []], [27, []], [34, [34, 35, 30, 22, 29, 13]], [35, []], [8, []], [24, []], [25, [25, 11, 33, 3, 9, 17]], [11, []], [33, []], [3, []], [1, []], [22, []], [9, []], [29, []], [17, []], [30, []], [13, []]], [[0, []], [2, [16, 15, 2, 4, 31]], [16, []], [15, []], [4, []], [31, []], [37, [37, 7, 20, 6, 38, 19]], [19, []], [38, []], [7, []], [20, []], [6, []], [32, [32, 40, 12, 18, 36, 21, 10, 5, 26]], [40, []], [12, []], [18, []], [36, []], [21, []], [10, []], [5, []], [26, []]]], [[[2, [16, 15, 2, 4, 31]]], [[23, [24, 39, 27, 8, 23]]], [[37, [37, 7, 20, 6, 38, 19]]], [[34, [34, 35, 30, 22, 29, 13]]], [[25, [25, 11, 33, 3, 9, 17]]], [[32, [32, 40, 12, 18, 36, 21, 10, 5, 26]]]]], "all_solution": [[[[[0, [8, 16, 2, 18, 40, 31]], [8, []], [15, [15, 38, 37, 32, 4, 19]], [32, []], [4, []], [19, []], [37, []], [31, []], [38, []], [7, [7, 20, 6, 12, 36, 5, 13, 21, 26]], [20, []], [6, []], [18, []], [40, []], [12, []], [16, []], [2, []], [36, []], [21, []], [5, []], [26, []], [13, []]], [[0, []], [14, [14]], [28, [28, 1, 39]], [1, []], [39, []], [27, [27, 30, 23, 3, 22, 9, 17]], [10, [10, 35, 33, 34, 24, 25, 11, 29]], [34, []], [35, []], [24, []], [25, []], [11, []], [33, []], [3, []], [22, []], [9, []], [29, []], [17, []], [30, []], [23, []]]], [[[14, [14]]], [[28, [28, 1, 39]]], [[15, [15, 38, 37, 32, 4, 19]]], [[27, [27, 30, 23, 3, 22, 9, 17]]], [[10, [10, 35, 33, 34, 24, 25, 11, 29]]], [[7, [7, 20, 6, 12, 36, 5, 13, 21, 26]]]]], [[[[0, [1, 14, 28]], [14, []], [28, []], [23, [24, 39, 27, 8, 23]], [39, []], [27, []], [34, [34, 35, 30, 22, 29, 13]], [35, []], [8, []], [24, []], [25, [25, 11, 33, 3, 9, 17]], [11, []], [33, []], [3, []], [1, []], [22, []], [9, []], [29, []], [17, []], [30, []], [13, []]], [[0, []], [2, [16, 15, 2, 4, 31]], [16, []], [15, []], [4, []], [31, []], [37, [37, 7, 20, 6, 38, 19]], [19, []], [38, []], [7, []], [20, []], [6, []], [32, [32, 40, 12, 18, 36, 21, 10, 5, 26]], [40, []], [12, []], [18, []], [36, []], [21, []], [10, []], [5, []], [26, []]]], [[[2, [16, 15, 2, 4, 31]]], [[23, [24, 39, 27, 8, 23]]], [[37, [37, 7, 20, 6, 38, 19]]], [[34, [34, 35, 30, 22, 29, 13]]], [[25, [25, 11, 33, 3, 9, 17]]], [[32, [32, 40, 12, 18, 36, 21, 10, 5, 26]]]]]], "Numrun": 5, "all_fitness": [350.74852446032327, 329.2355514056436]}
{"file_name": "U_40_0", "number_of_trucks": 2, "drone_capacity": 10, "number_of_drones": 2, "iteration": 3, "best_fitness": 356.03393469056107, "runtime": 53.616962909698486, "best_solution": [[[[0, []], [8, [8, 19, 31, 37, 4, 32, 15]], [19, []], [31, []], [37, []], [4, [38, 6, 2, 20, 7, 10]], [32, []], [15, []], [38, []], [6, []], [20, []], [7, []], [10, []], [5, [5, 26, 34, 21, 36, 18, 40, 12, 16]], [26, []], [34, []], [21, []], [36, []], [18, []], [40, []], [12, []], [16, []], [2, []]], [[0, []], [14, [14, 28, 17]], [28, []], [17, []], [27, [27, 23, 39, 30, 9]], [23, []], [39, []], [30, []], [9, []], [29, [29, 22, 1, 3, 33, 11, 25, 24, 35, 13]], [22, []], [1, []], [3, []], [33, []], [11, []], [25, []], [24, []], [35, []], [13, []]]], [[[14, [14, 28, 17]]], [[8, [8, 19, 31, 37, 4, 32, 15]]], [[4, [38, 6, 2, 20, 7, 10]]], [[27, [27, 23, 39, 30, 9]]], [[29, [29, 22, 1, 3, 33, 11, 25, 24, 35, 13]]], [[5, [5, 26, 34, 21, 36, 18, 40, 12, 16]]]]], "all_solution": [[[[[0, [8, 16, 2, 18, 40, 31]], [8, []], [15, [15, 38, 37, 32, 4, 19]], [32, []], [4, []], [19, []], [37, []], [31, []], [38, []], [7, [7, 20, 6, 12, 36, 5, 13, 21, 26]], [20, []], [6, []], [18, []], [40, []], [12, []], [16, []], [2, []], [36, []], [21, []], [5, []], [26, []], [13, []]], [[0, []], [14, [14]], [28, [28, 1, 39]], [1, []], [39, []], [27, [27, 30, 23, 3, 22, 9, 17]], [10, [10, 35, 33, 34, 24, 25, 11, 29]], [34, []], [35, []], [24, []], [25, []], [11, []], [33, []], [3, []], [22, []], [9, []], [29, []], [17, []], [30, []], [23, []]]], [[[14, [14]]], [[28, [28, 1, 39]]], [[15, [15, 38, 37, 32, 4, 19]]], [[27, [27, 30, 23, 3, 22, 9, 17]]], [[10, [10, 35, 33, 34, 24, 25, 11, 29]]], [[7, [7, 20, 6, 12, 36, 5, 13, 21, 26]]]]], [[[[0, [1, 14, 28]], [14, []], [28, []], [23, [24, 39, 27, 8, 23]], [39, []], [27, []], [34, [34, 35, 30, 22, 29, 13]], [35, []], [8, []], [24, []], [25, [25, 11, 33, 3, 9, 17]], [11, []], [33, []], [3, []], [1, []], [22, []], [9, []], [29, []], [17, []], [30, []], [13, []]], [[0, []], [2, [16, 15, 2, 4, 31]], [16, []], [15, []], [4, []], [31, []], [37, [37, 7, 20, 6, 38, 19]], [19, []], [38, []], [7, []], [20, []], [6, []], [32, [32, 40, 12, 18, 36, 21, 10, 5, 26]], [40, []], [12, []], [18, []], [36, []], [21, []], [10, []], [5, []], [26, []]]], [[[2, [16, 15, 2, 4, 31]]], [[23, [24, 39, 27, 8, 23]]], [[37, [37, 7, 20, 6, 38, 19]]], [[34, [34, 35, 30, 22, 29, 13]]], [[25, [25, 11, 33, 3, 9, 17]]], [[32, [32, 40, 12, 18, 36, 21, 10, 5, 26]]]]], [[[[0, []], [8, [8, 19, 31, 37, 4, 32, 15]], [19, []], [31, []], [37, []], [4, [38, 6, 2, 20, 7, 10]], [32, []], [15, []], [38, []], [6, []], [20, []], [7, []], [10, []], [5, [5, 26, 34, 21, 36, 18, 40, 12, 16]], [26, []], [34, []], [21, []], [36, []], [18, []], [40, []], [12, []], [16, []], [2, []]], [[0, []], [14, [14, 28, 17]], [28, []], [17, []], [27, [27, 23, 39, 30, 9]], [23, []], [39, []], [30, []], [9, []], [29, [29, 22, 1, 3, 33, 11, 25, 24, 35, 13]], [22, []], [1, []], [3, []], [33, []], [11, []], [25, []], [24, []], [35, []], [13, []]]], [[[14, [14, 28, 17]]], [[8, [8, 19, 31, 37, 4, 32, 15]]], [[4, [38, 6, 2, 20, 7, 10]]], [[27, [27, 23, 39, 30, 9]]], [[29, [29, 22, 1, 3, 33, 11, 25, 24, 35, 13]]], [[5, [5, 26, 34, 21, 36, 18, 40, 12, 16]]]]]], "Numrun": 5, "all_fitness": [350.74852446032327, 329.2355514056436, 356.03393469056107]}
{"file_name": "U_40_0", "number_of_trucks": 2, "drone_capacity": 10, "number_of_drones": 2, "iteration": 4, "best_fitness": 347.3250460479804, "runtime": 64.66848468780518,