{"file_name": "U_40_1", "number_of_trucks": 2, "drone_capacity": 10, "number_of_drones": 2, "iteration": 1, "best_fitness": 407.30445754553875, "runtime": 2897.3072760105133, "best_solution": [[[[0, [39]], [39, []], [24, [38, 15, 34, 35, 5, 13, 24, 33]], [38, []], [34, []], [35, []], [15, []], [9, [9, 37, 25, 14]], [5, []], [13, []], [37, []], [33, []], [26, [26, 11, 7, 29, 17, 40, 19]], [11, []], [25, []], [40, []], [19, []], [14, []], [7, []], [29, []], [17, []]], [[0, [18, 31]], [18, []], [31, []], [3, [3, 12, 28, 27]], [12, []], [28, []], [27, [21, 10, 32, 1, 6, 23, 20, 30, 2, 36]], [21, []], [10, []], [32, []], [6, []], [1, []], [23, []], [20, []], [30, []], [2, []], [36, []], [4, [4, 22, 16, 8]], [8, []], [22, []], [16, []]]], [[[3, [3, 12, 28, 27]]], [[24, [38, 15, 34, 35, 5, 13, 24, 33]]], [[9, [9, 37, 25, 14]]], [[27, [21, 10, 32, 1, 6, 23, 20, 30, 2, 36]]], [[26, [26, 11, 7, 29, 17, 40, 19]]], [[4, [4, 22, 16, 8]]]]], "all_solution": [[[[[0, [39]], [39, []], [24, [38, 15, 34, 35, 5, 13, 24, 33]], [38, []], [34, []], [35, []], [15, []], [9, [9, 37, 25, 14]], [5, []], [13, []], [37, []], [33, []], [26, [26, 11, 7, 29, 17, 40, 19]], [11, []], [25, []], [40, []], [19, []], [14, []], [7, []], [29, []], [17, []]], [[0, [18, 31]], [18, []], [31, []], [3, [3, 12, 28, 27]], [12, []], [28, []], [27, [21, 10, 32, 1, 6, 23, 20, 30, 2, 36]], [21, []], [10, []], [32, []], [6, []], [1, []], [23, []], [20, []], [30, []], [2, []], [36, []], [4, [4, 22, 16, 8]], [8, []], [22, []], [16, []]]], [[[3, [3, 12, 28, 27]]], [[24, [38, 15, 34, 35, 5, 13, 24, 33]]], [[9, [9, 37, 25, 14]]], [[27, [21, 10, 32, 1, 6, 23, 20, 30, 2, 36]]], [[26, [26, 11, 7, 29, 17, 40, 19]]], [[4, [4, 22, 16, 8]]]]]], "Numrun": 5, "all_fitness": [407.30445754553875]}
{"file_name": "U_40_1", "number_of_trucks": 2, "drone_capacity": 10, "number_of_drones": 2, "iteration": 2, "best_fitness": 400.95821551539683, "runtime": 922.9823670387268, "best_solution": [[[[0, [39]], [39, []], [13, [5, 23, 1, 13, 33, 32, 24]], [33, []], [24, []], [12, [12, 38, 37]], [38, []], [37, []], [7, [7, 9, 6, 10, 21, 27, 3]], [9, []], [5, []], [23, []], [1, []], [6, []], [32, []], [10, []], [21, []], [27, []], [22, [22, 16]], [3, []], [16, []]], [[0, []], [31, [31, 18, 28]], [28, []], [18, []], [34, [34, 35, 20, 30, 15]], [15, []], [35, []], [20, []], [30, []], [2, [2, 40, 25, 19, 36, 14]], [36, []], [19, []], [40, []], [25, []], [11, [11, 17, 26, 8]], [26, []], [4, [4, 29]], [29, []], [14, []], [8, []], [17, []]]], [[[31, [31, 18, 28]]], [[13, [5, 23, 1, 13, 33, 32, 24]]], [[34, [34, 35, 20, 30, 15]]], [[12, [12, 38, 37]]], [[2, [2, 40, 25, 19, 36, 14]]], [[7, [7, 9, 6, 10, 21, 27, 3]]], [[11, [11, 17, 26, 8]]], [[22, [22, 16]]], [[4, [4, 29]]]]], "all_solution": [[[[[0, [39]], [39, []], [24, [38, 15, 34, 35, 5, 13, 24, 33]], [38, []], [34, []], [35, []], [15, []], [9, [9, 37, 25, 14]], [5, []], [13, []], [37, []], [33, []], [26, [26, 11, 7, 29, 17, 40, 19]], [11, []], [25, []], [40, []], [19, []], [14, []], [7, []], [29, []], [17, []]], [[0, [18, 31]], [18, []], [31, []], [3, [3, 12, 28, 27]], [12, []], [28, []], [27, [21, 10, 32, 1, 6, 23, 20, 30, 2, 36]], [21, []], [10, []], [32, []], [6, []], [1, []], [23, []], [20, []], [30, []], [2, []], [36, []], [4, [4, 22, 16, 8]], [8, []], [22, []], [16, []]]], [[[3, [3, 12, 28, 27]]], [[24, [38, 15, 34, 35, 5, 13, 24, 33]]], [[9, [9, 37, 25, 14]]], [[27, [21, 10, 32, 1, 6, 23, 20, 30, 2, 36]]], [[26, [26, 11, 7, 29, 17, 40, 19]]], [[4, [4, 22, 16, 8]]]]], [[[[0, [39]], [39, []], [13, [5, 23, 1, 13, 33, 32, 24]], [33, []], [24, []], [12, [12, 38, 37]], [38, []], [37, []], [7, [7, 9, 6, 10, 21, 27, 3]], [9, []], [5, []], [23, []], [1, []], [6, []], [32, []], [10, []], [21, []], [27, []], [22, [22, 16]], [3, []], [16, []]], [[0, []], [31, [31, 18, 28]], [28, []], [18, []], [34, [34, 35, 20, 30, 15]], [15, []], [35, []], [20, []], [30, []], [2, [2, 40, 25, 19, 36, 14]], [36, []], [19, []], [40, []], [25, []], [11, [11, 17, 26, 8]], [26, []], [4, [4, 29]], [29, []], [14, []], [8, []], [17, []]]], [[[31, [31, 18, 28]]], [[13, [5, 23, 1, 13, 33, 32, 24]]], [[34, [34, 35, 20, 30, 15]]], [[12, [12, 38, 37]]], [[2, [2, 40, 25, 19, 36, 14]]], [[7, [7, 9, 6, 10, 21, 27, 3]]], [[11, [11, 17, 26, 8]]], [[22, [22, 16]]], [[4, [4, 29]]]]]], "Numrun": 5, "all_fitness": [407.30445754553875, 400.95821551539683]}
{"file_name": "U_40_1", "number_of_trucks": 2, "drone_capacity": 10, "number_of_drones": 2, "iteration": 3, "best_fitness": 459.39470716607957, "runtime": 59.36506962776184, "best_solution": [[[[0, []], [39, [39]], [18, [18, 24, 33]], [24, []], [33, []], [12, [12, 13, 36, 23, 6, 20]], [13, []], [36, []], [23, []], [6, []], [20, []], [19, [19, 15, 34, 26, 37, 38, 22, 28, 16, 17]], [15, []], [34, []], [26, []], [37, []], [38, []], [22, []], [28, []], [16, []], [17, []]], [[0, [31]], [31, []], [5, [5]], [1, [1]], [3, [3, 21, 27, 32, 10, 14, 8]], [21, []], [27, []], [32, []], [10, []], [14, []], [8, []], [2, [2, 30, 40, 25, 35, 11, 9, 7, 29, 4]], [30, []], [40, []], [25, []], [35, []], [11, []], [9, []], [7, []], [29, []], [4, []]]], [[[39, [39]]], [[18, [18, 24, 33]]], [[5, [5]]], [[1, [1]]], [[12, [12, 13, 36, 23, 6, 20]]], [[3, [3, 21, 27, 32, 10, 14, 8]]], [[2, [2, 30, 40, 25, 35, 11, 9, 7, 29, 4]]], [[19, [19, 15, 34, 26, 37, 38, 22, 28, 16, 17]]]]], "all_solution": [[[[[0, [39]], [39, []], [24, [38, 15, 34, 35, 5, 13, 24, 33]], [38, []], [34, []], [35, []], [15, []], [9, [9, 37, 25, 14]], [5, []], [13, []], [37, []], [33, []], [26, [26, 11, 7, 29, 17, 40, 19]], [11, []], [25, []], [40, []], [19, []], [14, []], [7, []], [29, []], [17, []]], [[0, [18, 31]], [18, []], [31, []], [3, [3, 12, 28, 27]], [12, []], [28, []], [27, [21, 10, 32, 1, 6, 23, 20, 30, 2, 36]], [21, []], [10, []], [32, []], [6, []], [1, []], [23, []], [20, []], [30, []], [2, []], [36, []], [4, [4, 22, 16, 8]], [8, []], [22, []], [16, []]]], [[[3, [3, 12, 28, 27]]], [[24, [38, 15, 34, 35, 5, 13, 24, 33]]], [[9, [9, 37, 25, 14]]], [[27, [21, 10, 32, 1, 6, 23, 20, 30, 2, 36]]], [[26, [26, 11, 7, 29, 17, 40, 19]]], [[4, [4, 22, 16, 8]]]]], [[[[0, [39]], [39, []], [13, [5, 23, 1, 13, 33, 32, 24]], [33, []], [24, []], [12, [12, 38, 37]], [38, []], [37, []], [7, [7, 9, 6, 10, 21, 27, 3]], [9, []], [5, []], [23, []], [1, []], [6, []], [32, []], [10, []], [21, []], [27, []], [22, [22, 16]], [3, []], [16, []]], [[0, []], [31, [31, 18, 28]], [28, []], [18, []], [34, [34, 35, 20, 30, 15]], [15, []], [35, []], [20, []], [30, []], [2, [2, 40, 25, 19, 36, 14]], [36, []], [19, []], [40, []], [25, []], [11, [11, 17, 26, 8]], [26, []], [4, [4, 29]], [29, []], [14, []], [8, []], [17, []]]], [[[31, [31, 18, 28]]], [[13, [5, 23, 1, 13, 33, 32, 24]]], [[34, [34, 35, 20, 30, 15]]], [[12, [12, 38, 37]]], [[2, [2, 40, 25, 19, 36, 14]]], [[7, [7, 9, 6, 10, 21, 27, 3]]], [[11, [11, 17, 26, 8]]], [[22, [22, 16]]], [[4, [4, 29]]]]], [[[[0, []], [39, [39]], [18, [18, 24, 33]], [24, []], [33, []], [12, [12, 13, 36, 23, 6, 20]], [13, []], [36, []], [23, []], [6, []], [20, []], [19, [19, 15, 34, 26, 37, 38, 22, 28, 16, 17]], [15, []], [34, []], [26, []], [37, []], [38, []], [22, []], [28, []], [16, []], [17, []]], [[0, [31]], [31, []], [5, [5]], [1, [1]], [3, [3, 21, 27, 32, 10, 14, 8]], [21, []], [27, []], [32, []], [10, []], [14, []], [8, []], [2, [2, 30, 40, 25, 35, 11, 9, 7, 29, 4]], [30, []], [40, []], [25, []], [35, []], [11, []], [9, []], [7, []], [29, []], [4, []]]], [[[39, [39]]], [[18, [18, 24, 33]]], [[5, [5]]], [[1, [1]]], [[12, [12, 13, 36, 23, 6, 20]]], [[3, [3, 21, 27, 32, 10, 14, 8]]], [[2, [2, 30, 40, 25, 35, 11, 9, 7, 29, 4]]], [[19, [19, 15, 34, 26, 37, 38, 22, 28, 16, 17]]]]]], "Numrun": 5, "all_fitness": [407.30445754553875, 400.95821551539683, 459.39470716607957]}
{"file_name": "U_40_1", "number_of_trucks": 2, "drone_capacity": 10, "number_of_drones": 2, "iteration": 4, "best_fitness": 477.4347071660796, "runtime": 55.932106018066406,