{"file_name": "U_40_1", "number_of_trucks": 2, "drone_capacity": 10, "number_of_drones": 2, "iteration": 1, "best_fitness": 418.3534767264487, "runtime": 3194.0991501808167, "best_solution": [[[[0, [22, 25, 35, 1]], [35, []], [1, []], [25, []], [3, [3, 29, 37, 19, 9, 7]], [22, []], [29, []], [9, []], [37, []], [31, [31, 13, 20, 26, 5, 34, 36, 10]], [19, []], [20, []], [32, [32, 38, 15, 18]], [15, []], [10, []], [38, []], [7, []], [34, []], [26, []], [5, []], [18, []], [36, []], [13, []]], [[0, [21]], [21, []], [12, [40, 16, 12, 4]], [16, []], [40, []], [2, [2, 27, 6, 28, 14]], [6, []], [4, []], [8, [8, 39, 17, 30]], [27, []], [39, []], [30, []], [28, []], [23, [23, 11, 33, 24]], [17, []], [33, []], [11, []], [24, []], [14, []]]], [[[12, [40, 16, 12, 4]]], [[2, [2, 27, 6, 28, 14]]], [[3, [3, 29, 37, 19, 9, 7]]], [[31, [31, 13, 20, 26, 5, 34, 36, 10]]], [[8, [8, 39, 17, 30]]], [[32, [32, 38, 15, 18]]], [[23, [23, 11, 33, 24]]]]], "all_solution": [[[[[0, [22, 25, 35, 1]], [35, []], [1, []], [25, []], [3, [3, 29, 37, 19, 9, 7]], [22, []], [29, []], [9, []], [37, []], [31, [31, 13, 20, 26, 5, 34, 36, 10]], [19, []], [20, []], [32, [32, 38, 15, 18]], [15, []], [10, []], [38, []], [7, []], [34, []], [26, []], [5, []], [18, []], [36, []], [13, []]], [[0, [21]], [21, []], [12, [40, 16, 12, 4]], [16, []], [40, []], [2, [2, 27, 6, 28, 14]], [6, []], [4, []], [8, [8, 39, 17, 30]], [27, []], [39, []], [30, []], [28, []], [23, [23, 11, 33, 24]], [17, []], [33, []], [11, []], [24, []], [14, []]]], [[[12, [40, 16, 12, 4]]], [[2, [2, 27, 6, 28, 14]]], [[3, [3, 29, 37, 19, 9, 7]]], [[31, [31, 13, 20, 26, 5, 34, 36, 10]]], [[8, [8, 39, 17, 30]]], [[32, [32, 38, 15, 18]]], [[23, [23, 11, 33, 24]]]]]], "Numrun": 5, "all_fitness": [418.3534767264487]}
{"file_name": "U_40_1", "number_of_trucks": 2, "drone_capacity": 10, "number_of_drones": 2, "iteration": 2, "best_fitness": 414.08115705927787, "runtime": 567.221298456192, "best_solution": [[[[0, []], [35, [35, 21, 22, 16, 12, 1]], [22, []], [1, []], [21, []], [34, [34, 19, 40, 2, 37, 14]], [19, []], [37, []], [31, [31, 38, 5, 10, 36, 13, 20]], [38, []], [20, []], [5, []], [10, []], [15, [15, 32, 18]], [32, []], [40, []], [12, []], [16, []], [2, []], [18, []], [36, []], [13, []], [14, []]], [[0, []], [25, [25, 24, 4, 6, 7]], [24, []], [4, []], [6, []], [7, []], [26, [26, 17, 39, 27, 8, 3, 29, 28, 30, 9]], [17, []], [39, []], [27, []], [8, []], [9, []], [11, [11, 33, 23]], [33, []], [3, []], [29, []], [28, []], [30, []], [23, []]]], [[[35, [35, 21, 22, 16, 12, 1]]], [[25, [25, 24, 4, 6, 7]]], [[34, [34, 19, 40, 2, 37, 14]]], [[26, [26, 17, 39, 27, 8, 3, 29, 28, 30, 9]]], [[31, [31, 38, 5, 10, 36, 13, 20]]], [[15, [15, 32, 18]]], [[11, [11, 33, 23]]]]], "all_solution": [[[[[0, [22, 25, 35, 1]], [35, []], [1, []], [25, []], [3, [3, 29, 37, 19, 9, 7]], [22, []], [29, []], [9, []], [37, []], [31, [31, 13, 20, 26, 5, 34, 36, 10]], [19, []], [20, []], [32, [32, 38, 15, 18]], [15, []], [10, []], [38, []], [7, []], [34, []], [26, []], [5, []], [18, []], [36, []], [13, []]], [[0, [21]], [21, []], [12, [40, 16, 12, 4]], [16, []], [40, []], [2, [2, 27, 6, 28, 14]], [6, []], [4, []], [8, [8, 39, 17, 30]], [27, []], [39, []], [30, []], [28, []], [23, [23, 11, 33, 24]], [17, []], [33, []], [11, []], [24, []], [14, []]]], [[[12, [40, 16, 12, 4]]], [[2, [2, 27, 6, 28, 14]]], [[3, [3, 29, 37, 19, 9, 7]]], [[31, [31, 13, 20, 26, 5, 34, 36, 10]]], [[8, [8, 39, 17, 30]]], [[32, [32, 38, 15, 18]]], [[23, [23, 11, 33, 24]]]]], [[[[0, []], [35, [35, 21, 22, 16, 12, 1]], [22, []], [1, []], [21, []], [34, [34, 19, 40, 2, 37, 14]], [19, []], [37, []], [31, [31, 38, 5, 10, 36, 13, 20]], [38, []], [20, []], [5, []], [10, []], [15, [15, 32, 18]], [32, []], [40, []], [12, []], [16, []], [2, []], [18, []], [36, []], [13, []], [14, []]], [[0, []], [25, [25, 24, 4, 6, 7]], [24, []], [4, []], [6, []], [7, []], [26, [26, 17, 39, 27, 8, 3, 29, 28, 30, 9]], [17, []], [39, []], [27, []], [8, []], [9, []], [11, [11, 33, 23]], [33, []], [3, []], [29, []], [28, []], [30, []], [23, []]]], [[[35, [35, 21, 22, 16, 12, 1]]], [[25, [25, 24, 4, 6, 7]]], [[34, [34, 19, 40, 2, 37, 14]]], [[26, [26, 17, 39, 27, 8, 3, 29, 28, 30, 9]]], [[31, [31, 38, 5, 10, 36, 13, 20]]], [[15, [15, 32, 18]]], [[11, [11, 33, 23]]]]]], "Numrun": 5, "all_fitness": [418.3534767264487, 414.08115705927787]}
{"file_name": "U_40_1", "number_of_trucks": 2, "drone_capacity": 10, "number_of_drones": 2, "iteration": 3, "best_fitness": 481.4705799249081, "runtime": 53.444759368896484, "best_solution": [[[[0, []], [4, [4, 16, 12, 21, 40]], [16, []], [12, [2, 6, 19]], [21, []], [40, []], [2, []], [6, []], [19, []], [20, [20, 32, 15, 7, 17, 28, 23, 36, 18, 13]], [32, []], [15, []], [7, []], [17, []], [28, []], [23, []], [36, []], [18, []], [13, []]], [[0, [35, 1]], [35, []], [1, []], [29, [29, 9, 22, 3, 30, 39, 8, 27, 34, 26]], [9, []], [22, []], [3, []], [30, []], [39, []], [8, []], [27, []], [34, []], [26, []], [5, [5, 10, 38, 31, 37, 33, 11, 25, 24, 14]], [10, []], [38, []], [31, []], [37, []], [33, []], [11, []], [25, []], [24, []], [14, []]]], [[[29, [29, 9, 22, 3, 30, 39, 8, 27, 34, 26]]], [[4, [4, 16, 12, 21, 40]]], [[12, [2, 6, 19]]], [[20, [20, 32, 15, 7, 17, 28, 23, 36, 18, 13]]], [[5, [5, 10, 38, 31, 37, 33, 11, 25, 24, 14]]]]], "all_solution": [[[[[0, [22, 25, 35, 1]], [35, []], [1, []], [25, []], [3, [3, 29, 37, 19, 9, 7]], [22, []], [29, []], [9, []], [37, []], [31, [31, 13, 20, 26, 5, 34, 36, 10]], [19, []], [20, []], [32, [32, 38, 15, 18]], [15, []], [10, []], [38, []], [7, []], [34, []], [26, []], [5, []], [18, []], [36, []], [13, []]], [[0, [21]], [21, []], [12, [40, 16, 12, 4]], [16, []], [40, []], [2, [2, 27, 6, 28, 14]], [6, []], [4, []], [8, [8, 39, 17, 30]], [27, []], [39, []], [30, []], [28, []], [23, [23, 11, 33, 24]], [17, []], [33, []], [11, []], [24, []], [14, []]]], [[[12, [40, 16, 12, 4]]], [[2, [2, 27, 6, 28, 14]]], [[3, [3, 29, 37, 19, 9, 7]]], [[31, [31, 13, 20, 26, 5, 34, 36, 10]]], [[8, [8, 39, 17, 30]]], [[32, [32, 38, 15, 18]]], [[23, [23, 11, 33, 24]]]]], [[[[0, []], [35, [35, 21, 22, 16, 12, 1]], [22, []], [1, []], [21, []], [34, [34, 19, 40, 2, 37, 14]], [19, []], [37, []], [31, [31, 38, 5, 10, 36, 13, 20]], [38, []], [20, []], [5, []], [10, []], [15, [15, 32, 18]], [32, []], [40, []], [12, []], [16, []], [2, []], [18, []], [36, []], [13, []], [14, []]], [[0, []], [25, [25, 24, 4, 6, 7]], [24, []], [4, []], [6, []], [7, []], [26, [26, 17, 39, 27, 8, 3, 29, 28, 30, 9]], [17, []], [39, []], [27, []], [8, []], [9, []], [11, [11, 33, 23]], [33, []], [3, []], [29, []], [28, []], [30, []], [23, []]]], [[[35, [35, 21, 22, 16, 12, 1]]], [[25, [25, 24, 4, 6, 7]]], [[34, [34, 19, 40, 2, 37, 14]]], [[26, [26, 17, 39, 27, 8, 3, 29, 28, 30, 9]]], [[31, [31, 38, 5, 10, 36, 13, 20]]], [[15, [15, 32, 18]]], [[11, [11, 33, 23]]]]], [[[[0, []], [4, [4, 16, 12, 21, 40]], [16, []], [12, [2, 6, 19]], [21, []], [40, []], [2, []], [6, []], [19, []], [20, [20, 32, 15, 7, 17, 28, 23, 36, 18, 13]], [32, []], [15, []], [7, []], [17, []], [28, []], [23, []], [36, []], [18, []], [13, []]], [[0, [35, 1]], [35, []], [1, []], [29, [29, 9, 22, 3, 30, 39, 8, 27, 34, 26]], [9, []], [22, []], [3, []], [30, []], [39, []], [8, []], [27, []], [34, []], [26, []], [5, [5, 10, 38, 31, 37, 33, 11, 25, 24, 14]], [10, []], [38, []], [31, []], [37, []], [33, []], [11, []], [25, []], [24, []], [14, []]]], [[[29, [29, 9, 22, 3, 30, 39, 8, 27, 34, 26]]], [[4, [4, 16, 12, 21, 40]]], [[12, [2, 6, 19]]], [[20, [20, 32, 15, 7, 17, 28, 23, 36, 18, 13]]], [[5, [5, 10, 38, 31, 37, 33, 11, 25, 24, 14]]]]]], "Numrun": 5, "all_fitness": [418.3534767264487, 414.08115705927787, 481.4705799249081]}
{"file_name": "U_40_1", "number_of_trucks": 2, "drone_capacity": 10, "number_of_drones": 2, "iteration": 4, "best_fitness": 469.811010746357, "runtime": 59.371201038360596,