{"file_name": "U_40_0", "number_of_trucks": 2, "drone_capacity": 10, "number_of_drones": 2, "iteration": 1, "best_fitness": 361.1891145935201, "runtime": 3751.696706056595, "best_solution": [[[[0, [4, 34, 40, 20]], [4, []], [11, [11, 31, 6, 5]], [31, []], [40, []], [37, [37, 15, 8, 21, 24, 26]], [20, []], [34, []], [8, []], [38, [38, 1, 27, 12, 30, 33, 36]], [5, []], [24, []], [6, []], [33, []], [36, []], [15, []], [1, []], [27, []], [21, []], [12, []], [30, []], [26, []]], [[0, []], [28, [23, 28, 9, 17, 2]], [9, []], [17, []], [19, [19, 14, 29, 39, 32, 16]], [32, []], [16, []], [29, []], [14, []], [10, [10, 35, 7, 3, 25, 13, 22, 18]], [35, []], [39, []], [2, []], [25, []], [13, []], [23, []], [18, []], [7, []], [22, []], [3, []]]], [[[28, [23, 28, 9, 17, 2]]], [[11, [11, 31, 6, 5]]], [[19, [19, 14, 29, 39, 32, 16]]], [[37, [37, 15, 8, 21, 24, 26]]], [[38, [38, 1, 27, 12, 30, 33, 36]]], [[10, [10, 35, 7, 3, 25, 13, 22, 18]]]]], "all_solution": [[[[[0, [4, 34, 40, 20]], [4, []], [11, [11, 31, 6, 5]], [31, []], [40, []], [37, [37, 15, 8, 21, 24, 26]], [20, []], [34, []], [8, []], [38, [38, 1, 27, 12, 30, 33, 36]], [5, []], [24, []], [6, []], [33, []], [36, []], [15, []], [1, []], [27, []], [21, []], [12, []], [30, []], [26, []]], [[0, []], [28, [23, 28, 9, 17, 2]], [9, []], [17, []], [19, [19, 14, 29, 39, 32, 16]], [32, []], [16, []], [29, []], [14, []], [10, [10, 35, 7, 3, 25, 13, 22, 18]], [35, []], [39, []], [2, []], [25, []], [13, []], [23, []], [18, []], [7, []], [22, []], [3, []]]], [[[28, [23, 28, 9, 17, 2]]], [[11, [11, 31, 6, 5]]], [[19, [19, 14, 29, 39, 32, 16]]], [[37, [37, 15, 8, 21, 24, 26]]], [[38, [38, 1, 27, 12, 30, 33, 36]]], [[10, [10, 35, 7, 3, 25, 13, 22, 18]]]]]], "Numrun": 5, "all_fitness": [361.1891145935201]}
{"file_name": "U_40_0", "number_of_trucks": 2, "drone_capacity": 10, "number_of_drones": 2, "iteration": 2, "best_fitness": 462.8, "runtime": 41.3216278553009, "best_solution": [[[[0, [6, 23, 40, 20, 39, 34, 2, 8, 38, 33, 24, 36, 5, 25, 13, 37, 27, 21, 12, 30]], [6, []], [23, []], [40, []], [20, []], [39, []], [34, []], [2, []], [8, []], [38, []], [33, []], [24, []], [36, []], [5, []], [25, []], [13, []], [37, []], [27, []], [21, []], [12, []], [30, []]], [[0, [4, 28, 17, 9, 16, 29, 14, 32, 19, 3, 22, 7, 18, 10, 35, 1, 15, 31, 11, 26]], [4, []], [28, []], [17, []], [9, []], [16, []], [29, []], [14, []], [32, []], [19, []], [3, []], [22, []], [7, []], [18, []], [10, []], [35, []], [1, []], [15, []], [31, []], [11, []], [26, []]]], []], "all_solution": [[[[[0, [4, 34, 40, 20]], [4, []], [11, [11, 31, 6, 5]], [31, []], [40, []], [37, [37, 15, 8, 21, 24, 26]], [20, []], [34, []], [8, []], [38, [38, 1, 27, 12, 30, 33, 36]], [5, []], [24, []], [6, []], [33, []], [36, []], [15, []], [1, []], [27, []], [21, []], [12, []], [30, []], [26, []]], [[0, []], [28, [23, 28, 9, 17, 2]], [9, []], [17, []], [19, [19, 14, 29, 39, 32, 16]], [32, []], [16, []], [29, []], [14, []], [10, [10, 35, 7, 3, 25, 13, 22, 18]], [35, []], [39, []], [2, []], [25, []], [13, []], [23, []], [18, []], [7, []], [22, []], [3, []]]], [[[28, [23, 28, 9, 17, 2]]], [[11, [11, 31, 6, 5]]], [[19, [19, 14, 29, 39, 32, 16]]], [[37, [37, 15, 8, 21, 24, 26]]], [[38, [38, 1, 27, 12, 30, 33, 36]]], [[10, [10, 35, 7, 3, 25, 13, 22, 18]]]]], [[[[0, [6, 23, 40, 20, 39, 34, 2, 8, 38, 33, 24, 36, 5, 25, 13, 37, 27, 21, 12, 30]], [6, []], [23, []], [40, []], [20, []], [39, []], [34, []], [2, []], [8, []], [38, []], [33, []], [24, []], [36, []], [5, []], [25, []], [13, []], [37, []], [27, []], [21, []], [12, []], [30, []]], [[0, [4, 28, 17, 9, 16, 29, 14, 32, 19, 3, 22, 7, 18, 10, 35, 1, 15, 31, 11, 26]], [4, []], [28, []], [17, []], [9, []], [16, []], [29, []], [14, []], [32, []], [19, []], [3, []], [22, []], [7, []], [18, []], [10, []], [35, []], [1, []], [15, []], [31, []], [11, []], [26, []]]], []]], "Numrun": 5, "all_fitness": [361.1891145935201, 462.8]}
{"file_name": "U_40_0", "number_of_trucks": 2, "drone_capacity": 10, "number_of_drones": 2, "iteration": 3, "best_fitness": 387.852441986833, "runtime": 61.36094331741333, "best_solution": [[[[0, [17]], [4, [4, 11]], [17, []], [28, [28, 31]], [31, []], [11, []], [39, [39, 34, 2, 8, 38]], [34, []], [2, []], [8, []], [38, []], [5, [5, 1, 27, 22, 9, 19, 3, 21, 12, 30]], [1, []], [27, []], [22, []], [9, []], [19, []], [3, []], [21, []], [12, []], [30, []]], [[0, []], [40, [40, 20]], [20, []], [23, [23]], [16, [16, 32, 29, 14, 37, 18, 7]], [32, []], [29, []], [14, []], [37, []], [18, []], [7, []], [10, [10, 35, 25, 13, 15, 36, 33, 6, 24, 26]], [35, []], [25, []], [13, []], [15, []], [36, []], [33, []], [6, []], [24, []], [26, []]]], [[[40, [40, 20]]], [[4, [4, 11]]], [[28, [28, 31]]], [[23, [23]]], [[16, [16, 32, 29, 14, 37, 18, 7]]], [[39, [39, 34, 2, 8, 38]]], [[5, [5, 1, 27, 22, 9, 19, 3, 21, 12, 30]]], [[10, [10, 35, 25, 13, 15, 36, 33, 6, 24, 26]]]]], "all_solution": [[[[[0, [4, 34, 40, 20]], [4, []], [11, [11, 31, 6, 5]], [31, []], [40, []], [37, [37, 15, 8, 21, 24, 26]], [20, []], [34, []], [8, []], [38, [38, 1, 27, 12, 30, 33, 36]], [5, []], [24, []], [6, []], [33, []], [36, []], [15, []], [1, []], [27, []], [21, []], [12, []], [30, []], [26, []]], [[0, []], [28, [23, 28, 9, 17, 2]], [9, []], [17, []], [19, [19, 14, 29, 39, 32, 16]], [32, []], [16, []], [29, []], [14, []], [10, [10, 35, 7, 3, 25, 13, 22, 18]], [35, []], [39, []], [2, []], [25, []], [13, []], [23, []], [18, []], [7, []], [22, []], [3, []]]], [[[28, [23, 28, 9, 17, 2]]], [[11, [11, 31, 6, 5]]], [[19, [19, 14, 29, 39, 32, 16]]], [[37, [37, 15, 8, 21, 24, 26]]], [[38, [38, 1, 27, 12, 30, 33, 36]]], [[10, [10, 35, 7, 3, 25, 13, 22, 18]]]]], [[[[0, [6, 23, 40, 20, 39, 34, 2, 8, 38, 33, 24, 36, 5, 25, 13, 37, 27, 21, 12, 30]], [6, []], [23, []], [40, []], [20, []], [39, []], [34, []], [2, []], [8, []], [38, []], [33, []], [24, []], [36, []], [5, []], [25, []], [13, []], [37, []], [27, []], [21, []], [12, []], [30, []]], [[0, [4, 28, 17, 9, 16, 29, 14, 32, 19, 3, 22, 7, 18, 10, 35, 1, 15, 31, 11, 26]], [4, []], [28, []], [17, []], [9, []], [16, []], [29, []], [14, []], [32, []], [19, []], [3, []], [22, []], [7, []], [18, []], [10, []], [35, []], [1, []], [15, []], [31, []], [11, []], [26, []]]], []], [[[[0, [17]], [4, [4, 11]], [17, []], [28, [28, 31]], [31, []], [11, []], [39, [39, 34, 2, 8, 38]], [34, []], [2, []], [8, []], [38, []], [5, [5, 1, 27, 22, 9, 19, 3, 21, 12, 30]], [1, []], [27, []], [22, []], [9, []], [19, []], [3, []], [21, []], [12, []], [30, []]], [[0, []], [40, [40, 20]], [20, []], [23, [23]], [16, [16, 32, 29, 14, 37, 18, 7]], [32, []], [29, []], [14, []], [37, []], [18, []], [7, []], [10, [10, 35, 25, 13, 15, 36, 33, 6, 24, 26]], [35, []], [25, []], [13, []], [15, []], [36, []], [33, []], [6, []], [24, []], [26, []]]], [[[40, [40, 20]]], [[4, [4, 11]]], [[28, [28, 31]]], [[23, [23]]], [[16, [16, 32, 29, 14, 37, 18, 7]]], [[39, [39, 34, 2, 8, 38]]], [[5, [5, 1, 27, 22, 9, 19, 3, 21, 12, 30]]], [[10, [10, 35, 25, 13, 15, 36, 33, 6, 24, 26]]]]]], "Numrun": 5, "all_fitness": [361.1891145935201, 462.8, 387.852441986833]}
{"file_name": "U_40_0", "number_of_trucks": 2, "drone_capacity": 10, "number_of_drones": 2, "iteration": 4, "best_fitness": 466.7600000000001, "runtime": 41.26253151893616, "best_solution": [[[[0, [4, 17, 28, 16, 40, 39, 8, 38, 5, 25, 13, 37, 35, 10, 18, 7, 22, 3, 30]], [4, []], [17, []], [28, []], [16, []], [40, []], [39, []], [8, []], [38, []], [5, []], [25, []], [13, []], [37, []], [35, []], [10, []], [18, []], [7, []], [22, []], [3, []], [30, []]], [[0, [23, 34, 2, 20, 14, 29, 32, 9, 19, 21, 27, 1, 15, 36, 33, 6, 24, 31, 11, 12, 26]], [23, []], [34, []], [2, []], [20, []], [14, []], [29, []], [32, []], [9, []], [19, []], [21, []], [27, []], [1, []], [15, []], [36, []], [33, []], [6, []], [24, []], [31, []], [11, []], [12, []], [26, []]]], []],