{"file_name": "U_40_1", "number_of_trucks": 2, "drone_capacity": 10, "number_of_drones": 2, "iteration": 1, "best_fitness": 440.13205513429364, "runtime": 3204.3228435516357, "best_solution": [[[[0, [22, 3, 32, 24]], [24, []], [3, []], [32, []], [22, []], [33, [33, 9, 27, 16, 26, 21, 31, 11]], [9, []], [27, []], [11, []], [16, []], [26, []], [4, [4, 19, 36, 15, 5, 1]], [36, []], [21, []], [31, []], [19, []], [10, [10, 18, 39, 40, 17]], [15, []], [18, []], [39, []], [40, []], [5, []], [17, []], [1, []]], [[0, [7, 35, 2]], [2, []], [35, []], [7, []], [6, [6, 13, 29, 34]], [13, []], [29, []], [12, [12, 8, 14, 20, 30, 38, 28]], [8, []], [14, []], [20, []], [34, []], [23, [23, 25, 37]], [25, []], [30, []], [38, []], [37, []], [28, []]]], [[[33, [33, 9, 27, 16, 26, 21, 31, 11]]], [[6, [6, 13, 29, 34]]], [[12, [12, 8, 14, 20, 30, 38, 28]]], [[4, [4, 19, 36, 15, 5, 1]]], [[23, [23, 25, 37]]], [[10, [10, 18, 39, 40, 17]]]]], "all_solution": [[[[[0, [22, 3, 32, 24]], [24, []], [3, []], [32, []], [22, []], [33, [33, 9, 27, 16, 26, 21, 31, 11]], [9, []], [27, []], [11, []], [16, []], [26, []], [4, [4, 19, 36, 15, 5, 1]], [36, []], [21, []], [31, []], [19, []], [10, [10, 18, 39, 40, 17]], [15, []], [18, []], [39, []], [40, []], [5, []], [17, []], [1, []]], [[0, [7, 35, 2]], [2, []], [35, []], [7, []], [6, [6, 13, 29, 34]], [13, []], [29, []], [12, [12, 8, 14, 20, 30, 38, 28]], [8, []], [14, []], [20, []], [34, []], [23, [23, 25, 37]], [25, []], [30, []], [38, []], [37, []], [28, []]]], [[[33, [33, 9, 27, 16, 26, 21, 31, 11]]], [[6, [6, 13, 29, 34]]], [[12, [12, 8, 14, 20, 30, 38, 28]]], [[4, [4, 19, 36, 15, 5, 1]]], [[23, [23, 25, 37]]], [[10, [10, 18, 39, 40, 17]]]]]], "Numrun": 5, "all_fitness": [440.13205513429364]}
{"file_name": "U_40_1", "number_of_trucks": 2, "drone_capacity": 10, "number_of_drones": 2, "iteration": 2, "best_fitness": 465.5320551342937, "runtime": 457.77137899398804, "best_solution": [[[[0, [35]], [35, []], [16, [16, 26, 27, 29, 3, 9]], [26, []], [3, []], [27, []], [29, []], [12, [12, 8, 14, 20]], [9, []], [8, []], [14, []], [20, []], [5, [5, 40, 39, 18, 15, 23, 17, 33, 1]], [40, []], [39, []], [18, []], [15, []], [23, []], [17, []], [33, []], [1, []]], [[0, [22, 2]], [7, [32, 7]], [24, [24, 13]], [32, []], [22, []], [2, []], [34, [34, 19, 21, 6, 31, 11]], [19, []], [31, []], [21, []], [6, []], [10, [10, 36, 4, 30, 38, 28]], [36, []], [4, []], [25, [25, 37]], [30, []], [13, []], [38, []], [37, []], [28, []], [11, []]]], [[[7, [32, 7]]], [[24, [24, 13]]], [[16, [16, 26, 27, 29, 3, 9]]], [[34, [34, 19, 21, 6, 31, 11]]], [[12, [12, 8, 14, 20]]], [[10, [10, 36, 4, 30, 38, 28]]], [[25, [25, 37]]], [[5, [5, 40, 39, 18, 15, 23, 17, 33, 1]]]]], "all_solution": [[[[[0, [22, 3, 32, 24]], [24, []], [3, []], [32, []], [22, []], [33, [33, 9, 27, 16, 26, 21, 31, 11]], [9, []], [27, []], [11, []], [16, []], [26, []], [4, [4, 19, 36, 15, 5, 1]], [36, []], [21, []], [31, []], [19, []], [10, [10, 18, 39, 40, 17]], [15, []], [18, []], [39, []], [40, []], [5, []], [17, []], [1, []]], [[0, [7, 35, 2]], [2, []], [35, []], [7, []], [6, [6, 13, 29, 34]], [13, []], [29, []], [12, [12, 8, 14, 20, 30, 38, 28]], [8, []], [14, []], [20, []], [34, []], [23, [23, 25, 37]], [25, []], [30, []], [38, []], [37, []], [28, []]]], [[[33, [33, 9, 27, 16, 26, 21, 31, 11]]], [[6, [6, 13, 29, 34]]], [[12, [12, 8, 14, 20, 30, 38, 28]]], [[4, [4, 19, 36, 15, 5, 1]]], [[23, [23, 25, 37]]], [[10, [10, 18, 39, 40, 17]]]]], [[[[0, [35]], [35, []], [16, [16, 26, 27, 29, 3, 9]], [26, []], [3, []], [27, []], [29, []], [12, [12, 8, 14, 20]], [9, []], [8, []], [14, []], [20, []], [5, [5, 40, 39, 18, 15, 23, 17, 33, 1]], [40, []], [39, []], [18, []], [15, []], [23, []], [17, []], [33, []], [1, []]], [[0, [22, 2]], [7, [32, 7]], [24, [24, 13]], [32, []], [22, []], [2, []], [34, [34, 19, 21, 6, 31, 11]], [19, []], [31, []], [21, []], [6, []], [10, [10, 36, 4, 30, 38, 28]], [36, []], [4, []], [25, [25, 37]], [30, []], [13, []], [38, []], [37, []], [28, []], [11, []]]], [[[7, [32, 7]]], [[24, [24, 13]]], [[16, [16, 26, 27, 29, 3, 9]]], [[34, [34, 19, 21, 6, 31, 11]]], [[12, [12, 8, 14, 20]]], [[10, [10, 36, 4, 30, 38, 28]]], [[25, [25, 37]]], [[5, [5, 40, 39, 18, 15, 23, 17, 33, 1]]]]]], "Numrun": 5, "all_fitness": [440.13205513429364, 465.5320551342937]}
{"file_name": "U_40_1", "number_of_trucks": 2, "drone_capacity": 10, "number_of_drones": 2, "iteration": 3, "best_fitness": 520.8615571177749, "runtime": 57.27800679206848, "best_solution": [[[[0, [22, 24]], [22, []], [24, []], [13, [13]], [16, [16]], [11, [11, 27, 1, 28, 32, 26, 38]], [27, []], [1, []], [28, []], [32, []], [26, []], [38, []], [4, [4, 36, 6, 23, 14, 20, 18, 39, 40, 17]], [36, []], [6, []], [23, []], [14, []], [20, []], [18, []], [39, []], [40, []], [17, []]], [[0, [35]], [35, []], [3, [3]], [33, [33, 9, 2, 19, 7]], [9, []], [2, []], [19, [5, 34]], [7, []], [5, []], [34, []], [15, [15, 10, 31, 21, 25, 30, 37, 29, 12, 8]], [10, []], [31, []], [21, []], [25, []], [30, []], [37, []], [29, []], [12, []], [8, []]]], [[[3, [3]]], [[33, [33, 9, 2, 19, 7]]], [[13, [13]]], [[16, [16]]], [[11, [11, 27, 1, 28, 32, 26, 38]]], [[19, [5, 34]]], [[4, [4, 36, 6, 23, 14, 20, 18, 39, 40, 17]]], [[15, [15, 10, 31, 21, 25, 30, 37, 29, 12, 8]]]]], "all_solution": [[[[[0, [22, 3, 32, 24]], [24, []], [3, []], [32, []], [22, []], [33, [33, 9, 27, 16, 26, 21, 31, 11]], [9, []], [27, []], [11, []], [16, []], [26, []], [4, [4, 19, 36, 15, 5, 1]], [36, []], [21, []], [31, []], [19, []], [10, [10, 18, 39, 40, 17]], [15, []], [18, []], [39, []], [40, []], [5, []], [17, []], [1, []]], [[0, [7, 35, 2]], [2, []], [35, []], [7, []], [6, [6, 13, 29, 34]], [13, []], [29, []], [12, [12, 8, 14, 20, 30, 38, 28]], [8, []], [14, []], [20, []], [34, []], [23, [23, 25, 37]], [25, []], [30, []], [38, []], [37, []], [28, []]]], [[[33, [33, 9, 27, 16, 26, 21, 31, 11]]], [[6, [6, 13, 29, 34]]], [[12, [12, 8, 14, 20, 30, 38, 28]]], [[4, [4, 19, 36, 15, 5, 1]]], [[23, [23, 25, 37]]], [[10, [10, 18, 39, 40, 17]]]]], [[[[0, [35]], [35, []], [16, [16, 26, 27, 29, 3, 9]], [26, []], [3, []], [27, []], [29, []], [12, [12, 8, 14, 20]], [9, []], [8, []], [14, []], [20, []], [5, [5, 40, 39, 18, 15, 23, 17, 33, 1]], [40, []], [39, []], [18, []], [15, []], [23, []], [17, []], [33, []], [1, []]], [[0, [22, 2]], [7, [32, 7]], [24, [24, 13]], [32, []], [22, []], [2, []], [34, [34, 19, 21, 6, 31, 11]], [19, []], [31, []], [21, []], [6, []], [10, [10, 36, 4, 30, 38, 28]], [36, []], [4, []], [25, [25, 37]], [30, []], [13, []], [38, []], [37, []], [28, []], [11, []]]], [[[7, [32, 7]]], [[24, [24, 13]]], [[16, [16, 26, 27, 29, 3, 9]]], [[34, [34, 19, 21, 6, 31, 11]]], [[12, [12, 8, 14, 20]]], [[10, [10, 36, 4, 30, 38, 28]]], [[25, [25, 37]]], [[5, [5, 40, 39, 18, 15, 23, 17, 33, 1]]]]], [[[[0, [22, 24]], [22, []], [24, []], [13, [13]], [16, [16]], [11, [11, 27, 1, 28, 32, 26, 38]], [27, []], [1, []], [28, []], [32, []], [26, []], [38, []], [4, [4, 36, 6, 23, 14, 20, 18, 39, 40, 17]], [36, []], [6, []], [23, []], [14, []], [20, []], [18, []], [39, []], [40, []], [17, []]], [[0, [35]], [35, []], [3, [3]], [33, [33, 9, 2, 19, 7]], [9, []], [2, []], [19, [5, 34]], [7, []], [5, []], [34, []], [15, [15, 10, 31, 21, 25, 30, 37, 29, 12, 8]], [10, []], [31, []], [21, []], [25, []], [30, []], [37, []], [29, []], [12, []], [8, []]]], [[[3, [3]]], [[33, [33, 9, 2, 19, 7]]], [[13, [13]]], [[16, [16]]], [[11, [11, 27, 1, 28, 32, 26, 38]]], [[19, [5, 34]]], [[4, [4, 36, 6, 23, 14, 20, 18, 39, 40, 17]]], [[15, [15, 10, 31, 21, 25, 30, 37, 29, 12, 8]]]]]], "Numrun": 5, "all_fitness": [440.13205513429364, 465.5320551342937, 520.8615571177749]}
{"file_name": "U_40_1", "number_of_trucks": 2, "drone_capacity": 10, "number_of_drones": 2, "iteration": 4, "best_fitness": 512.8619244569722, "runtime": 52.1738166809082,