{"file_name": "U_40_1", "number_of_trucks": 2, "drone_capacity": 10, "number_of_drones": 2, "iteration": 1, "best_fitness": 437.807189122047, "runtime": 3032.1394395828247, "best_solution": [[[[0, [20, 14, 37, 10, 2, 25]], [19, [19, 17]], [14, []], [37, []], [2, []], [17, []], [34, [13, 36, 21, 34, 40]], [13, []], [36, []], [25, []], [20, []], [21, []], [10, []], [4, [4, 1, 5, 38]], [1, []], [40, []], [5, []], [38, []], [16, [16, 33, 23]], [23, []], [33, []]], [[0, [39]], [39, []], [7, [7, 6, 32, 3, 26]], [32, []], [3, []], [26, [18, 12, 24, 9, 22]], [6, []], [9, []], [12, []], [22, []], [24, []], [18, []], [29, [29, 15, 30, 11, 28, 8, 35, 31, 27]], [15, []], [28, []], [8, []], [35, []], [30, []], [11, []], [27, []], [31, []]]], [[[7, [7, 6, 32, 3, 26]]], [[19, [19, 17]]], [[26, [18, 12, 24, 9, 22]]], [[34, [13, 36, 21, 34, 40]]], [[4, [4, 1, 5, 38]]], [[29, [29, 15, 30, 11, 28, 8, 35, 31, 27]]], [[16, [16, 33, 23]]]]], "all_solution": [[[[[0, [20, 14, 37, 10, 2, 25]], [19, [19, 17]], [14, []], [37, []], [2, []], [17, []], [34, [13, 36, 21, 34, 40]], [13, []], [36, []], [25, []], [20, []], [21, []], [10, []], [4, [4, 1, 5, 38]], [1, []], [40, []], [5, []], [38, []], [16, [16, 33, 23]], [23, []], [33, []]], [[0, [39]], [39, []], [7, [7, 6, 32, 3, 26]], [32, []], [3, []], [26, [18, 12, 24, 9, 22]], [6, []], [9, []], [12, []], [22, []], [24, []], [18, []], [29, [29, 15, 30, 11, 28, 8, 35, 31, 27]], [15, []], [28, []], [8, []], [35, []], [30, []], [11, []], [27, []], [31, []]]], [[[7, [7, 6, 32, 3, 26]]], [[19, [19, 17]]], [[26, [18, 12, 24, 9, 22]]], [[34, [13, 36, 21, 34, 40]]], [[4, [4, 1, 5, 38]]], [[29, [29, 15, 30, 11, 28, 8, 35, 31, 27]]], [[16, [16, 33, 23]]]]]], "Numrun": 5, "all_fitness": [437.807189122047]}
{"file_name": "U_40_1", "number_of_trucks": 2, "drone_capacity": 10, "number_of_drones": 2, "iteration": 2, "best_fitness": 438.607189122047, "runtime": 662.1507740020752, "best_solution": [[[[0, [14, 39, 6, 19]], [19, []], [39, []], [14, []], [22, [22, 40, 9, 26, 3, 7, 25]], [3, []], [26, []], [9, []], [6, []], [40, []], [4, [4, 1, 11, 30, 38]], [1, []], [30, []], [11, []], [25, []], [23, [23, 16, 33, 5]], [16, []], [38, []], [5, []], [33, []], [7, []]], [[0, [10]], [20, [20]], [10, []], [21, [21, 2]], [2, []], [24, [24, 34, 32, 17, 37]], [32, []], [13, [13, 36, 12, 18]], [36, []], [37, []], [17, []], [34, []], [18, []], [12, []], [31, [31, 27, 8, 35, 29, 28, 15]], [27, []], [28, []], [8, []], [35, []], [15, []], [29, []]]], [[[20, [20]]], [[21, [21, 2]]], [[22, [22, 40, 9, 26, 3, 7, 25]]], [[24, [24, 34, 32, 17, 37]]], [[13, [13, 36, 12, 18]]], [[4, [4, 1, 11, 30, 38]]], [[31, [31, 27, 8, 35, 29, 28, 15]]], [[23, [23, 16, 33, 5]]]]], "all_solution": [[[[[0, [20, 14, 37, 10, 2, 25]], [19, [19, 17]], [14, []], [37, []], [2, []], [17, []], [34, [13, 36, 21, 34, 40]], [13, []], [36, []], [25, []], [20, []], [21, []], [10, []], [4, [4, 1, 5, 38]], [1, []], [40, []], [5, []], [38, []], [16, [16, 33, 23]], [23, []], [33, []]], [[0, [39]], [39, []], [7, [7, 6, 32, 3, 26]], [32, []], [3, []], [26, [18, 12, 24, 9, 22]], [6, []], [9, []], [12, []], [22, []], [24, []], [18, []], [29, [29, 15, 30, 11, 28, 8, 35, 31, 27]], [15, []], [28, []], [8, []], [35, []], [30, []], [11, []], [27, []], [31, []]]], [[[7, [7, 6, 32, 3, 26]]], [[19, [19, 17]]], [[26, [18, 12, 24, 9, 22]]], [[34, [13, 36, 21, 34, 40]]], [[4, [4, 1, 5, 38]]], [[29, [29, 15, 30, 11, 28, 8, 35, 31, 27]]], [[16, [16, 33, 23]]]]], [[[[0, [14, 39, 6, 19]], [19, []], [39, []], [14, []], [22, [22, 40, 9, 26, 3, 7, 25]], [3, []], [26, []], [9, []], [6, []], [40, []], [4, [4, 1, 11, 30, 38]], [1, []], [30, []], [11, []], [25, []], [23, [23, 16, 33, 5]], [16, []], [38, []], [5, []], [33, []], [7, []]], [[0, [10]], [20, [20]], [10, []], [21, [21, 2]], [2, []], [24, [24, 34, 32, 17, 37]], [32, []], [13, [13, 36, 12, 18]], [36, []], [37, []], [17, []], [34, []], [18, []], [12, []], [31, [31, 27, 8, 35, 29, 28, 15]], [27, []], [28, []], [8, []], [35, []], [15, []], [29, []]]], [[[20, [20]]], [[21, [21, 2]]], [[22, [22, 40, 9, 26, 3, 7, 25]]], [[24, [24, 34, 32, 17, 37]]], [[13, [13, 36, 12, 18]]], [[4, [4, 1, 11, 30, 38]]], [[31, [31, 27, 8, 35, 29, 28, 15]]], [[23, [23, 16, 33, 5]]]]]], "Numrun": 5, "all_fitness": [437.807189122047, 438.607189122047]}
{"file_name": "U_40_1", "number_of_trucks": 2, "drone_capacity": 10, "number_of_drones": 2, "iteration": 3, "best_fitness": 504.2462578579968, "runtime": 58.364187717437744, "best_solution": [[[[0, []], [20, [20]], [25, [25, 32, 39, 19, 34, 7]], [32, []], [39, []], [19, []], [34, []], [7, []], [40, [40, 4, 30, 1, 8, 15, 29, 12, 31]], [4, []], [30, []], [1, []], [8, []], [15, []], [29, []], [12, []], [31, []]], [[0, [6, 10]], [6, []], [10, []], [21, [21, 26, 9]], [26, []], [9, []], [3, [3, 22, 24, 18, 14, 17, 37, 38, 13]], [22, []], [24, []], [18, []], [14, []], [17, []], [37, []], [38, []], [13, []], [36, [36, 2, 11, 28, 35, 5, 16, 23, 27, 33]], [2, []], [11, []], [28, []], [35, []], [5, []], [16, []], [23, []], [27, []], [33, []]]], [[[20, [20]]], [[25, [25, 32, 39, 19, 34, 7]]], [[21, [21, 26, 9]]], [[3, [3, 22, 24, 18, 14, 17, 37, 38, 13]]], [[40, [40, 4, 30, 1, 8, 15, 29, 12, 31]]], [[36, [36, 2, 11, 28, 35, 5, 16, 23, 27, 33]]]]], "all_solution": [[[[[0, [20, 14, 37, 10, 2, 25]], [19, [19, 17]], [14, []], [37, []], [2, []], [17, []], [34, [13, 36, 21, 34, 40]], [13, []], [36, []], [25, []], [20, []], [21, []], [10, []], [4, [4, 1, 5, 38]], [1, []], [40, []], [5, []], [38, []], [16, [16, 33, 23]], [23, []], [33, []]], [[0, [39]], [39, []], [7, [7, 6, 32, 3, 26]], [32, []], [3, []], [26, [18, 12, 24, 9, 22]], [6, []], [9, []], [12, []], [22, []], [24, []], [18, []], [29, [29, 15, 30, 11, 28, 8, 35, 31, 27]], [15, []], [28, []], [8, []], [35, []], [30, []], [11, []], [27, []], [31, []]]], [[[7, [7, 6, 32, 3, 26]]], [[19, [19, 17]]], [[26, [18, 12, 24, 9, 22]]], [[34, [13, 36, 21, 34, 40]]], [[4, [4, 1, 5, 38]]], [[29, [29, 15, 30, 11, 28, 8, 35, 31, 27]]], [[16, [16, 33, 23]]]]], [[[[0, [14, 39, 6, 19]], [19, []], [39, []], [14, []], [22, [22, 40, 9, 26, 3, 7, 25]], [3, []], [26, []], [9, []], [6, []], [40, []], [4, [4, 1, 11, 30, 38]], [1, []], [30, []], [11, []], [25, []], [23, [23, 16, 33, 5]], [16, []], [38, []], [5, []], [33, []], [7, []]], [[0, [10]], [20, [20]], [10, []], [21, [21, 2]], [2, []], [24, [24, 34, 32, 17, 37]], [32, []], [13, [13, 36, 12, 18]], [36, []], [37, []], [17, []], [34, []], [18, []], [12, []], [31, [31, 27, 8, 35, 29, 28, 15]], [27, []], [28, []], [8, []], [35, []], [15, []], [29, []]]], [[[20, [20]]], [[21, [21, 2]]], [[22, [22, 40, 9, 26, 3, 7, 25]]], [[24, [24, 34, 32, 17, 37]]], [[13, [13, 36, 12, 18]]], [[4, [4, 1, 11, 30, 38]]], [[31, [31, 27, 8, 35, 29, 28, 15]]], [[23, [23, 16, 33, 5]]]]], [[[[0, []], [20, [20]], [25, [25, 32, 39, 19, 34, 7]], [32, []], [39, []], [19, []], [34, []], [7, []], [40, [40, 4, 30, 1, 8, 15, 29, 12, 31]], [4, []], [30, []], [1, []], [8, []], [15, []], [29, []], [12, []], [31, []]], [[0, [6, 10]], [6, []], [10, []], [21, [21, 26, 9]], [26, []], [9, []], [3, [3, 22, 24, 18, 14, 17, 37, 38, 13]], [22, []], [24, []], [18, []], [14, []], [17, []], [37, []], [38, []], [13, []], [36, [36, 2, 11, 28, 35, 5, 16, 23, 27, 33]], [2, []], [11, []], [28, []], [35, []], [5, []], [16, []], [23, []], [27, []], [33, []]]], [[[20, [20]]], [[25, [25, 32, 39, 19, 34, 7]]], [[21, [21, 26, 9]]], [[3, [3, 22, 24, 18, 14, 17, 37, 38, 13]]], [[40, [40, 4, 30, 1, 8, 15, 29, 12, 31]]], [[36, [36, 2, 11, 28, 35, 5, 16, 23, 27, 33]]]]]], "Numrun": 5, "all_fitness": [437.807189122047, 438.607189122047, 504.2462578579968]}
{"file_name": "U_40_1", "number_of_trucks": 2, "drone_capacity": 10, "number_of_drones": 2, "iteration": 4, "best_fitness": 498.27280631661716, "runtime": 60.06843447685242,