{"file_name": "U_40_0", "number_of_trucks": 2, "drone_capacity": 10, "number_of_drones": 2, "iteration": 1, "best_fitness": 322.86044624755584, "runtime": 3615.7281260490417, "best_solution": [[[[0, [33, 7, 18]], [18, []], [7, []], [13, [13, 37, 5, 25, 16, 39]], [37, []], [39, []], [12, [12, 35, 38, 24, 11]], [38, []], [24, []], [33, []], [26, [26, 34, 40, 9, 36, 17, 4, 15]], [34, []], [15, []], [35, []], [11, []], [25, []], [40, []], [9, []], [5, []], [36, []], [4, []], [17, []], [16, []]], [[0, [20, 32, 10, 23]], [29, [1, 6, 8, 21, 22, 19, 29, 2, 30]], [2, []], [19, []], [30, []], [20, []], [23, []], [1, []], [6, []], [32, []], [10, []], [14, [14, 27, 31, 28, 3]], [8, []], [21, []], [27, []], [31, []], [28, []], [22, []], [3, []]]], [[[13, [13, 37, 5, 25, 16, 39]]], [[29, [1, 6, 8, 21, 22, 19, 29, 2, 30]]], [[12, [12, 35, 38, 24, 11]]], [[26, [26, 34, 40, 9, 36, 17, 4, 15]]], [[14, [14, 27, 31, 28, 3]]]]], "all_solution": [[[[[0, [33, 7, 18]], [18, []], [7, []], [13, [13, 37, 5, 25, 16, 39]], [37, []], [39, []], [12, [12, 35, 38, 24, 11]], [38, []], [24, []], [33, []], [26, [26, 34, 40, 9, 36, 17, 4, 15]], [34, []], [15, []], [35, []], [11, []], [25, []], [40, []], [9, []], [5, []], [36, []], [4, []], [17, []], [16, []]], [[0, [20, 32, 10, 23]], [29, [1, 6, 8, 21, 22, 19, 29, 2, 30]], [2, []], [19, []], [30, []], [20, []], [23, []], [1, []], [6, []], [32, []], [10, []], [14, [14, 27, 31, 28, 3]], [8, []], [21, []], [27, []], [31, []], [28, []], [22, []], [3, []]]], [[[13, [13, 37, 5, 25, 16, 39]]], [[29, [1, 6, 8, 21, 22, 19, 29, 2, 30]]], [[12, [12, 35, 38, 24, 11]]], [[26, [26, 34, 40, 9, 36, 17, 4, 15]]], [[14, [14, 27, 31, 28, 3]]]]]], "Numrun": 5, "all_fitness": [322.86044624755584]}
{"file_name": "U_40_0", "number_of_trucks": 2, "drone_capacity": 10, "number_of_drones": 2, "iteration": 2, "best_fitness": 442.87999999999994, "runtime": 44.56813192367554, "best_solution": [[[[0, [29, 21, 10, 32, 6, 1, 23, 20, 30, 19, 25, 11, 35, 15, 40, 9, 18, 27, 31, 3]], [29, []], [21, []], [10, []], [32, []], [6, []], [1, []], [23, []], [20, []], [30, []], [19, []], [25, []], [11, []], [35, []], [15, []], [40, []], [9, []], [18, []], [27, []], [31, []], [3, []]], [[0, [22, 37, 39, 12, 38, 13, 34, 24, 33, 26, 7, 5, 2, 36, 4, 8, 14, 28, 16, 17]], [22, []], [37, []], [39, []], [12, []], [38, []], [13, []], [34, []], [24, []], [33, []], [26, []], [7, []], [5, []], [2, []], [36, []], [4, []], [8, []], [14, []], [28, []], [16, []], [17, []]]], []], "all_solution": [[[[[0, [33, 7, 18]], [18, []], [7, []], [13, [13, 37, 5, 25, 16, 39]], [37, []], [39, []], [12, [12, 35, 38, 24, 11]], [38, []], [24, []], [33, []], [26, [26, 34, 40, 9, 36, 17, 4, 15]], [34, []], [15, []], [35, []], [11, []], [25, []], [40, []], [9, []], [5, []], [36, []], [4, []], [17, []], [16, []]], [[0, [20, 32, 10, 23]], [29, [1, 6, 8, 21, 22, 19, 29, 2, 30]], [2, []], [19, []], [30, []], [20, []], [23, []], [1, []], [6, []], [32, []], [10, []], [14, [14, 27, 31, 28, 3]], [8, []], [21, []], [27, []], [31, []], [28, []], [22, []], [3, []]]], [[[13, [13, 37, 5, 25, 16, 39]]], [[29, [1, 6, 8, 21, 22, 19, 29, 2, 30]]], [[12, [12, 35, 38, 24, 11]]], [[26, [26, 34, 40, 9, 36, 17, 4, 15]]], [[14, [14, 27, 31, 28, 3]]]]], [[[[0, [29, 21, 10, 32, 6, 1, 23, 20, 30, 19, 25, 11, 35, 15, 40, 9, 18, 27, 31, 3]], [29, []], [21, []], [10, []], [32, []], [6, []], [1, []], [23, []], [20, []], [30, []], [19, []], [25, []], [11, []], [35, []], [15, []], [40, []], [9, []], [18, []], [27, []], [31, []], [3, []]], [[0, [22, 37, 39, 12, 38, 13, 34, 24, 33, 26, 7, 5, 2, 36, 4, 8, 14, 28, 16, 17]], [22, []], [37, []], [39, []], [12, []], [38, []], [13, []], [34, []], [24, []], [33, []], [26, []], [7, []], [5, []], [2, []], [36, []], [4, []], [8, []], [14, []], [28, []], [16, []], [17, []]]], []]], "Numrun": 5, "all_fitness": [322.86044624755584, 442.87999999999994]}
{"file_name": "U_40_0", "number_of_trucks": 2, "drone_capacity": 10, "number_of_drones": 2, "iteration": 3, "best_fitness": 449.96, "runtime": 46.329025983810425, "best_solution": [[[[0, [7, 10, 32, 6, 23, 1, 19, 4, 18, 37, 38, 24]], [7, [26, 34, 14, 20, 30, 36, 17]], [10, []], [32, []], [6, []], [23, []], [1, []], [19, []], [4, []], [18, []], [37, []], [38, []], [24, []], [26, []], [34, []], [14, []], [20, []], [30, []], [36, []], [17, []]], [[0, [29, 12, 39, 33, 13, 35, 15, 11, 25, 40, 9, 5, 2, 8, 21, 27, 31, 22, 28, 16, 3]], [29, []], [12, []], [39, []], [33, []], [13, []], [35, []], [15, []], [11, []], [25, []], [40, []], [9, []], [5, []], [2, []], [8, []], [21, []], [27, []], [31, []], [22, []], [28, []], [16, []], [3, []]]], [[[7, [26, 34, 14, 20, 30, 36, 17]]]]], "all_solution": [[[[[0, [33, 7, 18]], [18, []], [7, []], [13, [13, 37, 5, 25, 16, 39]], [37, []], [39, []], [12, [12, 35, 38, 24, 11]], [38, []], [24, []], [33, []], [26, [26, 34, 40, 9, 36, 17, 4, 15]], [34, []], [15, []], [35, []], [11, []], [25, []], [40, []], [9, []], [5, []], [36, []], [4, []], [17, []], [16, []]], [[0, [20, 32, 10, 23]], [29, [1, 6, 8, 21, 22, 19, 29, 2, 30]], [2, []], [19, []], [30, []], [20, []], [23, []], [1, []], [6, []], [32, []], [10, []], [14, [14, 27, 31, 28, 3]], [8, []], [21, []], [27, []], [31, []], [28, []], [22, []], [3, []]]], [[[13, [13, 37, 5, 25, 16, 39]]], [[29, [1, 6, 8, 21, 22, 19, 29, 2, 30]]], [[12, [12, 35, 38, 24, 11]]], [[26, [26, 34, 40, 9, 36, 17, 4, 15]]], [[14, [14, 27, 31, 28, 3]]]]], [[[[0, [29, 21, 10, 32, 6, 1, 23, 20, 30, 19, 25, 11, 35, 15, 40, 9, 18, 27, 31, 3]], [29, []], [21, []], [10, []], [32, []], [6, []], [1, []], [23, []], [20, []], [30, []], [19, []], [25, []], [11, []], [35, []], [15, []], [40, []], [9, []], [18, []], [27, []], [31, []], [3, []]], [[0, [22, 37, 39, 12, 38, 13, 34, 24, 33, 26, 7, 5, 2, 36, 4, 8, 14, 28, 16, 17]], [22, []], [37, []], [39, []], [12, []], [38, []], [13, []], [34, []], [24, []], [33, []], [26, []], [7, []], [5, []], [2, []], [36, []], [4, []], [8, []], [14, []], [28, []], [16, []], [17, []]]], []], [[[[0, [7, 10, 32, 6, 23, 1, 19, 4, 18, 37, 38, 24]], [7, [26, 34, 14, 20, 30, 36, 17]], [10, []], [32, []], [6, []], [23, []], [1, []], [19, []], [4, []], [18, []], [37, []], [38, []], [24, []], [26, []], [34, []], [14, []], [20, []], [30, []], [36, []], [17, []]], [[0, [29, 12, 39, 33, 13, 35, 15, 11, 25, 40, 9, 5, 2, 8, 21, 27, 31, 22, 28, 16, 3]], [29, []], [12, []], [39, []], [33, []], [13, []], [35, []], [15, []], [11, []], [25, []], [40, []], [9, []], [5, []], [2, []], [8, []], [21, []], [27, []], [31, []], [22, []], [28, []], [16, []], [3, []]]], [[[7, [26, 34, 14, 20, 30, 36, 17]]]]]], "Numrun": 5, "all_fitness": [322.86044624755584, 442.87999999999994, 449.96]}
{"file_name": "U_40_0", "number_of_trucks": 2, "drone_capacity": 10, "number_of_drones": 2, "iteration": 4, "best_fitness": 358.3383708261121, "runtime": 56.602388858795166, "best_solution": [[[[0, [18, 7]], [18, []], [7, []], [29, [29, 21, 10, 6]], [21, []], [10, [1, 23, 20, 25, 11, 35]], [6, []], [1, []], [23, []], [20, []], [25, []], [11, []], [35, []], [15, [15, 40, 9, 5, 36, 8, 22, 27, 31, 3]], [40, []], [9, []], [5, []], [36, []], [8, []], [22, []], [27, []], [31, []], [3, []]], [[0, []], [32, [32]], [30, [30, 19, 2, 34, 37, 38, 12]], [19, []], [2, []], [34, []], [37, []], [38, []], [12, []], [39, [39, 24, 33, 26, 13, 4, 14, 28, 16, 17]], [24, []], [33, []], [26, []], [13, []], [4, []], [14, []], [28, []], [16, []], [17, []]]], [[[29, [29, 21, 10, 6]]], [[32, [32]]], [[10, [1, 23, 20, 25, 11, 35]]], [[30, [30, 19, 2, 34, 37, 38, 12]]], [[39, [39, 24, 33, 26, 13, 4, 14, 28, 16, 17]]], [[15, [15, 40, 9, 5, 36, 8, 22, 27, 31, 3]]]]],