{"file_name": "U_40_1", "number_of_trucks": 2, "drone_capacity": 10, "number_of_drones": 2, "iteration": 1, "best_fitness": 548.1299010758455, "runtime": 3633.0495500564575, "best_solution": [[[[0, [28, 17, 16]], [17, []], [16, []], [28, [30, 22, 9, 19]], [22, []], [30, []], [9, []], [19, []], [2, [2, 34, 38, 15, 29]], [34, []], [38, []], [29, []], [40, [40, 39, 33, 14]], [15, []], [14, []], [33, []], [27, [27, 36, 7, 24]], [36, []], [7, []], [24, []], [39, []]], [[0, [3]], [3, []], [4, [4, 1, 20, 25, 5, 32, 13]], [1, []], [20, []], [25, []], [5, []], [32, []], [13, []], [31, [31, 10, 37, 6]], [10, []], [37, []], [18, [18, 21]], [21, []], [6, []], [26, [26, 23, 8, 12, 11, 35]], [23, []], [8, []], [12, []], [11, []], [35, []]]], [[[28, [30, 22, 9, 19]]], [[4, [4, 1, 20, 25, 5, 32, 13]]], [[31, [31, 10, 37, 6]]], [[2, [2, 34, 38, 15, 29]]], [[40, [40, 39, 33, 14]]], [[18, [18, 21]]], [[26, [26, 23, 8, 12, 11, 35]]], [[27, [27, 36, 7, 24]]]]], "all_solution": [[[[[0, [28, 17, 16]], [17, []], [16, []], [28, [30, 22, 9, 19]], [22, []], [30, []], [9, []], [19, []], [2, [2, 34, 38, 15, 29]], [34, []], [38, []], [29, []], [40, [40, 39, 33, 14]], [15, []], [14, []], [33, []], [27, [27, 36, 7, 24]], [36, []], [7, []], [24, []], [39, []]], [[0, [3]], [3, []], [4, [4, 1, 20, 25, 5, 32, 13]], [1, []], [20, []], [25, []], [5, []], [32, []], [13, []], [31, [31, 10, 37, 6]], [10, []], [37, []], [18, [18, 21]], [21, []], [6, []], [26, [26, 23, 8, 12, 11, 35]], [23, []], [8, []], [12, []], [11, []], [35, []]]], [[[28, [30, 22, 9, 19]]], [[4, [4, 1, 20, 25, 5, 32, 13]]], [[31, [31, 10, 37, 6]]], [[2, [2, 34, 38, 15, 29]]], [[40, [40, 39, 33, 14]]], [[18, [18, 21]]], [[26, [26, 23, 8, 12, 11, 35]]], [[27, [27, 36, 7, 24]]]]]], "Numrun": 5, "all_fitness": [548.1299010758455]}
{"file_name": "U_40_1", "number_of_trucks": 2, "drone_capacity": 10, "number_of_drones": 2, "iteration": 2, "best_fitness": 663.1479597656729, "runtime": 67.44295620918274, "best_solution": [[[[0, []], [1, [1, 34, 28, 19]], [9, [9]], [34, []], [28, []], [19, []], [38, [38, 39, 29, 10, 15, 14]], [39, []], [29, []], [10, []], [15, []], [14, []], [33, [33, 18, 26, 23, 8, 12, 11, 7, 24]], [18, []], [26, []], [23, []], [8, []], [12, []], [11, []], [7, []], [24, []]], [[0, []], [25, [25, 16]], [16, []], [32, [32, 5, 30, 20, 22, 3]], [5, []], [30, []], [20, [4, 17, 13, 31]], [22, []], [3, []], [4, []], [17, []], [13, []], [31, []], [2, [2]], [37, [37, 6, 40, 21, 35, 27, 36]], [6, []], [40, []], [21, []], [35, []], [27, []], [36, []]]], [[[25, [25, 16]]], [[32, [32, 5, 30, 20, 22, 3]]], [[20, [4, 17, 13, 31]]], [[1, [1, 34, 28, 19]]], [[9, [9]]], [[38, [38, 39, 29, 10, 15, 14]]], [[2, [2]]], [[37, [37, 6, 40, 21, 35, 27, 36]]], [[33, [33, 18, 26, 23, 8, 12, 11, 7, 24]]]]], "all_solution": [[[[[0, [28, 17, 16]], [17, []], [16, []], [28, [30, 22, 9, 19]], [22, []], [30, []], [9, []], [19, []], [2, [2, 34, 38, 15, 29]], [34, []], [38, []], [29, []], [40, [40, 39, 33, 14]], [15, []], [14, []], [33, []], [27, [27, 36, 7, 24]], [36, []], [7, []], [24, []], [39, []]], [[0, [3]], [3, []], [4, [4, 1, 20, 25, 5, 32, 13]], [1, []], [20, []], [25, []], [5, []], [32, []], [13, []], [31, [31, 10, 37, 6]], [10, []], [37, []], [18, [18, 21]], [21, []], [6, []], [26, [26, 23, 8, 12, 11, 35]], [23, []], [8, []], [12, []], [11, []], [35, []]]], [[[28, [30, 22, 9, 19]]], [[4, [4, 1, 20, 25, 5, 32, 13]]], [[31, [31, 10, 37, 6]]], [[2, [2, 34, 38, 15, 29]]], [[40, [40, 39, 33, 14]]], [[18, [18, 21]]], [[26, [26, 23, 8, 12, 11, 35]]], [[27, [27, 36, 7, 24]]]]], [[[[0, []], [1, [1, 34, 28, 19]], [9, [9]], [34, []], [28, []], [19, []], [38, [38, 39, 29, 10, 15, 14]], [39, []], [29, []], [10, []], [15, []], [14, []], [33, [33, 18, 26, 23, 8, 12, 11, 7, 24]], [18, []], [26, []], [23, []], [8, []], [12, []], [11, []], [7, []], [24, []]], [[0, []], [25, [25, 16]], [16, []], [32, [32, 5, 30, 20, 22, 3]], [5, []], [30, []], [20, [4, 17, 13, 31]], [22, []], [3, []], [4, []], [17, []], [13, []], [31, []], [2, [2]], [37, [37, 6, 40, 21, 35, 27, 36]], [6, []], [40, []], [21, []], [35, []], [27, []], [36, []]]], [[[25, [25, 16]]], [[32, [32, 5, 30, 20, 22, 3]]], [[20, [4, 17, 13, 31]]], [[1, [1, 34, 28, 19]]], [[9, [9]]], [[38, [38, 39, 29, 10, 15, 14]]], [[2, [2]]], [[37, [37, 6, 40, 21, 35, 27, 36]]], [[33, [33, 18, 26, 23, 8, 12, 11, 7, 24]]]]]], "Numrun": 5, "all_fitness": [548.1299010758455, 663.1479597656729]}
{"file_name": "U_40_1", "number_of_trucks": 2, "drone_capacity": 10, "number_of_drones": 2, "iteration": 3, "best_fitness": 652.2191020250649, "runtime": 65.38917469978333, "best_solution": [[[[0, []], [28, [28]], [19, [19]], [17, [17, 5, 30, 34, 20, 22, 13]], [5, []], [30, []], [34, []], [20, []], [22, []], [13, []], [38, [38]], [39, [39]], [29, [29, 15, 10, 40, 18, 21, 27, 36]], [15, []], [10, []], [40, []], [18, []], [21, []], [27, []], [36, []]], [[0, [32, 16, 3, 25]], [32, []], [16, []], [3, []], [25, []], [9, [9]], [1, [1]], [4, [4, 31, 2, 37]], [31, []], [2, [6, 14]], [37, []], [6, []], [14, []], [33, [33, 35, 11, 8, 26, 23, 12, 7, 24]], [35, []], [11, []], [8, []], [26, []], [23, []], [12, []], [7, []], [24, []]]], [[[28, [28]]], [[19, [19]]], [[17, [17, 5, 30, 34, 20, 22, 13]]], [[9, [9]]], [[1, [1]]], [[4, [4, 31, 2, 37]]], [[38, [38]]], [[2, [6, 14]]], [[39, [39]]], [[29, [29, 15, 10, 40, 18, 21, 27, 36]]], [[33, [33, 35, 11, 8, 26, 23, 12, 7, 24]]]]], "all_solution": [[[[[0, [28, 17, 16]], [17, []], [16, []], [28, [30, 22, 9, 19]], [22, []], [30, []], [9, []], [19, []], [2, [2, 34, 38, 15, 29]], [34, []], [38, []], [29, []], [40, [40, 39, 33, 14]], [15, []], [14, []], [33, []], [27, [27, 36, 7, 24]], [36, []], [7, []], [24, []], [39, []]], [[0, [3]], [3, []], [4, [4, 1, 20, 25, 5, 32, 13]], [1, []], [20, []], [25, []], [5, []], [32, []], [13, []], [31, [31, 10, 37, 6]], [10, []], [37, []], [18, [18, 21]], [21, []], [6, []], [26, [26, 23, 8, 12, 11, 35]], [23, []], [8, []], [12, []], [11, []], [35, []]]], [[[28, [30, 22, 9, 19]]], [[4, [4, 1, 20, 25, 5, 32, 13]]], [[31, [31, 10, 37, 6]]], [[2, [2, 34, 38, 15, 29]]], [[40, [40, 39, 33, 14]]], [[18, [18, 21]]], [[26, [26, 23, 8, 12, 11, 35]]], [[27, [27, 36, 7, 24]]]]], [[[[0, []], [1, [1, 34, 28, 19]], [9, [9]], [34, []], [28, []], [19, []], [38, [38, 39, 29, 10, 15, 14]], [39, []], [29, []], [10, []], [15, []], [14, []], [33, [33, 18, 26, 23, 8, 12, 11, 7, 24]], [18, []], [26, []], [23, []], [8, []], [12, []], [11, []], [7, []], [24, []]], [[0, []], [25, [25, 16]], [16, []], [32, [32, 5, 30, 20, 22, 3]], [5, []], [30, []], [20, [4, 17, 13, 31]], [22, []], [3, []], [4, []], [17, []], [13, []], [31, []], [2, [2]], [37, [37, 6, 40, 21, 35, 27, 36]], [6, []], [40, []], [21, []], [35, []], [27, []], [36, []]]], [[[25, [25, 16]]], [[32, [32, 5, 30, 20, 22, 3]]], [[20, [4, 17, 13, 31]]], [[1, [1, 34, 28, 19]]], [[9, [9]]], [[38, [38, 39, 29, 10, 15, 14]]], [[2, [2]]], [[37, [37, 6, 40, 21, 35, 27, 36]]], [[33, [33, 18, 26, 23, 8, 12, 11, 7, 24]]]]], [[[[0, []], [28, [28]], [19, [19]], [17, [17, 5, 30, 34, 20, 22, 13]], [5, []], [30, []], [34, []], [20, []], [22, []], [13, []], [38, [38]], [39, [39]], [29, [29, 15, 10, 40, 18, 21, 27, 36]], [15, []], [10, []], [40, []], [18, []], [21, []], [27, []], [36, []]], [[0, [32, 16, 3, 25]], [32, []], [16, []], [3, []], [25, []], [9, [9]], [1, [1]], [4, [4, 31, 2, 37]], [31, []], [2, [6, 14]], [37, []], [6, []], [14, []], [33, [33, 35, 11, 8, 26, 23, 12, 7, 24]], [35, []], [11, []], [8, []], [26, []], [23, []], [12, []], [7, []], [24, []]]], [[[28, [28]]], [[19, [19]]], [[17, [17, 5, 30, 34, 20, 22, 13]]], [[9, [9]]], [[1, [1]]], [[4, [4, 31, 2, 37]]], [[38, [38]]], [[2, [6, 14]]], [[39, [39]]], [[29, [29, 15, 10, 40, 18, 21, 27, 36]]], [[33, [33, 35, 11, 8, 26, 23, 12, 7, 24]]]]]], "Numrun": 5, "all_fitness": [548.1299010758455, 663.1479597656729, 652.2191020250649]}
{"file_name": "U_40_1", "number_of_trucks": 2, "drone_capacity": 10, "number_of_drones": 2, "iteration": 4, "best_fitness": 702.7328604196516,