{"file_name": "U_40_1", "number_of_trucks": 2, "drone_capacity": 10, "number_of_drones": 2, "iteration": 1, "best_fitness": 542.12222150235, "runtime": 2630.3285517692566, "best_solution": [[[[0, []], [32, [32, 1]], [1, []], [16, [16, 10, 14, 36]], [10, []], [14, []], [36, []], [3, [3, 27, 28, 12, 37, 11, 13]], [22, [22]], [27, []], [28, []], [12, []], [37, []], [18, [18, 25, 5, 26]], [25, []], [11, []], [5, []], [7, [7, 34, 38, 39]], [13, []], [34, []], [26, []], [38, []], [39, []]], [[0, []], [33, [33, 9, 4]], [4, []], [24, [24, 15, 29, 17, 6]], [15, []], [29, []], [17, []], [6, []], [8, [8, 2, 19, 35, 20]], [2, []], [9, []], [40, [40]], [35, []], [20, []], [19, []], [30, [30, 23, 21, 31]], [23, []], [21, []], [31, []]]], [[[33, [33, 9, 4]]], [[32, [32, 1]]], [[16, [16, 10, 14, 36]]], [[24, [24, 15, 29, 17, 6]]], [[3, [3, 27, 28, 12, 37, 11, 13]]], [[22, [22]]], [[8, [8, 2, 19, 35, 20]]], [[40, [40]]], [[18, [18, 25, 5, 26]]], [[7, [7, 34, 38, 39]]], [[30, [30, 23, 21, 31]]]]], "all_solution": [[[[[0, []], [32, [32, 1]], [1, []], [16, [16, 10, 14, 36]], [10, []], [14, []], [36, []], [3, [3, 27, 28, 12, 37, 11, 13]], [22, [22]], [27, []], [28, []], [12, []], [37, []], [18, [18, 25, 5, 26]], [25, []], [11, []], [5, []], [7, [7, 34, 38, 39]], [13, []], [34, []], [26, []], [38, []], [39, []]], [[0, []], [33, [33, 9, 4]], [4, []], [24, [24, 15, 29, 17, 6]], [15, []], [29, []], [17, []], [6, []], [8, [8, 2, 19, 35, 20]], [2, []], [9, []], [40, [40]], [35, []], [20, []], [19, []], [30, [30, 23, 21, 31]], [23, []], [21, []], [31, []]]], [[[33, [33, 9, 4]]], [[32, [32, 1]]], [[16, [16, 10, 14, 36]]], [[24, [24, 15, 29, 17, 6]]], [[3, [3, 27, 28, 12, 37, 11, 13]]], [[22, [22]]], [[8, [8, 2, 19, 35, 20]]], [[40, [40]]], [[18, [18, 25, 5, 26]]], [[7, [7, 34, 38, 39]]], [[30, [30, 23, 21, 31]]]]]], "Numrun": 5, "all_fitness": [542.12222150235]}
{"file_name": "U_40_1", "number_of_trucks": 2, "drone_capacity": 10, "number_of_drones": 2, "iteration": 2, "best_fitness": 539.52222150235, "runtime": 1151.6725673675537, "best_solution": [[[[0, [9, 33, 24]], [33, []], [24, []], [9, []], [12, [12, 29, 15]], [29, [6, 32]], [37, [37, 13, 35]], [13, []], [35, []], [15, []], [6, []], [32, []], [8, [8, 18, 7, 21, 5]], [7, []], [18, []], [5, []], [23, [23, 31]], [21, []], [31, []]], [[0, [16, 4, 14]], [16, [36, 17, 10, 1]], [17, []], [36, []], [4, []], [10, []], [1, []], [3, [3, 27, 22, 20, 28, 11]], [28, []], [27, []], [22, []], [14, []], [2, [2, 19, 40, 26, 25]], [20, []], [19, []], [40, []], [25, []], [11, []], [30, [30, 38, 34, 39]], [34, []], [26, []], [38, []], [39, []]]], [[[12, [12, 29, 15]]], [[16, [36, 17, 10, 1]]], [[29, [6, 32]]], [[37, [37, 13, 35]]], [[3, [3, 27, 22, 20, 28, 11]]], [[2, [2, 19, 40, 26, 25]]], [[8, [8, 18, 7, 21, 5]]], [[30, [30, 38, 34, 39]]], [[23, [23, 31]]]]], "all_solution": [[[[[0, []], [32, [32, 1]], [1, []], [16, [16, 10, 14, 36]], [10, []], [14, []], [36, []], [3, [3, 27, 28, 12, 37, 11, 13]], [22, [22]], [27, []], [28, []], [12, []], [37, []], [18, [18, 25, 5, 26]], [25, []], [11, []], [5, []], [7, [7, 34, 38, 39]], [13, []], [34, []], [26, []], [38, []], [39, []]], [[0, []], [33, [33, 9, 4]], [4, []], [24, [24, 15, 29, 17, 6]], [15, []], [29, []], [17, []], [6, []], [8, [8, 2, 19, 35, 20]], [2, []], [9, []], [40, [40]], [35, []], [20, []], [19, []], [30, [30, 23, 21, 31]], [23, []], [21, []], [31, []]]], [[[33, [33, 9, 4]]], [[32, [32, 1]]], [[16, [16, 10, 14, 36]]], [[24, [24, 15, 29, 17, 6]]], [[3, [3, 27, 28, 12, 37, 11, 13]]], [[22, [22]]], [[8, [8, 2, 19, 35, 20]]], [[40, [40]]], [[18, [18, 25, 5, 26]]], [[7, [7, 34, 38, 39]]], [[30, [30, 23, 21, 31]]]]], [[[[0, [9, 33, 24]], [33, []], [24, []], [9, []], [12, [12, 29, 15]], [29, [6, 32]], [37, [37, 13, 35]], [13, []], [35, []], [15, []], [6, []], [32, []], [8, [8, 18, 7, 21, 5]], [7, []], [18, []], [5, []], [23, [23, 31]], [21, []], [31, []]], [[0, [16, 4, 14]], [16, [36, 17, 10, 1]], [17, []], [36, []], [4, []], [10, []], [1, []], [3, [3, 27, 22, 20, 28, 11]], [28, []], [27, []], [22, []], [14, []], [2, [2, 19, 40, 26, 25]], [20, []], [19, []], [40, []], [25, []], [11, []], [30, [30, 38, 34, 39]], [34, []], [26, []], [38, []], [39, []]]], [[[12, [12, 29, 15]]], [[16, [36, 17, 10, 1]]], [[29, [6, 32]]], [[37, [37, 13, 35]]], [[3, [3, 27, 22, 20, 28, 11]]], [[2, [2, 19, 40, 26, 25]]], [[8, [8, 18, 7, 21, 5]]], [[30, [30, 38, 34, 39]]], [[23, [23, 31]]]]]], "Numrun": 5, "all_fitness": [542.12222150235, 539.52222150235]}
{"file_name": "U_40_1", "number_of_trucks": 2, "drone_capacity": 10, "number_of_drones": 2, "iteration": 3, "best_fitness": 689.7804462475558, "runtime": 52.41587519645691, "best_solution": [[[[0, [9]], [9, []], [16, [16, 6, 1, 36, 12, 11, 35, 37]], [6, [28]], [1, []], [36, []], [12, []], [11, []], [35, []], [37, []], [28, []], [20, [20, 2, 19, 40, 25, 5, 7, 38, 34, 39]], [2, []], [19, []], [40, []], [25, []], [5, []], [7, []], [38, []], [34, []], [39, []]], [[0, [4]], [4, []], [33, [33, 24, 15, 29, 17, 14, 10, 32, 3]], [24, []], [15, []], [29, []], [17, []], [14, []], [10, []], [32, []], [3, []], [27, [27]], [13, [13, 22, 8, 26, 18, 21, 30, 23, 31]], [22, []], [8, []], [26, []], [18, []], [21, []], [30, []], [23, []], [31, []]]], [[[16, [16, 6, 1, 36, 12, 11, 35, 37]]], [[33, [33, 24, 15, 29, 17, 14, 10, 32, 3]]], [[27, [27]]], [[6, [28]]], [[20, [20, 2, 19, 40, 25, 5, 7, 38, 34, 39]]], [[13, [13, 22, 8, 26, 18, 21, 30, 23, 31]]]]], "all_solution": [[[[[0, []], [32, [32, 1]], [1, []], [16, [16, 10, 14, 36]], [10, []], [14, []], [36, []], [3, [3, 27, 28, 12, 37, 11, 13]], [22, [22]], [27, []], [28, []], [12, []], [37, []], [18, [18, 25, 5, 26]], [25, []], [11, []], [5, []], [7, [7, 34, 38, 39]], [13, []], [34, []], [26, []], [38, []], [39, []]], [[0, []], [33, [33, 9, 4]], [4, []], [24, [24, 15, 29, 17, 6]], [15, []], [29, []], [17, []], [6, []], [8, [8, 2, 19, 35, 20]], [2, []], [9, []], [40, [40]], [35, []], [20, []], [19, []], [30, [30, 23, 21, 31]], [23, []], [21, []], [31, []]]], [[[33, [33, 9, 4]]], [[32, [32, 1]]], [[16, [16, 10, 14, 36]]], [[24, [24, 15, 29, 17, 6]]], [[3, [3, 27, 28, 12, 37, 11, 13]]], [[22, [22]]], [[8, [8, 2, 19, 35, 20]]], [[40, [40]]], [[18, [18, 25, 5, 26]]], [[7, [7, 34, 38, 39]]], [[30, [30, 23, 21, 31]]]]], [[[[0, [9, 33, 24]], [33, []], [24, []], [9, []], [12, [12, 29, 15]], [29, [6, 32]], [37, [37, 13, 35]], [13, []], [35, []], [15, []], [6, []], [32, []], [8, [8, 18, 7, 21, 5]], [7, []], [18, []], [5, []], [23, [23, 31]], [21, []], [31, []]], [[0, [16, 4, 14]], [16, [36, 17, 10, 1]], [17, []], [36, []], [4, []], [10, []], [1, []], [3, [3, 27, 22, 20, 28, 11]], [28, []], [27, []], [22, []], [14, []], [2, [2, 19, 40, 26, 25]], [20, []], [19, []], [40, []], [25, []], [11, []], [30, [30, 38, 34, 39]], [34, []], [26, []], [38, []], [39, []]]], [[[12, [12, 29, 15]]], [[16, [36, 17, 10, 1]]], [[29, [6, 32]]], [[37, [37, 13, 35]]], [[3, [3, 27, 22, 20, 28, 11]]], [[2, [2, 19, 40, 26, 25]]], [[8, [8, 18, 7, 21, 5]]], [[30, [30, 38, 34, 39]]], [[23, [23, 31]]]]], [[[[0, [9]], [9, []], [16, [16, 6, 1, 36, 12, 11, 35, 37]], [6, [28]], [1, []], [36, []], [12, []], [11, []], [35, []], [37, []], [28, []], [20, [20, 2, 19, 40, 25, 5, 7, 38, 34, 39]], [2, []], [19, []], [40, []], [25, []], [5, []], [7, []], [38, []], [34, []], [39, []]], [[0, [4]], [4, []], [33, [33, 24, 15, 29, 17, 14, 10, 32, 3]], [24, []], [15, []], [29, []], [17, []], [14, []], [10, []], [32, []], [3, []], [27, [27]], [13, [13, 22, 8, 26, 18, 21, 30, 23, 31]], [22, []], [8, []], [26, []], [18, []], [21, []], [30, []], [23, []], [31, []]]], [[[16, [16, 6, 1, 36, 12, 11, 35, 37]]], [[33, [33, 24, 15, 29, 17, 14, 10, 32, 3]]], [[27, [27]]], [[6, [28]]], [[20, [20, 2, 19, 40, 25, 5, 7, 38, 34, 39]]], [[13, [13, 22, 8, 26, 18, 21, 30, 23, 31]]]]]], "Numrun": 5, "all_fitness": [542.12222150235, 539.52222150235, 689.7804462475558]}
{"file_name": "U_40_1", "number_of_trucks": 2, "drone_capacity": 10, "number_of_drones": 2, "iteration": 4, "best_fitness": 623.400558630902,