{"file_name": "U_40_1", "number_of_trucks": 2, "drone_capacity": 10, "number_of_drones": 2, "iteration": 1, "best_fitness": 560.4489058667303, "runtime": 3765.9823005199432, "best_solution": [[[[0, [40, 2, 15, 36, 34, 35]], [35, []], [15, []], [36, []], [2, []], [34, []], [40, []], [24, [24, 27, 9, 12]], [27, []], [9, []], [19, [19, 17, 16, 11, 4, 3]], [17, []], [4, []], [16, []], [3, []], [12, []], [11, []]], [[0, []], [28, [28, 37, 14, 10, 7, 22, 21, 30, 18]], [14, []], [10, []], [7, []], [22, []], [21, []], [30, []], [26, [26, 31, 6, 38]], [6, []], [33, [33, 32, 29, 39, 8]], [31, []], [18, []], [29, []], [32, []], [37, []], [39, []], [8, []], [38, []], [5, [5, 25, 23, 13]], [23, []], [13, []], [25, []], [20, [20, 1]], [1, []]]], [[[28, [28, 37, 14, 10, 7, 22, 21, 30, 18]]], [[26, [26, 31, 6, 38]]], [[33, [33, 32, 29, 39, 8]]], [[5, [5, 25, 23, 13]]], [[24, [24, 27, 9, 12]]], [[19, [19, 17, 16, 11, 4, 3]]], [[20, [20, 1]]]]], "all_solution": [[[[[0, [40, 2, 15, 36, 34, 35]], [35, []], [15, []], [36, []], [2, []], [34, []], [40, []], [24, [24, 27, 9, 12]], [27, []], [9, []], [19, [19, 17, 16, 11, 4, 3]], [17, []], [4, []], [16, []], [3, []], [12, []], [11, []]], [[0, []], [28, [28, 37, 14, 10, 7, 22, 21, 30, 18]], [14, []], [10, []], [7, []], [22, []], [21, []], [30, []], [26, [26, 31, 6, 38]], [6, []], [33, [33, 32, 29, 39, 8]], [31, []], [18, []], [29, []], [32, []], [37, []], [39, []], [8, []], [38, []], [5, [5, 25, 23, 13]], [23, []], [13, []], [25, []], [20, [20, 1]], [1, []]]], [[[28, [28, 37, 14, 10, 7, 22, 21, 30, 18]]], [[26, [26, 31, 6, 38]]], [[33, [33, 32, 29, 39, 8]]], [[5, [5, 25, 23, 13]]], [[24, [24, 27, 9, 12]]], [[19, [19, 17, 16, 11, 4, 3]]], [[20, [20, 1]]]]]], "Numrun": 5, "all_fitness": [560.4489058667303]}
{"file_name": "U_40_1", "number_of_trucks": 2, "drone_capacity": 10, "number_of_drones": 2, "iteration": 2, "best_fitness": 707.2572103883671, "runtime": 49.17181348800659, "best_solution": [[[[0, [22, 10, 30, 28, 21, 15]], [22, []], [10, []], [30, [34, 36, 29]], [28, []], [21, []], [15, []], [34, []], [36, []], [29, []], [26, [26, 39, 8, 13, 24, 12, 3, 4, 17, 16]], [39, []], [8, []], [13, []], [24, []], [12, []], [3, []], [4, []], [17, []], [16, []]], [[0, [18, 7, 14]], [18, []], [7, []], [14, []], [31, [31, 35, 37, 38, 40, 2, 32, 6]], [35, []], [37, []], [38, []], [40, []], [2, []], [32, []], [6, []], [33, [33, 27, 19, 9, 11, 23, 5, 1, 25, 20]], [27, []], [19, []], [9, []], [11, []], [23, []], [5, []], [1, []], [25, []], [20, []]]], [[[30, [34, 36, 29]]], [[31, [31, 35, 37, 38, 40, 2, 32, 6]]], [[26, [26, 39, 8, 13, 24, 12, 3, 4, 17, 16]]], [[33, [33, 27, 19, 9, 11, 23, 5, 1, 25, 20]]]]], "all_solution": [[[[[0, [40, 2, 15, 36, 34, 35]], [35, []], [15, []], [36, []], [2, []], [34, []], [40, []], [24, [24, 27, 9, 12]], [27, []], [9, []], [19, [19, 17, 16, 11, 4, 3]], [17, []], [4, []], [16, []], [3, []], [12, []], [11, []]], [[0, []], [28, [28, 37, 14, 10, 7, 22, 21, 30, 18]], [14, []], [10, []], [7, []], [22, []], [21, []], [30, []], [26, [26, 31, 6, 38]], [6, []], [33, [33, 32, 29, 39, 8]], [31, []], [18, []], [29, []], [32, []], [37, []], [39, []], [8, []], [38, []], [5, [5, 25, 23, 13]], [23, []], [13, []], [25, []], [20, [20, 1]], [1, []]]], [[[28, [28, 37, 14, 10, 7, 22, 21, 30, 18]]], [[26, [26, 31, 6, 38]]], [[33, [33, 32, 29, 39, 8]]], [[5, [5, 25, 23, 13]]], [[24, [24, 27, 9, 12]]], [[19, [19, 17, 16, 11, 4, 3]]], [[20, [20, 1]]]]], [[[[0, [22, 10, 30, 28, 21, 15]], [22, []], [10, []], [30, [34, 36, 29]], [28, []], [21, []], [15, []], [34, []], [36, []], [29, []], [26, [26, 39, 8, 13, 24, 12, 3, 4, 17, 16]], [39, []], [8, []], [13, []], [24, []], [12, []], [3, []], [4, []], [17, []], [16, []]], [[0, [18, 7, 14]], [18, []], [7, []], [14, []], [31, [31, 35, 37, 38, 40, 2, 32, 6]], [35, []], [37, []], [38, []], [40, []], [2, []], [32, []], [6, []], [33, [33, 27, 19, 9, 11, 23, 5, 1, 25, 20]], [27, []], [19, []], [9, []], [11, []], [23, []], [5, []], [1, []], [25, []], [20, []]]], [[[30, [34, 36, 29]]], [[31, [31, 35, 37, 38, 40, 2, 32, 6]]], [[26, [26, 39, 8, 13, 24, 12, 3, 4, 17, 16]]], [[33, [33, 27, 19, 9, 11, 23, 5, 1, 25, 20]]]]]], "Numrun": 5, "all_fitness": [560.4489058667303, 707.2572103883671]}
{"file_name": "U_40_1", "number_of_trucks": 2, "drone_capacity": 10, "number_of_drones": 2, "iteration": 3, "best_fitness": 667.9157514902687, "runtime": 54.90807914733887, "best_solution": [[[[0, []], [10, [10]], [21, [21, 32, 29, 26, 39, 8]], [32, []], [29, []], [26, []], [39, []], [8, []], [13, [13, 24, 12, 11, 15, 23, 1, 3, 4, 16]], [24, []], [12, []], [11, []], [15, []], [23, []], [1, []], [3, []], [4, []], [16, []]], [[0, [18, 7, 28]], [18, []], [7, []], [28, []], [22, [22, 30, 31, 35, 37, 38, 40]], [30, []], [31, []], [35, []], [37, []], [38, [2, 14, 34, 36, 6, 33]], [40, []], [2, []], [14, []], [34, []], [36, []], [6, []], [33, []], [27, [27, 19, 9, 17, 5, 25, 20]], [19, []], [9, []], [17, []], [5, []], [25, []], [20, []]]], [[[22, [22, 30, 31, 35, 37, 38, 40]]], [[38, [2, 14, 34, 36, 6, 33]]], [[10, [10]]], [[21, [21, 32, 29, 26, 39, 8]]], [[13, [13, 24, 12, 11, 15, 23, 1, 3, 4, 16]]], [[27, [27, 19, 9, 17, 5, 25, 20]]]]], "all_solution": [[[[[0, [40, 2, 15, 36, 34, 35]], [35, []], [15, []], [36, []], [2, []], [34, []], [40, []], [24, [24, 27, 9, 12]], [27, []], [9, []], [19, [19, 17, 16, 11, 4, 3]], [17, []], [4, []], [16, []], [3, []], [12, []], [11, []]], [[0, []], [28, [28, 37, 14, 10, 7, 22, 21, 30, 18]], [14, []], [10, []], [7, []], [22, []], [21, []], [30, []], [26, [26, 31, 6, 38]], [6, []], [33, [33, 32, 29, 39, 8]], [31, []], [18, []], [29, []], [32, []], [37, []], [39, []], [8, []], [38, []], [5, [5, 25, 23, 13]], [23, []], [13, []], [25, []], [20, [20, 1]], [1, []]]], [[[28, [28, 37, 14, 10, 7, 22, 21, 30, 18]]], [[26, [26, 31, 6, 38]]], [[33, [33, 32, 29, 39, 8]]], [[5, [5, 25, 23, 13]]], [[24, [24, 27, 9, 12]]], [[19, [19, 17, 16, 11, 4, 3]]], [[20, [20, 1]]]]], [[[[0, [22, 10, 30, 28, 21, 15]], [22, []], [10, []], [30, [34, 36, 29]], [28, []], [21, []], [15, []], [34, []], [36, []], [29, []], [26, [26, 39, 8, 13, 24, 12, 3, 4, 17, 16]], [39, []], [8, []], [13, []], [24, []], [12, []], [3, []], [4, []], [17, []], [16, []]], [[0, [18, 7, 14]], [18, []], [7, []], [14, []], [31, [31, 35, 37, 38, 40, 2, 32, 6]], [35, []], [37, []], [38, []], [40, []], [2, []], [32, []], [6, []], [33, [33, 27, 19, 9, 11, 23, 5, 1, 25, 20]], [27, []], [19, []], [9, []], [11, []], [23, []], [5, []], [1, []], [25, []], [20, []]]], [[[30, [34, 36, 29]]], [[31, [31, 35, 37, 38, 40, 2, 32, 6]]], [[26, [26, 39, 8, 13, 24, 12, 3, 4, 17, 16]]], [[33, [33, 27, 19, 9, 11, 23, 5, 1, 25, 20]]]]], [[[[0, []], [10, [10]], [21, [21, 32, 29, 26, 39, 8]], [32, []], [29, []], [26, []], [39, []], [8, []], [13, [13, 24, 12, 11, 15, 23, 1, 3, 4, 16]], [24, []], [12, []], [11, []], [15, []], [23, []], [1, []], [3, []], [4, []], [16, []]], [[0, [18, 7, 28]], [18, []], [7, []], [28, []], [22, [22, 30, 31, 35, 37, 38, 40]], [30, []], [31, []], [35, []], [37, []], [38, [2, 14, 34, 36, 6, 33]], [40, []], [2, []], [14, []], [34, []], [36, []], [6, []], [33, []], [27, [27, 19, 9, 17, 5, 25, 20]], [19, []], [9, []], [17, []], [5, []], [25, []], [20, []]]], [[[22, [22, 30, 31, 35, 37, 38, 40]]], [[38, [2, 14, 34, 36, 6, 33]]], [[10, [10]]], [[21, [21, 32, 29, 26, 39, 8]]], [[13, [13, 24, 12, 11, 15, 23, 1, 3, 4, 16]]], [[27, [27, 19, 9, 17, 5, 25, 20]]]]]], "Numrun": 5, "all_fitness": [560.4489058667303, 707.2572103883671, 667.9157514902687]}
{"file_name": "U_40_1", "number_of_trucks": 2, "drone_capacity": 10, "number_of_drones": 2, "iteration": 4, "best_fitness": 687.9172967948789, "runtime": 59.28693699836731,