{"file_name": "U_40_1", "number_of_trucks": 2, "drone_capacity": 10, "number_of_drones": 2, "iteration": 1, "best_fitness": 433.11575149026856, "runtime": 2988.9590635299683, "best_solution": [[[[0, []], [21, [8, 21]], [8, []], [38, [38, 6, 1]], [6, []], [15, [15, 19, 9, 3, 12]], [1, []], [12, []], [3, []], [19, []], [28, [28, 32, 4, 7, 11, 18, 26]], [4, []], [9, []], [32, []], [10, [10, 27, 30, 29]], [29, []], [18, []], [7, []], [27, []], [30, []], [11, []], [26, []]], [[0, [16]], [16, []], [17, [17, 22, 23]], [22, []], [23, []], [34, [34, 2, 14, 39, 40, 31]], [2, []], [40, []], [37, [37, 35, 20, 25, 5, 33]], [14, []], [35, []], [39, []], [20, []], [13, [13, 36, 24]], [25, []], [5, []], [36, []], [33, []], [24, []], [31, []]]], [[[21, [8, 21]]], [[38, [38, 6, 1]]], [[17, [17, 22, 23]]], [[15, [15, 19, 9, 3, 12]]], [[34, [34, 2, 14, 39, 40, 31]]], [[37, [37, 35, 20, 25, 5, 33]]], [[28, [28, 32, 4, 7, 11, 18, 26]]], [[13, [13, 36, 24]]], [[10, [10, 27, 30, 29]]]]], "all_solution": [[[[[0, []], [21, [8, 21]], [8, []], [38, [38, 6, 1]], [6, []], [15, [15, 19, 9, 3, 12]], [1, []], [12, []], [3, []], [19, []], [28, [28, 32, 4, 7, 11, 18, 26]], [4, []], [9, []], [32, []], [10, [10, 27, 30, 29]], [29, []], [18, []], [7, []], [27, []], [30, []], [11, []], [26, []]], [[0, [16]], [16, []], [17, [17, 22, 23]], [22, []], [23, []], [34, [34, 2, 14, 39, 40, 31]], [2, []], [40, []], [37, [37, 35, 20, 25, 5, 33]], [14, []], [35, []], [39, []], [20, []], [13, [13, 36, 24]], [25, []], [5, []], [36, []], [33, []], [24, []], [31, []]]], [[[21, [8, 21]]], [[38, [38, 6, 1]]], [[17, [17, 22, 23]]], [[15, [15, 19, 9, 3, 12]]], [[34, [34, 2, 14, 39, 40, 31]]], [[37, [37, 35, 20, 25, 5, 33]]], [[28, [28, 32, 4, 7, 11, 18, 26]]], [[13, [13, 36, 24]]], [[10, [10, 27, 30, 29]]]]]], "Numrun": 5, "all_fitness": [433.11575149026856]}
{"file_name": "U_40_1", "number_of_trucks": 2, "drone_capacity": 10, "number_of_drones": 2, "iteration": 2, "best_fitness": 431.8357514902686, "runtime": 713.0428264141083, "best_solution": [[[[0, [21]], [21, []], [8, [8]], [23, [23, 38, 1, 22, 40]], [22, []], [1, []], [38, []], [5, [5, 14, 20, 26, 2, 34]], [40, []], [20, []], [25, [25, 39, 7]], [2, []], [34, []], [39, []], [14, []], [10, [10, 30, 29, 32]], [29, []], [32, []], [7, []], [27, [27]], [30, []], [26, []]], [[0, []], [16, [16]], [12, [12, 17]], [17, []], [31, [31, 3, 18, 9, 6, 19]], [3, []], [19, []], [4, [4, 37, 15, 33, 28, 35]], [28, []], [9, []], [18, []], [37, []], [35, []], [13, [13, 36, 24, 11]], [15, []], [36, []], [33, []], [6, []], [24, []], [11, []]]], [[[16, [16]]], [[8, [8]]], [[12, [12, 17]]], [[23, [23, 38, 1, 22, 40]]], [[31, [31, 3, 18, 9, 6, 19]]], [[4, [4, 37, 15, 33, 28, 35]]], [[5, [5, 14, 20, 26, 2, 34]]], [[25, [25, 39, 7]]], [[13, [13, 36, 24, 11]]], [[10, [10, 30, 29, 32]]], [[27, [27]]]]], "all_solution": [[[[[0, []], [21, [8, 21]], [8, []], [38, [38, 6, 1]], [6, []], [15, [15, 19, 9, 3, 12]], [1, []], [12, []], [3, []], [19, []], [28, [28, 32, 4, 7, 11, 18, 26]], [4, []], [9, []], [32, []], [10, [10, 27, 30, 29]], [29, []], [18, []], [7, []], [27, []], [30, []], [11, []], [26, []]], [[0, [16]], [16, []], [17, [17, 22, 23]], [22, []], [23, []], [34, [34, 2, 14, 39, 40, 31]], [2, []], [40, []], [37, [37, 35, 20, 25, 5, 33]], [14, []], [35, []], [39, []], [20, []], [13, [13, 36, 24]], [25, []], [5, []], [36, []], [33, []], [24, []], [31, []]]], [[[21, [8, 21]]], [[38, [38, 6, 1]]], [[17, [17, 22, 23]]], [[15, [15, 19, 9, 3, 12]]], [[34, [34, 2, 14, 39, 40, 31]]], [[37, [37, 35, 20, 25, 5, 33]]], [[28, [28, 32, 4, 7, 11, 18, 26]]], [[13, [13, 36, 24]]], [[10, [10, 27, 30, 29]]]]], [[[[0, [21]], [21, []], [8, [8]], [23, [23, 38, 1, 22, 40]], [22, []], [1, []], [38, []], [5, [5, 14, 20, 26, 2, 34]], [40, []], [20, []], [25, [25, 39, 7]], [2, []], [34, []], [39, []], [14, []], [10, [10, 30, 29, 32]], [29, []], [32, []], [7, []], [27, [27]], [30, []], [26, []]], [[0, []], [16, [16]], [12, [12, 17]], [17, []], [31, [31, 3, 18, 9, 6, 19]], [3, []], [19, []], [4, [4, 37, 15, 33, 28, 35]], [28, []], [9, []], [18, []], [37, []], [35, []], [13, [13, 36, 24, 11]], [15, []], [36, []], [33, []], [6, []], [24, []], [11, []]]], [[[16, [16]]], [[8, [8]]], [[12, [12, 17]]], [[23, [23, 38, 1, 22, 40]]], [[31, [31, 3, 18, 9, 6, 19]]], [[4, [4, 37, 15, 33, 28, 35]]], [[5, [5, 14, 20, 26, 2, 34]]], [[25, [25, 39, 7]]], [[13, [13, 36, 24, 11]]], [[10, [10, 30, 29, 32]]], [[27, [27]]]]]], "Numrun": 5, "all_fitness": [433.11575149026856, 431.8357514902686]}
{"file_name": "U_40_1", "number_of_trucks": 2, "drone_capacity": 10, "number_of_drones": 2, "iteration": 3, "best_fitness": 530.9594079719046, "runtime": 56.450719118118286, "best_solution": [[[[0, [6]], [6, []], [19, [19]], [3, [3, 15, 40, 39, 8, 33, 38, 5]], [15, []], [40, []], [39, []], [8, []], [33, []], [38, []], [5, []], [25, [25, 20, 13, 23, 36, 31, 11, 28, 4, 30]], [20, []], [13, []], [23, []], [36, []], [31, []], [11, []], [28, []], [4, []], [30, []]], [[0, []], [21, [21, 12, 17, 16]], [12, []], [17, [9, 18, 22, 1, 34, 2]], [16, []], [9, []], [18, []], [22, []], [1, []], [34, []], [2, []], [37, [37, 35, 7, 32, 29, 14, 10, 27, 24, 26]], [35, []], [7, []], [32, []], [29, []], [14, []], [10, []], [27, []], [24, []], [26, []]]], [[[21, [21, 12, 17, 16]]], [[19, [19]]], [[17, [9, 18, 22, 1, 34, 2]]], [[3, [3, 15, 40, 39, 8, 33, 38, 5]]], [[37, [37, 35, 7, 32, 29, 14, 10, 27, 24, 26]]], [[25, [25, 20, 13, 23, 36, 31, 11, 28, 4, 30]]]]], "all_solution": [[[[[0, []], [21, [8, 21]], [8, []], [38, [38, 6, 1]], [6, []], [15, [15, 19, 9, 3, 12]], [1, []], [12, []], [3, []], [19, []], [28, [28, 32, 4, 7, 11, 18, 26]], [4, []], [9, []], [32, []], [10, [10, 27, 30, 29]], [29, []], [18, []], [7, []], [27, []], [30, []], [11, []], [26, []]], [[0, [16]], [16, []], [17, [17, 22, 23]], [22, []], [23, []], [34, [34, 2, 14, 39, 40, 31]], [2, []], [40, []], [37, [37, 35, 20, 25, 5, 33]], [14, []], [35, []], [39, []], [20, []], [13, [13, 36, 24]], [25, []], [5, []], [36, []], [33, []], [24, []], [31, []]]], [[[21, [8, 21]]], [[38, [38, 6, 1]]], [[17, [17, 22, 23]]], [[15, [15, 19, 9, 3, 12]]], [[34, [34, 2, 14, 39, 40, 31]]], [[37, [37, 35, 20, 25, 5, 33]]], [[28, [28, 32, 4, 7, 11, 18, 26]]], [[13, [13, 36, 24]]], [[10, [10, 27, 30, 29]]]]], [[[[0, [21]], [21, []], [8, [8]], [23, [23, 38, 1, 22, 40]], [22, []], [1, []], [38, []], [5, [5, 14, 20, 26, 2, 34]], [40, []], [20, []], [25, [25, 39, 7]], [2, []], [34, []], [39, []], [14, []], [10, [10, 30, 29, 32]], [29, []], [32, []], [7, []], [27, [27]], [30, []], [26, []]], [[0, []], [16, [16]], [12, [12, 17]], [17, []], [31, [31, 3, 18, 9, 6, 19]], [3, []], [19, []], [4, [4, 37, 15, 33, 28, 35]], [28, []], [9, []], [18, []], [37, []], [35, []], [13, [13, 36, 24, 11]], [15, []], [36, []], [33, []], [6, []], [24, []], [11, []]]], [[[16, [16]]], [[8, [8]]], [[12, [12, 17]]], [[23, [23, 38, 1, 22, 40]]], [[31, [31, 3, 18, 9, 6, 19]]], [[4, [4, 37, 15, 33, 28, 35]]], [[5, [5, 14, 20, 26, 2, 34]]], [[25, [25, 39, 7]]], [[13, [13, 36, 24, 11]]], [[10, [10, 30, 29, 32]]], [[27, [27]]]]], [[[[0, [6]], [6, []], [19, [19]], [3, [3, 15, 40, 39, 8, 33, 38, 5]], [15, []], [40, []], [39, []], [8, []], [33, []], [38, []], [5, []], [25, [25, 20, 13, 23, 36, 31, 11, 28, 4, 30]], [20, []], [13, []], [23, []], [36, []], [31, []], [11, []], [28, []], [4, []], [30, []]], [[0, []], [21, [21, 12, 17, 16]], [12, []], [17, [9, 18, 22, 1, 34, 2]], [16, []], [9, []], [18, []], [22, []], [1, []], [34, []], [2, []], [37, [37, 35, 7, 32, 29, 14, 10, 27, 24, 26]], [35, []], [7, []], [32, []], [29, []], [14, []], [10, []], [27, []], [24, []], [26, []]]], [[[21, [21, 12, 17, 16]]], [[19, [19]]], [[17, [9, 18, 22, 1, 34, 2]]], [[3, [3, 15, 40, 39, 8, 33, 38, 5]]], [[37, [37, 35, 7, 32, 29, 14, 10, 27, 24, 26]]], [[25, [25, 20, 13, 23, 36, 31, 11, 28, 4, 30]]]]]], "Numrun": 5, "all_fitness": [433.11575149026856, 431.8357514902686, 530.9594079719046]}
{"file_name": "U_40_1", "number_of_trucks": 2, "drone_capacity": 10, "number_of_drones": 2,