{"file_name": "U_40_0", "number_of_trucks": 2, "drone_capacity": 10, "number_of_drones": 2, "iteration": 1, "best_fitness": 362.7115909753056, "runtime": 3760.6832609176636, "best_solution": [[[[0, [2, 34]], [2, []], [35, [35, 6, 18, 21, 19]], [6, []], [18, []], [34, []], [21, []], [19, []], [30, [30, 26, 22, 27, 32, 33]], [26, []], [22, []], [20, [20, 17, 40, 29]], [32, []], [27, []], [33, []], [17, []], [29, []], [40, []]], [[0, [36, 10]], [10, []], [36, []], [4, [4, 3, 37, 7, 12, 23, 9, 5]], [3, []], [37, []], [7, []], [24, [24, 11, 8, 28, 13, 1, 39, 14, 15]], [11, []], [12, []], [28, []], [8, []], [23, []], [9, []], [16, [16, 38, 31, 25]], [25, []], [5, []], [13, []], [38, []], [1, []], [14, []], [31, []], [15, []], [39, []]]], [[[35, [35, 6, 18, 21, 19]]], [[4, [4, 3, 37, 7, 12, 23, 9, 5]]], [[24, [24, 11, 8, 28, 13, 1, 39, 14, 15]]], [[30, [30, 26, 22, 27, 32, 33]]], [[20, [20, 17, 40, 29]]], [[16, [16, 38, 31, 25]]]]], "all_solution": [[[[[0, [2, 34]], [2, []], [35, [35, 6, 18, 21, 19]], [6, []], [18, []], [34, []], [21, []], [19, []], [30, [30, 26, 22, 27, 32, 33]], [26, []], [22, []], [20, [20, 17, 40, 29]], [32, []], [27, []], [33, []], [17, []], [29, []], [40, []]], [[0, [36, 10]], [10, []], [36, []], [4, [4, 3, 37, 7, 12, 23, 9, 5]], [3, []], [37, []], [7, []], [24, [24, 11, 8, 28, 13, 1, 39, 14, 15]], [11, []], [12, []], [28, []], [8, []], [23, []], [9, []], [16, [16, 38, 31, 25]], [25, []], [5, []], [13, []], [38, []], [1, []], [14, []], [31, []], [15, []], [39, []]]], [[[35, [35, 6, 18, 21, 19]]], [[4, [4, 3, 37, 7, 12, 23, 9, 5]]], [[24, [24, 11, 8, 28, 13, 1, 39, 14, 15]]], [[30, [30, 26, 22, 27, 32, 33]]], [[20, [20, 17, 40, 29]]], [[16, [16, 38, 31, 25]]]]]], "Numrun": 5, "all_fitness": [362.7115909753056]}
{"file_name": "U_40_0", "number_of_trucks": 2, "drone_capacity": 10, "number_of_drones": 2, "iteration": 2, "best_fitness": 438.9319538901936, "runtime": 48.00861048698425, "best_solution": [[[[0, [27]], [34, [39, 34, 21, 19, 12, 22, 23, 9, 32, 25]], [21, []], [19, []], [12, []], [22, []], [23, []], [9, []], [32, []], [25, []], [27, []], [5, [5, 33, 17, 14, 1, 31, 10, 15, 40]], [33, []], [17, []], [14, []], [1, []], [31, []], [10, []], [15, []], [40, []], [39, []]], [[0, [2, 6, 35, 7, 37, 36, 4, 24, 11, 18]], [2, [20, 28, 26, 30, 8, 16, 13, 38, 3, 29]], [6, []], [35, []], [7, []], [37, []], [36, []], [4, []], [24, []], [11, []], [18, []], [20, []], [28, []], [26, []], [30, []], [8, []], [16, []], [13, []], [38, []], [3, []], [29, []]]], [[[34, [39, 34, 21, 19, 12, 22, 23, 9, 32, 25]]], [[2, [20, 28, 26, 30, 8, 16, 13, 38, 3, 29]]], [[5, [5, 33, 17, 14, 1, 31, 10, 15, 40]]]]], "all_solution": [[[[[0, [2, 34]], [2, []], [35, [35, 6, 18, 21, 19]], [6, []], [18, []], [34, []], [21, []], [19, []], [30, [30, 26, 22, 27, 32, 33]], [26, []], [22, []], [20, [20, 17, 40, 29]], [32, []], [27, []], [33, []], [17, []], [29, []], [40, []]], [[0, [36, 10]], [10, []], [36, []], [4, [4, 3, 37, 7, 12, 23, 9, 5]], [3, []], [37, []], [7, []], [24, [24, 11, 8, 28, 13, 1, 39, 14, 15]], [11, []], [12, []], [28, []], [8, []], [23, []], [9, []], [16, [16, 38, 31, 25]], [25, []], [5, []], [13, []], [38, []], [1, []], [14, []], [31, []], [15, []], [39, []]]], [[[35, [35, 6, 18, 21, 19]]], [[4, [4, 3, 37, 7, 12, 23, 9, 5]]], [[24, [24, 11, 8, 28, 13, 1, 39, 14, 15]]], [[30, [30, 26, 22, 27, 32, 33]]], [[20, [20, 17, 40, 29]]], [[16, [16, 38, 31, 25]]]]], [[[[0, [27]], [34, [39, 34, 21, 19, 12, 22, 23, 9, 32, 25]], [21, []], [19, []], [12, []], [22, []], [23, []], [9, []], [32, []], [25, []], [27, []], [5, [5, 33, 17, 14, 1, 31, 10, 15, 40]], [33, []], [17, []], [14, []], [1, []], [31, []], [10, []], [15, []], [40, []], [39, []]], [[0, [2, 6, 35, 7, 37, 36, 4, 24, 11, 18]], [2, [20, 28, 26, 30, 8, 16, 13, 38, 3, 29]], [6, []], [35, []], [7, []], [37, []], [36, []], [4, []], [24, []], [11, []], [18, []], [20, []], [28, []], [26, []], [30, []], [8, []], [16, []], [13, []], [38, []], [3, []], [29, []]]], [[[34, [39, 34, 21, 19, 12, 22, 23, 9, 32, 25]]], [[2, [20, 28, 26, 30, 8, 16, 13, 38, 3, 29]]], [[5, [5, 33, 17, 14, 1, 31, 10, 15, 40]]]]]], "Numrun": 5, "all_fitness": [362.7115909753056, 438.9319538901936]}
{"file_name": "U_40_0", "number_of_trucks": 2, "drone_capacity": 10, "number_of_drones": 2, "iteration": 3, "best_fitness": 486.48, "runtime": 43.17045259475708, "best_solution": [[[[0, [2, 6, 18, 22, 35, 34, 25, 27, 5, 16, 13, 3, 37, 4, 7, 24, 40]], [2, []], [6, []], [18, []], [22, []], [35, []], [34, []], [25, []], [27, []], [5, []], [16, []], [13, []], [3, []], [37, []], [4, []], [7, []], [24, []], [40, []]], [[0, [36, 33, 32, 21, 12, 9, 23, 19, 26, 30, 8, 28, 20, 11, 38, 1, 17, 14, 31, 10, 15, 29, 39]], [36, []], [33, []], [32, []], [21, []], [12, []], [9, []], [23, []], [19, []], [26, []], [30, []], [8, []], [28, []], [20, []], [11, []], [38, []], [1, []], [17, []], [14, []], [31, []], [10, []], [15, []], [29, []], [39, []]]], []], "all_solution": [[[[[0, [2, 34]], [2, []], [35, [35, 6, 18, 21, 19]], [6, []], [18, []], [34, []], [21, []], [19, []], [30, [30, 26, 22, 27, 32, 33]], [26, []], [22, []], [20, [20, 17, 40, 29]], [32, []], [27, []], [33, []], [17, []], [29, []], [40, []]], [[0, [36, 10]], [10, []], [36, []], [4, [4, 3, 37, 7, 12, 23, 9, 5]], [3, []], [37, []], [7, []], [24, [24, 11, 8, 28, 13, 1, 39, 14, 15]], [11, []], [12, []], [28, []], [8, []], [23, []], [9, []], [16, [16, 38, 31, 25]], [25, []], [5, []], [13, []], [38, []], [1, []], [14, []], [31, []], [15, []], [39, []]]], [[[35, [35, 6, 18, 21, 19]]], [[4, [4, 3, 37, 7, 12, 23, 9, 5]]], [[24, [24, 11, 8, 28, 13, 1, 39, 14, 15]]], [[30, [30, 26, 22, 27, 32, 33]]], [[20, [20, 17, 40, 29]]], [[16, [16, 38, 31, 25]]]]], [[[[0, [27]], [34, [39, 34, 21, 19, 12, 22, 23, 9, 32, 25]], [21, []], [19, []], [12, []], [22, []], [23, []], [9, []], [32, []], [25, []], [27, []], [5, [5, 33, 17, 14, 1, 31, 10, 15, 40]], [33, []], [17, []], [14, []], [1, []], [31, []], [10, []], [15, []], [40, []], [39, []]], [[0, [2, 6, 35, 7, 37, 36, 4, 24, 11, 18]], [2, [20, 28, 26, 30, 8, 16, 13, 38, 3, 29]], [6, []], [35, []], [7, []], [37, []], [36, []], [4, []], [24, []], [11, []], [18, []], [20, []], [28, []], [26, []], [30, []], [8, []], [16, []], [13, []], [38, []], [3, []], [29, []]]], [[[34, [39, 34, 21, 19, 12, 22, 23, 9, 32, 25]]], [[2, [20, 28, 26, 30, 8, 16, 13, 38, 3, 29]]], [[5, [5, 33, 17, 14, 1, 31, 10, 15, 40]]]]], [[[[0, [2, 6, 18, 22, 35, 34, 25, 27, 5, 16, 13, 3, 37, 4, 7, 24, 40]], [2, []], [6, []], [18, []], [22, []], [35, []], [34, []], [25, []], [27, []], [5, []], [16, []], [13, []], [3, []], [37, []], [4, []], [7, []], [24, []], [40, []]], [[0, [36, 33, 32, 21, 12, 9, 23, 19, 26, 30, 8, 28, 20, 11, 38, 1, 17, 14, 31, 10, 15, 29, 39]], [36, []], [33, []], [32, []], [21, []], [12, []], [9, []], [23, []], [19, []], [26, []], [30, []], [8, []], [28, []], [20, []], [11, []], [38, []], [1, []], [17, []], [14, []], [31, []], [10, []], [15, []], [29, []], [39, []]]], []]], "Numrun": 5, "all_fitness": [362.7115909753056, 438.9319538901936, 486.48]}
{"file_name": "U_40_0", "number_of_trucks": 2, "drone_capacity": 10, "number_of_drones": 2, "iteration": 4, "best_fitness": 379.03999999999996, "runtime": 59.701831340789795, "best_solution": [[[[0, []], [6, [6, 18, 7, 37, 36]], [18, []], [7, [4, 3, 14]], [37, []], [36, []], [4, []], [3, []], [14, []], [17, [17, 33, 5, 27, 25, 16, 32, 13, 11, 40]], [33, []], [5, []], [27, []], [25, []], [16, []], [32, []], [13, []], [11, []], [40, []]], [[0, [21]], [21, []], [35, [35, 2, 9, 23]], [2, []], [9, []], [23, []], [12, [12, 22, 26, 30, 19, 8, 28]], [22, []], [26, []], [30, []], [19, []], [8, []], [28, []], [20, [20, 34, 38, 1, 31, 10, 15, 29, 24, 39]], [34, []], [38, []], [1, []], [31, []], [10, []], [15, []], [29, []], [24, []], [39, []]]], [[[6, [6, 18, 7, 37, 36]]], [[35, [35, 2, 9, 23]]], [[7, [4, 3, 14]]], [[12, [12, 22, 26, 30, 19, 8, 28]]], [[17, [17, 33, 5, 27, 25, 16, 32, 13, 11, 40]]], [[20, [20, 34, 38, 1, 31, 10, 15, 29, 24, 39]]]]],