{"file_name": "U_40_1", "number_of_trucks": 2, "drone_capacity": 10, "number_of_drones": 2, "iteration": 1, "best_fitness": 539.1317487449609, "runtime": 3616.258197784424, "best_solution": [[[[0, [16, 10]], [16, []], [29, [29, 26, 27, 8, 35, 25, 24]], [26, []], [27, []], [21, [21, 40]], [8, []], [35, []], [25, []], [17, [17, 32, 31, 14, 39, 6, 30]], [32, []], [31, []], [14, []], [39, []], [4, [4, 38, 37]], [40, []], [37, []], [38, []], [6, []], [24, []], [30, []], [10, []], [36, [36, 18, 34]], [18, []], [34, []]], [[0, [20, 22, 19, 23, 3, 2, 28, 12, 33, 1]], [19, []], [20, [15]], [23, []], [3, []], [22, []], [12, []], [1, []], [28, []], [33, []], [2, []], [13, [13, 11, 7]], [11, []], [15, []], [7, []], [9, [9, 5]], [5, []]]], [[[29, [29, 26, 27, 8, 35, 25, 24]]], [[21, [21, 40]]], [[20, [15]]], [[17, [17, 32, 31, 14, 39, 6, 30]]], [[4, [4, 38, 37]]], [[36, [36, 18, 34]]], [[13, [13, 11, 7]]], [[9, [9, 5]]]]], "all_solution": [[[[[0, [16, 10]], [16, []], [29, [29, 26, 27, 8, 35, 25, 24]], [26, []], [27, []], [21, [21, 40]], [8, []], [35, []], [25, []], [17, [17, 32, 31, 14, 39, 6, 30]], [32, []], [31, []], [14, []], [39, []], [4, [4, 38, 37]], [40, []], [37, []], [38, []], [6, []], [24, []], [30, []], [10, []], [36, [36, 18, 34]], [18, []], [34, []]], [[0, [20, 22, 19, 23, 3, 2, 28, 12, 33, 1]], [19, []], [20, [15]], [23, []], [3, []], [22, []], [12, []], [1, []], [28, []], [33, []], [2, []], [13, [13, 11, 7]], [11, []], [15, []], [7, []], [9, [9, 5]], [5, []]]], [[[29, [29, 26, 27, 8, 35, 25, 24]]], [[21, [21, 40]]], [[20, [15]]], [[17, [17, 32, 31, 14, 39, 6, 30]]], [[4, [4, 38, 37]]], [[36, [36, 18, 34]]], [[13, [13, 11, 7]]], [[9, [9, 5]]]]]], "Numrun": 5, "all_fitness": [539.1317487449609]}
{"file_name": "U_40_1", "number_of_trucks": 2, "drone_capacity": 10, "number_of_drones": 2, "iteration": 2, "best_fitness": 679.287900037101, "runtime": 59.91781544685364, "best_solution": [[[[0, []], [8, [8, 26]], [26, []], [10, [10, 21]], [21, [25, 20, 23, 6, 31, 2]], [25, []], [20, []], [23, []], [6, []], [31, []], [2, []], [39, [39, 14]], [14, []], [30, [30, 4, 19, 34, 13, 9, 5]], [4, []], [19, []], [34, []], [13, []], [9, []], [5, []]], [[0, [16]], [16, []], [29, [29]], [35, [35]], [24, [24, 27, 40, 3, 22, 12, 1, 17]], [27, []], [40, []], [3, []], [22, []], [12, []], [1, []], [17, []], [33, [33, 38, 28]], [38, []], [28, []], [15, [15, 32, 37, 11, 7, 36, 18]], [32, []], [37, []], [11, []], [7, []], [36, []], [18, []]]], [[[29, [29]]], [[35, [35]]], [[8, [8, 26]]], [[10, [10, 21]]], [[24, [24, 27, 40, 3, 22, 12, 1, 17]]], [[21, [25, 20, 23, 6, 31, 2]]], [[39, [39, 14]]], [[33, [33, 38, 28]]], [[30, [30, 4, 19, 34, 13, 9, 5]]], [[15, [15, 32, 37, 11, 7, 36, 18]]]]], "all_solution": [[[[[0, [16, 10]], [16, []], [29, [29, 26, 27, 8, 35, 25, 24]], [26, []], [27, []], [21, [21, 40]], [8, []], [35, []], [25, []], [17, [17, 32, 31, 14, 39, 6, 30]], [32, []], [31, []], [14, []], [39, []], [4, [4, 38, 37]], [40, []], [37, []], [38, []], [6, []], [24, []], [30, []], [10, []], [36, [36, 18, 34]], [18, []], [34, []]], [[0, [20, 22, 19, 23, 3, 2, 28, 12, 33, 1]], [19, []], [20, [15]], [23, []], [3, []], [22, []], [12, []], [1, []], [28, []], [33, []], [2, []], [13, [13, 11, 7]], [11, []], [15, []], [7, []], [9, [9, 5]], [5, []]]], [[[29, [29, 26, 27, 8, 35, 25, 24]]], [[21, [21, 40]]], [[20, [15]]], [[17, [17, 32, 31, 14, 39, 6, 30]]], [[4, [4, 38, 37]]], [[36, [36, 18, 34]]], [[13, [13, 11, 7]]], [[9, [9, 5]]]]], [[[[0, []], [8, [8, 26]], [26, []], [10, [10, 21]], [21, [25, 20, 23, 6, 31, 2]], [25, []], [20, []], [23, []], [6, []], [31, []], [2, []], [39, [39, 14]], [14, []], [30, [30, 4, 19, 34, 13, 9, 5]], [4, []], [19, []], [34, []], [13, []], [9, []], [5, []]], [[0, [16]], [16, []], [29, [29]], [35, [35]], [24, [24, 27, 40, 3, 22, 12, 1, 17]], [27, []], [40, []], [3, []], [22, []], [12, []], [1, []], [17, []], [33, [33, 38, 28]], [38, []], [28, []], [15, [15, 32, 37, 11, 7, 36, 18]], [32, []], [37, []], [11, []], [7, []], [36, []], [18, []]]], [[[29, [29]]], [[35, [35]]], [[8, [8, 26]]], [[10, [10, 21]]], [[24, [24, 27, 40, 3, 22, 12, 1, 17]]], [[21, [25, 20, 23, 6, 31, 2]]], [[39, [39, 14]]], [[33, [33, 38, 28]]], [[30, [30, 4, 19, 34, 13, 9, 5]]], [[15, [15, 32, 37, 11, 7, 36, 18]]]]]], "Numrun": 5, "all_fitness": [539.1317487449609, 679.287900037101]}
{"file_name": "U_40_1", "number_of_trucks": 2, "drone_capacity": 10, "number_of_drones": 2, "iteration": 3, "best_fitness": 680.4486131879107, "runtime": 52.55143976211548, "best_solution": [[[[0, [10, 21, 25]], [10, []], [21, [1, 23, 6, 31]], [25, []], [1, []], [23, []], [6, []], [31, []], [2, [2, 15, 30, 4, 19, 34]], [15, []], [30, []], [4, []], [19, []], [34, []], [13, [13, 9, 5, 26]], [9, []], [5, []], [26, []]], [[0, [16, 29, 35, 24]], [16, []], [29, []], [35, []], [24, []], [27, [27, 40, 3, 22, 12, 20, 17, 33, 38]], [40, []], [3, []], [22, []], [12, []], [20, []], [17, []], [33, []], [38, []], [28, [28, 39, 14, 32, 37, 8, 11, 7, 36, 18]], [39, []], [14, []], [32, []], [37, []], [8, []], [11, []], [7, []], [36, []], [18, []]]], [[[21, [1, 23, 6, 31]]], [[2, [2, 15, 30, 4, 19, 34]]], [[27, [27, 40, 3, 22, 12, 20, 17, 33, 38]]], [[28, [28, 39, 14, 32, 37, 8, 11, 7, 36, 18]]], [[13, [13, 9, 5, 26]]]]], "all_solution": [[[[[0, [16, 10]], [16, []], [29, [29, 26, 27, 8, 35, 25, 24]], [26, []], [27, []], [21, [21, 40]], [8, []], [35, []], [25, []], [17, [17, 32, 31, 14, 39, 6, 30]], [32, []], [31, []], [14, []], [39, []], [4, [4, 38, 37]], [40, []], [37, []], [38, []], [6, []], [24, []], [30, []], [10, []], [36, [36, 18, 34]], [18, []], [34, []]], [[0, [20, 22, 19, 23, 3, 2, 28, 12, 33, 1]], [19, []], [20, [15]], [23, []], [3, []], [22, []], [12, []], [1, []], [28, []], [33, []], [2, []], [13, [13, 11, 7]], [11, []], [15, []], [7, []], [9, [9, 5]], [5, []]]], [[[29, [29, 26, 27, 8, 35, 25, 24]]], [[21, [21, 40]]], [[20, [15]]], [[17, [17, 32, 31, 14, 39, 6, 30]]], [[4, [4, 38, 37]]], [[36, [36, 18, 34]]], [[13, [13, 11, 7]]], [[9, [9, 5]]]]], [[[[0, []], [8, [8, 26]], [26, []], [10, [10, 21]], [21, [25, 20, 23, 6, 31, 2]], [25, []], [20, []], [23, []], [6, []], [31, []], [2, []], [39, [39, 14]], [14, []], [30, [30, 4, 19, 34, 13, 9, 5]], [4, []], [19, []], [34, []], [13, []], [9, []], [5, []]], [[0, [16]], [16, []], [29, [29]], [35, [35]], [24, [24, 27, 40, 3, 22, 12, 1, 17]], [27, []], [40, []], [3, []], [22, []], [12, []], [1, []], [17, []], [33, [33, 38, 28]], [38, []], [28, []], [15, [15, 32, 37, 11, 7, 36, 18]], [32, []], [37, []], [11, []], [7, []], [36, []], [18, []]]], [[[29, [29]]], [[35, [35]]], [[8, [8, 26]]], [[10, [10, 21]]], [[24, [24, 27, 40, 3, 22, 12, 1, 17]]], [[21, [25, 20, 23, 6, 31, 2]]], [[39, [39, 14]]], [[33, [33, 38, 28]]], [[30, [30, 4, 19, 34, 13, 9, 5]]], [[15, [15, 32, 37, 11, 7, 36, 18]]]]], [[[[0, [10, 21, 25]], [10, []], [21, [1, 23, 6, 31]], [25, []], [1, []], [23, []], [6, []], [31, []], [2, [2, 15, 30, 4, 19, 34]], [15, []], [30, []], [4, []], [19, []], [34, []], [13, [13, 9, 5, 26]], [9, []], [5, []], [26, []]], [[0, [16, 29, 35, 24]], [16, []], [29, []], [35, []], [24, []], [27, [27, 40, 3, 22, 12, 20, 17, 33, 38]], [40, []], [3, []], [22, []], [12, []], [20, []], [17, []], [33, []], [38, []], [28, [28, 39, 14, 32, 37, 8, 11, 7, 36, 18]], [39, []], [14, []], [32, []], [37, []], [8, []], [11, []], [7, []], [36, []], [18, []]]], [[[21, [1, 23, 6, 31]]], [[2, [2, 15, 30, 4, 19, 34]]], [[27, [27, 40, 3, 22, 12, 20, 17, 33, 38]]], [[28, [28, 39, 14, 32, 37, 8, 11, 7, 36, 18]]], [[13, [13, 9, 5, 26]]]]]], "Numrun": 5, "all_fitness": [539.1317487449609, 679.287900037101, 680.4486131879107]}
{"file_name": "U_40_1", "number_of_trucks": 2, "drone_capacity": 10, "number_of_drones": 2, "iteration": 4, "best_fitness": 703.6792185776225, "runtime": 48.29839777946472,