{"file_name": "U_40_1", "number_of_trucks": 2, "drone_capacity": 10, "number_of_drones": 2, "iteration": 1, "best_fitness": 406.60687507285115, "runtime": 3670.4596712589264, "best_solution": [[[[0, [9, 3, 10]], [10, []], [3, []], [9, []], [6, [6, 32, 38, 26, 33]], [32, []], [18, [18, 16, 15, 29]], [38, []], [15, []], [26, []], [33, []], [29, []], [16, []], [13, [13, 31, 28, 24, 27, 11]], [31, []], [28, []], [4, [4, 12]], [12, []], [27, []], [24, []], [11, []]], [[0, [7]], [5, [25, 5]], [25, [22, 8, 30]], [8, []], [30, []], [7, []], [22, []], [20, [20, 17, 21, 1]], [21, []], [17, []], [36, [36, 35, 2, 19, 34]], [35, []], [2, []], [19, []], [14, [14, 40, 39, 37, 23]], [34, []], [37, []], [40, []], [39, []], [23, []], [1, []]]], [[[5, [25, 5]]], [[6, [6, 32, 38, 26, 33]]], [[25, [22, 8, 30]]], [[18, [18, 16, 15, 29]]], [[20, [20, 17, 21, 1]]], [[36, [36, 35, 2, 19, 34]]], [[13, [13, 31, 28, 24, 27, 11]]], [[14, [14, 40, 39, 37, 23]]], [[4, [4, 12]]]]], "all_solution": [[[[[0, [9, 3, 10]], [10, []], [3, []], [9, []], [6, [6, 32, 38, 26, 33]], [32, []], [18, [18, 16, 15, 29]], [38, []], [15, []], [26, []], [33, []], [29, []], [16, []], [13, [13, 31, 28, 24, 27, 11]], [31, []], [28, []], [4, [4, 12]], [12, []], [27, []], [24, []], [11, []]], [[0, [7]], [5, [25, 5]], [25, [22, 8, 30]], [8, []], [30, []], [7, []], [22, []], [20, [20, 17, 21, 1]], [21, []], [17, []], [36, [36, 35, 2, 19, 34]], [35, []], [2, []], [19, []], [14, [14, 40, 39, 37, 23]], [34, []], [37, []], [40, []], [39, []], [23, []], [1, []]]], [[[5, [25, 5]]], [[6, [6, 32, 38, 26, 33]]], [[25, [22, 8, 30]]], [[18, [18, 16, 15, 29]]], [[20, [20, 17, 21, 1]]], [[36, [36, 35, 2, 19, 34]]], [[13, [13, 31, 28, 24, 27, 11]]], [[14, [14, 40, 39, 37, 23]]], [[4, [4, 12]]]]]], "Numrun": 5, "all_fitness": [406.60687507285115]}
{"file_name": "U_40_1", "number_of_trucks": 2, "drone_capacity": 10, "number_of_drones": 2, "iteration": 2, "best_fitness": 489.0123725194307, "runtime": 49.673232316970825, "best_solution": [[[[0, [8, 25, 34]], [8, []], [25, []], [34, []], [6, [6, 10, 1, 30, 3, 9, 17, 20, 21, 32]], [10, []], [1, []], [30, []], [3, []], [9, []], [17, []], [20, []], [21, []], [32, []], [27, [27, 31, 13, 28, 15, 29, 16, 12, 4, 14]], [31, []], [13, []], [28, []], [15, []], [29, []], [16, []], [12, []], [4, []], [14, []]], [[0, [5, 26, 33, 19, 38]], [5, []], [26, [18, 7]], [33, []], [19, []], [38, []], [18, []], [7, []], [35, [35, 2, 22, 36, 37, 40, 23, 39, 24, 11]], [2, []], [22, []], [36, []], [37, []], [40, []], [23, []], [39, []], [24, []], [11, []]]], [[[6, [6, 10, 1, 30, 3, 9, 17, 20, 21, 32]]], [[26, [18, 7]]], [[27, [27, 31, 13, 28, 15, 29, 16, 12, 4, 14]]], [[35, [35, 2, 22, 36, 37, 40, 23, 39, 24, 11]]]]], "all_solution": [[[[[0, [9, 3, 10]], [10, []], [3, []], [9, []], [6, [6, 32, 38, 26, 33]], [32, []], [18, [18, 16, 15, 29]], [38, []], [15, []], [26, []], [33, []], [29, []], [16, []], [13, [13, 31, 28, 24, 27, 11]], [31, []], [28, []], [4, [4, 12]], [12, []], [27, []], [24, []], [11, []]], [[0, [7]], [5, [25, 5]], [25, [22, 8, 30]], [8, []], [30, []], [7, []], [22, []], [20, [20, 17, 21, 1]], [21, []], [17, []], [36, [36, 35, 2, 19, 34]], [35, []], [2, []], [19, []], [14, [14, 40, 39, 37, 23]], [34, []], [37, []], [40, []], [39, []], [23, []], [1, []]]], [[[5, [25, 5]]], [[6, [6, 32, 38, 26, 33]]], [[25, [22, 8, 30]]], [[18, [18, 16, 15, 29]]], [[20, [20, 17, 21, 1]]], [[36, [36, 35, 2, 19, 34]]], [[13, [13, 31, 28, 24, 27, 11]]], [[14, [14, 40, 39, 37, 23]]], [[4, [4, 12]]]]], [[[[0, [8, 25, 34]], [8, []], [25, []], [34, []], [6, [6, 10, 1, 30, 3, 9, 17, 20, 21, 32]], [10, []], [1, []], [30, []], [3, []], [9, []], [17, []], [20, []], [21, []], [32, []], [27, [27, 31, 13, 28, 15, 29, 16, 12, 4, 14]], [31, []], [13, []], [28, []], [15, []], [29, []], [16, []], [12, []], [4, []], [14, []]], [[0, [5, 26, 33, 19, 38]], [5, []], [26, [18, 7]], [33, []], [19, []], [38, []], [18, []], [7, []], [35, [35, 2, 22, 36, 37, 40, 23, 39, 24, 11]], [2, []], [22, []], [36, []], [37, []], [40, []], [23, []], [39, []], [24, []], [11, []]]], [[[6, [6, 10, 1, 30, 3, 9, 17, 20, 21, 32]]], [[26, [18, 7]]], [[27, [27, 31, 13, 28, 15, 29, 16, 12, 4, 14]]], [[35, [35, 2, 22, 36, 37, 40, 23, 39, 24, 11]]]]]], "Numrun": 5, "all_fitness": [406.60687507285115, 489.0123725194307]}
{"file_name": "U_40_1", "number_of_trucks": 2, "drone_capacity": 10, "number_of_drones": 2, "iteration": 3, "best_fitness": 498.5684821338886, "runtime": 57.96347975730896, "best_solution": [[[[0, []], [33, [33, 26]], [26, []], [22, [22, 38, 18, 32, 17]], [38, []], [18, []], [32, []], [17, []], [9, [9, 21, 20, 34, 19, 28, 12, 4, 31, 14]], [21, []], [20, []], [34, []], [19, []], [28, []], [12, []], [4, []], [31, []], [14, []]], [[0, []], [5, [5, 25, 10, 3]], [25, []], [10, []], [3, []], [8, [8, 30, 1, 6, 7, 16, 29, 15]], [30, [35]], [1, []], [6, []], [7, []], [16, []], [29, []], [15, []], [35, []], [2, [2, 36, 40, 39, 24, 27, 13, 37, 23, 11]], [36, []], [40, []], [39, []], [24, []], [27, []], [13, []], [37, []], [23, []], [11, []]]], [[[5, [5, 25, 10, 3]]], [[8, [8, 30, 1, 6, 7, 16, 29, 15]]], [[33, [33, 26]]], [[30, [35]]], [[22, [22, 38, 18, 32, 17]]], [[9, [9, 21, 20, 34, 19, 28, 12, 4, 31, 14]]], [[2, [2, 36, 40, 39, 24, 27, 13, 37, 23, 11]]]]], "all_solution": [[[[[0, [9, 3, 10]], [10, []], [3, []], [9, []], [6, [6, 32, 38, 26, 33]], [32, []], [18, [18, 16, 15, 29]], [38, []], [15, []], [26, []], [33, []], [29, []], [16, []], [13, [13, 31, 28, 24, 27, 11]], [31, []], [28, []], [4, [4, 12]], [12, []], [27, []], [24, []], [11, []]], [[0, [7]], [5, [25, 5]], [25, [22, 8, 30]], [8, []], [30, []], [7, []], [22, []], [20, [20, 17, 21, 1]], [21, []], [17, []], [36, [36, 35, 2, 19, 34]], [35, []], [2, []], [19, []], [14, [14, 40, 39, 37, 23]], [34, []], [37, []], [40, []], [39, []], [23, []], [1, []]]], [[[5, [25, 5]]], [[6, [6, 32, 38, 26, 33]]], [[25, [22, 8, 30]]], [[18, [18, 16, 15, 29]]], [[20, [20, 17, 21, 1]]], [[36, [36, 35, 2, 19, 34]]], [[13, [13, 31, 28, 24, 27, 11]]], [[14, [14, 40, 39, 37, 23]]], [[4, [4, 12]]]]], [[[[0, [8, 25, 34]], [8, []], [25, []], [34, []], [6, [6, 10, 1, 30, 3, 9, 17, 20, 21, 32]], [10, []], [1, []], [30, []], [3, []], [9, []], [17, []], [20, []], [21, []], [32, []], [27, [27, 31, 13, 28, 15, 29, 16, 12, 4, 14]], [31, []], [13, []], [28, []], [15, []], [29, []], [16, []], [12, []], [4, []], [14, []]], [[0, [5, 26, 33, 19, 38]], [5, []], [26, [18, 7]], [33, []], [19, []], [38, []], [18, []], [7, []], [35, [35, 2, 22, 36, 37, 40, 23, 39, 24, 11]], [2, []], [22, []], [36, []], [37, []], [40, []], [23, []], [39, []], [24, []], [11, []]]], [[[6, [6, 10, 1, 30, 3, 9, 17, 20, 21, 32]]], [[26, [18, 7]]], [[27, [27, 31, 13, 28, 15, 29, 16, 12, 4, 14]]], [[35, [35, 2, 22, 36, 37, 40, 23, 39, 24, 11]]]]], [[[[0, []], [33, [33, 26]], [26, []], [22, [22, 38, 18, 32, 17]], [38, []], [18, []], [32, []], [17, []], [9, [9, 21, 20, 34, 19, 28, 12, 4, 31, 14]], [21, []], [20, []], [34, []], [19, []], [28, []], [12, []], [4, []], [31, []], [14, []]], [[0, []], [5, [5, 25, 10, 3]], [25, []], [10, []], [3, []], [8, [8, 30, 1, 6, 7, 16, 29, 15]], [30, [35]], [1, []], [6, []], [7, []], [16, []], [29, []], [15, []], [35, []], [2, [2, 36, 40, 39, 24, 27, 13, 37, 23, 11]], [36, []], [40, []], [39, []], [24, []], [27, []], [13, []], [37, []], [23, []], [11, []]]], [[[5, [5, 25, 10, 3]]], [[8, [8, 30, 1, 6, 7, 16, 29, 15]]], [[33, [33, 26]]], [[30, [35]]], [[22, [22, 38, 18, 32, 17]]], [[9, [9, 21, 20, 34, 19, 28, 12, 4, 31, 14]]], [[2, [2, 36, 40, 39, 24, 27, 13, 37, 23, 11]]]]]], "Numrun": 5, "all_fitness": [406.60687507285115, 489.0123725194307, 498.5684821338886]}
{"file_name": "U_40_1", "number_of_trucks": 2, "drone_capacity": 10, "number_of_drones": 2, "iteration": 4, "best_fitness": 486.41237251943073, "runtime": 68.97978782653809,