{"file_name": "U_40_0", "number_of_trucks": 2, "drone_capacity": 10, "number_of_drones": 2, "iteration": 1, "best_fitness": 355.63476225170984, "runtime": 3673.293995141983, "best_solution": [[[[0, [16, 37, 15, 21, 1, 4, 35, 6]], [15, []], [21, [38, 5, 26]], [16, []], [37, []], [38, []], [40, [40, 20, 28, 8, 10, 9]], [5, []], [20, []], [35, []], [28, []], [10, []], [8, []], [1, []], [4, []], [6, []], [9, []], [26, []]], [[0, [7, 22]], [7, []], [22, []], [29, [29, 11, 13]], [12, [12, 18, 33, 32, 30, 25, 17, 31, 19]], [18, []], [27, [27, 3, 39, 34, 14, 24, 23, 36, 2]], [3, []], [39, []], [33, []], [30, []], [11, []], [25, []], [23, []], [2, []], [36, []], [13, []], [17, []], [34, []], [14, []], [32, []], [24, []], [31, []], [19, []]]], [[[29, [29, 11, 13]]], [[21, [38, 5, 26]]], [[12, [12, 18, 33, 32, 30, 25, 17, 31, 19]]], [[27, [27, 3, 39, 34, 14, 24, 23, 36, 2]]], [[40, [40, 20, 28, 8, 10, 9]]]]], "all_solution": [[[[[0, [16, 37, 15, 21, 1, 4, 35, 6]], [15, []], [21, [38, 5, 26]], [16, []], [37, []], [38, []], [40, [40, 20, 28, 8, 10, 9]], [5, []], [20, []], [35, []], [28, []], [10, []], [8, []], [1, []], [4, []], [6, []], [9, []], [26, []]], [[0, [7, 22]], [7, []], [22, []], [29, [29, 11, 13]], [12, [12, 18, 33, 32, 30, 25, 17, 31, 19]], [18, []], [27, [27, 3, 39, 34, 14, 24, 23, 36, 2]], [3, []], [39, []], [33, []], [30, []], [11, []], [25, []], [23, []], [2, []], [36, []], [13, []], [17, []], [34, []], [14, []], [32, []], [24, []], [31, []], [19, []]]], [[[29, [29, 11, 13]]], [[21, [38, 5, 26]]], [[12, [12, 18, 33, 32, 30, 25, 17, 31, 19]]], [[27, [27, 3, 39, 34, 14, 24, 23, 36, 2]]], [[40, [40, 20, 28, 8, 10, 9]]]]]], "Numrun": 5, "all_fitness": [355.63476225170984]}
{"file_name": "U_40_0", "number_of_trucks": 2, "drone_capacity": 10, "number_of_drones": 2, "iteration": 2, "best_fitness": 371.4871891220469, "runtime": 60.25069832801819, "best_solution": [[[[0, [1, 22]], [1, []], [4, [4, 35, 11, 30, 15, 26]], [35, []], [11, []], [30, []], [15, []], [26, []], [6, [6, 9, 29, 18, 27, 32, 24, 31, 12, 19]], [9, []], [29, []], [18, []], [27, []], [32, []], [22, []], [24, []], [31, []], [12, []], [19, []]], [[0, []], [7, [7, 37, 16]], [37, []], [16, []], [38, [38, 5, 40, 10]], [5, []], [40, []], [10, [8, 28, 21, 20, 25]], [8, []], [28, []], [21, []], [20, []], [25, []], [23, [23, 36, 2, 13, 17, 34, 14, 39, 33, 3]], [36, []], [2, []], [13, []], [17, []], [34, []], [14, []], [39, []], [33, []], [3, []]]], [[[4, [4, 35, 11, 30, 15, 26]]], [[7, [7, 37, 16]]], [[38, [38, 5, 40, 10]]], [[6, [6, 9, 29, 18, 27, 32, 24, 31, 12, 19]]], [[10, [8, 28, 21, 20, 25]]], [[23, [23, 36, 2, 13, 17, 34, 14, 39, 33, 3]]]]], "all_solution": [[[[[0, [16, 37, 15, 21, 1, 4, 35, 6]], [15, []], [21, [38, 5, 26]], [16, []], [37, []], [38, []], [40, [40, 20, 28, 8, 10, 9]], [5, []], [20, []], [35, []], [28, []], [10, []], [8, []], [1, []], [4, []], [6, []], [9, []], [26, []]], [[0, [7, 22]], [7, []], [22, []], [29, [29, 11, 13]], [12, [12, 18, 33, 32, 30, 25, 17, 31, 19]], [18, []], [27, [27, 3, 39, 34, 14, 24, 23, 36, 2]], [3, []], [39, []], [33, []], [30, []], [11, []], [25, []], [23, []], [2, []], [36, []], [13, []], [17, []], [34, []], [14, []], [32, []], [24, []], [31, []], [19, []]]], [[[29, [29, 11, 13]]], [[21, [38, 5, 26]]], [[12, [12, 18, 33, 32, 30, 25, 17, 31, 19]]], [[27, [27, 3, 39, 34, 14, 24, 23, 36, 2]]], [[40, [40, 20, 28, 8, 10, 9]]]]], [[[[0, [1, 22]], [1, []], [4, [4, 35, 11, 30, 15, 26]], [35, []], [11, []], [30, []], [15, []], [26, []], [6, [6, 9, 29, 18, 27, 32, 24, 31, 12, 19]], [9, []], [29, []], [18, []], [27, []], [32, []], [22, []], [24, []], [31, []], [12, []], [19, []]], [[0, []], [7, [7, 37, 16]], [37, []], [16, []], [38, [38, 5, 40, 10]], [5, []], [40, []], [10, [8, 28, 21, 20, 25]], [8, []], [28, []], [21, []], [20, []], [25, []], [23, [23, 36, 2, 13, 17, 34, 14, 39, 33, 3]], [36, []], [2, []], [13, []], [17, []], [34, []], [14, []], [39, []], [33, []], [3, []]]], [[[4, [4, 35, 11, 30, 15, 26]]], [[7, [7, 37, 16]]], [[38, [38, 5, 40, 10]]], [[6, [6, 9, 29, 18, 27, 32, 24, 31, 12, 19]]], [[10, [8, 28, 21, 20, 25]]], [[23, [23, 36, 2, 13, 17, 34, 14, 39, 33, 3]]]]]], "Numrun": 5, "all_fitness": [355.63476225170984, 371.4871891220469]}
{"file_name": "U_40_0", "number_of_trucks": 2, "drone_capacity": 10, "number_of_drones": 2, "iteration": 3, "best_fitness": 442.2, "runtime": 44.048033714294434, "best_solution": [[[[0, [37, 16, 38, 21, 15, 26, 6, 9, 29, 22]], [37, [12, 31, 24, 32, 34, 14, 27, 18, 3, 19]], [16, []], [38, []], [21, []], [15, []], [26, []], [6, []], [9, []], [29, []], [12, []], [31, []], [24, []], [22, []], [32, []], [34, []], [14, []], [27, []], [18, []], [3, []], [19, []]], [[0, [4, 1, 35, 5, 40, 10, 8, 28, 30, 20, 11, 25, 23, 2, 36, 13, 17, 33, 39, 7]], [4, []], [1, []], [35, []], [5, []], [40, []], [10, []], [8, []], [28, []], [30, []], [20, []], [11, []], [25, []], [23, []], [2, []], [36, []], [13, []], [17, []], [33, []], [39, []], [7, []]]], [[[37, [12, 31, 24, 32, 34, 14, 27, 18, 3, 19]]]]], "all_solution": [[[[[0, [16, 37, 15, 21, 1, 4, 35, 6]], [15, []], [21, [38, 5, 26]], [16, []], [37, []], [38, []], [40, [40, 20, 28, 8, 10, 9]], [5, []], [20, []], [35, []], [28, []], [10, []], [8, []], [1, []], [4, []], [6, []], [9, []], [26, []]], [[0, [7, 22]], [7, []], [22, []], [29, [29, 11, 13]], [12, [12, 18, 33, 32, 30, 25, 17, 31, 19]], [18, []], [27, [27, 3, 39, 34, 14, 24, 23, 36, 2]], [3, []], [39, []], [33, []], [30, []], [11, []], [25, []], [23, []], [2, []], [36, []], [13, []], [17, []], [34, []], [14, []], [32, []], [24, []], [31, []], [19, []]]], [[[29, [29, 11, 13]]], [[21, [38, 5, 26]]], [[12, [12, 18, 33, 32, 30, 25, 17, 31, 19]]], [[27, [27, 3, 39, 34, 14, 24, 23, 36, 2]]], [[40, [40, 20, 28, 8, 10, 9]]]]], [[[[0, [1, 22]], [1, []], [4, [4, 35, 11, 30, 15, 26]], [35, []], [11, []], [30, []], [15, []], [26, []], [6, [6, 9, 29, 18, 27, 32, 24, 31, 12, 19]], [9, []], [29, []], [18, []], [27, []], [32, []], [22, []], [24, []], [31, []], [12, []], [19, []]], [[0, []], [7, [7, 37, 16]], [37, []], [16, []], [38, [38, 5, 40, 10]], [5, []], [40, []], [10, [8, 28, 21, 20, 25]], [8, []], [28, []], [21, []], [20, []], [25, []], [23, [23, 36, 2, 13, 17, 34, 14, 39, 33, 3]], [36, []], [2, []], [13, []], [17, []], [34, []], [14, []], [39, []], [33, []], [3, []]]], [[[4, [4, 35, 11, 30, 15, 26]]], [[7, [7, 37, 16]]], [[38, [38, 5, 40, 10]]], [[6, [6, 9, 29, 18, 27, 32, 24, 31, 12, 19]]], [[10, [8, 28, 21, 20, 25]]], [[23, [23, 36, 2, 13, 17, 34, 14, 39, 33, 3]]]]], [[[[0, [37, 16, 38, 21, 15, 26, 6, 9, 29, 22]], [37, [12, 31, 24, 32, 34, 14, 27, 18, 3, 19]], [16, []], [38, []], [21, []], [15, []], [26, []], [6, []], [9, []], [29, []], [12, []], [31, []], [24, []], [22, []], [32, []], [34, []], [14, []], [27, []], [18, []], [3, []], [19, []]], [[0, [4, 1, 35, 5, 40, 10, 8, 28, 30, 20, 11, 25, 23, 2, 36, 13, 17, 33, 39, 7]], [4, []], [1, []], [35, []], [5, []], [40, []], [10, []], [8, []], [28, []], [30, []], [20, []], [11, []], [25, []], [23, []], [2, []], [36, []], [13, []], [17, []], [33, []], [39, []], [7, []]]], [[[37, [12, 31, 24, 32, 34, 14, 27, 18, 3, 19]]]]]], "Numrun": 5, "all_fitness": [355.63476225170984, 371.4871891220469, 442.2]}
{"file_name": "U_40_0", "number_of_trucks": 2, "drone_capacity": 10, "number_of_drones": 2, "iteration": 4, "best_fitness": 389.53710995450285, "runtime": 53.087515354156494,