{"file_name": "U_40_1", "number_of_trucks": 2, "drone_capacity": 10, "number_of_drones": 2, "iteration": 1, "best_fitness": 531.5512683007906, "runtime": 2929.7130784988403, "best_solution": [[[[0, [3, 30, 5, 32, 11]], [32, []], [30, []], [11, []], [3, []], [26, [26, 21]], [5, []], [18, [39, 1, 17, 18, 15, 10, 35]], [39, []], [35, []], [1, []], [17, []], [15, []], [10, []], [21, []], [19, [19, 31, 34, 23]], [31, []], [34, []], [23, []]], [[0, [7, 36]], [36, []], [7, []], [4, [4, 24]], [24, []], [14, [14, 20, 2, 6, 25, 29, 38]], [20, []], [2, []], [6, []], [25, []], [13, [13]], [38, []], [37, [37, 28, 16, 8, 33]], [28, []], [16, []], [29, []], [12, [12, 22, 27, 9]], [22, []], [8, []], [40, [40]], [33, []], [9, []], [27, []]]], [[[4, [4, 24]]], [[14, [14, 20, 2, 6, 25, 29, 38]]], [[26, [26, 21]]], [[13, [13]]], [[18, [39, 1, 17, 18, 15, 10, 35]]], [[37, [37, 28, 16, 8, 33]]], [[12, [12, 22, 27, 9]]], [[19, [19, 31, 34, 23]]], [[40, [40]]]]], "all_solution": [[[[[0, [3, 30, 5, 32, 11]], [32, []], [30, []], [11, []], [3, []], [26, [26, 21]], [5, []], [18, [39, 1, 17, 18, 15, 10, 35]], [39, []], [35, []], [1, []], [17, []], [15, []], [10, []], [21, []], [19, [19, 31, 34, 23]], [31, []], [34, []], [23, []]], [[0, [7, 36]], [36, []], [7, []], [4, [4, 24]], [24, []], [14, [14, 20, 2, 6, 25, 29, 38]], [20, []], [2, []], [6, []], [25, []], [13, [13]], [38, []], [37, [37, 28, 16, 8, 33]], [28, []], [16, []], [29, []], [12, [12, 22, 27, 9]], [22, []], [8, []], [40, [40]], [33, []], [9, []], [27, []]]], [[[4, [4, 24]]], [[14, [14, 20, 2, 6, 25, 29, 38]]], [[26, [26, 21]]], [[13, [13]]], [[18, [39, 1, 17, 18, 15, 10, 35]]], [[37, [37, 28, 16, 8, 33]]], [[12, [12, 22, 27, 9]]], [[19, [19, 31, 34, 23]]], [[40, [40]]]]]], "Numrun": 5, "all_fitness": [531.5512683007906]}
{"file_name": "U_40_1", "number_of_trucks": 2, "drone_capacity": 10, "number_of_drones": 2, "iteration": 2, "best_fitness": 530.9370297537813, "runtime": 713.0202276706696, "best_solution": [[[[0, [36, 11]], [11, []], [36, []], [29, [29, 4, 32]], [32, []], [4, []], [14, [14, 2, 20]], [20, []], [2, []], [8, [8, 1, 35, 33, 39, 18, 15, 10]], [1, []], [35, []], [33, []], [39, []], [18, []], [15, []], [10, []], [19, [19, 31, 34, 23]], [31, []], [34, []], [23, []]], [[0, [5]], [5, []], [7, [7]], [3, [3, 30, 24, 6]], [24, []], [30, []], [6, []], [21, [21, 13, 38, 26, 28, 25]], [25, []], [13, []], [38, []], [37, [37, 16, 17, 12]], [26, []], [16, []], [28, []], [27, [27, 22, 9]], [12, []], [22, []], [9, []], [40, [40]], [17, []]]], [[[7, [7]]], [[3, [3, 30, 24, 6]]], [[29, [29, 4, 32]]], [[14, [14, 2, 20]]], [[21, [21, 13, 38, 26, 28, 25]]], [[8, [8, 1, 35, 33, 39, 18, 15, 10]]], [[37, [37, 16, 17, 12]]], [[27, [27, 22, 9]]], [[19, [19, 31, 34, 23]]], [[40, [40]]]]], "all_solution": [[[[[0, [3, 30, 5, 32, 11]], [32, []], [30, []], [11, []], [3, []], [26, [26, 21]], [5, []], [18, [39, 1, 17, 18, 15, 10, 35]], [39, []], [35, []], [1, []], [17, []], [15, []], [10, []], [21, []], [19, [19, 31, 34, 23]], [31, []], [34, []], [23, []]], [[0, [7, 36]], [36, []], [7, []], [4, [4, 24]], [24, []], [14, [14, 20, 2, 6, 25, 29, 38]], [20, []], [2, []], [6, []], [25, []], [13, [13]], [38, []], [37, [37, 28, 16, 8, 33]], [28, []], [16, []], [29, []], [12, [12, 22, 27, 9]], [22, []], [8, []], [40, [40]], [33, []], [9, []], [27, []]]], [[[4, [4, 24]]], [[14, [14, 20, 2, 6, 25, 29, 38]]], [[26, [26, 21]]], [[13, [13]]], [[18, [39, 1, 17, 18, 15, 10, 35]]], [[37, [37, 28, 16, 8, 33]]], [[12, [12, 22, 27, 9]]], [[19, [19, 31, 34, 23]]], [[40, [40]]]]], [[[[0, [36, 11]], [11, []], [36, []], [29, [29, 4, 32]], [32, []], [4, []], [14, [14, 2, 20]], [20, []], [2, []], [8, [8, 1, 35, 33, 39, 18, 15, 10]], [1, []], [35, []], [33, []], [39, []], [18, []], [15, []], [10, []], [19, [19, 31, 34, 23]], [31, []], [34, []], [23, []]], [[0, [5]], [5, []], [7, [7]], [3, [3, 30, 24, 6]], [24, []], [30, []], [6, []], [21, [21, 13, 38, 26, 28, 25]], [25, []], [13, []], [38, []], [37, [37, 16, 17, 12]], [26, []], [16, []], [28, []], [27, [27, 22, 9]], [12, []], [22, []], [9, []], [40, [40]], [17, []]]], [[[7, [7]]], [[3, [3, 30, 24, 6]]], [[29, [29, 4, 32]]], [[14, [14, 2, 20]]], [[21, [21, 13, 38, 26, 28, 25]]], [[8, [8, 1, 35, 33, 39, 18, 15, 10]]], [[37, [37, 16, 17, 12]]], [[27, [27, 22, 9]]], [[19, [19, 31, 34, 23]]], [[40, [40]]]]]], "Numrun": 5, "all_fitness": [531.5512683007906, 530.9370297537813]}
{"file_name": "U_40_1", "number_of_trucks": 2, "drone_capacity": 10, "number_of_drones": 2, "iteration": 3, "best_fitness": 676.7366625947498, "runtime": 55.608869552612305, "best_solution": [[[[0, []], [29, [29, 14, 7, 2, 1, 8, 16, 28, 37]], [14, []], [7, []], [2, []], [1, []], [8, []], [16, []], [28, []], [37, []], [38, [38, 26, 12, 34, 23, 17, 35, 9, 27, 22]], [26, []], [12, []], [34, []], [23, []], [17, []], [35, []], [9, []], [27, []], [22, []]], [[0, [5]], [5, []], [11, [11]], [3, [3, 30, 36, 4, 32, 24, 25, 6]], [30, []], [36, []], [4, [20, 18, 33]], [32, []], [24, []], [25, []], [6, []], [20, []], [18, []], [33, []], [39, [39, 15, 10, 21, 13, 31, 19, 40]], [15, []], [10, []], [21, []], [13, []], [31, []], [19, []], [40, []]]], [[[11, [11]]], [[3, [3, 30, 36, 4, 32, 24, 25, 6]]], [[4, [20, 18, 33]]], [[29, [29, 14, 7, 2, 1, 8, 16, 28, 37]]], [[38, [38, 26, 12, 34, 23, 17, 35, 9, 27, 22]]], [[39, [39, 15, 10, 21, 13, 31, 19, 40]]]]], "all_solution": [[[[[0, [3, 30, 5, 32, 11]], [32, []], [30, []], [11, []], [3, []], [26, [26, 21]], [5, []], [18, [39, 1, 17, 18, 15, 10, 35]], [39, []], [35, []], [1, []], [17, []], [15, []], [10, []], [21, []], [19, [19, 31, 34, 23]], [31, []], [34, []], [23, []]], [[0, [7, 36]], [36, []], [7, []], [4, [4, 24]], [24, []], [14, [14, 20, 2, 6, 25, 29, 38]], [20, []], [2, []], [6, []], [25, []], [13, [13]], [38, []], [37, [37, 28, 16, 8, 33]], [28, []], [16, []], [29, []], [12, [12, 22, 27, 9]], [22, []], [8, []], [40, [40]], [33, []], [9, []], [27, []]]], [[[4, [4, 24]]], [[14, [14, 20, 2, 6, 25, 29, 38]]], [[26, [26, 21]]], [[13, [13]]], [[18, [39, 1, 17, 18, 15, 10, 35]]], [[37, [37, 28, 16, 8, 33]]], [[12, [12, 22, 27, 9]]], [[19, [19, 31, 34, 23]]], [[40, [40]]]]], [[[[0, [36, 11]], [11, []], [36, []], [29, [29, 4, 32]], [32, []], [4, []], [14, [14, 2, 20]], [20, []], [2, []], [8, [8, 1, 35, 33, 39, 18, 15, 10]], [1, []], [35, []], [33, []], [39, []], [18, []], [15, []], [10, []], [19, [19, 31, 34, 23]], [31, []], [34, []], [23, []]], [[0, [5]], [5, []], [7, [7]], [3, [3, 30, 24, 6]], [24, []], [30, []], [6, []], [21, [21, 13, 38, 26, 28, 25]], [25, []], [13, []], [38, []], [37, [37, 16, 17, 12]], [26, []], [16, []], [28, []], [27, [27, 22, 9]], [12, []], [22, []], [9, []], [40, [40]], [17, []]]], [[[7, [7]]], [[3, [3, 30, 24, 6]]], [[29, [29, 4, 32]]], [[14, [14, 2, 20]]], [[21, [21, 13, 38, 26, 28, 25]]], [[8, [8, 1, 35, 33, 39, 18, 15, 10]]], [[37, [37, 16, 17, 12]]], [[27, [27, 22, 9]]], [[19, [19, 31, 34, 23]]], [[40, [40]]]]], [[[[0, []], [29, [29, 14, 7, 2, 1, 8, 16, 28, 37]], [14, []], [7, []], [2, []], [1, []], [8, []], [16, []], [28, []], [37, []], [38, [38, 26, 12, 34, 23, 17, 35, 9, 27, 22]], [26, []], [12, []], [34, []], [23, []], [17, []], [35, []], [9, []], [27, []], [22, []]], [[0, [5]], [5, []], [11, [11]], [3, [3, 30, 36, 4, 32, 24, 25, 6]], [30, []], [36, []], [4, [20, 18, 33]], [32, []], [24, []], [25, []], [6, []], [20, []], [18, []], [33, []], [39, [39, 15, 10, 21, 13, 31, 19, 40]], [15, []], [10, []], [21, []], [13, []], [31, []], [19, []], [40, []]]], [[[11, [11]]], [[3, [3, 30, 36, 4, 32, 24, 25, 6]]], [[4, [20, 18, 33]]], [[29, [29, 14, 7, 2, 1, 8, 16, 28, 37]]], [[38, [38, 26, 12, 34, 23, 17, 35, 9, 27, 22]]], [[39, [39, 15, 10, 21, 13, 31, 19, 40]]]]]], "Numrun": 5, "all_fitness": [531.5512683007906, 530.9370297537813, 676.7366625947498]}
{"file_name": "U_40_1", "number_of_trucks": 2, "drone_capacity": 10, "number_of_drones": 2, "iteration": 4, "best_fitness": 646.7261539527651, "runtime": 66.20887756347656,