{"file_name": "U_40_1", "number_of_trucks": 2, "drone_capacity": 10, "number_of_drones": 2, "iteration": 1, "best_fitness": 549.6606853868236, "runtime": 2604.986664056778, "best_solution": [[[[0, [18]], [18, []], [19, [7, 22, 2, 26, 36, 30, 19]], [2, []], [26, []], [7, []], [36, []], [22, []], [30, []], [27, [27, 31, 20, 17]], [17, []], [31, []], [20, []], [29, [29, 1, 9]], [9, []], [1, []], [25, [25, 3, 23, 38]], [3, []], [23, []], [38, []]], [[0, [12, 35, 16, 40, 34, 33, 10, 39, 6, 5]], [40, []], [34, []], [35, []], [33, []], [10, []], [39, []], [21, [21, 32, 13, 14]], [6, []], [32, []], [5, []], [13, []], [12, []], [8, [8, 37, 28, 4, 15]], [37, []], [28, []], [16, []], [15, []], [24, [24, 11]], [14, []], [4, []], [11, []]]], [[[19, [7, 22, 2, 26, 36, 30, 19]]], [[21, [21, 32, 13, 14]]], [[27, [27, 31, 20, 17]]], [[8, [8, 37, 28, 4, 15]]], [[29, [29, 1, 9]]], [[24, [24, 11]]], [[25, [25, 3, 23, 38]]]]], "all_solution": [[[[[0, [18]], [18, []], [19, [7, 22, 2, 26, 36, 30, 19]], [2, []], [26, []], [7, []], [36, []], [22, []], [30, []], [27, [27, 31, 20, 17]], [17, []], [31, []], [20, []], [29, [29, 1, 9]], [9, []], [1, []], [25, [25, 3, 23, 38]], [3, []], [23, []], [38, []]], [[0, [12, 35, 16, 40, 34, 33, 10, 39, 6, 5]], [40, []], [34, []], [35, []], [33, []], [10, []], [39, []], [21, [21, 32, 13, 14]], [6, []], [32, []], [5, []], [13, []], [12, []], [8, [8, 37, 28, 4, 15]], [37, []], [28, []], [16, []], [15, []], [24, [24, 11]], [14, []], [4, []], [11, []]]], [[[19, [7, 22, 2, 26, 36, 30, 19]]], [[21, [21, 32, 13, 14]]], [[27, [27, 31, 20, 17]]], [[8, [8, 37, 28, 4, 15]]], [[29, [29, 1, 9]]], [[24, [24, 11]]], [[25, [25, 3, 23, 38]]]]]], "Numrun": 5, "all_fitness": [549.6606853868236]}
{"file_name": "U_40_1", "number_of_trucks": 2, "drone_capacity": 10, "number_of_drones": 2, "iteration": 2, "best_fitness": 550.4239106826079, "runtime": 1100.6408207416534, "best_solution": [[[[0, [39, 16, 40, 35, 33]], [39, []], [33, []], [35, []], [36, [36, 18, 13, 6, 2, 26, 7]], [16, []], [40, []], [18, []], [13, []], [6, []], [2, []], [32, [32]], [26, []], [7, []], [8, [8, 37, 28, 29, 1]], [37, []], [28, []], [29, []], [1, []], [3, [3, 25, 9, 11]], [25, []], [9, []], [11, []]], [[0, [34]], [19, [5, 10, 12, 19, 30]], [30, []], [34, []], [12, [21, 31, 22, 14]], [14, []], [10, []], [5, []], [20, [20]], [21, []], [31, []], [17, [17, 15, 4, 27]], [4, []], [27, []], [15, []], [22, []], [24, [24, 38, 23]], [38, []], [23, []]]], [[[19, [5, 10, 12, 19, 30]]], [[36, [36, 18, 13, 6, 2, 26, 7]]], [[12, [21, 31, 22, 14]]], [[32, [32]]], [[20, [20]]], [[17, [17, 15, 4, 27]]], [[8, [8, 37, 28, 29, 1]]], [[3, [3, 25, 9, 11]]], [[24, [24, 38, 23]]]]], "all_solution": [[[[[0, [18]], [18, []], [19, [7, 22, 2, 26, 36, 30, 19]], [2, []], [26, []], [7, []], [36, []], [22, []], [30, []], [27, [27, 31, 20, 17]], [17, []], [31, []], [20, []], [29, [29, 1, 9]], [9, []], [1, []], [25, [25, 3, 23, 38]], [3, []], [23, []], [38, []]], [[0, [12, 35, 16, 40, 34, 33, 10, 39, 6, 5]], [40, []], [34, []], [35, []], [33, []], [10, []], [39, []], [21, [21, 32, 13, 14]], [6, []], [32, []], [5, []], [13, []], [12, []], [8, [8, 37, 28, 4, 15]], [37, []], [28, []], [16, []], [15, []], [24, [24, 11]], [14, []], [4, []], [11, []]]], [[[19, [7, 22, 2, 26, 36, 30, 19]]], [[21, [21, 32, 13, 14]]], [[27, [27, 31, 20, 17]]], [[8, [8, 37, 28, 4, 15]]], [[29, [29, 1, 9]]], [[24, [24, 11]]], [[25, [25, 3, 23, 38]]]]], [[[[0, [39, 16, 40, 35, 33]], [39, []], [33, []], [35, []], [36, [36, 18, 13, 6, 2, 26, 7]], [16, []], [40, []], [18, []], [13, []], [6, []], [2, []], [32, [32]], [26, []], [7, []], [8, [8, 37, 28, 29, 1]], [37, []], [28, []], [29, []], [1, []], [3, [3, 25, 9, 11]], [25, []], [9, []], [11, []]], [[0, [34]], [19, [5, 10, 12, 19, 30]], [30, []], [34, []], [12, [21, 31, 22, 14]], [14, []], [10, []], [5, []], [20, [20]], [21, []], [31, []], [17, [17, 15, 4, 27]], [4, []], [27, []], [15, []], [22, []], [24, [24, 38, 23]], [38, []], [23, []]]], [[[19, [5, 10, 12, 19, 30]]], [[36, [36, 18, 13, 6, 2, 26, 7]]], [[12, [21, 31, 22, 14]]], [[32, [32]]], [[20, [20]]], [[17, [17, 15, 4, 27]]], [[8, [8, 37, 28, 29, 1]]], [[3, [3, 25, 9, 11]]], [[24, [24, 38, 23]]]]]], "Numrun": 5, "all_fitness": [549.6606853868236, 550.4239106826079]}
{"file_name": "U_40_1", "number_of_trucks": 2, "drone_capacity": 10, "number_of_drones": 2, "iteration": 3, "best_fitness": 637.5751973215615, "runtime": 50.24187874794006, "best_solution": [[[[0, [5]], [5, []], [33, [33, 35, 39, 18, 34, 12, 19, 26, 13]], [35, []], [39, []], [18, []], [34, []], [12, []], [19, []], [26, []], [13, []], [31, [31, 37, 17]], [37, []], [17, []], [20, [20, 4, 29, 9, 3, 38, 23]], [4, []], [29, []], [9, []], [3, []], [38, []], [23, []]], [[0, [16]], [16, []], [40, [40, 10, 6, 2]], [10, [7, 30, 36, 22, 14, 21]], [6, []], [2, []], [7, []], [30, []], [36, []], [22, []], [14, []], [21, []], [32, [32, 27, 15]], [27, []], [15, []], [8, [8, 28, 1, 24, 25, 11]], [28, []], [1, []], [24, []], [25, []], [11, []]]], [[[40, [40, 10, 6, 2]]], [[33, [33, 35, 39, 18, 34, 12, 19, 26, 13]]], [[10, [7, 30, 36, 22, 14, 21]]], [[31, [31, 37, 17]]], [[32, [32, 27, 15]]], [[8, [8, 28, 1, 24, 25, 11]]], [[20, [20, 4, 29, 9, 3, 38, 23]]]]], "all_solution": [[[[[0, [18]], [18, []], [19, [7, 22, 2, 26, 36, 30, 19]], [2, []], [26, []], [7, []], [36, []], [22, []], [30, []], [27, [27, 31, 20, 17]], [17, []], [31, []], [20, []], [29, [29, 1, 9]], [9, []], [1, []], [25, [25, 3, 23, 38]], [3, []], [23, []], [38, []]], [[0, [12, 35, 16, 40, 34, 33, 10, 39, 6, 5]], [40, []], [34, []], [35, []], [33, []], [10, []], [39, []], [21, [21, 32, 13, 14]], [6, []], [32, []], [5, []], [13, []], [12, []], [8, [8, 37, 28, 4, 15]], [37, []], [28, []], [16, []], [15, []], [24, [24, 11]], [14, []], [4, []], [11, []]]], [[[19, [7, 22, 2, 26, 36, 30, 19]]], [[21, [21, 32, 13, 14]]], [[27, [27, 31, 20, 17]]], [[8, [8, 37, 28, 4, 15]]], [[29, [29, 1, 9]]], [[24, [24, 11]]], [[25, [25, 3, 23, 38]]]]], [[[[0, [39, 16, 40, 35, 33]], [39, []], [33, []], [35, []], [36, [36, 18, 13, 6, 2, 26, 7]], [16, []], [40, []], [18, []], [13, []], [6, []], [2, []], [32, [32]], [26, []], [7, []], [8, [8, 37, 28, 29, 1]], [37, []], [28, []], [29, []], [1, []], [3, [3, 25, 9, 11]], [25, []], [9, []], [11, []]], [[0, [34]], [19, [5, 10, 12, 19, 30]], [30, []], [34, []], [12, [21, 31, 22, 14]], [14, []], [10, []], [5, []], [20, [20]], [21, []], [31, []], [17, [17, 15, 4, 27]], [4, []], [27, []], [15, []], [22, []], [24, [24, 38, 23]], [38, []], [23, []]]], [[[19, [5, 10, 12, 19, 30]]], [[36, [36, 18, 13, 6, 2, 26, 7]]], [[12, [21, 31, 22, 14]]], [[32, [32]]], [[20, [20]]], [[17, [17, 15, 4, 27]]], [[8, [8, 37, 28, 29, 1]]], [[3, [3, 25, 9, 11]]], [[24, [24, 38, 23]]]]], [[[[0, [5]], [5, []], [33, [33, 35, 39, 18, 34, 12, 19, 26, 13]], [35, []], [39, []], [18, []], [34, []], [12, []], [19, []], [26, []], [13, []], [31, [31, 37, 17]], [37, []], [17, []], [20, [20, 4, 29, 9, 3, 38, 23]], [4, []], [29, []], [9, []], [3, []], [38, []], [23, []]], [[0, [16]], [16, []], [40, [40, 10, 6, 2]], [10, [7, 30, 36, 22, 14, 21]], [6, []], [2, []], [7, []], [30, []], [36, []], [22, []], [14, []], [21, []], [32, [32, 27, 15]], [27, []], [15, []], [8, [8, 28, 1, 24, 25, 11]], [28, []], [1, []], [24, []], [25, []], [11, []]]], [[[40, [40, 10, 6, 2]]], [[33, [33, 35, 39, 18, 34, 12, 19, 26, 13]]], [[10, [7, 30, 36, 22, 14, 21]]], [[31, [31, 37, 17]]], [[32, [32, 27, 15]]], [[8, [8, 28, 1, 24, 25, 11]]], [[20, [20, 4, 29, 9, 3, 38, 23]]]]]], "Numrun": 5, "all_fitness": [549.6606853868236, 550.4239106826079, 637.5751973215615]}
{"file_name": "U_40_1", "number_of_trucks": 2, "drone_capacity": 10, "number_of_drones": 2, "iteration": 4, "best_fitness": 602.8225223739285, "runtime": 65.16247177124023,