{"file_name": "U_40_1", "number_of_trucks": 2, "drone_capacity": 10, "number_of_drones": 2, "iteration": 1, "best_fitness": 425.47411120837234, "runtime": 3694.018159389496, "best_solution": [[[[0, [34]], [34, []], [37, [37]], [7, [7, 38, 35]], [38, []], [35, []], [6, [6, 11, 8, 22, 18, 30]], [11, []], [18, []], [30, []], [26, [26, 19, 32, 9, 20]], [19, []], [32, []], [9, []], [8, []], [23, [23, 40, 21, 12, 28]], [28, []], [21, []], [12, []], [20, []], [22, []], [40, []]], [[0, [1, 36, 33]], [1, []], [29, [29, 16, 25, 15, 10, 31]], [15, []], [10, []], [31, []], [36, []], [4, [4, 24, 2]], [24, []], [2, []], [33, []], [16, []], [25, []], [5, [5, 14, 27, 17, 13, 39, 3]], [27, []], [14, []], [17, []], [13, []], [3, []], [39, []]]], [[[37, [37]]], [[7, [7, 38, 35]]], [[6, [6, 11, 8, 22, 18, 30]]], [[29, [29, 16, 25, 15, 10, 31]]], [[4, [4, 24, 2]]], [[26, [26, 19, 32, 9, 20]]], [[23, [23, 40, 21, 12, 28]]], [[5, [5, 14, 27, 17, 13, 39, 3]]]]], "all_solution": [[[[[0, [34]], [34, []], [37, [37]], [7, [7, 38, 35]], [38, []], [35, []], [6, [6, 11, 8, 22, 18, 30]], [11, []], [18, []], [30, []], [26, [26, 19, 32, 9, 20]], [19, []], [32, []], [9, []], [8, []], [23, [23, 40, 21, 12, 28]], [28, []], [21, []], [12, []], [20, []], [22, []], [40, []]], [[0, [1, 36, 33]], [1, []], [29, [29, 16, 25, 15, 10, 31]], [15, []], [10, []], [31, []], [36, []], [4, [4, 24, 2]], [24, []], [2, []], [33, []], [16, []], [25, []], [5, [5, 14, 27, 17, 13, 39, 3]], [27, []], [14, []], [17, []], [13, []], [3, []], [39, []]]], [[[37, [37]]], [[7, [7, 38, 35]]], [[6, [6, 11, 8, 22, 18, 30]]], [[29, [29, 16, 25, 15, 10, 31]]], [[4, [4, 24, 2]]], [[26, [26, 19, 32, 9, 20]]], [[23, [23, 40, 21, 12, 28]]], [[5, [5, 14, 27, 17, 13, 39, 3]]]]]], "Numrun": 5, "all_fitness": [425.47411120837234]}
{"file_name": "U_40_1", "number_of_trucks": 2, "drone_capacity": 10, "number_of_drones": 2, "iteration": 2, "best_fitness": 505.6815448661762, "runtime": 51.57792329788208, "best_solution": [[[[0, [31, 10, 15, 6, 26]], [31, []], [10, []], [15, []], [6, []], [26, []], [9, [9, 32, 27, 14, 1, 3, 17, 5, 13, 29]], [32, []], [27, []], [14, []], [1, []], [3, []], [17, []], [5, []], [13, []], [29, []]], [[0, [34, 35, 11, 33, 16]], [34, []], [35, []], [11, []], [33, []], [16, []], [25, [25, 38, 37, 7, 4, 36, 24, 2, 18]], [38, [28]], [37, []], [7, []], [4, []], [36, []], [24, []], [2, []], [18, []], [28, []], [22, [22, 30, 23, 19, 8, 12, 20, 21, 40, 39]], [30, []], [23, []], [19, []], [8, []], [12, []], [20, []], [21, []], [40, []], [39, []]]], [[[25, [25, 38, 37, 7, 4, 36, 24, 2, 18]]], [[38, [28]]], [[22, [22, 30, 23, 19, 8, 12, 20, 21, 40, 39]]], [[9, [9, 32, 27, 14, 1, 3, 17, 5, 13, 29]]]]], "all_solution": [[[[[0, [34]], [34, []], [37, [37]], [7, [7, 38, 35]], [38, []], [35, []], [6, [6, 11, 8, 22, 18, 30]], [11, []], [18, []], [30, []], [26, [26, 19, 32, 9, 20]], [19, []], [32, []], [9, []], [8, []], [23, [23, 40, 21, 12, 28]], [28, []], [21, []], [12, []], [20, []], [22, []], [40, []]], [[0, [1, 36, 33]], [1, []], [29, [29, 16, 25, 15, 10, 31]], [15, []], [10, []], [31, []], [36, []], [4, [4, 24, 2]], [24, []], [2, []], [33, []], [16, []], [25, []], [5, [5, 14, 27, 17, 13, 39, 3]], [27, []], [14, []], [17, []], [13, []], [3, []], [39, []]]], [[[37, [37]]], [[7, [7, 38, 35]]], [[6, [6, 11, 8, 22, 18, 30]]], [[29, [29, 16, 25, 15, 10, 31]]], [[4, [4, 24, 2]]], [[26, [26, 19, 32, 9, 20]]], [[23, [23, 40, 21, 12, 28]]], [[5, [5, 14, 27, 17, 13, 39, 3]]]]], [[[[0, [31, 10, 15, 6, 26]], [31, []], [10, []], [15, []], [6, []], [26, []], [9, [9, 32, 27, 14, 1, 3, 17, 5, 13, 29]], [32, []], [27, []], [14, []], [1, []], [3, []], [17, []], [5, []], [13, []], [29, []]], [[0, [34, 35, 11, 33, 16]], [34, []], [35, []], [11, []], [33, []], [16, []], [25, [25, 38, 37, 7, 4, 36, 24, 2, 18]], [38, [28]], [37, []], [7, []], [4, []], [36, []], [24, []], [2, []], [18, []], [28, []], [22, [22, 30, 23, 19, 8, 12, 20, 21, 40, 39]], [30, []], [23, []], [19, []], [8, []], [12, []], [20, []], [21, []], [40, []], [39, []]]], [[[25, [25, 38, 37, 7, 4, 36, 24, 2, 18]]], [[38, [28]]], [[22, [22, 30, 23, 19, 8, 12, 20, 21, 40, 39]]], [[9, [9, 32, 27, 14, 1, 3, 17, 5, 13, 29]]]]]], "Numrun": 5, "all_fitness": [425.47411120837234, 505.6815448661762]}
{"file_name": "U_40_1", "number_of_trucks": 2, "drone_capacity": 10, "number_of_drones": 2, "iteration": 3, "best_fitness": 494.18033383254414, "runtime": 55.288859605789185, "best_solution": [[[[0, []], [36, [36, 35, 34, 22, 30, 6]], [35, []], [34, []], [22, [2, 37, 4]], [30, []], [6, []], [2, []], [37, []], [4, []], [18, [18, 14, 1, 17, 33, 27, 25, 5, 13, 3]], [14, []], [1, []], [17, []], [33, []], [27, []], [25, []], [5, []], [13, []], [3, []]], [[0, [38, 16]], [38, []], [16, []], [8, [8]], [11, [11, 7, 29, 10, 31, 15, 24, 20]], [7, []], [29, []], [10, []], [31, []], [15, []], [24, []], [20, []], [26, [26, 19, 9, 32, 28, 23, 21, 12, 40, 39]], [19, []], [9, []], [32, []], [28, []], [23, []], [21, []], [12, []], [40, []], [39, []]]], [[[36, [36, 35, 34, 22, 30, 6]]], [[8, [8]]], [[11, [11, 7, 29, 10, 31, 15, 24, 20]]], [[22, [2, 37, 4]]], [[18, [18, 14, 1, 17, 33, 27, 25, 5, 13, 3]]], [[26, [26, 19, 9, 32, 28, 23, 21, 12, 40, 39]]]]], "all_solution": [[[[[0, [34]], [34, []], [37, [37]], [7, [7, 38, 35]], [38, []], [35, []], [6, [6, 11, 8, 22, 18, 30]], [11, []], [18, []], [30, []], [26, [26, 19, 32, 9, 20]], [19, []], [32, []], [9, []], [8, []], [23, [23, 40, 21, 12, 28]], [28, []], [21, []], [12, []], [20, []], [22, []], [40, []]], [[0, [1, 36, 33]], [1, []], [29, [29, 16, 25, 15, 10, 31]], [15, []], [10, []], [31, []], [36, []], [4, [4, 24, 2]], [24, []], [2, []], [33, []], [16, []], [25, []], [5, [5, 14, 27, 17, 13, 39, 3]], [27, []], [14, []], [17, []], [13, []], [3, []], [39, []]]], [[[37, [37]]], [[7, [7, 38, 35]]], [[6, [6, 11, 8, 22, 18, 30]]], [[29, [29, 16, 25, 15, 10, 31]]], [[4, [4, 24, 2]]], [[26, [26, 19, 32, 9, 20]]], [[23, [23, 40, 21, 12, 28]]], [[5, [5, 14, 27, 17, 13, 39, 3]]]]], [[[[0, [31, 10, 15, 6, 26]], [31, []], [10, []], [15, []], [6, []], [26, []], [9, [9, 32, 27, 14, 1, 3, 17, 5, 13, 29]], [32, []], [27, []], [14, []], [1, []], [3, []], [17, []], [5, []], [13, []], [29, []]], [[0, [34, 35, 11, 33, 16]], [34, []], [35, []], [11, []], [33, []], [16, []], [25, [25, 38, 37, 7, 4, 36, 24, 2, 18]], [38, [28]], [37, []], [7, []], [4, []], [36, []], [24, []], [2, []], [18, []], [28, []], [22, [22, 30, 23, 19, 8, 12, 20, 21, 40, 39]], [30, []], [23, []], [19, []], [8, []], [12, []], [20, []], [21, []], [40, []], [39, []]]], [[[25, [25, 38, 37, 7, 4, 36, 24, 2, 18]]], [[38, [28]]], [[22, [22, 30, 23, 19, 8, 12, 20, 21, 40, 39]]], [[9, [9, 32, 27, 14, 1, 3, 17, 5, 13, 29]]]]], [[[[0, []], [36, [36, 35, 34, 22, 30, 6]], [35, []], [34, []], [22, [2, 37, 4]], [30, []], [6, []], [2, []], [37, []], [4, []], [18, [18, 14, 1, 17, 33, 27, 25, 5, 13, 3]], [14, []], [1, []], [17, []], [33, []], [27, []], [25, []], [5, []], [13, []], [3, []]], [[0, [38, 16]], [38, []], [16, []], [8, [8]], [11, [11, 7, 29, 10, 31, 15, 24, 20]], [7, []], [29, []], [10, []], [31, []], [15, []], [24, []], [20, []], [26, [26, 19, 9, 32, 28, 23, 21, 12, 40, 39]], [19, []], [9, []], [32, []], [28, []], [23, []], [21, []], [12, []], [40, []], [39, []]]], [[[36, [36, 35, 34, 22, 30, 6]]], [[8, [8]]], [[11, [11, 7, 29, 10, 31, 15, 24, 20]]], [[22, [2, 37, 4]]], [[18, [18, 14, 1, 17, 33, 27, 25, 5, 13, 3]]], [[26, [26, 19, 9, 32, 28, 23, 21, 12, 40, 39]]]]]], "Numrun": 5, "all_fitness": [425.47411120837234, 505.6815448661762, 494.18033383254414]}
{"file_name": "U_40_1", "number_of_trucks": 2, "drone_capacity": 10, "number_of_drones": 2, "iteration": 4, "best_fitness": 510.1644152860026, "runtime": 60.401602268218994,