{"file_name": "U_15_1", "number_of_trucks": 2, "drone_capacity": 10, "number_of_drones": 2, "iteration": 1, "best_fitness": 259.17185322812804, "runtime": 53.46219801902771, "best_solution": [[[[0, []], [8, [8, 2]], [2, []], [11, [11, 7, 12]], [7, []], [10, [10, 13]], [12, []], [13, []]], [[0, []], [9, [9]], [4, [4, 15, 6]], [6, []], [15, []], [3, [3, 5]], [5, []], [14, [14, 1]], [1, []]]], [[[8, [8, 2]]], [[9, [9]]], [[4, [4, 15, 6]]], [[3, [3, 5]]], [[11, [11, 7, 12]]], [[10, [10, 13]]], [[14, [14, 1]]]]], "all_solution": [[[[[0, []], [8, [8, 2]], [2, []], [11, [11, 7, 12]], [7, []], [10, [10, 13]], [12, []], [13, []]], [[0, []], [9, [9]], [4, [4, 15, 6]], [6, []], [15, []], [3, [3, 5]], [5, []], [14, [14, 1]], [1, []]]], [[[8, [8, 2]]], [[9, [9]]], [[4, [4, 15, 6]]], [[3, [3, 5]]], [[11, [11, 7, 12]]], [[10, [10, 13]]], [[14, [14, 1]]]]]], "Numrun": 5, "all_fitness": [259.17185322812804]}
{"file_name": "U_15_1", "number_of_trucks": 2, "drone_capacity": 10, "number_of_drones": 2, "iteration": 2, "best_fitness": 259.17185322812804, "runtime": 58.89437127113342, "best_solution": [[[[0, []], [4, [4]], [9, [9, 6]], [6, []], [3, [3, 5]], [5, []], [14, [14, 1]], [1, []]], [[0, [2, 8]], [2, []], [15, [15]], [8, []], [7, [7, 11, 12]], [11, []], [10, [10, 13]], [12, []], [13, []]]], [[[4, [4]]], [[9, [9, 6]]], [[15, [15]]], [[3, [3, 5]]], [[7, [7, 11, 12]]], [[10, [10, 13]]], [[14, [14, 1]]]]], "all_solution": [[[[[0, []], [8, [8, 2]], [2, []], [11, [11, 7, 12]], [7, []], [10, [10, 13]], [12, []], [13, []]], [[0, []], [9, [9]], [4, [4, 15, 6]], [6, []], [15, []], [3, [3, 5]], [5, []], [14, [14, 1]], [1, []]]], [[[8, [8, 2]]], [[9, [9]]], [[4, [4, 15, 6]]], [[3, [3, 5]]], [[11, [11, 7, 12]]], [[10, [10, 13]]], [[14, [14, 1]]]]], [[[[0, []], [4, [4]], [9, [9, 6]], [6, []], [3, [3, 5]], [5, []], [14, [14, 1]], [1, []]], [[0, [2, 8]], [2, []], [15, [15]], [8, []], [7, [7, 11, 12]], [11, []], [10, [10, 13]], [12, []], [13, []]]], [[[4, [4]]], [[9, [9, 6]]], [[15, [15]]], [[3, [3, 5]]], [[7, [7, 11, 12]]], [[10, [10, 13]]], [[14, [14, 1]]]]]], "Numrun": 5, "all_fitness": [259.17185322812804, 259.17185322812804]}
{"file_name": "U_15_1", "number_of_trucks": 2, "drone_capacity": 10, "number_of_drones": 2, "iteration": 3, "best_fitness": 259.17185322812804, "runtime": 51.55579352378845, "best_solution": [[[[0, [2, 6]], [2, []], [6, []], [7, [7]], [14, [14, 1]], [1, []]], [[0, []], [9, [9, 8]], [4, [4, 15]], [15, []], [5, [5, 12, 3, 11]], [12, []], [3, []], [8, []], [11, []], [10, [10, 13]], [13, []]]], [[[9, [9, 8]]], [[4, [4, 15]]], [[5, [5, 12, 3, 11]]], [[7, [7]]], [[10, [10, 13]]], [[14, [14, 1]]]]], "all_solution": [[[[[0, []], [8, [8, 2]], [2, []], [11, [11, 7, 12]], [7, []], [10, [10, 13]], [12, []], [13, []]], [[0, []], [9, [9]], [4, [4, 15, 6]], [6, []], [15, []], [3, [3, 5]], [5, []], [14, [14, 1]], [1, []]]], [[[8, [8, 2]]], [[9, [9]]], [[4, [4, 15, 6]]], [[3, [3, 5]]], [[11, [11, 7, 12]]], [[10, [10, 13]]], [[14, [14, 1]]]]], [[[[0, []], [4, [4]], [9, [9, 6]], [6, []], [3, [3, 5]], [5, []], [14, [14, 1]], [1, []]], [[0, [2, 8]], [2, []], [15, [15]], [8, []], [7, [7, 11, 12]], [11, []], [10, [10, 13]], [12, []], [13, []]]], [[[4, [4]]], [[9, [9, 6]]], [[15, [15]]], [[3, [3, 5]]], [[7, [7, 11, 12]]], [[10, [10, 13]]], [[14, [14, 1]]]]], [[[[0, [2, 6]], [2, []], [6, []], [7, [7]], [14, [14, 1]], [1, []]], [[0, []], [9, [9, 8]], [4, [4, 15]], [15, []], [5, [5, 12, 3, 11]], [12, []], [3, []], [8, []], [11, []], [10, [10, 13]], [13, []]]], [[[9, [9, 8]]], [[4, [4, 15]]], [[5, [5, 12, 3, 11]]], [[7, [7]]], [[10, [10, 13]]], [[14, [14, 1]]]]]], "Numrun": 5, "all_fitness": [259.17185322812804, 259.17185322812804, 259.17185322812804]}
{"file_name": "U_15_1", "number_of_trucks": 2, "drone_capacity": 10, "number_of_drones": 2, "iteration": 4, "best_fitness": 259.17185322812804, "runtime": 50.48946404457092, "best_solution": [[[[0, []], [2, [2, 8]], [8, []], [6, [6, 15]], [15, []], [3, [3, 5]], [5, []], [14, [14, 1]], [1, []]], [[0, []], [9, [9]], [4, [4]], [7, [7, 11, 12]], [11, []], [10, [10, 13]], [12, []], [13, []]]], [[[9, [9]]], [[2, [2, 8]]], [[4, [4]]], [[6, [6, 15]]], [[3, [3, 5]]], [[7, [7, 11, 12]]], [[10, [10, 13]]], [[14, [14, 1]]]]], "all_solution": [[[[[0, []], [8, [8, 2]], [2, []], [11, [11, 7, 12]], [7, []], [10, [10, 13]], [12, []], [13, []]], [[0, []], [9, [9]], [4, [4, 15, 6]], [6, []], [15, []], [3, [3, 5]], [5, []], [14, [14, 1]], [1, []]]], [[[8, [8, 2]]], [[9, [9]]], [[4, [4, 15, 6]]], [[3, [3, 5]]], [[11, [11, 7, 12]]], [[10, [10, 13]]], [[14, [14, 1]]]]], [[[[0, []], [4, [4]], [9, [9, 6]], [6, []], [3, [3, 5]], [5, []], [14, [14, 1]], [1, []]], [[0, [2, 8]], [2, []], [15, [15]], [8, []], [7, [7, 11, 12]], [11, []], [10, [10, 13]], [12, []], [13, []]]], [[[4, [4]]], [[9, [9, 6]]], [[15, [15]]], [[3, [3, 5]]], [[7, [7, 11, 12]]], [[10, [10, 13]]], [[14, [14, 1]]]]], [[[[0, [2, 6]], [2, []], [6, []], [7, [7]], [14, [14, 1]], [1, []]], [[0, []], [9, [9, 8]], [4, [4, 15]], [15, []], [5, [5, 12, 3, 11]], [12, []], [3, []], [8, []], [11, []], [10, [10, 13]], [13, []]]], [[[9, [9, 8]]], [[4, [4, 15]]], [[5, [5, 12, 3, 11]]], [[7, [7]]], [[10, [10, 13]]], [[14, [14, 1]]]]], [[[[0, []], [2, [2, 8]], [8, []], [6, [6, 15]], [15, []], [3, [3, 5]], [5, []], [14, [14, 1]], [1, []]], [[0, []], [9, [9]], [4, [4]], [7, [7, 11, 12]], [11, []], [10, [10, 13]], [12, []], [13, []]]], [[[9, [9]]], [[2, [2, 8]]], [[4, [4]]], [[6, [6, 15]]], [[3, [3, 5]]], [[7, [7, 11, 12]]], [[10, [10, 13]]], [[14, [14, 1]]]]]], "Numrun": 5, "all_fitness": [259.17185322812804, 259.17185322812804, 259.17185322812804, 259.17185322812804]}
{"file_name": "U_15_1", "number_of_trucks": 2, "drone_capacity": 10, "number_of_drones": 2, "iteration": 5, "best_fitness": 259.17185322812804, "runtime": 51.89247536659241, "best_solution": [[[[0, [2, 6]], [2, []], [6, []], [8, [8]], [12, [12, 11, 7]], [11, []], [7, []], [10, [10, 13]], [13, []]], [[0, []], [9, [9]], [4, [4, 15]], [15, []], [3, [3, 5]], [5, []], [14, [14, 1]], [1, []]]], [[[8, [8]]], [[9, [9]]], [[4, [4, 15]]], [[12, [12, 11, 7]]], [[3, [3, 5]]], [[10, [10, 13]]], [[14, [14, 1]]]]], "all_solution": [[[[[0, []], [8, [8, 2]], [2, []], [11, [11, 7, 12]], [7, []], [10, [10, 13]], [12, []], [13, []]], [[0, []], [9, [9]], [4, [4, 15, 6]], [6, []], [15, []], [3, [3, 5]], [5, []], [14, [14, 1]], [1, []]]], [[[8, [8, 2]]], [[9, [9]]], [[4, [4, 15, 6]]], [[3, [3, 5]]], [[11, [11, 7, 12]]], [[10, [10, 13]]], [[14, [14, 1]]]]], [[[[0, []], [4, [4]], [9, [9, 6]], [6, []], [3, [3, 5]], [5, []], [14, [14, 1]], [1, []]], [[0, [2, 8]], [2, []], [15, [15]], [8, []], [7, [7, 11, 12]], [11, []], [10, [10, 13]], [12, []], [13, []]]], [[[4, [4]]], [[9, [9, 6]]], [[15, [15]]], [[3, [3, 5]]], [[7, [7, 11, 12]]], [[10, [10, 13]]], [[14, [14, 1]]]]], [[[[0, [2, 6]], [2, []], [6, []], [7, [7]], [14, [14, 1]], [1, []]], [[0, []], [9, [9, 8]], [4, [4, 15]], [15, []], [5, [5, 12, 3, 11]], [12, []], [3, []], [8, []], [11, []], [10, [10, 13]], [13, []]]], [[[9, [9, 8]]], [[4, [4, 15]]], [[5, [5, 12, 3, 11]]], [[7, [7]]], [[10, [10, 13]]], [[14, [14, 1]]]]], [[[[0, []], [2, [2, 8]], [8, []], [6, [6, 15]], [15, []], [3, [3, 5]], [5, []], [14, [14, 1]], [1, []]], [[0, []], [9, [9]], [4, [4]], [7, [7, 11, 12]], [11, []], [10, [10, 13]], [12, []], [13, []]]], [[[9, [9]]], [[2, [2, 8]]], [[4, [4]]], [[6, [6, 15]]], [[3, [3, 5]]], [[7, [7, 11, 12]]], [[10, [10, 13]]], [[14, [14, 1]]]]], [[[[0, [2, 6]], [2, []], [6, []], [8, [8]], [12, [12, 11, 7]], [11, []], [7, []], [10, [10, 13]], [13, []]], [[0, []], [9, [9]], [4, [4, 15]], [15, []], [3, [3, 5]], [5, []], [14, [14, 1]], [1, []]]], [[[8, [8]]], [[9, [9]]], [[4, [4, 15]]], [[12, [12, 11, 7]]], [[3, [3, 5]]], [[10, [10, 13]]], [[14, [14, 1]]]]]], "Numrun": 5, "all_fitness": [259.17185322812804, 259.17185322812804, 259.17185322812804, 259.17185322812804, 259.17185322812804]}
