{"file_name": "U_15_0", "number_of_trucks": 2, "drone_capacity": 10, "number_of_drones": 2, "iteration": 1, "best_fitness": 185.6135277927398, "runtime": 98.61745500564575, "best_solution": [[[[0, [8]], [8, []], [10, [10, 9, 12, 15, 13, 14, 6]], [9, []], [12, []], [15, []], [13, []], [14, []], [6, []], [4, [4]]], [[0, [1]], [2, [2]], [3, [3, 5, 7, 11]], [11, []], [5, []], [7, []], [1, []]]], [[[2, [2]]], [[10, [10, 9, 12, 15, 13, 14, 6]]], [[3, [3, 5, 7, 11]]], [[4, [4]]]]], "all_solution": [[[[[0, [8]], [8, []], [10, [10, 9, 12, 15, 13, 14, 6]], [9, []], [12, []], [15, []], [13, []], [14, []], [6, []], [4, [4]]], [[0, [1]], [2, [2]], [3, [3, 5, 7, 11]], [11, []], [5, []], [7, []], [1, []]]], [[[2, [2]]], [[10, [10, 9, 12, 15, 13, 14, 6]]], [[3, [3, 5, 7, 11]]], [[4, [4]]]]]], "Numrun": 5, "all_fitness": [185.6135277927398]}
{"file_name": "U_15_0", "number_of_trucks": 2, "drone_capacity": 10, "number_of_drones": 2, "iteration": 2, "best_fitness": 186.8, "runtime": 89.82494831085205, "best_solution": [[[[0, [8]], [8, []], [10, [10, 9, 13, 6, 2]], [9, []], [13, []], [6, []], [4, [4]], [2, []]], [[0, [1, 14]], [14, []], [15, [15, 12, 11]], [12, []], [5, [5, 7, 3]], [7, []], [1, []], [3, []], [11, []]]], [[[10, [10, 9, 13, 6, 2]]], [[15, [15, 12, 11]]], [[4, [4]]], [[5, [5, 7, 3]]]]], "all_solution": [[[[[0, [8]], [8, []], [10, [10, 9, 12, 15, 13, 14, 6]], [9, []], [12, []], [15, []], [13, []], [14, []], [6, []], [4, [4]]], [[0, [1]], [2, [2]], [3, [3, 5, 7, 11]], [11, []], [5, []], [7, []], [1, []]]], [[[2, [2]]], [[10, [10, 9, 12, 15, 13, 14, 6]]], [[3, [3, 5, 7, 11]]], [[4, [4]]]]], [[[[0, [8]], [8, []], [10, [10, 9, 13, 6, 2]], [9, []], [13, []], [6, []], [4, [4]], [2, []]], [[0, [1, 14]], [14, []], [15, [15, 12, 11]], [12, []], [5, [5, 7, 3]], [7, []], [1, []], [3, []], [11, []]]], [[[10, [10, 9, 13, 6, 2]]], [[15, [15, 12, 11]]], [[4, [4]]], [[5, [5, 7, 3]]]]]], "Numrun": 5, "all_fitness": [185.6135277927398, 186.8]}
{"file_name": "U_15_0", "number_of_trucks": 2, "drone_capacity": 10, "number_of_drones": 2, "iteration": 3, "best_fitness": 189.09852615893934, "runtime": 71.13715171813965, "best_solution": [[[[0, []], [13, [13, 14]], [14, []], [15, [15, 12, 9]], [12, []], [9, []], [5, [5, 10, 4]], [10, []], [4, []]], [[0, [6]], [6, []], [2, [2]], [3, [3, 11, 8, 1, 7]], [11, []], [8, []], [1, []], [7, []]]], [[[13, [13, 14]]], [[2, [2]]], [[15, [15, 12, 9]]], [[3, [3, 11, 8, 1, 7]]], [[5, [5, 10, 4]]]]], "all_solution": [[[[[0, [8]], [8, []], [10, [10, 9, 12, 15, 13, 14, 6]], [9, []], [12, []], [15, []], [13, []], [14, []], [6, []], [4, [4]]], [[0, [1]], [2, [2]], [3, [3, 5, 7, 11]], [11, []], [5, []], [7, []], [1, []]]], [[[2, [2]]], [[10, [10, 9, 12, 15, 13, 14, 6]]], [[3, [3, 5, 7, 11]]], [[4, [4]]]]], [[[[0, [8]], [8, []], [10, [10, 9, 13, 6, 2]], [9, []], [13, []], [6, []], [4, [4]], [2, []]], [[0, [1, 14]], [14, []], [15, [15, 12, 11]], [12, []], [5, [5, 7, 3]], [7, []], [1, []], [3, []], [11, []]]], [[[10, [10, 9, 13, 6, 2]]], [[15, [15, 12, 11]]], [[4, [4]]], [[5, [5, 7, 3]]]]], [[[[0, []], [13, [13, 14]], [14, []], [15, [15, 12, 9]], [12, []], [9, []], [5, [5, 10, 4]], [10, []], [4, []]], [[0, [6]], [6, []], [2, [2]], [3, [3, 11, 8, 1, 7]], [11, []], [8, []], [1, []], [7, []]]], [[[13, [13, 14]]], [[2, [2]]], [[15, [15, 12, 9]]], [[3, [3, 11, 8, 1, 7]]], [[5, [5, 10, 4]]]]]], "Numrun": 5, "all_fitness": [185.6135277927398, 186.8, 189.09852615893934]}
{"file_name": "U_15_0", "number_of_trucks": 2, "drone_capacity": 10, "number_of_drones": 2, "iteration": 4, "best_fitness": 184.77352779273977, "runtime": 89.2925329208374, "best_solution": [[[[0, [8]], [8, []], [11, [11, 10, 12, 15, 13, 14, 6]], [10, []], [12, []], [15, []], [13, []], [14, []], [6, []], [4, [4]]], [[0, [2]], [2, []], [3, [3, 5, 7, 1, 9]], [9, []], [5, []], [7, []], [1, []]]], [[[11, [11, 10, 12, 15, 13, 14, 6]]], [[3, [3, 5, 7, 1, 9]]], [[4, [4]]]]], "all_solution": [[[[[0, [8]], [8, []], [10, [10, 9, 12, 15, 13, 14, 6]], [9, []], [12, []], [15, []], [13, []], [14, []], [6, []], [4, [4]]], [[0, [1]], [2, [2]], [3, [3, 5, 7, 11]], [11, []], [5, []], [7, []], [1, []]]], [[[2, [2]]], [[10, [10, 9, 12, 15, 13, 14, 6]]], [[3, [3, 5, 7, 11]]], [[4, [4]]]]], [[[[0, [8]], [8, []], [10, [10, 9, 13, 6, 2]], [9, []], [13, []], [6, []], [4, [4]], [2, []]], [[0, [1, 14]], [14, []], [15, [15, 12, 11]], [12, []], [5, [5, 7, 3]], [7, []], [1, []], [3, []], [11, []]]], [[[10, [10, 9, 13, 6, 2]]], [[15, [15, 12, 11]]], [[4, [4]]], [[5, [5, 7, 3]]]]], [[[[0, []], [13, [13, 14]], [14, []], [15, [15, 12, 9]], [12, []], [9, []], [5, [5, 10, 4]], [10, []], [4, []]], [[0, [6]], [6, []], [2, [2]], [3, [3, 11, 8, 1, 7]], [11, []], [8, []], [1, []], [7, []]]], [[[13, [13, 14]]], [[2, [2]]], [[15, [15, 12, 9]]], [[3, [3, 11, 8, 1, 7]]], [[5, [5, 10, 4]]]]], [[[[0, [8]], [8, []], [11, [11, 10, 12, 15, 13, 14, 6]], [10, []], [12, []], [15, []], [13, []], [14, []], [6, []], [4, [4]]], [[0, [2]], [2, []], [3, [3, 5, 7, 1, 9]], [9, []], [5, []], [7, []], [1, []]]], [[[11, [11, 10, 12, 15, 13, 14, 6]]], [[3, [3, 5, 7, 1, 9]]], [[4, [4]]]]]], "Numrun": 5, "all_fitness": [185.6135277927398, 186.8, 189.09852615893934, 184.77352779273977]}
{"file_name": "U_15_0", "number_of_trucks": 2, "drone_capacity": 10, "number_of_drones": 2, "iteration": 5, "best_fitness": 185.87113515193894, "runtime": 93.77617335319519, "best_solution": [[[[0, [8, 13]], [8, []], [9, [10, 6, 2, 9]], [10, []], [13, []], [6, []], [4, [4]], [2, []]], [[0, [1, 14]], [14, []], [15, [15, 12, 11]], [12, []], [5, [5, 7, 3]], [7, []], [1, []], [3, []], [11, []]]], [[[9, [10, 6, 2, 9]]], [[15, [15, 12, 11]]], [[5, [5, 7, 3]]], [[4, [4]]]]], "all_solution": [[[[[0, [8]], [8, []], [10, [10, 9, 12, 15, 13, 14, 6]], [9, []], [12, []], [15, []], [13, []], [14, []], [6, []], [4, [4]]], [[0, [1]], [2, [2]], [3, [3, 5, 7, 11]], [11, []], [5, []], [7, []], [1, []]]], [[[2, [2]]], [[10, [10, 9, 12, 15, 13, 14, 6]]], [[3, [3, 5, 7, 11]]], [[4, [4]]]]], [[[[0, [8]], [8, []], [10, [10, 9, 13, 6, 2]], [9, []], [13, []], [6, []], [4, [4]], [2, []]], [[0, [1, 14]], [14, []], [15, [15, 12, 11]], [12, []], [5, [5, 7, 3]], [7, []], [1, []], [3, []], [11, []]]], [[[10, [10, 9, 13, 6, 2]]], [[15, [15, 12, 11]]], [[4, [4]]], [[5, [5, 7, 3]]]]], [[[[0, []], [13, [13, 14]], [14, []], [15, [15, 12, 9]], [12, []], [9, []], [5, [5, 10, 4]], [10, []], [4, []]], [[0, [6]], [6, []], [2, [2]], [3, [3, 11, 8, 1, 7]], [11, []], [8, []], [1, []], [7, []]]], [[[13, [13, 14]]], [[2, [2]]], [[15, [15, 12, 9]]], [[3, [3, 11, 8, 1, 7]]], [[5, [5, 10, 4]]]]], [[[[0, [8]], [8, []], [11, [11, 10, 12, 15, 13, 14, 6]], [10, []], [12, []], [15, []], [13, []], [14, []], [6, []], [4, [4]]], [[0, [2]], [2, []], [3, [3, 5, 7, 1, 9]], [9, []], [5, []], [7, []], [1, []]]], [[[11, [11, 10, 12, 15, 13, 14, 6]]], [[3, [3, 5, 7, 1, 9]]], [[4, [4]]]]], [[[[0, [8, 13]], [8, []], [9, [10, 6, 2, 9]], [10, []], [13, []], [6, []], [4, [4]], [2, []]], [[0, [1, 14]], [14, []], [15, [15, 12, 11]], [12, []], [5, [5, 7, 3]], [7, []], [1, []], [3, []], [11, []]]], [[[9, [10, 6, 2, 9]]], [[15, [15, 12, 11]]], [[5, [5, 7, 3]]], [[4, [4]]]]]], "Numrun": 5, "all_fitness": [185.6135277927398, 186.8, 189.09852615893934, 184.77352779273977, 185.87113515193894]}
