{"file_name": "U_15_1", "number_of_trucks": 2, "drone_capacity": 10, "number_of_drones": 2, "iteration": 1, "best_fitness": 237.4931483389792, "runtime": 72.18625903129578, "best_solution": [[[[0, []], [15, [15, 14, 7]], [14, []], [7, []], [12, [12, 13, 11]], [13, []], [11, []]], [[0, [9]], [6, [6, 2]], [2, []], [9, []], [4, [4]], [3, [3, 1, 8, 5, 10]], [1, []], [8, []], [10, []], [5, []]]], [[[6, [6, 2]]], [[15, [15, 14, 7]]], [[4, [4]]], [[3, [3, 1, 8, 5, 10]]], [[12, [12, 13, 11]]]]], "all_solution": [[[[[0, []], [15, [15, 14, 7]], [14, []], [7, []], [12, [12, 13, 11]], [13, []], [11, []]], [[0, [9]], [6, [6, 2]], [2, []], [9, []], [4, [4]], [3, [3, 1, 8, 5, 10]], [1, []], [8, []], [10, []], [5, []]]], [[[6, [6, 2]]], [[15, [15, 14, 7]]], [[4, [4]]], [[3, [3, 1, 8, 5, 10]]], [[12, [12, 13, 11]]]]]], "Numrun": 5, "all_fitness": [237.4931483389792]}
{"file_name": "U_15_1", "number_of_trucks": 2, "drone_capacity": 10, "number_of_drones": 2, "iteration": 2, "best_fitness": 233.919459579604, "runtime": 108.81786775588989, "best_solution": [[[[0, [9]], [6, [6, 2, 10]], [2, []], [10, []], [8, [8, 4, 3, 1]], [9, []], [4, []], [3, []], [1, []], [11, [11]]], [[0, [14, 7]], [15, [15]], [5, [5]], [14, []], [7, []], [13, [13, 12]], [12, []]]], [[[6, [6, 2, 10]]], [[15, [15]]], [[5, [5]]], [[8, [8, 4, 3, 1]]], [[13, [13, 12]]], [[11, [11]]]]], "all_solution": [[[[[0, []], [15, [15, 14, 7]], [14, []], [7, []], [12, [12, 13, 11]], [13, []], [11, []]], [[0, [9]], [6, [6, 2]], [2, []], [9, []], [4, [4]], [3, [3, 1, 8, 5, 10]], [1, []], [8, []], [10, []], [5, []]]], [[[6, [6, 2]]], [[15, [15, 14, 7]]], [[4, [4]]], [[3, [3, 1, 8, 5, 10]]], [[12, [12, 13, 11]]]]], [[[[0, [9]], [6, [6, 2, 10]], [2, []], [10, []], [8, [8, 4, 3, 1]], [9, []], [4, []], [3, []], [1, []], [11, [11]]], [[0, [14, 7]], [15, [15]], [5, [5]], [14, []], [7, []], [13, [13, 12]], [12, []]]], [[[6, [6, 2, 10]]], [[15, [15]]], [[5, [5]]], [[8, [8, 4, 3, 1]]], [[13, [13, 12]]], [[11, [11]]]]]], "Numrun": 5, "all_fitness": [237.4931483389792, 233.919459579604]}
{"file_name": "U_15_1", "number_of_trucks": 2, "drone_capacity": 10, "number_of_drones": 2, "iteration": 3, "best_fitness": 236.39945957960398, "runtime": 73.77362847328186, "best_solution": [[[[0, [9, 6]], [15, [15, 2]], [2, []], [9, []], [4, [4, 3, 1]], [3, []], [1, []], [6, []], [11, [11]]], [[0, [14, 7]], [10, [10]], [14, []], [7, []], [8, [8, 13, 12, 5]], [13, []], [12, []], [5, []]]], [[[15, [15, 2]]], [[10, [10]]], [[4, [4, 3, 1]]], [[8, [8, 13, 12, 5]]], [[11, [11]]]]], "all_solution": [[[[[0, []], [15, [15, 14, 7]], [14, []], [7, []], [12, [12, 13, 11]], [13, []], [11, []]], [[0, [9]], [6, [6, 2]], [2, []], [9, []], [4, [4]], [3, [3, 1, 8, 5, 10]], [1, []], [8, []], [10, []], [5, []]]], [[[6, [6, 2]]], [[15, [15, 14, 7]]], [[4, [4]]], [[3, [3, 1, 8, 5, 10]]], [[12, [12, 13, 11]]]]], [[[[0, [9]], [6, [6, 2, 10]], [2, []], [10, []], [8, [8, 4, 3, 1]], [9, []], [4, []], [3, []], [1, []], [11, [11]]], [[0, [14, 7]], [15, [15]], [5, [5]], [14, []], [7, []], [13, [13, 12]], [12, []]]], [[[6, [6, 2, 10]]], [[15, [15]]], [[5, [5]]], [[8, [8, 4, 3, 1]]], [[13, [13, 12]]], [[11, [11]]]]], [[[[0, [9, 6]], [15, [15, 2]], [2, []], [9, []], [4, [4, 3, 1]], [3, []], [1, []], [6, []], [11, [11]]], [[0, [14, 7]], [10, [10]], [14, []], [7, []], [8, [8, 13, 12, 5]], [13, []], [12, []], [5, []]]], [[[15, [15, 2]]], [[10, [10]]], [[4, [4, 3, 1]]], [[8, [8, 13, 12, 5]]], [[11, [11]]]]]], "Numrun": 5, "all_fitness": [237.4931483389792, 233.919459579604, 236.39945957960398]}
{"file_name": "U_15_1", "number_of_trucks": 2, "drone_capacity": 10, "number_of_drones": 2, "iteration": 4, "best_fitness": 236.39945957960398, "runtime": 89.46637868881226, "best_solution": [[[[0, [9, 6]], [15, [15, 2]], [1, [1, 3, 4]], [3, []], [4, []], [9, []], [2, []], [6, []], [11, [11]]], [[0, [14, 7]], [10, [10]], [14, []], [7, []], [8, [8, 13, 12, 5]], [13, []], [12, []], [5, []]]], [[[15, [15, 2]]], [[10, [10]]], [[8, [8, 13, 12, 5]]], [[1, [1, 3, 4]]], [[11, [11]]]]], "all_solution": [[[[[0, []], [15, [15, 14, 7]], [14, []], [7, []], [12, [12, 13, 11]], [13, []], [11, []]], [[0, [9]], [6, [6, 2]], [2, []], [9, []], [4, [4]], [3, [3, 1, 8, 5, 10]], [1, []], [8, []], [10, []], [5, []]]], [[[6, [6, 2]]], [[15, [15, 14, 7]]], [[4, [4]]], [[3, [3, 1, 8, 5, 10]]], [[12, [12, 13, 11]]]]], [[[[0, [9]], [6, [6, 2, 10]], [2, []], [10, []], [8, [8, 4, 3, 1]], [9, []], [4, []], [3, []], [1, []], [11, [11]]], [[0, [14, 7]], [15, [15]], [5, [5]], [14, []], [7, []], [13, [13, 12]], [12, []]]], [[[6, [6, 2, 10]]], [[15, [15]]], [[5, [5]]], [[8, [8, 4, 3, 1]]], [[13, [13, 12]]], [[11, [11]]]]], [[[[0, [9, 6]], [15, [15, 2]], [2, []], [9, []], [4, [4, 3, 1]], [3, []], [1, []], [6, []], [11, [11]]], [[0, [14, 7]], [10, [10]], [14, []], [7, []], [8, [8, 13, 12, 5]], [13, []], [12, []], [5, []]]], [[[15, [15, 2]]], [[10, [10]]], [[4, [4, 3, 1]]], [[8, [8, 13, 12, 5]]], [[11, [11]]]]], [[[[0, [9, 6]], [15, [15, 2]], [1, [1, 3, 4]], [3, []], [4, []], [9, []], [2, []], [6, []], [11, [11]]], [[0, [14, 7]], [10, [10]], [14, []], [7, []], [8, [8, 13, 12, 5]], [13, []], [12, []], [5, []]]], [[[15, [15, 2]]], [[10, [10]]], [[8, [8, 13, 12, 5]]], [[1, [1, 3, 4]]], [[11, [11]]]]]], "Numrun": 5, "all_fitness": [237.4931483389792, 233.919459579604, 236.39945957960398, 236.39945957960398]}
{"file_name": "U_15_1", "number_of_trucks": 2, "drone_capacity": 10, "number_of_drones": 2, "iteration": 5, "best_fitness": 231.84000000000003, "runtime": 58.94738411903381, "best_solution": [[[[0, []], [15, [15, 10]], [5, [5]], [10, [8, 13, 12]], [8, []], [13, []], [12, []]], [[0, [14, 7, 2, 9, 6]], [14, []], [7, []], [2, []], [9, []], [3, [3, 4, 1, 11]], [4, []], [1, []], [6, []], [11, []]]], [[[15, [15, 10]]], [[5, [5]]], [[10, [8, 13, 12]]], [[3, [3, 4, 1, 11]]]]], "all_solution": [[[[[0, []], [15, [15, 14, 7]], [14, []], [7, []], [12, [12, 13, 11]], [13, []], [11, []]], [[0, [9]], [6, [6, 2]], [2, []], [9, []], [4, [4]], [3, [3, 1, 8, 5, 10]], [1, []], [8, []], [10, []], [5, []]]], [[[6, [6, 2]]], [[15, [15, 14, 7]]], [[4, [4]]], [[3, [3, 1, 8, 5, 10]]], [[12, [12, 13, 11]]]]], [[[[0, [9]], [6, [6, 2, 10]], [2, []], [10, []], [8, [8, 4, 3, 1]], [9, []], [4, []], [3, []], [1, []], [11, [11]]], [[0, [14, 7]], [15, [15]], [5, [5]], [14, []], [7, []], [13, [13, 12]], [12, []]]], [[[6, [6, 2, 10]]], [[15, [15]]], [[5, [5]]], [[8, [8, 4, 3, 1]]], [[13, [13, 12]]], [[11, [11]]]]], [[[[0, [9, 6]], [15, [15, 2]], [2, []], [9, []], [4, [4, 3, 1]], [3, []], [1, []], [6, []], [11, [11]]], [[0, [14, 7]], [10, [10]], [14, []], [7, []], [8, [8, 13, 12, 5]], [13, []], [12, []], [5, []]]], [[[15, [15, 2]]], [[10, [10]]], [[4, [4, 3, 1]]], [[8, [8, 13, 12, 5]]], [[11, [11]]]]], [[[[0, [9, 6]], [15, [15, 2]], [1, [1, 3, 4]], [3, []], [4, []], [9, []], [2, []], [6, []], [11, [11]]], [[0, [14, 7]], [10, [10]], [14, []], [7, []], [8, [8, 13, 12, 5]], [13, []], [12, []], [5, []]]], [[[15, [15, 2]]], [[10, [10]]], [[8, [8, 13, 12, 5]]], [[1, [1, 3, 4]]], [[11, [11]]]]], [[[[0, []], [15, [15, 10]], [5, [5]], [10, [8, 13, 12]], [8, []], [13, []], [12, []]], [[0, [14, 7, 2, 9, 6]], [14, []], [7, []], [2, []], [9, []], [3, [3, 4, 1, 11]], [4, []], [1, []], [6, []], [11, []]]], [[[15, [15, 10]]], [[5, [5]]], [[10, [8, 13, 12]]], [[3, [3, 4, 1, 11]]]]]], "Numrun": 5, "all_fitness": [237.4931483389792, 233.919459579604, 236.39945957960398, 236.39945957960398, 231.84000000000003]}
