{"file_name": "U_15_1", "number_of_trucks": 2, "drone_capacity": 10, "number_of_drones": 2, "iteration": 1, "best_fitness": 354.2895791651548, "runtime": 63.97362971305847, "best_solution": [[[[0, [7, 2, 5]], [5, []], [2, []], [7, []], [9, [9, 10]], [1, [1, 11]], [11, []], [10, []], [4, [4]]], [[0, [12, 13]], [12, []], [13, []], [14, [14, 8, 6, 15]], [8, []], [15, []], [3, [3]], [6, []]]], [[[9, [9, 10]]], [[1, [1, 11]]], [[14, [14, 8, 6, 15]]], [[3, [3]]], [[4, [4]]]]], "all_solution": [[[[[0, [7, 2, 5]], [5, []], [2, []], [7, []], [9, [9, 10]], [1, [1, 11]], [11, []], [10, []], [4, [4]]], [[0, [12, 13]], [12, []], [13, []], [14, [14, 8, 6, 15]], [8, []], [15, []], [3, [3]], [6, []]]], [[[9, [9, 10]]], [[1, [1, 11]]], [[14, [14, 8, 6, 15]]], [[3, [3]]], [[4, [4]]]]]], "Numrun": 5, "all_fitness": [354.2895791651548]}
{"file_name": "U_15_1", "number_of_trucks": 2, "drone_capacity": 10, "number_of_drones": 2, "iteration": 2, "best_fitness": 354.2895791651548, "runtime": 54.2187237739563, "best_solution": [[[[0, []], [2, [2]], [7, [7]], [5, [5]], [9, [9, 8]], [8, []], [14, [14, 15]], [3, [3]], [15, []]], [[0, []], [12, [12]], [13, [13, 10]], [6, [6, 11, 1]], [11, []], [1, []], [10, []], [4, [4]]]], [[[12, [12]]], [[2, [2]]], [[7, [7]]], [[5, [5]]], [[13, [13, 10]]], [[9, [9, 8]]], [[6, [6, 11, 1]]], [[14, [14, 15]]], [[3, [3]]], [[4, [4]]]]], "all_solution": [[[[[0, [7, 2, 5]], [5, []], [2, []], [7, []], [9, [9, 10]], [1, [1, 11]], [11, []], [10, []], [4, [4]]], [[0, [12, 13]], [12, []], [13, []], [14, [14, 8, 6, 15]], [8, []], [15, []], [3, [3]], [6, []]]], [[[9, [9, 10]]], [[1, [1, 11]]], [[14, [14, 8, 6, 15]]], [[3, [3]]], [[4, [4]]]]], [[[[0, []], [2, [2]], [7, [7]], [5, [5]], [9, [9, 8]], [8, []], [14, [14, 15]], [3, [3]], [15, []]], [[0, []], [12, [12]], [13, [13, 10]], [6, [6, 11, 1]], [11, []], [1, []], [10, []], [4, [4]]]], [[[12, [12]]], [[2, [2]]], [[7, [7]]], [[5, [5]]], [[13, [13, 10]]], [[9, [9, 8]]], [[6, [6, 11, 1]]], [[14, [14, 15]]], [[3, [3]]], [[4, [4]]]]]], "Numrun": 5, "all_fitness": [354.2895791651548, 354.2895791651548]}
{"file_name": "U_15_1", "number_of_trucks": 2, "drone_capacity": 10, "number_of_drones": 2, "iteration": 3, "best_fitness": 354.2895791651548, "runtime": 58.56918287277222, "best_solution": [[[[0, [2, 7]], [5, [5]], [2, []], [7, []], [9, [9, 8, 1]], [14, [14, 15]], [15, []], [8, []], [1, []], [3, [3]]], [[0, []], [12, [12]], [10, [10, 13]], [13, []], [11, [11, 6]], [6, []], [4, [4]]]], [[[12, [12]]], [[5, [5]]], [[10, [10, 13]]], [[9, [9, 8, 1]]], [[11, [11, 6]]], [[14, [14, 15]]], [[4, [4]]], [[3, [3]]]]], "all_solution": [[[[[0, [7, 2, 5]], [5, []], [2, []], [7, []], [9, [9, 10]], [1, [1, 11]], [11, []], [10, []], [4, [4]]], [[0, [12, 13]], [12, []], [13, []], [14, [14, 8, 6, 15]], [8, []], [15, []], [3, [3]], [6, []]]], [[[9, [9, 10]]], [[1, [1, 11]]], [[14, [14, 8, 6, 15]]], [[3, [3]]], [[4, [4]]]]], [[[[0, []], [2, [2]], [7, [7]], [5, [5]], [9, [9, 8]], [8, []], [14, [14, 15]], [3, [3]], [15, []]], [[0, []], [12, [12]], [13, [13, 10]], [6, [6, 11, 1]], [11, []], [1, []], [10, []], [4, [4]]]], [[[12, [12]]], [[2, [2]]], [[7, [7]]], [[5, [5]]], [[13, [13, 10]]], [[9, [9, 8]]], [[6, [6, 11, 1]]], [[14, [14, 15]]], [[3, [3]]], [[4, [4]]]]], [[[[0, [2, 7]], [5, [5]], [2, []], [7, []], [9, [9, 8, 1]], [14, [14, 15]], [15, []], [8, []], [1, []], [3, [3]]], [[0, []], [12, [12]], [10, [10, 13]], [13, []], [11, [11, 6]], [6, []], [4, [4]]]], [[[12, [12]]], [[5, [5]]], [[10, [10, 13]]], [[9, [9, 8, 1]]], [[11, [11, 6]]], [[14, [14, 15]]], [[4, [4]]], [[3, [3]]]]]], "Numrun": 5, "all_fitness": [354.2895791651548, 354.2895791651548, 354.2895791651548]}
{"file_name": "U_15_1", "number_of_trucks": 2, "drone_capacity": 10, "number_of_drones": 2, "iteration": 4, "best_fitness": 354.2895791651548, "runtime": 64.43960452079773, "best_solution": [[[[0, []], [10, [10, 12]], [12, []], [14, [14, 8, 15, 11, 1]], [8, []], [11, []], [1, []], [3, [3]], [15, []]], [[0, [2, 5]], [5, [9, 7]], [9, []], [7, []], [2, [6, 13]], [6, []], [13, []], [4, [4]]]], [[[5, [9, 7]]], [[10, [10, 12]]], [[2, [6, 13]]], [[14, [14, 8, 15, 11, 1]]], [[3, [3]]], [[4, [4]]]]], "all_solution": [[[[[0, [7, 2, 5]], [5, []], [2, []], [7, []], [9, [9, 10]], [1, [1, 11]], [11, []], [10, []], [4, [4]]], [[0, [12, 13]], [12, []], [13, []], [14, [14, 8, 6, 15]], [8, []], [15, []], [3, [3]], [6, []]]], [[[9, [9, 10]]], [[1, [1, 11]]], [[14, [14, 8, 6, 15]]], [[3, [3]]], [[4, [4]]]]], [[[[0, []], [2, [2]], [7, [7]], [5, [5]], [9, [9, 8]], [8, []], [14, [14, 15]], [3, [3]], [15, []]], [[0, []], [12, [12]], [13, [13, 10]], [6, [6, 11, 1]], [11, []], [1, []], [10, []], [4, [4]]]], [[[12, [12]]], [[2, [2]]], [[7, [7]]], [[5, [5]]], [[13, [13, 10]]], [[9, [9, 8]]], [[6, [6, 11, 1]]], [[14, [14, 15]]], [[3, [3]]], [[4, [4]]]]], [[[[0, [2, 7]], [5, [5]], [2, []], [7, []], [9, [9, 8, 1]], [14, [14, 15]], [15, []], [8, []], [1, []], [3, [3]]], [[0, []], [12, [12]], [10, [10, 13]], [13, []], [11, [11, 6]], [6, []], [4, [4]]]], [[[12, [12]]], [[5, [5]]], [[10, [10, 13]]], [[9, [9, 8, 1]]], [[11, [11, 6]]], [[14, [14, 15]]], [[4, [4]]], [[3, [3]]]]], [[[[0, []], [10, [10, 12]], [12, []], [14, [14, 8, 15, 11, 1]], [8, []], [11, []], [1, []], [3, [3]], [15, []]], [[0, [2, 5]], [5, [9, 7]], [9, []], [7, []], [2, [6, 13]], [6, []], [13, []], [4, [4]]]], [[[5, [9, 7]]], [[10, [10, 12]]], [[2, [6, 13]]], [[14, [14, 8, 15, 11, 1]]], [[3, [3]]], [[4, [4]]]]]], "Numrun": 5, "all_fitness": [354.2895791651548, 354.2895791651548, 354.2895791651548, 354.2895791651548]}
{"file_name": "U_15_1", "number_of_trucks": 2, "drone_capacity": 10, "number_of_drones": 2, "iteration": 5, "best_fitness": 354.2895791651548, "runtime": 58.26144337654114, "best_solution": [[[[0, [2, 5, 12]], [12, []], [2, []], [5, []], [9, [9, 8, 1, 11]], [8, []], [11, []], [1, []], [3, [3, 15, 14]], [15, []], [14, []]], [[0, []], [7, [7, 10]], [6, [6, 13]], [13, []], [10, []], [4, [4]]]], [[[7, [7, 10]]], [[6, [6, 13]]], [[9, [9, 8, 1, 11]]], [[3, [3, 15, 14]]], [[4, [4]]]]], "all_solution": [[[[[0, [7, 2, 5]], [5, []], [2, []], [7, []], [9, [9, 10]], [1, [1, 11]], [11, []], [10, []], [4, [4]]], [[0, [12, 13]], [12, []], [13, []], [14, [14, 8, 6, 15]], [8, []], [15, []], [3, [3]], [6, []]]], [[[9, [9, 10]]], [[1, [1, 11]]], [[14, [14, 8, 6, 15]]], [[3, [3]]], [[4, [4]]]]], [[[[0, []], [2, [2]], [7, [7]], [5, [5]], [9, [9, 8]], [8, []], [14, [14, 15]], [3, [3]], [15, []]], [[0, []], [12, [12]], [13, [13, 10]], [6, [6, 11, 1]], [11, []], [1, []], [10, []], [4, [4]]]], [[[12, [12]]], [[2, [2]]], [[7, [7]]], [[5, [5]]], [[13, [13, 10]]], [[9, [9, 8]]], [[6, [6, 11, 1]]], [[14, [14, 15]]], [[3, [3]]], [[4, [4]]]]], [[[[0, [2, 7]], [5, [5]], [2, []], [7, []], [9, [9, 8, 1]], [14, [14, 15]], [15, []], [8, []], [1, []], [3, [3]]], [[0, []], [12, [12]], [10, [10, 13]], [13, []], [11, [11, 6]], [6, []], [4, [4]]]], [[[12, [12]]], [[5, [5]]], [[10, [10, 13]]], [[9, [9, 8, 1]]], [[11, [11, 6]]], [[14, [14, 15]]], [[4, [4]]], [[3, [3]]]]], [[[[0, []], [10, [10, 12]], [12, []], [14, [14, 8, 15, 11, 1]], [8, []], [11, []], [1, []], [3, [3]], [15, []]], [[0, [2, 5]], [5, [9, 7]], [9, []], [7, []], [2, [6, 13]], [6, []], [13, []], [4, [4]]]], [[[5, [9, 7]]], [[10, [10, 12]]], [[2, [6, 13]]], [[14, [14, 8, 15, 11, 1]]], [[3, [3]]], [[4, [4]]]]], [[[[0, [2, 5, 12]], [12, []], [2, []], [5, []], [9, [9, 8, 1, 11]], [8, []], [11, []], [1, []], [3, [3, 15, 14]], [15, []], [14, []]], [[0, []], [7, [7, 10]], [6, [6, 13]], [13, []], [10, []], [4, [4]]]], [[[7, [7, 10]]], [[6, [6, 13]]], [[9, [9, 8, 1, 11]]], [[3, [3, 15, 14]]], [[4, [4]]]]]], "Numrun": 5, "all_fitness": [354.2895791651548, 354.2895791651548, 354.2895791651548, 354.2895791651548, 354.2895791651548]}
