{"file_name": "U_15_1", "number_of_trucks": 2, "drone_capacity": 10, "number_of_drones": 2, "iteration": 1, "best_fitness": 312.81222594908655, "runtime": 61.1470947265625, "best_solution": [[[[0, [11, 5]], [5, []], [11, []], [3, [3, 12]], [2, [2, 13, 6]], [13, []], [8, [8, 10]], [10, []], [12, []], [6, []], [15, [15]]], [[0, [14]], [14, []], [7, [7, 9]], [1, [1]], [9, []], [4, [4]]]], [[[3, [3, 12]]], [[2, [2, 13, 6]]], [[7, [7, 9]]], [[8, [8, 10]]], [[1, [1]]], [[4, [4]]], [[15, [15]]]]], "all_solution": [[[[[0, [11, 5]], [5, []], [11, []], [3, [3, 12]], [2, [2, 13, 6]], [13, []], [8, [8, 10]], [10, []], [12, []], [6, []], [15, [15]]], [[0, [14]], [14, []], [7, [7, 9]], [1, [1]], [9, []], [4, [4]]]], [[[3, [3, 12]]], [[2, [2, 13, 6]]], [[7, [7, 9]]], [[8, [8, 10]]], [[1, [1]]], [[4, [4]]], [[15, [15]]]]]], "Numrun": 5, "all_fitness": [312.81222594908655]}
{"file_name": "U_15_1", "number_of_trucks": 2, "drone_capacity": 10, "number_of_drones": 2, "iteration": 2, "best_fitness": 312.81222594908655, "runtime": 61.34576773643494, "best_solution": [[[[0, [14, 5, 11]], [11, []], [5, []], [14, []], [7, [7, 9]], [1, [1]], [9, []], [4, [4]]], [[0, []], [3, [3, 12]], [12, []], [6, [6, 13, 2]], [2, []], [13, []], [8, [8, 10]], [10, []], [15, [15]]]], [[[3, [3, 12]]], [[6, [6, 13, 2]]], [[7, [7, 9]]], [[8, [8, 10]]], [[1, [1]]], [[4, [4]]], [[15, [15]]]]], "all_solution": [[[[[0, [11, 5]], [5, []], [11, []], [3, [3, 12]], [2, [2, 13, 6]], [13, []], [8, [8, 10]], [10, []], [12, []], [6, []], [15, [15]]], [[0, [14]], [14, []], [7, [7, 9]], [1, [1]], [9, []], [4, [4]]]], [[[3, [3, 12]]], [[2, [2, 13, 6]]], [[7, [7, 9]]], [[8, [8, 10]]], [[1, [1]]], [[4, [4]]], [[15, [15]]]]], [[[[0, [14, 5, 11]], [11, []], [5, []], [14, []], [7, [7, 9]], [1, [1]], [9, []], [4, [4]]], [[0, []], [3, [3, 12]], [12, []], [6, [6, 13, 2]], [2, []], [13, []], [8, [8, 10]], [10, []], [15, [15]]]], [[[3, [3, 12]]], [[6, [6, 13, 2]]], [[7, [7, 9]]], [[8, [8, 10]]], [[1, [1]]], [[4, [4]]], [[15, [15]]]]]], "Numrun": 5, "all_fitness": [312.81222594908655, 312.81222594908655]}
{"file_name": "U_15_1", "number_of_trucks": 2, "drone_capacity": 10, "number_of_drones": 2, "iteration": 3, "best_fitness": 312.81222594908655, "runtime": 56.8778235912323, "best_solution": [[[[0, [5, 11, 14]], [5, []], [14, []], [11, []], [9, [9, 6]], [1, [1, 2]], [4, [4]], [6, []], [2, []]], [[0, []], [3, [3, 12]], [12, []], [13, [13, 7]], [7, []], [10, [10, 8]], [8, []], [15, [15]]]], [[[3, [3, 12]]], [[9, [9, 6]]], [[13, [13, 7]]], [[10, [10, 8]]], [[1, [1, 2]]], [[4, [4]]], [[15, [15]]]]], "all_solution": [[[[[0, [11, 5]], [5, []], [11, []], [3, [3, 12]], [2, [2, 13, 6]], [13, []], [8, [8, 10]], [10, []], [12, []], [6, []], [15, [15]]], [[0, [14]], [14, []], [7, [7, 9]], [1, [1]], [9, []], [4, [4]]]], [[[3, [3, 12]]], [[2, [2, 13, 6]]], [[7, [7, 9]]], [[8, [8, 10]]], [[1, [1]]], [[4, [4]]], [[15, [15]]]]], [[[[0, [14, 5, 11]], [11, []], [5, []], [14, []], [7, [7, 9]], [1, [1]], [9, []], [4, [4]]], [[0, []], [3, [3, 12]], [12, []], [6, [6, 13, 2]], [2, []], [13, []], [8, [8, 10]], [10, []], [15, [15]]]], [[[3, [3, 12]]], [[6, [6, 13, 2]]], [[7, [7, 9]]], [[8, [8, 10]]], [[1, [1]]], [[4, [4]]], [[15, [15]]]]], [[[[0, [5, 11, 14]], [5, []], [14, []], [11, []], [9, [9, 6]], [1, [1, 2]], [4, [4]], [6, []], [2, []]], [[0, []], [3, [3, 12]], [12, []], [13, [13, 7]], [7, []], [10, [10, 8]], [8, []], [15, [15]]]], [[[3, [3, 12]]], [[9, [9, 6]]], [[13, [13, 7]]], [[10, [10, 8]]], [[1, [1, 2]]], [[4, [4]]], [[15, [15]]]]]], "Numrun": 5, "all_fitness": [312.81222594908655, 312.81222594908655, 312.81222594908655]}
{"file_name": "U_15_1", "number_of_trucks": 2, "drone_capacity": 10, "number_of_drones": 2, "iteration": 4, "best_fitness": 312.81222594908655, "runtime": 64.45586133003235, "best_solution": [[[[0, [11, 5]], [5, []], [3, [3, 12]], [11, []], [2, [2, 13, 6]], [13, []], [8, [8, 10]], [6, []], [12, []], [10, []], [15, [15]]], [[0, [14]], [14, []], [7, [7, 9]], [1, [1]], [9, []], [4, [4]]]], [[[3, [3, 12]]], [[2, [2, 13, 6]]], [[7, [7, 9]]], [[8, [8, 10]]], [[1, [1]]], [[4, [4]]], [[15, [15]]]]], "all_solution": [[[[[0, [11, 5]], [5, []], [11, []], [3, [3, 12]], [2, [2, 13, 6]], [13, []], [8, [8, 10]], [10, []], [12, []], [6, []], [15, [15]]], [[0, [14]], [14, []], [7, [7, 9]], [1, [1]], [9, []], [4, [4]]]], [[[3, [3, 12]]], [[2, [2, 13, 6]]], [[7, [7, 9]]], [[8, [8, 10]]], [[1, [1]]], [[4, [4]]], [[15, [15]]]]], [[[[0, [14, 5, 11]], [11, []], [5, []], [14, []], [7, [7, 9]], [1, [1]], [9, []], [4, [4]]], [[0, []], [3, [3, 12]], [12, []], [6, [6, 13, 2]], [2, []], [13, []], [8, [8, 10]], [10, []], [15, [15]]]], [[[3, [3, 12]]], [[6, [6, 13, 2]]], [[7, [7, 9]]], [[8, [8, 10]]], [[1, [1]]], [[4, [4]]], [[15, [15]]]]], [[[[0, [5, 11, 14]], [5, []], [14, []], [11, []], [9, [9, 6]], [1, [1, 2]], [4, [4]], [6, []], [2, []]], [[0, []], [3, [3, 12]], [12, []], [13, [13, 7]], [7, []], [10, [10, 8]], [8, []], [15, [15]]]], [[[3, [3, 12]]], [[9, [9, 6]]], [[13, [13, 7]]], [[10, [10, 8]]], [[1, [1, 2]]], [[4, [4]]], [[15, [15]]]]], [[[[0, [11, 5]], [5, []], [3, [3, 12]], [11, []], [2, [2, 13, 6]], [13, []], [8, [8, 10]], [6, []], [12, []], [10, []], [15, [15]]], [[0, [14]], [14, []], [7, [7, 9]], [1, [1]], [9, []], [4, [4]]]], [[[3, [3, 12]]], [[2, [2, 13, 6]]], [[7, [7, 9]]], [[8, [8, 10]]], [[1, [1]]], [[4, [4]]], [[15, [15]]]]]], "Numrun": 5, "all_fitness": [312.81222594908655, 312.81222594908655, 312.81222594908655, 312.81222594908655]}
{"file_name": "U_15_1", "number_of_trucks": 2, "drone_capacity": 10, "number_of_drones": 2, "iteration": 5, "best_fitness": 312.81222594908655, "runtime": 64.07638883590698, "best_solution": [[[[0, [5]], [12, [12, 3]], [3, []], [5, []], [6, [6]], [9, [9, 2]], [1, [1]], [4, [4]], [2, []]], [[0, [11]], [14, [14]], [13, [13, 7]], [11, []], [7, []], [8, [8, 10]], [10, []], [15, [15]]]], [[[14, [14]]], [[12, [12, 3]]], [[6, [6]]], [[13, [13, 7]]], [[9, [9, 2]]], [[1, [1]]], [[8, [8, 10]]], [[4, [4]]], [[15, [15]]]]], "all_solution": [[[[[0, [11, 5]], [5, []], [11, []], [3, [3, 12]], [2, [2, 13, 6]], [13, []], [8, [8, 10]], [10, []], [12, []], [6, []], [15, [15]]], [[0, [14]], [14, []], [7, [7, 9]], [1, [1]], [9, []], [4, [4]]]], [[[3, [3, 12]]], [[2, [2, 13, 6]]], [[7, [7, 9]]], [[8, [8, 10]]], [[1, [1]]], [[4, [4]]], [[15, [15]]]]], [[[[0, [14, 5, 11]], [11, []], [5, []], [14, []], [7, [7, 9]], [1, [1]], [9, []], [4, [4]]], [[0, []], [3, [3, 12]], [12, []], [6, [6, 13, 2]], [2, []], [13, []], [8, [8, 10]], [10, []], [15, [15]]]], [[[3, [3, 12]]], [[6, [6, 13, 2]]], [[7, [7, 9]]], [[8, [8, 10]]], [[1, [1]]], [[4, [4]]], [[15, [15]]]]], [[[[0, [5, 11, 14]], [5, []], [14, []], [11, []], [9, [9, 6]], [1, [1, 2]], [4, [4]], [6, []], [2, []]], [[0, []], [3, [3, 12]], [12, []], [13, [13, 7]], [7, []], [10, [10, 8]], [8, []], [15, [15]]]], [[[3, [3, 12]]], [[9, [9, 6]]], [[13, [13, 7]]], [[10, [10, 8]]], [[1, [1, 2]]], [[4, [4]]], [[15, [15]]]]], [[[[0, [11, 5]], [5, []], [3, [3, 12]], [11, []], [2, [2, 13, 6]], [13, []], [8, [8, 10]], [6, []], [12, []], [10, []], [15, [15]]], [[0, [14]], [14, []], [7, [7, 9]], [1, [1]], [9, []], [4, [4]]]], [[[3, [3, 12]]], [[2, [2, 13, 6]]], [[7, [7, 9]]], [[8, [8, 10]]], [[1, [1]]], [[4, [4]]], [[15, [15]]]]], [[[[0, [5]], [12, [12, 3]], [3, []], [5, []], [6, [6]], [9, [9, 2]], [1, [1]], [4, [4]], [2, []]], [[0, [11]], [14, [14]], [13, [13, 7]], [11, []], [7, []], [8, [8, 10]], [10, []], [15, [15]]]], [[[14, [14]]], [[12, [12, 3]]], [[6, [6]]], [[13, [13, 7]]], [[9, [9, 2]]], [[1, [1]]], [[8, [8, 10]]], [[4, [4]]], [[15, [15]]]]]], "Numrun": 5, "all_fitness": [312.81222594908655, 312.81222594908655, 312.81222594908655, 312.81222594908655, 312.81222594908655]}
