{"file_name": "U_15_1", "number_of_trucks": 2, "drone_capacity": 10, "number_of_drones": 2, "iteration": 1, "best_fitness": 296.2964800300448, "runtime": 80.36305022239685, "best_solution": [[[[0, []], [3, [3, 12]], [12, []], [9, [9]], [7, [7, 10, 8]], [10, []], [8, []], [15, [15]]], [[0, [5, 14, 11]], [14, []], [5, []], [11, []], [13, [13]], [6, [6, 2]], [2, []], [4, [4, 1]], [1, []]]], [[[3, [3, 12]]], [[13, [13]]], [[9, [9]]], [[7, [7, 10, 8]]], [[6, [6, 2]]], [[4, [4, 1]]], [[15, [15]]]]], "all_solution": [[[[[0, []], [3, [3, 12]], [12, []], [9, [9]], [7, [7, 10, 8]], [10, []], [8, []], [15, [15]]], [[0, [5, 14, 11]], [14, []], [5, []], [11, []], [13, [13]], [6, [6, 2]], [2, []], [4, [4, 1]], [1, []]]], [[[3, [3, 12]]], [[13, [13]]], [[9, [9]]], [[7, [7, 10, 8]]], [[6, [6, 2]]], [[4, [4, 1]]], [[15, [15]]]]]], "Numrun": 5, "all_fitness": [296.2964800300448]}
{"file_name": "U_15_1", "number_of_trucks": 2, "drone_capacity": 10, "number_of_drones": 2, "iteration": 2, "best_fitness": 295.4564800300448, "runtime": 66.75013732910156, "best_solution": [[[[0, [5, 11, 14]], [11, []], [14, []], [9, [9]], [5, []], [1, [1]], [4, [4]], [15, [15]]], [[0, []], [12, [12, 3]], [3, []], [7, [7, 13]], [8, [8, 2, 6, 10]], [13, []], [2, []], [6, []], [10, []]]], [[[12, [12, 3]]], [[7, [7, 13]]], [[9, [9]]], [[8, [8, 2, 6, 10]]], [[1, [1]]], [[4, [4]]], [[15, [15]]]]], "all_solution": [[[[[0, []], [3, [3, 12]], [12, []], [9, [9]], [7, [7, 10, 8]], [10, []], [8, []], [15, [15]]], [[0, [5, 14, 11]], [14, []], [5, []], [11, []], [13, [13]], [6, [6, 2]], [2, []], [4, [4, 1]], [1, []]]], [[[3, [3, 12]]], [[13, [13]]], [[9, [9]]], [[7, [7, 10, 8]]], [[6, [6, 2]]], [[4, [4, 1]]], [[15, [15]]]]], [[[[0, [5, 11, 14]], [11, []], [14, []], [9, [9]], [5, []], [1, [1]], [4, [4]], [15, [15]]], [[0, []], [12, [12, 3]], [3, []], [7, [7, 13]], [8, [8, 2, 6, 10]], [13, []], [2, []], [6, []], [10, []]]], [[[12, [12, 3]]], [[7, [7, 13]]], [[9, [9]]], [[8, [8, 2, 6, 10]]], [[1, [1]]], [[4, [4]]], [[15, [15]]]]]], "Numrun": 5, "all_fitness": [296.2964800300448, 295.4564800300448]}
{"file_name": "U_15_1", "number_of_trucks": 2, "drone_capacity": 10, "number_of_drones": 2, "iteration": 3, "best_fitness": 296.2964800300448, "runtime": 49.91576290130615, "best_solution": [[[[0, []], [12, [12]], [3, [3]], [9, [9, 6]], [6, []], [8, [8, 7, 10]], [7, []], [10, []], [15, [15]]], [[0, [11, 5, 14]], [14, []], [11, []], [5, []], [13, [13, 2]], [2, []], [4, [4, 1]], [1, []]]], [[[12, [12]]], [[3, [3]]], [[13, [13, 2]]], [[9, [9, 6]]], [[8, [8, 7, 10]]], [[4, [4, 1]]], [[15, [15]]]]], "all_solution": [[[[[0, []], [3, [3, 12]], [12, []], [9, [9]], [7, [7, 10, 8]], [10, []], [8, []], [15, [15]]], [[0, [5, 14, 11]], [14, []], [5, []], [11, []], [13, [13]], [6, [6, 2]], [2, []], [4, [4, 1]], [1, []]]], [[[3, [3, 12]]], [[13, [13]]], [[9, [9]]], [[7, [7, 10, 8]]], [[6, [6, 2]]], [[4, [4, 1]]], [[15, [15]]]]], [[[[0, [5, 11, 14]], [11, []], [14, []], [9, [9]], [5, []], [1, [1]], [4, [4]], [15, [15]]], [[0, []], [12, [12, 3]], [3, []], [7, [7, 13]], [8, [8, 2, 6, 10]], [13, []], [2, []], [6, []], [10, []]]], [[[12, [12, 3]]], [[7, [7, 13]]], [[9, [9]]], [[8, [8, 2, 6, 10]]], [[1, [1]]], [[4, [4]]], [[15, [15]]]]], [[[[0, []], [12, [12]], [3, [3]], [9, [9, 6]], [6, []], [8, [8, 7, 10]], [7, []], [10, []], [15, [15]]], [[0, [11, 5, 14]], [14, []], [11, []], [5, []], [13, [13, 2]], [2, []], [4, [4, 1]], [1, []]]], [[[12, [12]]], [[3, [3]]], [[13, [13, 2]]], [[9, [9, 6]]], [[8, [8, 7, 10]]], [[4, [4, 1]]], [[15, [15]]]]]], "Numrun": 5, "all_fitness": [296.2964800300448, 295.4564800300448, 296.2964800300448]}
{"file_name": "U_15_1", "number_of_trucks": 2, "drone_capacity": 10, "number_of_drones": 2, "iteration": 4, "best_fitness": 296.02464968470673, "runtime": 52.75094699859619, "best_solution": [[[[0, [11, 14, 5]], [5, []], [14, []], [11, []], [13, [13, 9]], [1, [1]], [9, [4]], [4, []]], [[0, []], [3, [3]], [12, [12]], [7, [7, 6]], [10, [10, 8, 2]], [8, []], [6, []], [2, []], [15, [15]]]], [[[3, [3]]], [[13, [13, 9]]], [[12, [12]]], [[7, [7, 6]]], [[1, [1]]], [[10, [10, 8, 2]]], [[9, [4]]], [[15, [15]]]]], "all_solution": [[[[[0, []], [3, [3, 12]], [12, []], [9, [9]], [7, [7, 10, 8]], [10, []], [8, []], [15, [15]]], [[0, [5, 14, 11]], [14, []], [5, []], [11, []], [13, [13]], [6, [6, 2]], [2, []], [4, [4, 1]], [1, []]]], [[[3, [3, 12]]], [[13, [13]]], [[9, [9]]], [[7, [7, 10, 8]]], [[6, [6, 2]]], [[4, [4, 1]]], [[15, [15]]]]], [[[[0, [5, 11, 14]], [11, []], [14, []], [9, [9]], [5, []], [1, [1]], [4, [4]], [15, [15]]], [[0, []], [12, [12, 3]], [3, []], [7, [7, 13]], [8, [8, 2, 6, 10]], [13, []], [2, []], [6, []], [10, []]]], [[[12, [12, 3]]], [[7, [7, 13]]], [[9, [9]]], [[8, [8, 2, 6, 10]]], [[1, [1]]], [[4, [4]]], [[15, [15]]]]], [[[[0, []], [12, [12]], [3, [3]], [9, [9, 6]], [6, []], [8, [8, 7, 10]], [7, []], [10, []], [15, [15]]], [[0, [11, 5, 14]], [14, []], [11, []], [5, []], [13, [13, 2]], [2, []], [4, [4, 1]], [1, []]]], [[[12, [12]]], [[3, [3]]], [[13, [13, 2]]], [[9, [9, 6]]], [[8, [8, 7, 10]]], [[4, [4, 1]]], [[15, [15]]]]], [[[[0, [11, 14, 5]], [5, []], [14, []], [11, []], [13, [13, 9]], [1, [1]], [9, [4]], [4, []]], [[0, []], [3, [3]], [12, [12]], [7, [7, 6]], [10, [10, 8, 2]], [8, []], [6, []], [2, []], [15, [15]]]], [[[3, [3]]], [[13, [13, 9]]], [[12, [12]]], [[7, [7, 6]]], [[1, [1]]], [[10, [10, 8, 2]]], [[9, [4]]], [[15, [15]]]]]], "Numrun": 5, "all_fitness": [296.2964800300448, 295.4564800300448, 296.2964800300448, 296.02464968470673]}
{"file_name": "U_15_1", "number_of_trucks": 2, "drone_capacity": 10, "number_of_drones": 2, "iteration": 5, "best_fitness": 295.4564800300448, "runtime": 62.91778373718262, "best_solution": [[[[0, [5, 12, 3]], [12, []], [3, []], [5, [9]], [9, []], [1, [1]], [4, [4]], [15, [15]]], [[0, [11]], [11, [14]], [14, []], [7, [7]], [8, [8, 13, 2, 6, 10]], [13, []], [2, []], [6, []], [10, []]]], [[[11, [14]]], [[5, [9]]], [[7, [7]]], [[8, [8, 13, 2, 6, 10]]], [[1, [1]]], [[4, [4]]], [[15, [15]]]]], "all_solution": [[[[[0, []], [3, [3, 12]], [12, []], [9, [9]], [7, [7, 10, 8]], [10, []], [8, []], [15, [15]]], [[0, [5, 14, 11]], [14, []], [5, []], [11, []], [13, [13]], [6, [6, 2]], [2, []], [4, [4, 1]], [1, []]]], [[[3, [3, 12]]], [[13, [13]]], [[9, [9]]], [[7, [7, 10, 8]]], [[6, [6, 2]]], [[4, [4, 1]]], [[15, [15]]]]], [[[[0, [5, 11, 14]], [11, []], [14, []], [9, [9]], [5, []], [1, [1]], [4, [4]], [15, [15]]], [[0, []], [12, [12, 3]], [3, []], [7, [7, 13]], [8, [8, 2, 6, 10]], [13, []], [2, []], [6, []], [10, []]]], [[[12, [12, 3]]], [[7, [7, 13]]], [[9, [9]]], [[8, [8, 2, 6, 10]]], [[1, [1]]], [[4, [4]]], [[15, [15]]]]], [[[[0, []], [12, [12]], [3, [3]], [9, [9, 6]], [6, []], [8, [8, 7, 10]], [7, []], [10, []], [15, [15]]], [[0, [11, 5, 14]], [14, []], [11, []], [5, []], [13, [13, 2]], [2, []], [4, [4, 1]], [1, []]]], [[[12, [12]]], [[3, [3]]], [[13, [13, 2]]], [[9, [9, 6]]], [[8, [8, 7, 10]]], [[4, [4, 1]]], [[15, [15]]]]], [[[[0, [11, 14, 5]], [5, []], [14, []], [11, []], [13, [13, 9]], [1, [1]], [9, [4]], [4, []]], [[0, []], [3, [3]], [12, [12]], [7, [7, 6]], [10, [10, 8, 2]], [8, []], [6, []], [2, []], [15, [15]]]], [[[3, [3]]], [[13, [13, 9]]], [[12, [12]]], [[7, [7, 6]]], [[1, [1]]], [[10, [10, 8, 2]]], [[9, [4]]], [[15, [15]]]]], [[[[0, [5, 12, 3]], [12, []], [3, []], [5, [9]], [9, []], [1, [1]], [4, [4]], [15, [15]]], [[0, [11]], [11, [14]], [14, []], [7, [7]], [8, [8, 13, 2, 6, 10]], [13, []], [2, []], [6, []], [10, []]]], [[[11, [14]]], [[5, [9]]], [[7, [7]]], [[8, [8, 13, 2, 6, 10]]], [[1, [1]]], [[4, [4]]], [[15, [15]]]]]], "Numrun": 5, "all_fitness": [296.2964800300448, 295.4564800300448, 296.2964800300448, 296.02464968470673, 295.4564800300448]}
