{"file_name": "U_15_0", "number_of_trucks": 2, "drone_capacity": 10, "number_of_drones": 2, "iteration": 1, "best_fitness": 168.26880080354667, "runtime": 67.19199109077454, "best_solution": [[[[0, []], [15, [15, 8]], [8, []], [12, [12, 14, 5, 9, 2, 7]], [14, []], [5, []], [9, []], [2, []], [7, []]], [[0, [11]], [11, []], [6, [6, 13]], [13, []], [4, [4, 10, 3, 1]], [10, []], [3, []], [1, []]]], [[[15, [15, 8]]], [[12, [12, 14, 5, 9, 2, 7]]], [[6, [6, 13]]], [[4, [4, 10, 3, 1]]]]], "all_solution": [[[[[0, []], [15, [15, 8]], [8, []], [12, [12, 14, 5, 9, 2, 7]], [14, []], [5, []], [9, []], [2, []], [7, []]], [[0, [11]], [11, []], [6, [6, 13]], [13, []], [4, [4, 10, 3, 1]], [10, []], [3, []], [1, []]]], [[[15, [15, 8]]], [[12, [12, 14, 5, 9, 2, 7]]], [[6, [6, 13]]], [[4, [4, 10, 3, 1]]]]]], "Numrun": 5, "all_fitness": [168.26880080354667]}
{"file_name": "U_15_0", "number_of_trucks": 2, "drone_capacity": 10, "number_of_drones": 2, "iteration": 2, "best_fitness": 168.84238488060254, "runtime": 116.3100974559784, "best_solution": [[[[0, [11, 6]], [11, []], [6, []], [13, [13, 1]], [10, [10, 4, 3]], [4, []], [3, []], [1, []]], [[0, [15, 8]], [15, []], [8, []], [12, [12, 14, 5, 7, 9, 2]], [14, []], [5, []], [9, []], [2, []], [7, []]]], [[[13, [13, 1]]], [[12, [12, 14, 5, 7, 9, 2]]], [[10, [10, 4, 3]]]]], "all_solution": [[[[[0, []], [15, [15, 8]], [8, []], [12, [12, 14, 5, 9, 2, 7]], [14, []], [5, []], [9, []], [2, []], [7, []]], [[0, [11]], [11, []], [6, [6, 13]], [13, []], [4, [4, 10, 3, 1]], [10, []], [3, []], [1, []]]], [[[15, [15, 8]]], [[12, [12, 14, 5, 9, 2, 7]]], [[6, [6, 13]]], [[4, [4, 10, 3, 1]]]]], [[[[0, [11, 6]], [11, []], [6, []], [13, [13, 1]], [10, [10, 4, 3]], [4, []], [3, []], [1, []]], [[0, [15, 8]], [15, []], [8, []], [12, [12, 14, 5, 7, 9, 2]], [14, []], [5, []], [9, []], [2, []], [7, []]]], [[[13, [13, 1]]], [[12, [12, 14, 5, 7, 9, 2]]], [[10, [10, 4, 3]]]]]], "Numrun": 5, "all_fitness": [168.26880080354667, 168.84238488060254]}
{"file_name": "U_15_0", "number_of_trucks": 2, "drone_capacity": 10, "number_of_drones": 2, "iteration": 3, "best_fitness": 168.26880080354667, "runtime": 62.19978141784668, "best_solution": [[[[0, [11, 15]], [11, []], [15, []], [12, [12, 14, 5, 9, 2, 7]], [14, []], [5, []], [9, []], [2, []], [7, []]], [[0, [8]], [8, []], [6, [6, 13]], [13, []], [4, [4, 10, 3, 1]], [10, []], [3, []], [1, []]]], [[[12, [12, 14, 5, 9, 2, 7]]], [[6, [6, 13]]], [[4, [4, 10, 3, 1]]]]], "all_solution": [[[[[0, []], [15, [15, 8]], [8, []], [12, [12, 14, 5, 9, 2, 7]], [14, []], [5, []], [9, []], [2, []], [7, []]], [[0, [11]], [11, []], [6, [6, 13]], [13, []], [4, [4, 10, 3, 1]], [10, []], [3, []], [1, []]]], [[[15, [15, 8]]], [[12, [12, 14, 5, 9, 2, 7]]], [[6, [6, 13]]], [[4, [4, 10, 3, 1]]]]], [[[[0, [11, 6]], [11, []], [6, []], [13, [13, 1]], [10, [10, 4, 3]], [4, []], [3, []], [1, []]], [[0, [15, 8]], [15, []], [8, []], [12, [12, 14, 5, 7, 9, 2]], [14, []], [5, []], [9, []], [2, []], [7, []]]], [[[13, [13, 1]]], [[12, [12, 14, 5, 7, 9, 2]]], [[10, [10, 4, 3]]]]], [[[[0, [11, 15]], [11, []], [15, []], [12, [12, 14, 5, 9, 2, 7]], [14, []], [5, []], [9, []], [2, []], [7, []]], [[0, [8]], [8, []], [6, [6, 13]], [13, []], [4, [4, 10, 3, 1]], [10, []], [3, []], [1, []]]], [[[12, [12, 14, 5, 9, 2, 7]]], [[6, [6, 13]]], [[4, [4, 10, 3, 1]]]]]], "Numrun": 5, "all_fitness": [168.26880080354667, 168.84238488060254, 168.26880080354667]}
{"file_name": "U_15_0", "number_of_trucks": 2, "drone_capacity": 10, "number_of_drones": 2, "iteration": 4, "best_fitness": 168.26880080354667, "runtime": 72.55945086479187, "best_solution": [[[[0, [6, 11, 1]], [6, []], [13, [13]], [4, [4, 10, 3]], [10, []], [3, []], [1, []], [11, []]], [[0, [15, 8]], [15, []], [8, []], [12, [12, 14, 5, 7, 9, 2]], [14, []], [5, []], [9, []], [2, []], [7, []]]], [[[13, [13]]], [[12, [12, 14, 5, 7, 9, 2]]], [[4, [4, 10, 3]]]]], "all_solution": [[[[[0, []], [15, [15, 8]], [8, []], [12, [12, 14, 5, 9, 2, 7]], [14, []], [5, []], [9, []], [2, []], [7, []]], [[0, [11]], [11, []], [6, [6, 13]], [13, []], [4, [4, 10, 3, 1]], [10, []], [3, []], [1, []]]], [[[15, [15, 8]]], [[12, [12, 14, 5, 9, 2, 7]]], [[6, [6, 13]]], [[4, [4, 10, 3, 1]]]]], [[[[0, [11, 6]], [11, []], [6, []], [13, [13, 1]], [10, [10, 4, 3]], [4, []], [3, []], [1, []]], [[0, [15, 8]], [15, []], [8, []], [12, [12, 14, 5, 7, 9, 2]], [14, []], [5, []], [9, []], [2, []], [7, []]]], [[[13, [13, 1]]], [[12, [12, 14, 5, 7, 9, 2]]], [[10, [10, 4, 3]]]]], [[[[0, [11, 15]], [11, []], [15, []], [12, [12, 14, 5, 9, 2, 7]], [14, []], [5, []], [9, []], [2, []], [7, []]], [[0, [8]], [8, []], [6, [6, 13]], [13, []], [4, [4, 10, 3, 1]], [10, []], [3, []], [1, []]]], [[[12, [12, 14, 5, 9, 2, 7]]], [[6, [6, 13]]], [[4, [4, 10, 3, 1]]]]], [[[[0, [6, 11, 1]], [6, []], [13, [13]], [4, [4, 10, 3]], [10, []], [3, []], [1, []], [11, []]], [[0, [15, 8]], [15, []], [8, []], [12, [12, 14, 5, 7, 9, 2]], [14, []], [5, []], [9, []], [2, []], [7, []]]], [[[13, [13]]], [[12, [12, 14, 5, 7, 9, 2]]], [[4, [4, 10, 3]]]]]], "Numrun": 5, "all_fitness": [168.26880080354667, 168.84238488060254, 168.26880080354667, 168.26880080354667]}
{"file_name": "U_15_0", "number_of_trucks": 2, "drone_capacity": 10, "number_of_drones": 2, "iteration": 5, "best_fitness": 167.26880080354667, "runtime": 73.4080102443695, "best_solution": [[[[0, [8]], [8, [15]], [15, []], [12, [12, 14]], [14, [5, 9, 2, 7]], [5, []], [9, []], [2, []], [7, []]], [[0, [6, 11]], [11, []], [6, []], [13, [13]], [4, [10, 3, 1, 4]], [10, []], [3, []], [1, []]]], [[[8, [15]]], [[12, [12, 14]]], [[13, [13]]], [[4, [10, 3, 1, 4]]], [[14, [5, 9, 2, 7]]]]], "all_solution": [[[[[0, []], [15, [15, 8]], [8, []], [12, [12, 14, 5, 9, 2, 7]], [14, []], [5, []], [9, []], [2, []], [7, []]], [[0, [11]], [11, []], [6, [6, 13]], [13, []], [4, [4, 10, 3, 1]], [10, []], [3, []], [1, []]]], [[[15, [15, 8]]], [[12, [12, 14, 5, 9, 2, 7]]], [[6, [6, 13]]], [[4, [4, 10, 3, 1]]]]], [[[[0, [11, 6]], [11, []], [6, []], [13, [13, 1]], [10, [10, 4, 3]], [4, []], [3, []], [1, []]], [[0, [15, 8]], [15, []], [8, []], [12, [12, 14, 5, 7, 9, 2]], [14, []], [5, []], [9, []], [2, []], [7, []]]], [[[13, [13, 1]]], [[12, [12, 14, 5, 7, 9, 2]]], [[10, [10, 4, 3]]]]], [[[[0, [11, 15]], [11, []], [15, []], [12, [12, 14, 5, 9, 2, 7]], [14, []], [5, []], [9, []], [2, []], [7, []]], [[0, [8]], [8, []], [6, [6, 13]], [13, []], [4, [4, 10, 3, 1]], [10, []], [3, []], [1, []]]], [[[12, [12, 14, 5, 9, 2, 7]]], [[6, [6, 13]]], [[4, [4, 10, 3, 1]]]]], [[[[0, [6, 11, 1]], [6, []], [13, [13]], [4, [4, 10, 3]], [10, []], [3, []], [1, []], [11, []]], [[0, [15, 8]], [15, []], [8, []], [12, [12, 14, 5, 7, 9, 2]], [14, []], [5, []], [9, []], [2, []], [7, []]]], [[[13, [13]]], [[12, [12, 14, 5, 7, 9, 2]]], [[4, [4, 10, 3]]]]], [[[[0, [8]], [8, [15]], [15, []], [12, [12, 14]], [14, [5, 9, 2, 7]], [5, []], [9, []], [2, []], [7, []]], [[0, [6, 11]], [11, []], [6, []], [13, [13]], [4, [10, 3, 1, 4]], [10, []], [3, []], [1, []]]], [[[8, [15]]], [[12, [12, 14]]], [[13, [13]]], [[4, [10, 3, 1, 4]]], [[14, [5, 9, 2, 7]]]]]], "Numrun": 5, "all_fitness": [168.26880080354667, 168.84238488060254, 168.26880080354667, 168.26880080354667, 167.26880080354667]}
