{"file_name": "U_15_0", "number_of_trucks": 2, "drone_capacity": 10, "number_of_drones": 2, "iteration": 1, "best_fitness": 202.9325440882321, "runtime": 82.27479386329651, "best_solution": [[[[0, [12]], [13, [13]], [12, []], [4, [4, 10, 15]], [10, []], [15, []], [2, [2]]], [[0, [11, 5]], [11, []], [9, [9]], [7, [7, 6, 14, 1, 3, 8]], [1, []], [6, []], [8, []], [3, []], [14, []], [5, []]]], [[[13, [13]]], [[9, [9]]], [[7, [7, 6, 14, 1, 3, 8]]], [[4, [4, 10, 15]]], [[2, [2]]]]], "all_solution": [[[[[0, [12]], [13, [13]], [12, []], [4, [4, 10, 15]], [10, []], [15, []], [2, [2]]], [[0, [11, 5]], [11, []], [9, [9]], [7, [7, 6, 14, 1, 3, 8]], [1, []], [6, []], [8, []], [3, []], [14, []], [5, []]]], [[[13, [13]]], [[9, [9]]], [[7, [7, 6, 14, 1, 3, 8]]], [[4, [4, 10, 15]]], [[2, [2]]]]]], "Numrun": 5, "all_fitness": [202.9325440882321]}
{"file_name": "U_15_0", "number_of_trucks": 2, "drone_capacity": 10, "number_of_drones": 2, "iteration": 2, "best_fitness": 195.61607482315355, "runtime": 110.18199849128723, "best_solution": [[[[0, [12, 11]], [11, []], [12, []], [4, [4, 15]], [10, [10, 2]], [2, []], [15, []]], [[0, []], [13, [13]], [5, [5, 3]], [3, []], [8, [8, 14, 6, 7, 9, 1]], [14, []], [6, []], [1, []], [9, []], [7, []]]], [[[13, [13]]], [[5, [5, 3]]], [[8, [8, 14, 6, 7, 9, 1]]], [[4, [4, 15]]], [[10, [10, 2]]]]], "all_solution": [[[[[0, [12]], [13, [13]], [12, []], [4, [4, 10, 15]], [10, []], [15, []], [2, [2]]], [[0, [11, 5]], [11, []], [9, [9]], [7, [7, 6, 14, 1, 3, 8]], [1, []], [6, []], [8, []], [3, []], [14, []], [5, []]]], [[[13, [13]]], [[9, [9]]], [[7, [7, 6, 14, 1, 3, 8]]], [[4, [4, 10, 15]]], [[2, [2]]]]], [[[[0, [12, 11]], [11, []], [12, []], [4, [4, 15]], [10, [10, 2]], [2, []], [15, []]], [[0, []], [13, [13]], [5, [5, 3]], [3, []], [8, [8, 14, 6, 7, 9, 1]], [14, []], [6, []], [1, []], [9, []], [7, []]]], [[[13, [13]]], [[5, [5, 3]]], [[8, [8, 14, 6, 7, 9, 1]]], [[4, [4, 15]]], [[10, [10, 2]]]]]], "Numrun": 5, "all_fitness": [202.9325440882321, 195.61607482315355]}
{"file_name": "U_15_0", "number_of_trucks": 2, "drone_capacity": 10, "number_of_drones": 2, "iteration": 3, "best_fitness": 199.56282591239057, "runtime": 71.0907530784607, "best_solution": [[[[0, []], [13, [13, 5, 3]], [5, []], [14, [14, 8, 6, 1, 9, 7]], [3, []], [8, []], [6, []], [1, []], [9, []], [7, []]], [[0, []], [11, [12, 11]], [15, [15]], [12, [2, 4, 10]], [4, []], [10, []], [2, []]]], [[[13, [13, 5, 3]]], [[11, [12, 11]]], [[15, [15]]], [[12, [2, 4, 10]]], [[14, [14, 8, 6, 1, 9, 7]]]]], "all_solution": [[[[[0, [12]], [13, [13]], [12, []], [4, [4, 10, 15]], [10, []], [15, []], [2, [2]]], [[0, [11, 5]], [11, []], [9, [9]], [7, [7, 6, 14, 1, 3, 8]], [1, []], [6, []], [8, []], [3, []], [14, []], [5, []]]], [[[13, [13]]], [[9, [9]]], [[7, [7, 6, 14, 1, 3, 8]]], [[4, [4, 10, 15]]], [[2, [2]]]]], [[[[0, [12, 11]], [11, []], [12, []], [4, [4, 15]], [10, [10, 2]], [2, []], [15, []]], [[0, []], [13, [13]], [5, [5, 3]], [3, []], [8, [8, 14, 6, 7, 9, 1]], [14, []], [6, []], [1, []], [9, []], [7, []]]], [[[13, [13]]], [[5, [5, 3]]], [[8, [8, 14, 6, 7, 9, 1]]], [[4, [4, 15]]], [[10, [10, 2]]]]], [[[[0, []], [13, [13, 5, 3]], [5, []], [14, [14, 8, 6, 1, 9, 7]], [3, []], [8, []], [6, []], [1, []], [9, []], [7, []]], [[0, []], [11, [12, 11]], [15, [15]], [12, [2, 4, 10]], [4, []], [10, []], [2, []]]], [[[13, [13, 5, 3]]], [[11, [12, 11]]], [[15, [15]]], [[12, [2, 4, 10]]], [[14, [14, 8, 6, 1, 9, 7]]]]]], "Numrun": 5, "all_fitness": [202.9325440882321, 195.61607482315355, 199.56282591239057]}
{"file_name": "U_15_0", "number_of_trucks": 2, "drone_capacity": 10, "number_of_drones": 2, "iteration": 4, "best_fitness": 200.57607482315353, "runtime": 91.21668434143066, "best_solution": [[[[0, []], [5, [5]], [13, [13, 3, 15]], [3, []], [8, [8, 14, 10, 2]], [14, []], [10, []], [2, []], [15, []]], [[0, [12, 11]], [11, []], [12, []], [4, [4, 7, 9, 1, 6]], [7, []], [9, []], [1, []], [6, []]]], [[[5, [5]]], [[13, [13, 3, 15]]], [[8, [8, 14, 10, 2]]], [[4, [4, 7, 9, 1, 6]]]]], "all_solution": [[[[[0, [12]], [13, [13]], [12, []], [4, [4, 10, 15]], [10, []], [15, []], [2, [2]]], [[0, [11, 5]], [11, []], [9, [9]], [7, [7, 6, 14, 1, 3, 8]], [1, []], [6, []], [8, []], [3, []], [14, []], [5, []]]], [[[13, [13]]], [[9, [9]]], [[7, [7, 6, 14, 1, 3, 8]]], [[4, [4, 10, 15]]], [[2, [2]]]]], [[[[0, [12, 11]], [11, []], [12, []], [4, [4, 15]], [10, [10, 2]], [2, []], [15, []]], [[0, []], [13, [13]], [5, [5, 3]], [3, []], [8, [8, 14, 6, 7, 9, 1]], [14, []], [6, []], [1, []], [9, []], [7, []]]], [[[13, [13]]], [[5, [5, 3]]], [[8, [8, 14, 6, 7, 9, 1]]], [[4, [4, 15]]], [[10, [10, 2]]]]], [[[[0, []], [13, [13, 5, 3]], [5, []], [14, [14, 8, 6, 1, 9, 7]], [3, []], [8, []], [6, []], [1, []], [9, []], [7, []]], [[0, []], [11, [12, 11]], [15, [15]], [12, [2, 4, 10]], [4, []], [10, []], [2, []]]], [[[13, [13, 5, 3]]], [[11, [12, 11]]], [[15, [15]]], [[12, [2, 4, 10]]], [[14, [14, 8, 6, 1, 9, 7]]]]], [[[[0, []], [5, [5]], [13, [13, 3, 15]], [3, []], [8, [8, 14, 10, 2]], [14, []], [10, []], [2, []], [15, []]], [[0, [12, 11]], [11, []], [12, []], [4, [4, 7, 9, 1, 6]], [7, []], [9, []], [1, []], [6, []]]], [[[5, [5]]], [[13, [13, 3, 15]]], [[8, [8, 14, 10, 2]]], [[4, [4, 7, 9, 1, 6]]]]]], "Numrun": 5, "all_fitness": [202.9325440882321, 195.61607482315355, 199.56282591239057, 200.57607482315353]}
{"file_name": "U_15_0", "number_of_trucks": 2, "drone_capacity": 10, "number_of_drones": 2, "iteration": 5, "best_fitness": 197.13730895934663, "runtime": 100.1260392665863, "best_solution": [[[[0, []], [11, [11]], [5, [5, 3, 13]], [3, []], [8, [8, 14, 10, 2]], [14, []], [13, []], [10, []], [2, []]], [[0, []], [12, [12]], [15, [15]], [4, [4, 7, 1, 9, 6]], [9, []], [7, []], [1, []], [6, []]]], [[[11, [11]]], [[12, [12]]], [[15, [15]]], [[5, [5, 3, 13]]], [[8, [8, 14, 10, 2]]], [[4, [4, 7, 1, 9, 6]]]]], "all_solution": [[[[[0, [12]], [13, [13]], [12, []], [4, [4, 10, 15]], [10, []], [15, []], [2, [2]]], [[0, [11, 5]], [11, []], [9, [9]], [7, [7, 6, 14, 1, 3, 8]], [1, []], [6, []], [8, []], [3, []], [14, []], [5, []]]], [[[13, [13]]], [[9, [9]]], [[7, [7, 6, 14, 1, 3, 8]]], [[4, [4, 10, 15]]], [[2, [2]]]]], [[[[0, [12, 11]], [11, []], [12, []], [4, [4, 15]], [10, [10, 2]], [2, []], [15, []]], [[0, []], [13, [13]], [5, [5, 3]], [3, []], [8, [8, 14, 6, 7, 9, 1]], [14, []], [6, []], [1, []], [9, []], [7, []]]], [[[13, [13]]], [[5, [5, 3]]], [[8, [8, 14, 6, 7, 9, 1]]], [[4, [4, 15]]], [[10, [10, 2]]]]], [[[[0, []], [13, [13, 5, 3]], [5, []], [14, [14, 8, 6, 1, 9, 7]], [3, []], [8, []], [6, []], [1, []], [9, []], [7, []]], [[0, []], [11, [12, 11]], [15, [15]], [12, [2, 4, 10]], [4, []], [10, []], [2, []]]], [[[13, [13, 5, 3]]], [[11, [12, 11]]], [[15, [15]]], [[12, [2, 4, 10]]], [[14, [14, 8, 6, 1, 9, 7]]]]], [[[[0, []], [5, [5]], [13, [13, 3, 15]], [3, []], [8, [8, 14, 10, 2]], [14, []], [10, []], [2, []], [15, []]], [[0, [12, 11]], [11, []], [12, []], [4, [4, 7, 9, 1, 6]], [7, []], [9, []], [1, []], [6, []]]], [[[5, [5]]], [[13, [13, 3, 15]]], [[8, [8, 14, 10, 2]]], [[4, [4, 7, 9, 1, 6]]]]], [[[[0, []], [11, [11]], [5, [5, 3, 13]], [3, []], [8, [8, 14, 10, 2]], [14, []], [13, []], [10, []], [2, []]], [[0, []], [12, [12]], [15, [15]], [4, [4, 7, 1, 9, 6]], [9, []], [7, []], [1, []], [6, []]]], [[[11, [11]]], [[12, [12]]], [[15, [15]]], [[5, [5, 3, 13]]], [[8, [8, 14, 10, 2]]], [[4, [4, 7, 1, 9, 6]]]]]], "Numrun": 5, "all_fitness": [202.9325440882321, 195.61607482315355, 199.56282591239057, 200.57607482315353, 197.13730895934663]}
