{"file_name": "U_15_1", "number_of_trucks": 2, "drone_capacity": 10, "number_of_drones": 2, "iteration": 1, "best_fitness": 269.50541850624455, "runtime": 74.89992928504944, "best_solution": [[[[0, []], [6, [6]], [5, [5, 13]], [15, [15, 12, 14, 2]], [12, []], [13, []], [14, []], [4, [4]], [2, []]], [[0, []], [9, [9, 10]], [10, []], [3, [3, 1]], [1, []], [7, [7, 8, 11]], [8, []], [11, []]]], [[[6, [6]]], [[9, [9, 10]]], [[5, [5, 13]]], [[15, [15, 12, 14, 2]]], [[3, [3, 1]]], [[7, [7, 8, 11]]], [[4, [4]]]]], "all_solution": [[[[[0, []], [6, [6]], [5, [5, 13]], [15, [15, 12, 14, 2]], [12, []], [13, []], [14, []], [4, [4]], [2, []]], [[0, []], [9, [9, 10]], [10, []], [3, [3, 1]], [1, []], [7, [7, 8, 11]], [8, []], [11, []]]], [[[6, [6]]], [[9, [9, 10]]], [[5, [5, 13]]], [[15, [15, 12, 14, 2]]], [[3, [3, 1]]], [[7, [7, 8, 11]]], [[4, [4]]]]]], "Numrun": 5, "all_fitness": [269.50541850624455]}
{"file_name": "U_15_1", "number_of_trucks": 2, "drone_capacity": 10, "number_of_drones": 2, "iteration": 2, "best_fitness": 268.0586897779901, "runtime": 64.42837500572205, "best_solution": [[[[0, []], [6, [6]], [10, [10, 9]], [9, []], [3, [3, 1]], [1, []], [7, [7, 11, 8]], [8, []], [11, []]], [[0, []], [5, [5, 13]], [12, [12, 15, 14]], [15, []], [13, []], [14, []], [4, [4, 2]], [2, []]]], [[[6, [6]]], [[10, [10, 9]]], [[5, [5, 13]]], [[12, [12, 15, 14]]], [[3, [3, 1]]], [[7, [7, 11, 8]]], [[4, [4, 2]]]]], "all_solution": [[[[[0, []], [6, [6]], [5, [5, 13]], [15, [15, 12, 14, 2]], [12, []], [13, []], [14, []], [4, [4]], [2, []]], [[0, []], [9, [9, 10]], [10, []], [3, [3, 1]], [1, []], [7, [7, 8, 11]], [8, []], [11, []]]], [[[6, [6]]], [[9, [9, 10]]], [[5, [5, 13]]], [[15, [15, 12, 14, 2]]], [[3, [3, 1]]], [[7, [7, 8, 11]]], [[4, [4]]]]], [[[[0, []], [6, [6]], [10, [10, 9]], [9, []], [3, [3, 1]], [1, []], [7, [7, 11, 8]], [8, []], [11, []]], [[0, []], [5, [5, 13]], [12, [12, 15, 14]], [15, []], [13, []], [14, []], [4, [4, 2]], [2, []]]], [[[6, [6]]], [[10, [10, 9]]], [[5, [5, 13]]], [[12, [12, 15, 14]]], [[3, [3, 1]]], [[7, [7, 11, 8]]], [[4, [4, 2]]]]]], "Numrun": 5, "all_fitness": [269.50541850624455, 268.0586897779901]}
{"file_name": "U_15_1", "number_of_trucks": 2, "drone_capacity": 10, "number_of_drones": 2, "iteration": 3, "best_fitness": 270.2867577469746, "runtime": 70.25344014167786, "best_solution": [[[[0, [6]], [10, [10]], [5, [5]], [12, [12, 14, 2, 15]], [15, []], [14, []], [6, []], [4, [4]], [2, []]], [[0, []], [13, [13, 9]], [9, []], [3, [3, 1]], [1, [11, 7, 8]], [7, []], [8, []], [11, []]]], [[[10, [10]]], [[13, [13, 9]]], [[5, [5]]], [[12, [12, 14, 2, 15]]], [[3, [3, 1]]], [[1, [11, 7, 8]]], [[4, [4]]]]], "all_solution": [[[[[0, []], [6, [6]], [5, [5, 13]], [15, [15, 12, 14, 2]], [12, []], [13, []], [14, []], [4, [4]], [2, []]], [[0, []], [9, [9, 10]], [10, []], [3, [3, 1]], [1, []], [7, [7, 8, 11]], [8, []], [11, []]]], [[[6, [6]]], [[9, [9, 10]]], [[5, [5, 13]]], [[15, [15, 12, 14, 2]]], [[3, [3, 1]]], [[7, [7, 8, 11]]], [[4, [4]]]]], [[[[0, []], [6, [6]], [10, [10, 9]], [9, []], [3, [3, 1]], [1, []], [7, [7, 11, 8]], [8, []], [11, []]], [[0, []], [5, [5, 13]], [12, [12, 15, 14]], [15, []], [13, []], [14, []], [4, [4, 2]], [2, []]]], [[[6, [6]]], [[10, [10, 9]]], [[5, [5, 13]]], [[12, [12, 15, 14]]], [[3, [3, 1]]], [[7, [7, 11, 8]]], [[4, [4, 2]]]]], [[[[0, [6]], [10, [10]], [5, [5]], [12, [12, 14, 2, 15]], [15, []], [14, []], [6, []], [4, [4]], [2, []]], [[0, []], [13, [13, 9]], [9, []], [3, [3, 1]], [1, [11, 7, 8]], [7, []], [8, []], [11, []]]], [[[10, [10]]], [[13, [13, 9]]], [[5, [5]]], [[12, [12, 14, 2, 15]]], [[3, [3, 1]]], [[1, [11, 7, 8]]], [[4, [4]]]]]], "Numrun": 5, "all_fitness": [269.50541850624455, 268.0586897779901, 270.2867577469746]}
{"file_name": "U_15_1", "number_of_trucks": 2, "drone_capacity": 10, "number_of_drones": 2, "iteration": 4, "best_fitness": 269.7813194727097, "runtime": 65.21020436286926, "best_solution": [[[[0, []], [10, [10, 9]], [9, []], [3, [3, 1]], [1, [8, 7, 11]], [7, []], [8, []], [11, []]], [[0, [6]], [6, []], [5, [5, 13]], [15, [15, 12, 2, 14]], [12, []], [13, []], [14, []], [4, [4]], [2, []]]], [[[10, [10, 9]]], [[5, [5, 13]]], [[15, [15, 12, 2, 14]]], [[3, [3, 1]]], [[1, [8, 7, 11]]], [[4, [4]]]]], "all_solution": [[[[[0, []], [6, [6]], [5, [5, 13]], [15, [15, 12, 14, 2]], [12, []], [13, []], [14, []], [4, [4]], [2, []]], [[0, []], [9, [9, 10]], [10, []], [3, [3, 1]], [1, []], [7, [7, 8, 11]], [8, []], [11, []]]], [[[6, [6]]], [[9, [9, 10]]], [[5, [5, 13]]], [[15, [15, 12, 14, 2]]], [[3, [3, 1]]], [[7, [7, 8, 11]]], [[4, [4]]]]], [[[[0, []], [6, [6]], [10, [10, 9]], [9, []], [3, [3, 1]], [1, []], [7, [7, 11, 8]], [8, []], [11, []]], [[0, []], [5, [5, 13]], [12, [12, 15, 14]], [15, []], [13, []], [14, []], [4, [4, 2]], [2, []]]], [[[6, [6]]], [[10, [10, 9]]], [[5, [5, 13]]], [[12, [12, 15, 14]]], [[3, [3, 1]]], [[7, [7, 11, 8]]], [[4, [4, 2]]]]], [[[[0, [6]], [10, [10]], [5, [5]], [12, [12, 14, 2, 15]], [15, []], [14, []], [6, []], [4, [4]], [2, []]], [[0, []], [13, [13, 9]], [9, []], [3, [3, 1]], [1, [11, 7, 8]], [7, []], [8, []], [11, []]]], [[[10, [10]]], [[13, [13, 9]]], [[5, [5]]], [[12, [12, 14, 2, 15]]], [[3, [3, 1]]], [[1, [11, 7, 8]]], [[4, [4]]]]], [[[[0, []], [10, [10, 9]], [9, []], [3, [3, 1]], [1, [8, 7, 11]], [7, []], [8, []], [11, []]], [[0, [6]], [6, []], [5, [5, 13]], [15, [15, 12, 2, 14]], [12, []], [13, []], [14, []], [4, [4]], [2, []]]], [[[10, [10, 9]]], [[5, [5, 13]]], [[15, [15, 12, 2, 14]]], [[3, [3, 1]]], [[1, [8, 7, 11]]], [[4, [4]]]]]], "Numrun": 5, "all_fitness": [269.50541850624455, 268.0586897779901, 270.2867577469746, 269.7813194727097]}
{"file_name": "U_15_1", "number_of_trucks": 2, "drone_capacity": 10, "number_of_drones": 2, "iteration": 5, "best_fitness": 266.553218330067, "runtime": 78.38533234596252, "best_solution": [[[[0, []], [6, [6]], [10, [10]], [14, [14, 13]], [13, []], [15, [15, 12]], [12, []], [7, [7, 1, 8, 11]], [1, []], [8, []], [11, []]], [[0, []], [9, [9, 5]], [5, []], [3, [3, 2]], [2, []], [4, [4]]]], [[[6, [6]]], [[10, [10]]], [[14, [14, 13]]], [[9, [9, 5]]], [[15, [15, 12]]], [[3, [3, 2]]], [[7, [7, 1, 8, 11]]], [[4, [4]]]]], "all_solution": [[[[[0, []], [6, [6]], [5, [5, 13]], [15, [15, 12, 14, 2]], [12, []], [13, []], [14, []], [4, [4]], [2, []]], [[0, []], [9, [9, 10]], [10, []], [3, [3, 1]], [1, []], [7, [7, 8, 11]], [8, []], [11, []]]], [[[6, [6]]], [[9, [9, 10]]], [[5, [5, 13]]], [[15, [15, 12, 14, 2]]], [[3, [3, 1]]], [[7, [7, 8, 11]]], [[4, [4]]]]], [[[[0, []], [6, [6]], [10, [10, 9]], [9, []], [3, [3, 1]], [1, []], [7, [7, 11, 8]], [8, []], [11, []]], [[0, []], [5, [5, 13]], [12, [12, 15, 14]], [15, []], [13, []], [14, []], [4, [4, 2]], [2, []]]], [[[6, [6]]], [[10, [10, 9]]], [[5, [5, 13]]], [[12, [12, 15, 14]]], [[3, [3, 1]]], [[7, [7, 11, 8]]], [[4, [4, 2]]]]], [[[[0, [6]], [10, [10]], [5, [5]], [12, [12, 14, 2, 15]], [15, []], [14, []], [6, []], [4, [4]], [2, []]], [[0, []], [13, [13, 9]], [9, []], [3, [3, 1]], [1, [11, 7, 8]], [7, []], [8, []], [11, []]]], [[[10, [10]]], [[13, [13, 9]]], [[5, [5]]], [[12, [12, 14, 2, 15]]], [[3, [3, 1]]], [[1, [11, 7, 8]]], [[4, [4]]]]], [[[[0, []], [10, [10, 9]], [9, []], [3, [3, 1]], [1, [8, 7, 11]], [7, []], [8, []], [11, []]], [[0, [6]], [6, []], [5, [5, 13]], [15, [15, 12, 2, 14]], [12, []], [13, []], [14, []], [4, [4]], [2, []]]], [[[10, [10, 9]]], [[5, [5, 13]]], [[15, [15, 12, 2, 14]]], [[3, [3, 1]]], [[1, [8, 7, 11]]], [[4, [4]]]]], [[[[0, []], [6, [6]], [10, [10]], [14, [14, 13]], [13, []], [15, [15, 12]], [12, []], [7, [7, 1, 8, 11]], [1, []], [8, []], [11, []]], [[0, []], [9, [9, 5]], [5, []], [3, [3, 2]], [2, []], [4, [4]]]], [[[6, [6]]], [[10, [10]]], [[14, [14, 13]]], [[9, [9, 5]]], [[15, [15, 12]]], [[3, [3, 2]]], [[7, [7, 1, 8, 11]]], [[4, [4]]]]]], "Numrun": 5, "all_fitness": [269.50541850624455, 268.0586897779901, 270.2867577469746, 269.7813194727097, 266.553218330067]}
