{"file_name": "U_15_1", "number_of_trucks": 2, "drone_capacity": 10, "number_of_drones": 2, "iteration": 1, "best_fitness": 330.8602013860725, "runtime": 60.67380881309509, "best_solution": [[[[0, [5, 1, 9, 10, 3]], [10, []], [9, []], [1, []], [5, []], [7, [7]], [8, [8]], [3, []], [11, [11]]], [[0, [15, 6]], [13, [13]], [15, []], [6, []], [4, [4, 2]], [2, []], [14, [14]], [12, [12]]]], [[[13, [13]]], [[4, [4, 2]]], [[7, [7]]], [[8, [8]]], [[14, [14]]], [[12, [12]]], [[11, [11]]]]], "all_solution": [[[[[0, [5, 1, 9, 10, 3]], [10, []], [9, []], [1, []], [5, []], [7, [7]], [8, [8]], [3, []], [11, [11]]], [[0, [15, 6]], [13, [13]], [15, []], [6, []], [4, [4, 2]], [2, []], [14, [14]], [12, [12]]]], [[[13, [13]]], [[4, [4, 2]]], [[7, [7]]], [[8, [8]]], [[14, [14]]], [[12, [12]]], [[11, [11]]]]]], "Numrun": 5, "all_fitness": [330.8602013860725]}
{"file_name": "U_15_1", "number_of_trucks": 2, "drone_capacity": 10, "number_of_drones": 2, "iteration": 2, "best_fitness": 332.9680503135216, "runtime": 58.13014006614685, "best_solution": [[[[0, [15]], [15, []], [6, [6]], [2, [2, 8, 10, 4]], [4, []], [10, []], [8, []], [11, [11]]], [[0, [1, 13, 3, 5]], [13, []], [5, []], [9, [9, 7]], [3, []], [1, []], [7, []], [12, [12, 14]], [14, []]]], [[[6, [6]]], [[9, [9, 7]]], [[2, [2, 8, 10, 4]]], [[12, [12, 14]]], [[11, [11]]]]], "all_solution": [[[[[0, [5, 1, 9, 10, 3]], [10, []], [9, []], [1, []], [5, []], [7, [7]], [8, [8]], [3, []], [11, [11]]], [[0, [15, 6]], [13, [13]], [15, []], [6, []], [4, [4, 2]], [2, []], [14, [14]], [12, [12]]]], [[[13, [13]]], [[4, [4, 2]]], [[7, [7]]], [[8, [8]]], [[14, [14]]], [[12, [12]]], [[11, [11]]]]], [[[[0, [15]], [15, []], [6, [6]], [2, [2, 8, 10, 4]], [4, []], [10, []], [8, []], [11, [11]]], [[0, [1, 13, 3, 5]], [13, []], [5, []], [9, [9, 7]], [3, []], [1, []], [7, []], [12, [12, 14]], [14, []]]], [[[6, [6]]], [[9, [9, 7]]], [[2, [2, 8, 10, 4]]], [[12, [12, 14]]], [[11, [11]]]]]], "Numrun": 5, "all_fitness": [330.8602013860725, 332.9680503135216]}
{"file_name": "U_15_1", "number_of_trucks": 2, "drone_capacity": 10, "number_of_drones": 2, "iteration": 3, "best_fitness": 330.8602013860725, "runtime": 53.78516936302185, "best_solution": [[[[0, [15]], [15, []], [6, [6, 13]], [13, []], [2, [2, 4, 9]], [4, []], [8, [8]], [9, []], [11, [11]]], [[0, []], [1, [1]], [3, [3]], [7, [7, 5, 10]], [5, []], [10, []], [14, [14]], [12, [12]]]], [[[1, [1]]], [[3, [3]]], [[6, [6, 13]]], [[2, [2, 4, 9]]], [[7, [7, 5, 10]]], [[8, [8]]], [[14, [14]]], [[12, [12]]], [[11, [11]]]]], "all_solution": [[[[[0, [5, 1, 9, 10, 3]], [10, []], [9, []], [1, []], [5, []], [7, [7]], [8, [8]], [3, []], [11, [11]]], [[0, [15, 6]], [13, [13]], [15, []], [6, []], [4, [4, 2]], [2, []], [14, [14]], [12, [12]]]], [[[13, [13]]], [[4, [4, 2]]], [[7, [7]]], [[8, [8]]], [[14, [14]]], [[12, [12]]], [[11, [11]]]]], [[[[0, [15]], [15, []], [6, [6]], [2, [2, 8, 10, 4]], [4, []], [10, []], [8, []], [11, [11]]], [[0, [1, 13, 3, 5]], [13, []], [5, []], [9, [9, 7]], [3, []], [1, []], [7, []], [12, [12, 14]], [14, []]]], [[[6, [6]]], [[9, [9, 7]]], [[2, [2, 8, 10, 4]]], [[12, [12, 14]]], [[11, [11]]]]], [[[[0, [15]], [15, []], [6, [6, 13]], [13, []], [2, [2, 4, 9]], [4, []], [8, [8]], [9, []], [11, [11]]], [[0, []], [1, [1]], [3, [3]], [7, [7, 5, 10]], [5, []], [10, []], [14, [14]], [12, [12]]]], [[[1, [1]]], [[3, [3]]], [[6, [6, 13]]], [[2, [2, 4, 9]]], [[7, [7, 5, 10]]], [[8, [8]]], [[14, [14]]], [[12, [12]]], [[11, [11]]]]]], "Numrun": 5, "all_fitness": [330.8602013860725, 332.9680503135216, 330.8602013860725]}
{"file_name": "U_15_1", "number_of_trucks": 2, "drone_capacity": 10, "number_of_drones": 2, "iteration": 4, "best_fitness": 330.8602013860725, "runtime": 68.27844977378845, "best_solution": [[[[0, [15, 6]], [6, []], [5, [5]], [9, [9, 1, 10, 13]], [1, []], [10, []], [13, []], [15, []], [14, [14]], [12, [12]]], [[0, [3]], [3, []], [2, [2]], [4, [8, 4, 7]], [7, []], [8, []], [11, [11]]]], [[[5, [5]]], [[9, [9, 1, 10, 13]]], [[14, [14]]], [[2, [2]]], [[4, [8, 4, 7]]], [[12, [12]]], [[11, [11]]]]], "all_solution": [[[[[0, [5, 1, 9, 10, 3]], [10, []], [9, []], [1, []], [5, []], [7, [7]], [8, [8]], [3, []], [11, [11]]], [[0, [15, 6]], [13, [13]], [15, []], [6, []], [4, [4, 2]], [2, []], [14, [14]], [12, [12]]]], [[[13, [13]]], [[4, [4, 2]]], [[7, [7]]], [[8, [8]]], [[14, [14]]], [[12, [12]]], [[11, [11]]]]], [[[[0, [15]], [15, []], [6, [6]], [2, [2, 8, 10, 4]], [4, []], [10, []], [8, []], [11, [11]]], [[0, [1, 13, 3, 5]], [13, []], [5, []], [9, [9, 7]], [3, []], [1, []], [7, []], [12, [12, 14]], [14, []]]], [[[6, [6]]], [[9, [9, 7]]], [[2, [2, 8, 10, 4]]], [[12, [12, 14]]], [[11, [11]]]]], [[[[0, [15]], [15, []], [6, [6, 13]], [13, []], [2, [2, 4, 9]], [4, []], [8, [8]], [9, []], [11, [11]]], [[0, []], [1, [1]], [3, [3]], [7, [7, 5, 10]], [5, []], [10, []], [14, [14]], [12, [12]]]], [[[1, [1]]], [[3, [3]]], [[6, [6, 13]]], [[2, [2, 4, 9]]], [[7, [7, 5, 10]]], [[8, [8]]], [[14, [14]]], [[12, [12]]], [[11, [11]]]]], [[[[0, [15, 6]], [6, []], [5, [5]], [9, [9, 1, 10, 13]], [1, []], [10, []], [13, []], [15, []], [14, [14]], [12, [12]]], [[0, [3]], [3, []], [2, [2]], [4, [8, 4, 7]], [7, []], [8, []], [11, [11]]]], [[[5, [5]]], [[9, [9, 1, 10, 13]]], [[14, [14]]], [[2, [2]]], [[4, [8, 4, 7]]], [[12, [12]]], [[11, [11]]]]]], "Numrun": 5, "all_fitness": [330.8602013860725, 332.9680503135216, 330.8602013860725, 330.8602013860725]}
{"file_name": "U_15_1", "number_of_trucks": 2, "drone_capacity": 10, "number_of_drones": 2, "iteration": 5, "best_fitness": 330.8602013860725, "runtime": 54.772305965423584, "best_solution": [[[[0, [1, 6]], [1, []], [6, []], [4, [4, 2]], [2, []], [14, [14]], [12, [12]]], [[0, [15]], [15, []], [13, [13, 3]], [3, []], [8, [8, 10, 7, 5, 9]], [7, []], [5, []], [9, []], [10, []], [11, [11]]]], [[[4, [4, 2]]], [[13, [13, 3]]], [[8, [8, 10, 7, 5, 9]]], [[14, [14]]], [[12, [12]]], [[11, [11]]]]], "all_solution": [[[[[0, [5, 1, 9, 10, 3]], [10, []], [9, []], [1, []], [5, []], [7, [7]], [8, [8]], [3, []], [11, [11]]], [[0, [15, 6]], [13, [13]], [15, []], [6, []], [4, [4, 2]], [2, []], [14, [14]], [12, [12]]]], [[[13, [13]]], [[4, [4, 2]]], [[7, [7]]], [[8, [8]]], [[14, [14]]], [[12, [12]]], [[11, [11]]]]], [[[[0, [15]], [15, []], [6, [6]], [2, [2, 8, 10, 4]], [4, []], [10, []], [8, []], [11, [11]]], [[0, [1, 13, 3, 5]], [13, []], [5, []], [9, [9, 7]], [3, []], [1, []], [7, []], [12, [12, 14]], [14, []]]], [[[6, [6]]], [[9, [9, 7]]], [[2, [2, 8, 10, 4]]], [[12, [12, 14]]], [[11, [11]]]]], [[[[0, [15]], [15, []], [6, [6, 13]], [13, []], [2, [2, 4, 9]], [4, []], [8, [8]], [9, []], [11, [11]]], [[0, []], [1, [1]], [3, [3]], [7, [7, 5, 10]], [5, []], [10, []], [14, [14]], [12, [12]]]], [[[1, [1]]], [[3, [3]]], [[6, [6, 13]]], [[2, [2, 4, 9]]], [[7, [7, 5, 10]]], [[8, [8]]], [[14, [14]]], [[12, [12]]], [[11, [11]]]]], [[[[0, [15, 6]], [6, []], [5, [5]], [9, [9, 1, 10, 13]], [1, []], [10, []], [13, []], [15, []], [14, [14]], [12, [12]]], [[0, [3]], [3, []], [2, [2]], [4, [8, 4, 7]], [7, []], [8, []], [11, [11]]]], [[[5, [5]]], [[9, [9, 1, 10, 13]]], [[14, [14]]], [[2, [2]]], [[4, [8, 4, 7]]], [[12, [12]]], [[11, [11]]]]], [[[[0, [1, 6]], [1, []], [6, []], [4, [4, 2]], [2, []], [14, [14]], [12, [12]]], [[0, [15]], [15, []], [13, [13, 3]], [3, []], [8, [8, 10, 7, 5, 9]], [7, []], [5, []], [9, []], [10, []], [11, [11]]]], [[[4, [4, 2]]], [[13, [13, 3]]], [[8, [8, 10, 7, 5, 9]]], [[14, [14]]], [[12, [12]]], [[11, [11]]]]]], "Numrun": 5, "all_fitness": [330.8602013860725, 332.9680503135216, 330.8602013860725, 330.8602013860725, 330.8602013860725]}
