{"file_name": "U_15_1", "number_of_trucks": 2, "drone_capacity": 10, "number_of_drones": 2, "iteration": 1, "best_fitness": 237.84033361736132, "runtime": 62.56440591812134, "best_solution": [[[[0, []], [4, [4, 9]], [9, []], [12, [12, 3, 5]], [3, []], [5, []], [1, [1, 14]], [14, []]], [[0, [2]], [2, []], [15, [15, 8, 6]], [6, []], [8, []], [7, [7, 11]], [11, []], [13, [13, 10]], [10, []]]], [[[15, [15, 8, 6]]], [[4, [4, 9]]], [[12, [12, 3, 5]]], [[7, [7, 11]]], [[1, [1, 14]]], [[13, [13, 10]]]]], "all_solution": [[[[[0, []], [4, [4, 9]], [9, []], [12, [12, 3, 5]], [3, []], [5, []], [1, [1, 14]], [14, []]], [[0, [2]], [2, []], [15, [15, 8, 6]], [6, []], [8, []], [7, [7, 11]], [11, []], [13, [13, 10]], [10, []]]], [[[15, [15, 8, 6]]], [[4, [4, 9]]], [[12, [12, 3, 5]]], [[7, [7, 11]]], [[1, [1, 14]]], [[13, [13, 10]]]]]], "Numrun": 5, "all_fitness": [237.84033361736132]}
{"file_name": "U_15_1", "number_of_trucks": 2, "drone_capacity": 10, "number_of_drones": 2, "iteration": 2, "best_fitness": 237.84033361736132, "runtime": 87.73491787910461, "best_solution": [[[[0, []], [9, [9]], [6, [6, 8]], [8, []], [7, [7, 11]], [11, []], [13, [13, 10]], [10, []]], [[0, []], [2, [2]], [4, [4, 15]], [15, []], [12, [12, 3, 5]], [3, []], [5, []], [14, [14, 1]], [1, []]]], [[[9, [9]]], [[2, [2]]], [[6, [6, 8]]], [[4, [4, 15]]], [[7, [7, 11]]], [[12, [12, 3, 5]]], [[14, [14, 1]]], [[13, [13, 10]]]]], "all_solution": [[[[[0, []], [4, [4, 9]], [9, []], [12, [12, 3, 5]], [3, []], [5, []], [1, [1, 14]], [14, []]], [[0, [2]], [2, []], [15, [15, 8, 6]], [6, []], [8, []], [7, [7, 11]], [11, []], [13, [13, 10]], [10, []]]], [[[15, [15, 8, 6]]], [[4, [4, 9]]], [[12, [12, 3, 5]]], [[7, [7, 11]]], [[1, [1, 14]]], [[13, [13, 10]]]]], [[[[0, []], [9, [9]], [6, [6, 8]], [8, []], [7, [7, 11]], [11, []], [13, [13, 10]], [10, []]], [[0, []], [2, [2]], [4, [4, 15]], [15, []], [12, [12, 3, 5]], [3, []], [5, []], [14, [14, 1]], [1, []]]], [[[9, [9]]], [[2, [2]]], [[6, [6, 8]]], [[4, [4, 15]]], [[7, [7, 11]]], [[12, [12, 3, 5]]], [[14, [14, 1]]], [[13, [13, 10]]]]]], "Numrun": 5, "all_fitness": [237.84033361736132, 237.84033361736132]}
{"file_name": "U_15_1", "number_of_trucks": 2, "drone_capacity": 10, "number_of_drones": 2, "iteration": 3, "best_fitness": 237.84033361736132, "runtime": 56.57231569290161, "best_solution": [[[[0, [2]], [2, []], [8, [8]], [7, [7, 11]], [11, []], [13, [13, 10]], [10, []]], [[0, []], [9, [9]], [4, [4]], [15, [15, 6]], [6, []], [12, [12, 5, 3]], [3, []], [5, []], [14, [14, 1]], [1, []]]], [[[9, [9]]], [[8, [8]]], [[4, [4]]], [[15, [15, 6]]], [[12, [12, 5, 3]]], [[7, [7, 11]]], [[14, [14, 1]]], [[13, [13, 10]]]]], "all_solution": [[[[[0, []], [4, [4, 9]], [9, []], [12, [12, 3, 5]], [3, []], [5, []], [1, [1, 14]], [14, []]], [[0, [2]], [2, []], [15, [15, 8, 6]], [6, []], [8, []], [7, [7, 11]], [11, []], [13, [13, 10]], [10, []]]], [[[15, [15, 8, 6]]], [[4, [4, 9]]], [[12, [12, 3, 5]]], [[7, [7, 11]]], [[1, [1, 14]]], [[13, [13, 10]]]]], [[[[0, []], [9, [9]], [6, [6, 8]], [8, []], [7, [7, 11]], [11, []], [13, [13, 10]], [10, []]], [[0, []], [2, [2]], [4, [4, 15]], [15, []], [12, [12, 3, 5]], [3, []], [5, []], [14, [14, 1]], [1, []]]], [[[9, [9]]], [[2, [2]]], [[6, [6, 8]]], [[4, [4, 15]]], [[7, [7, 11]]], [[12, [12, 3, 5]]], [[14, [14, 1]]], [[13, [13, 10]]]]], [[[[0, [2]], [2, []], [8, [8]], [7, [7, 11]], [11, []], [13, [13, 10]], [10, []]], [[0, []], [9, [9]], [4, [4]], [15, [15, 6]], [6, []], [12, [12, 5, 3]], [3, []], [5, []], [14, [14, 1]], [1, []]]], [[[9, [9]]], [[8, [8]]], [[4, [4]]], [[15, [15, 6]]], [[12, [12, 5, 3]]], [[7, [7, 11]]], [[14, [14, 1]]], [[13, [13, 10]]]]]], "Numrun": 5, "all_fitness": [237.84033361736132, 237.84033361736132, 237.84033361736132]}
{"file_name": "U_15_1", "number_of_trucks": 2, "drone_capacity": 10, "number_of_drones": 2, "iteration": 4, "best_fitness": 237.84033361736132, "runtime": 68.64575815200806, "best_solution": [[[[0, [2]], [2, []], [15, [15]], [7, [7, 11]], [11, []], [13, [13, 10]], [10, []]], [[0, []], [9, [9]], [4, [4, 6, 8]], [6, []], [8, []], [12, [12, 5, 3]], [3, []], [5, []], [14, [14, 1]], [1, []]]], [[[9, [9]]], [[4, [4, 6, 8]]], [[15, [15]]], [[12, [12, 5, 3]]], [[7, [7, 11]]], [[14, [14, 1]]], [[13, [13, 10]]]]], "all_solution": [[[[[0, []], [4, [4, 9]], [9, []], [12, [12, 3, 5]], [3, []], [5, []], [1, [1, 14]], [14, []]], [[0, [2]], [2, []], [15, [15, 8, 6]], [6, []], [8, []], [7, [7, 11]], [11, []], [13, [13, 10]], [10, []]]], [[[15, [15, 8, 6]]], [[4, [4, 9]]], [[12, [12, 3, 5]]], [[7, [7, 11]]], [[1, [1, 14]]], [[13, [13, 10]]]]], [[[[0, []], [9, [9]], [6, [6, 8]], [8, []], [7, [7, 11]], [11, []], [13, [13, 10]], [10, []]], [[0, []], [2, [2]], [4, [4, 15]], [15, []], [12, [12, 3, 5]], [3, []], [5, []], [14, [14, 1]], [1, []]]], [[[9, [9]]], [[2, [2]]], [[6, [6, 8]]], [[4, [4, 15]]], [[7, [7, 11]]], [[12, [12, 3, 5]]], [[14, [14, 1]]], [[13, [13, 10]]]]], [[[[0, [2]], [2, []], [8, [8]], [7, [7, 11]], [11, []], [13, [13, 10]], [10, []]], [[0, []], [9, [9]], [4, [4]], [15, [15, 6]], [6, []], [12, [12, 5, 3]], [3, []], [5, []], [14, [14, 1]], [1, []]]], [[[9, [9]]], [[8, [8]]], [[4, [4]]], [[15, [15, 6]]], [[12, [12, 5, 3]]], [[7, [7, 11]]], [[14, [14, 1]]], [[13, [13, 10]]]]], [[[[0, [2]], [2, []], [15, [15]], [7, [7, 11]], [11, []], [13, [13, 10]], [10, []]], [[0, []], [9, [9]], [4, [4, 6, 8]], [6, []], [8, []], [12, [12, 5, 3]], [3, []], [5, []], [14, [14, 1]], [1, []]]], [[[9, [9]]], [[4, [4, 6, 8]]], [[15, [15]]], [[12, [12, 5, 3]]], [[7, [7, 11]]], [[14, [14, 1]]], [[13, [13, 10]]]]]], "Numrun": 5, "all_fitness": [237.84033361736132, 237.84033361736132, 237.84033361736132, 237.84033361736132]}
{"file_name": "U_15_1", "number_of_trucks": 2, "drone_capacity": 10, "number_of_drones": 2, "iteration": 5, "best_fitness": 237.90004766937116, "runtime": 51.59021806716919, "best_solution": [[[[0, []], [2, [2, 8]], [15, [15]], [8, []], [7, [7, 11]], [11, []], [13, [13, 10]], [10, []]], [[0, []], [9, [9, 4, 6]], [4, []], [6, []], [12, [12, 3, 5]], [3, []], [5, []], [14, [14, 1]], [1, []]]], [[[9, [9, 4, 6]]], [[2, [2, 8]]], [[15, [15]]], [[12, [12, 3, 5]]], [[7, [7, 11]]], [[14, [14, 1]]], [[13, [13, 10]]]]], "all_solution": [[[[[0, []], [4, [4, 9]], [9, []], [12, [12, 3, 5]], [3, []], [5, []], [1, [1, 14]], [14, []]], [[0, [2]], [2, []], [15, [15, 8, 6]], [6, []], [8, []], [7, [7, 11]], [11, []], [13, [13, 10]], [10, []]]], [[[15, [15, 8, 6]]], [[4, [4, 9]]], [[12, [12, 3, 5]]], [[7, [7, 11]]], [[1, [1, 14]]], [[13, [13, 10]]]]], [[[[0, []], [9, [9]], [6, [6, 8]], [8, []], [7, [7, 11]], [11, []], [13, [13, 10]], [10, []]], [[0, []], [2, [2]], [4, [4, 15]], [15, []], [12, [12, 3, 5]], [3, []], [5, []], [14, [14, 1]], [1, []]]], [[[9, [9]]], [[2, [2]]], [[6, [6, 8]]], [[4, [4, 15]]], [[7, [7, 11]]], [[12, [12, 3, 5]]], [[14, [14, 1]]], [[13, [13, 10]]]]], [[[[0, [2]], [2, []], [8, [8]], [7, [7, 11]], [11, []], [13, [13, 10]], [10, []]], [[0, []], [9, [9]], [4, [4]], [15, [15, 6]], [6, []], [12, [12, 5, 3]], [3, []], [5, []], [14, [14, 1]], [1, []]]], [[[9, [9]]], [[8, [8]]], [[4, [4]]], [[15, [15, 6]]], [[12, [12, 5, 3]]], [[7, [7, 11]]], [[14, [14, 1]]], [[13, [13, 10]]]]], [[[[0, [2]], [2, []], [15, [15]], [7, [7, 11]], [11, []], [13, [13, 10]], [10, []]], [[0, []], [9, [9]], [4, [4, 6, 8]], [6, []], [8, []], [12, [12, 5, 3]], [3, []], [5, []], [14, [14, 1]], [1, []]]], [[[9, [9]]], [[4, [4, 6, 8]]], [[15, [15]]], [[12, [12, 5, 3]]], [[7, [7, 11]]], [[14, [14, 1]]], [[13, [13, 10]]]]], [[[[0, []], [2, [2, 8]], [15, [15]], [8, []], [7, [7, 11]], [11, []], [13, [13, 10]], [10, []]], [[0, []], [9, [9, 4, 6]], [4, []], [6, []], [12, [12, 3, 5]], [3, []], [5, []], [14, [14, 1]], [1, []]]], [[[9, [9, 4, 6]]], [[2, [2, 8]]], [[15, [15]]], [[12, [12, 3, 5]]], [[7, [7, 11]]], [[14, [14, 1]]], [[13, [13, 10]]]]]], "Numrun": 5, "all_fitness": [237.84033361736132, 237.84033361736132, 237.84033361736132, 237.84033361736132, 237.90004766937116]}
