{"file_name": "U_15_1", "number_of_trucks": 2, "drone_capacity": 10, "number_of_drones": 2, "iteration": 1, "best_fitness": 257.17607482315356, "runtime": 66.30849504470825, "best_solution": [[[[0, [11, 5]], [11, []], [1, [1]], [5, []], [14, [14]], [8, [8, 13, 3]], [3, []], [13, []]], [[0, [10]], [12, [12]], [10, []], [2, [2, 15]], [15, []], [4, [4]], [7, [9, 6, 7]], [9, []], [6, []]]], [[[12, [12]]], [[2, [2, 15]]], [[1, [1]]], [[4, [4]]], [[14, [14]]], [[7, [9, 6, 7]]], [[8, [8, 13, 3]]]]], "all_solution": [[[[[0, [11, 5]], [11, []], [1, [1]], [5, []], [14, [14]], [8, [8, 13, 3]], [3, []], [13, []]], [[0, [10]], [12, [12]], [10, []], [2, [2, 15]], [15, []], [4, [4]], [7, [9, 6, 7]], [9, []], [6, []]]], [[[12, [12]]], [[2, [2, 15]]], [[1, [1]]], [[4, [4]]], [[14, [14]]], [[7, [9, 6, 7]]], [[8, [8, 13, 3]]]]]], "Numrun": 5, "all_fitness": [257.17607482315356]}
{"file_name": "U_15_1", "number_of_trucks": 2, "drone_capacity": 10, "number_of_drones": 2, "iteration": 2, "best_fitness": 257.17607482315356, "runtime": 57.020262002944946, "best_solution": [[[[0, [12, 10, 15]], [15, []], [10, []], [12, []], [4, [4]], [9, [9, 7, 6]], [7, []], [6, []]], [[0, [11, 5]], [11, []], [5, []], [1, [1, 2, 14]], [2, []], [14, []], [8, [8, 3, 13]], [3, []], [13, []]]], [[[1, [1, 2, 14]]], [[4, [4]]], [[9, [9, 7, 6]]], [[8, [8, 3, 13]]]]], "all_solution": [[[[[0, [11, 5]], [11, []], [1, [1]], [5, []], [14, [14]], [8, [8, 13, 3]], [3, []], [13, []]], [[0, [10]], [12, [12]], [10, []], [2, [2, 15]], [15, []], [4, [4]], [7, [9, 6, 7]], [9, []], [6, []]]], [[[12, [12]]], [[2, [2, 15]]], [[1, [1]]], [[4, [4]]], [[14, [14]]], [[7, [9, 6, 7]]], [[8, [8, 13, 3]]]]], [[[[0, [12, 10, 15]], [15, []], [10, []], [12, []], [4, [4]], [9, [9, 7, 6]], [7, []], [6, []]], [[0, [11, 5]], [11, []], [5, []], [1, [1, 2, 14]], [2, []], [14, []], [8, [8, 3, 13]], [3, []], [13, []]]], [[[1, [1, 2, 14]]], [[4, [4]]], [[9, [9, 7, 6]]], [[8, [8, 3, 13]]]]]], "Numrun": 5, "all_fitness": [257.17607482315356, 257.17607482315356]}
{"file_name": "U_15_1", "number_of_trucks": 2, "drone_capacity": 10, "number_of_drones": 2, "iteration": 3, "best_fitness": 257.1373089593466, "runtime": 58.0607271194458, "best_solution": [[[[0, [5, 11]], [11, []], [5, []], [14, [14]], [13, [13]], [8, [8, 3]], [3, []]], [[0, [10, 12]], [10, []], [15, [15, 2]], [2, []], [12, []], [4, [4]], [9, [9, 7, 1, 6]], [7, []], [1, []], [6, []]]], [[[15, [15, 2]]], [[4, [4]]], [[14, [14]]], [[13, [13]]], [[9, [9, 7, 1, 6]]], [[8, [8, 3]]]]], "all_solution": [[[[[0, [11, 5]], [11, []], [1, [1]], [5, []], [14, [14]], [8, [8, 13, 3]], [3, []], [13, []]], [[0, [10]], [12, [12]], [10, []], [2, [2, 15]], [15, []], [4, [4]], [7, [9, 6, 7]], [9, []], [6, []]]], [[[12, [12]]], [[2, [2, 15]]], [[1, [1]]], [[4, [4]]], [[14, [14]]], [[7, [9, 6, 7]]], [[8, [8, 13, 3]]]]], [[[[0, [12, 10, 15]], [15, []], [10, []], [12, []], [4, [4]], [9, [9, 7, 6]], [7, []], [6, []]], [[0, [11, 5]], [11, []], [5, []], [1, [1, 2, 14]], [2, []], [14, []], [8, [8, 3, 13]], [3, []], [13, []]]], [[[1, [1, 2, 14]]], [[4, [4]]], [[9, [9, 7, 6]]], [[8, [8, 3, 13]]]]], [[[[0, [5, 11]], [11, []], [5, []], [14, [14]], [13, [13]], [8, [8, 3]], [3, []]], [[0, [10, 12]], [10, []], [15, [15, 2]], [2, []], [12, []], [4, [4]], [9, [9, 7, 1, 6]], [7, []], [1, []], [6, []]]], [[[15, [15, 2]]], [[4, [4]]], [[14, [14]]], [[13, [13]]], [[9, [9, 7, 1, 6]]], [[8, [8, 3]]]]]], "Numrun": 5, "all_fitness": [257.17607482315356, 257.17607482315356, 257.1373089593466]}
{"file_name": "U_15_1", "number_of_trucks": 2, "drone_capacity": 10, "number_of_drones": 2, "iteration": 4, "best_fitness": 257.17607482315356, "runtime": 62.206440448760986, "best_solution": [[[[0, [12, 10]], [12, []], [10, [15]], [15, []], [4, [4]], [7, [6, 9, 7]], [9, []], [6, []]], [[0, [5]], [11, [11]], [2, [2, 1, 14]], [1, []], [5, []], [14, []], [8, [8, 13, 3]], [3, []], [13, []]]], [[[11, [11]]], [[10, [15]]], [[4, [4]]], [[2, [2, 1, 14]]], [[7, [6, 9, 7]]], [[8, [8, 13, 3]]]]], "all_solution": [[[[[0, [11, 5]], [11, []], [1, [1]], [5, []], [14, [14]], [8, [8, 13, 3]], [3, []], [13, []]], [[0, [10]], [12, [12]], [10, []], [2, [2, 15]], [15, []], [4, [4]], [7, [9, 6, 7]], [9, []], [6, []]]], [[[12, [12]]], [[2, [2, 15]]], [[1, [1]]], [[4, [4]]], [[14, [14]]], [[7, [9, 6, 7]]], [[8, [8, 13, 3]]]]], [[[[0, [12, 10, 15]], [15, []], [10, []], [12, []], [4, [4]], [9, [9, 7, 6]], [7, []], [6, []]], [[0, [11, 5]], [11, []], [5, []], [1, [1, 2, 14]], [2, []], [14, []], [8, [8, 3, 13]], [3, []], [13, []]]], [[[1, [1, 2, 14]]], [[4, [4]]], [[9, [9, 7, 6]]], [[8, [8, 3, 13]]]]], [[[[0, [5, 11]], [11, []], [5, []], [14, [14]], [13, [13]], [8, [8, 3]], [3, []]], [[0, [10, 12]], [10, []], [15, [15, 2]], [2, []], [12, []], [4, [4]], [9, [9, 7, 1, 6]], [7, []], [1, []], [6, []]]], [[[15, [15, 2]]], [[4, [4]]], [[14, [14]]], [[13, [13]]], [[9, [9, 7, 1, 6]]], [[8, [8, 3]]]]], [[[[0, [12, 10]], [12, []], [10, [15]], [15, []], [4, [4]], [7, [6, 9, 7]], [9, []], [6, []]], [[0, [5]], [11, [11]], [2, [2, 1, 14]], [1, []], [5, []], [14, []], [8, [8, 13, 3]], [3, []], [13, []]]], [[[11, [11]]], [[10, [15]]], [[4, [4]]], [[2, [2, 1, 14]]], [[7, [6, 9, 7]]], [[8, [8, 13, 3]]]]]], "Numrun": 5, "all_fitness": [257.17607482315356, 257.17607482315356, 257.1373089593466, 257.17607482315356]}
{"file_name": "U_15_1", "number_of_trucks": 2, "drone_capacity": 10, "number_of_drones": 2, "iteration": 5, "best_fitness": 257.17607482315356, "runtime": 64.46932673454285, "best_solution": [[[[0, [10, 12]], [10, []], [12, []], [4, [4]], [9, [9, 7, 6]], [7, []], [6, []]], [[0, []], [11, [5, 11]], [5, []], [15, [15, 2, 1, 14]], [2, []], [1, []], [14, []], [8, [8, 3, 13]], [3, []], [13, []]]], [[[11, [5, 11]]], [[4, [4]]], [[15, [15, 2, 1, 14]]], [[9, [9, 7, 6]]], [[8, [8, 3, 13]]]]], "all_solution": [[[[[0, [11, 5]], [11, []], [1, [1]], [5, []], [14, [14]], [8, [8, 13, 3]], [3, []], [13, []]], [[0, [10]], [12, [12]], [10, []], [2, [2, 15]], [15, []], [4, [4]], [7, [9, 6, 7]], [9, []], [6, []]]], [[[12, [12]]], [[2, [2, 15]]], [[1, [1]]], [[4, [4]]], [[14, [14]]], [[7, [9, 6, 7]]], [[8, [8, 13, 3]]]]], [[[[0, [12, 10, 15]], [15, []], [10, []], [12, []], [4, [4]], [9, [9, 7, 6]], [7, []], [6, []]], [[0, [11, 5]], [11, []], [5, []], [1, [1, 2, 14]], [2, []], [14, []], [8, [8, 3, 13]], [3, []], [13, []]]], [[[1, [1, 2, 14]]], [[4, [4]]], [[9, [9, 7, 6]]], [[8, [8, 3, 13]]]]], [[[[0, [5, 11]], [11, []], [5, []], [14, [14]], [13, [13]], [8, [8, 3]], [3, []]], [[0, [10, 12]], [10, []], [15, [15, 2]], [2, []], [12, []], [4, [4]], [9, [9, 7, 1, 6]], [7, []], [1, []], [6, []]]], [[[15, [15, 2]]], [[4, [4]]], [[14, [14]]], [[13, [13]]], [[9, [9, 7, 1, 6]]], [[8, [8, 3]]]]], [[[[0, [12, 10]], [12, []], [10, [15]], [15, []], [4, [4]], [7, [6, 9, 7]], [9, []], [6, []]], [[0, [5]], [11, [11]], [2, [2, 1, 14]], [1, []], [5, []], [14, []], [8, [8, 13, 3]], [3, []], [13, []]]], [[[11, [11]]], [[10, [15]]], [[4, [4]]], [[2, [2, 1, 14]]], [[7, [6, 9, 7]]], [[8, [8, 13, 3]]]]], [[[[0, [10, 12]], [10, []], [12, []], [4, [4]], [9, [9, 7, 6]], [7, []], [6, []]], [[0, []], [11, [5, 11]], [5, []], [15, [15, 2, 1, 14]], [2, []], [1, []], [14, []], [8, [8, 3, 13]], [3, []], [13, []]]], [[[11, [5, 11]]], [[4, [4]]], [[15, [15, 2, 1, 14]]], [[9, [9, 7, 6]]], [[8, [8, 3, 13]]]]]], "Numrun": 5, "all_fitness": [257.17607482315356, 257.17607482315356, 257.1373089593466, 257.17607482315356, 257.17607482315356]}
