{"file_name": "U_15_1", "number_of_trucks": 2, "drone_capacity": 10, "number_of_drones": 2, "iteration": 1, "best_fitness": 270.65665841073144, "runtime": 62.37218165397644, "best_solution": [[[[0, []], [7, [7, 9, 8, 11]], [9, []], [8, []], [11, []], [14, [14, 2, 5]], [2, []], [5, []], [15, [15]]], [[0, []], [6, [6, 12]], [12, []], [13, [13, 3, 4, 10]], [10, []], [4, []], [3, []], [1, [1]]]], [[[6, [6, 12]]], [[7, [7, 9, 8, 11]]], [[13, [13, 3, 4, 10]]], [[1, [1]]], [[14, [14, 2, 5]]], [[15, [15]]]]], "all_solution": [[[[[0, []], [7, [7, 9, 8, 11]], [9, []], [8, []], [11, []], [14, [14, 2, 5]], [2, []], [5, []], [15, [15]]], [[0, []], [6, [6, 12]], [12, []], [13, [13, 3, 4, 10]], [10, []], [4, []], [3, []], [1, [1]]]], [[[6, [6, 12]]], [[7, [7, 9, 8, 11]]], [[13, [13, 3, 4, 10]]], [[1, [1]]], [[14, [14, 2, 5]]], [[15, [15]]]]]], "Numrun": 5, "all_fitness": [270.65665841073144]}
{"file_name": "U_15_1", "number_of_trucks": 2, "drone_capacity": 10, "number_of_drones": 2, "iteration": 2, "best_fitness": 270.65665841073144, "runtime": 58.83621001243591, "best_solution": [[[[0, [7, 6, 9, 8, 12]], [12, []], [6, []], [5, [5, 14]], [14, []], [8, []], [9, []], [7, []], [2, [2, 15]], [15, []]], [[0, []], [11, [11]], [13, [13, 4, 10, 3]], [4, []], [10, []], [3, []], [1, [1]]]], [[[11, [11]]], [[13, [13, 4, 10, 3]]], [[5, [5, 14]]], [[2, [2, 15]]], [[1, [1]]]]], "all_solution": [[[[[0, []], [7, [7, 9, 8, 11]], [9, []], [8, []], [11, []], [14, [14, 2, 5]], [2, []], [5, []], [15, [15]]], [[0, []], [6, [6, 12]], [12, []], [13, [13, 3, 4, 10]], [10, []], [4, []], [3, []], [1, [1]]]], [[[6, [6, 12]]], [[7, [7, 9, 8, 11]]], [[13, [13, 3, 4, 10]]], [[1, [1]]], [[14, [14, 2, 5]]], [[15, [15]]]]], [[[[0, [7, 6, 9, 8, 12]], [12, []], [6, []], [5, [5, 14]], [14, []], [8, []], [9, []], [7, []], [2, [2, 15]], [15, []]], [[0, []], [11, [11]], [13, [13, 4, 10, 3]], [4, []], [10, []], [3, []], [1, [1]]]], [[[11, [11]]], [[13, [13, 4, 10, 3]]], [[5, [5, 14]]], [[2, [2, 15]]], [[1, [1]]]]]], "Numrun": 5, "all_fitness": [270.65665841073144, 270.65665841073144]}
{"file_name": "U_15_1", "number_of_trucks": 2, "drone_capacity": 10, "number_of_drones": 2, "iteration": 3, "best_fitness": 270.65665841073144, "runtime": 57.00156021118164, "best_solution": [[[[0, [7, 11, 9, 8]], [7, []], [11, []], [14, [14, 5, 2]], [5, []], [2, []], [9, []], [8, []], [15, [15]]], [[0, []], [12, [12]], [6, [6, 4]], [4, []], [13, [13, 10, 3]], [10, []], [3, []], [1, [1]]]], [[[12, [12]]], [[6, [6, 4]]], [[13, [13, 10, 3]]], [[14, [14, 5, 2]]], [[1, [1]]], [[15, [15]]]]], "all_solution": [[[[[0, []], [7, [7, 9, 8, 11]], [9, []], [8, []], [11, []], [14, [14, 2, 5]], [2, []], [5, []], [15, [15]]], [[0, []], [6, [6, 12]], [12, []], [13, [13, 3, 4, 10]], [10, []], [4, []], [3, []], [1, [1]]]], [[[6, [6, 12]]], [[7, [7, 9, 8, 11]]], [[13, [13, 3, 4, 10]]], [[1, [1]]], [[14, [14, 2, 5]]], [[15, [15]]]]], [[[[0, [7, 6, 9, 8, 12]], [12, []], [6, []], [5, [5, 14]], [14, []], [8, []], [9, []], [7, []], [2, [2, 15]], [15, []]], [[0, []], [11, [11]], [13, [13, 4, 10, 3]], [4, []], [10, []], [3, []], [1, [1]]]], [[[11, [11]]], [[13, [13, 4, 10, 3]]], [[5, [5, 14]]], [[2, [2, 15]]], [[1, [1]]]]], [[[[0, [7, 11, 9, 8]], [7, []], [11, []], [14, [14, 5, 2]], [5, []], [2, []], [9, []], [8, []], [15, [15]]], [[0, []], [12, [12]], [6, [6, 4]], [4, []], [13, [13, 10, 3]], [10, []], [3, []], [1, [1]]]], [[[12, [12]]], [[6, [6, 4]]], [[13, [13, 10, 3]]], [[14, [14, 5, 2]]], [[1, [1]]], [[15, [15]]]]]], "Numrun": 5, "all_fitness": [270.65665841073144, 270.65665841073144, 270.65665841073144]}
{"file_name": "U_15_1", "number_of_trucks": 2, "drone_capacity": 10, "number_of_drones": 2, "iteration": 4, "best_fitness": 270.65665841073144, "runtime": 61.61360311508179, "best_solution": [[[[0, [8, 9, 7, 11]], [11, []], [9, []], [5, [5, 14]], [14, []], [8, []], [7, []], [2, [2, 15]], [15, []]], [[0, [6, 12]], [12, []], [6, []], [13, [13, 4, 3, 10]], [10, []], [4, []], [3, []], [1, [1]]]], [[[13, [13, 4, 3, 10]]], [[5, [5, 14]]], [[2, [2, 15]]], [[1, [1]]]]], "all_solution": [[[[[0, []], [7, [7, 9, 8, 11]], [9, []], [8, []], [11, []], [14, [14, 2, 5]], [2, []], [5, []], [15, [15]]], [[0, []], [6, [6, 12]], [12, []], [13, [13, 3, 4, 10]], [10, []], [4, []], [3, []], [1, [1]]]], [[[6, [6, 12]]], [[7, [7, 9, 8, 11]]], [[13, [13, 3, 4, 10]]], [[1, [1]]], [[14, [14, 2, 5]]], [[15, [15]]]]], [[[[0, [7, 6, 9, 8, 12]], [12, []], [6, []], [5, [5, 14]], [14, []], [8, []], [9, []], [7, []], [2, [2, 15]], [15, []]], [[0, []], [11, [11]], [13, [13, 4, 10, 3]], [4, []], [10, []], [3, []], [1, [1]]]], [[[11, [11]]], [[13, [13, 4, 10, 3]]], [[5, [5, 14]]], [[2, [2, 15]]], [[1, [1]]]]], [[[[0, [7, 11, 9, 8]], [7, []], [11, []], [14, [14, 5, 2]], [5, []], [2, []], [9, []], [8, []], [15, [15]]], [[0, []], [12, [12]], [6, [6, 4]], [4, []], [13, [13, 10, 3]], [10, []], [3, []], [1, [1]]]], [[[12, [12]]], [[6, [6, 4]]], [[13, [13, 10, 3]]], [[14, [14, 5, 2]]], [[1, [1]]], [[15, [15]]]]], [[[[0, [8, 9, 7, 11]], [11, []], [9, []], [5, [5, 14]], [14, []], [8, []], [7, []], [2, [2, 15]], [15, []]], [[0, [6, 12]], [12, []], [6, []], [13, [13, 4, 3, 10]], [10, []], [4, []], [3, []], [1, [1]]]], [[[13, [13, 4, 3, 10]]], [[5, [5, 14]]], [[2, [2, 15]]], [[1, [1]]]]]], "Numrun": 5, "all_fitness": [270.65665841073144, 270.65665841073144, 270.65665841073144, 270.65665841073144]}
{"file_name": "U_15_1", "number_of_trucks": 2, "drone_capacity": 10, "number_of_drones": 2, "iteration": 5, "best_fitness": 270.65665841073144, "runtime": 58.45865178108215, "best_solution": [[[[0, [11]], [8, [8, 7]], [7, []], [11, []], [10, [10, 4, 3]], [4, []], [3, []], [1, [1]]], [[0, [6]], [12, [12, 9]], [6, []], [13, [13]], [14, [14, 5]], [5, []], [9, []], [2, [2, 15]], [15, []]]], [[[12, [12, 9]]], [[8, [8, 7]]], [[13, [13]]], [[10, [10, 4, 3]]], [[14, [14, 5]]], [[1, [1]]], [[2, [2, 15]]]]], "all_solution": [[[[[0, []], [7, [7, 9, 8, 11]], [9, []], [8, []], [11, []], [14, [14, 2, 5]], [2, []], [5, []], [15, [15]]], [[0, []], [6, [6, 12]], [12, []], [13, [13, 3, 4, 10]], [10, []], [4, []], [3, []], [1, [1]]]], [[[6, [6, 12]]], [[7, [7, 9, 8, 11]]], [[13, [13, 3, 4, 10]]], [[1, [1]]], [[14, [14, 2, 5]]], [[15, [15]]]]], [[[[0, [7, 6, 9, 8, 12]], [12, []], [6, []], [5, [5, 14]], [14, []], [8, []], [9, []], [7, []], [2, [2, 15]], [15, []]], [[0, []], [11, [11]], [13, [13, 4, 10, 3]], [4, []], [10, []], [3, []], [1, [1]]]], [[[11, [11]]], [[13, [13, 4, 10, 3]]], [[5, [5, 14]]], [[2, [2, 15]]], [[1, [1]]]]], [[[[0, [7, 11, 9, 8]], [7, []], [11, []], [14, [14, 5, 2]], [5, []], [2, []], [9, []], [8, []], [15, [15]]], [[0, []], [12, [12]], [6, [6, 4]], [4, []], [13, [13, 10, 3]], [10, []], [3, []], [1, [1]]]], [[[12, [12]]], [[6, [6, 4]]], [[13, [13, 10, 3]]], [[14, [14, 5, 2]]], [[1, [1]]], [[15, [15]]]]], [[[[0, [8, 9, 7, 11]], [11, []], [9, []], [5, [5, 14]], [14, []], [8, []], [7, []], [2, [2, 15]], [15, []]], [[0, [6, 12]], [12, []], [6, []], [13, [13, 4, 3, 10]], [10, []], [4, []], [3, []], [1, [1]]]], [[[13, [13, 4, 3, 10]]], [[5, [5, 14]]], [[2, [2, 15]]], [[1, [1]]]]], [[[[0, [11]], [8, [8, 7]], [7, []], [11, []], [10, [10, 4, 3]], [4, []], [3, []], [1, [1]]], [[0, [6]], [12, [12, 9]], [6, []], [13, [13]], [14, [14, 5]], [5, []], [9, []], [2, [2, 15]], [15, []]]], [[[12, [12, 9]]], [[8, [8, 7]]], [[13, [13]]], [[10, [10, 4, 3]]], [[14, [14, 5]]], [[1, [1]]], [[2, [2, 15]]]]]], "Numrun": 5, "all_fitness": [270.65665841073144, 270.65665841073144, 270.65665841073144, 270.65665841073144, 270.65665841073144]}
