{"file_name": "U_15_0", "number_of_trucks": 2, "drone_capacity": 10, "number_of_drones": 2, "iteration": 1, "best_fitness": 170.26081257317452, "runtime": 77.8561441898346, "best_solution": [[[[0, [13]], [13, [8, 14]], [14, []], [8, []], [2, [2, 4, 9, 3, 1, 11]], [9, []], [4, []], [3, []], [1, []], [6, [6]], [11, []]], [[0, []], [5, [5]], [10, [10]], [7, [7, 12, 15]], [12, []], [15, []]]], [[[13, [8, 14]]], [[5, [5]]], [[10, [10]]], [[7, [7, 12, 15]]], [[2, [2, 4, 9, 3, 1, 11]]], [[6, [6]]]]], "all_solution": [[[[[0, [13]], [13, [8, 14]], [14, []], [8, []], [2, [2, 4, 9, 3, 1, 11]], [9, []], [4, []], [3, []], [1, []], [6, [6]], [11, []]], [[0, []], [5, [5]], [10, [10]], [7, [7, 12, 15]], [12, []], [15, []]]], [[[13, [8, 14]]], [[5, [5]]], [[10, [10]]], [[7, [7, 12, 15]]], [[2, [2, 4, 9, 3, 1, 11]]], [[6, [6]]]]]], "Numrun": 5, "all_fitness": [170.26081257317452]}
{"file_name": "U_15_0", "number_of_trucks": 2, "drone_capacity": 10, "number_of_drones": 2, "iteration": 2, "best_fitness": 167.33505271648875, "runtime": 78.9578001499176, "best_solution": [[[[0, []], [5, [5]], [10, [10, 2, 9, 4]], [2, []], [9, []], [4, []], [3, [3, 1, 6, 11]], [1, []], [6, []], [11, []]], [[0, [13]], [13, []], [8, [8, 14]], [14, []], [7, [7, 12, 15]], [12, []], [15, []]]], [[[5, [5]]], [[8, [8, 14]]], [[10, [10, 2, 9, 4]]], [[7, [7, 12, 15]]], [[3, [3, 1, 6, 11]]]]], "all_solution": [[[[[0, [13]], [13, [8, 14]], [14, []], [8, []], [2, [2, 4, 9, 3, 1, 11]], [9, []], [4, []], [3, []], [1, []], [6, [6]], [11, []]], [[0, []], [5, [5]], [10, [10]], [7, [7, 12, 15]], [12, []], [15, []]]], [[[13, [8, 14]]], [[5, [5]]], [[10, [10]]], [[7, [7, 12, 15]]], [[2, [2, 4, 9, 3, 1, 11]]], [[6, [6]]]]], [[[[0, []], [5, [5]], [10, [10, 2, 9, 4]], [2, []], [9, []], [4, []], [3, [3, 1, 6, 11]], [1, []], [6, []], [11, []]], [[0, [13]], [13, []], [8, [8, 14]], [14, []], [7, [7, 12, 15]], [12, []], [15, []]]], [[[5, [5]]], [[8, [8, 14]]], [[10, [10, 2, 9, 4]]], [[7, [7, 12, 15]]], [[3, [3, 1, 6, 11]]]]]], "Numrun": 5, "all_fitness": [170.26081257317452, 167.33505271648875]}
{"file_name": "U_15_0", "number_of_trucks": 2, "drone_capacity": 10, "number_of_drones": 2, "iteration": 3, "best_fitness": 168.48, "runtime": 91.42001366615295, "best_solution": [[[[0, [10, 2, 9, 4]], [10, []], [2, []], [9, []], [4, []], [1, [1, 3, 6, 11]], [3, []], [6, []], [11, []]], [[0, [13]], [13, []], [8, [8, 14, 5]], [14, []], [7, [7, 12, 15]], [12, []], [5, []], [15, []]]], [[[8, [8, 14, 5]]], [[7, [7, 12, 15]]], [[1, [1, 3, 6, 11]]]]], "all_solution": [[[[[0, [13]], [13, [8, 14]], [14, []], [8, []], [2, [2, 4, 9, 3, 1, 11]], [9, []], [4, []], [3, []], [1, []], [6, [6]], [11, []]], [[0, []], [5, [5]], [10, [10]], [7, [7, 12, 15]], [12, []], [15, []]]], [[[13, [8, 14]]], [[5, [5]]], [[10, [10]]], [[7, [7, 12, 15]]], [[2, [2, 4, 9, 3, 1, 11]]], [[6, [6]]]]], [[[[0, []], [5, [5]], [10, [10, 2, 9, 4]], [2, []], [9, []], [4, []], [3, [3, 1, 6, 11]], [1, []], [6, []], [11, []]], [[0, [13]], [13, []], [8, [8, 14]], [14, []], [7, [7, 12, 15]], [12, []], [15, []]]], [[[5, [5]]], [[8, [8, 14]]], [[10, [10, 2, 9, 4]]], [[7, [7, 12, 15]]], [[3, [3, 1, 6, 11]]]]], [[[[0, [10, 2, 9, 4]], [10, []], [2, []], [9, []], [4, []], [1, [1, 3, 6, 11]], [3, []], [6, []], [11, []]], [[0, [13]], [13, []], [8, [8, 14, 5]], [14, []], [7, [7, 12, 15]], [12, []], [5, []], [15, []]]], [[[8, [8, 14, 5]]], [[7, [7, 12, 15]]], [[1, [1, 3, 6, 11]]]]]], "Numrun": 5, "all_fitness": [170.26081257317452, 167.33505271648875, 168.48]}
{"file_name": "U_15_0", "number_of_trucks": 2, "drone_capacity": 10, "number_of_drones": 2, "iteration": 4, "best_fitness": 170.56, "runtime": 85.0377631187439, "best_solution": [[[[0, [13, 5]], [14, [14]], [7, [7, 15, 12]], [13, []], [12, []], [5, []], [15, []]], [[0, [4, 8, 10, 2, 9]], [10, []], [8, []], [2, []], [9, []], [4, []], [3, [3, 1, 6, 11]], [1, []], [6, []], [11, []]]], [[[14, [14]]], [[7, [7, 15, 12]]], [[3, [3, 1, 6, 11]]]]], "all_solution": [[[[[0, [13]], [13, [8, 14]], [14, []], [8, []], [2, [2, 4, 9, 3, 1, 11]], [9, []], [4, []], [3, []], [1, []], [6, [6]], [11, []]], [[0, []], [5, [5]], [10, [10]], [7, [7, 12, 15]], [12, []], [15, []]]], [[[13, [8, 14]]], [[5, [5]]], [[10, [10]]], [[7, [7, 12, 15]]], [[2, [2, 4, 9, 3, 1, 11]]], [[6, [6]]]]], [[[[0, []], [5, [5]], [10, [10, 2, 9, 4]], [2, []], [9, []], [4, []], [3, [3, 1, 6, 11]], [1, []], [6, []], [11, []]], [[0, [13]], [13, []], [8, [8, 14]], [14, []], [7, [7, 12, 15]], [12, []], [15, []]]], [[[5, [5]]], [[8, [8, 14]]], [[10, [10, 2, 9, 4]]], [[7, [7, 12, 15]]], [[3, [3, 1, 6, 11]]]]], [[[[0, [10, 2, 9, 4]], [10, []], [2, []], [9, []], [4, []], [1, [1, 3, 6, 11]], [3, []], [6, []], [11, []]], [[0, [13]], [13, []], [8, [8, 14, 5]], [14, []], [7, [7, 12, 15]], [12, []], [5, []], [15, []]]], [[[8, [8, 14, 5]]], [[7, [7, 12, 15]]], [[1, [1, 3, 6, 11]]]]], [[[[0, [13, 5]], [14, [14]], [7, [7, 15, 12]], [13, []], [12, []], [5, []], [15, []]], [[0, [4, 8, 10, 2, 9]], [10, []], [8, []], [2, []], [9, []], [4, []], [3, [3, 1, 6, 11]], [1, []], [6, []], [11, []]]], [[[14, [14]]], [[7, [7, 15, 12]]], [[3, [3, 1, 6, 11]]]]]], "Numrun": 5, "all_fitness": [170.26081257317452, 167.33505271648875, 168.48, 170.56]}
{"file_name": "U_15_0", "number_of_trucks": 2, "drone_capacity": 10, "number_of_drones": 2, "iteration": 5, "best_fitness": 170.26081257317452, "runtime": 73.80426859855652, "best_solution": [[[[0, [13]], [13, [4, 14, 8, 9]], [14, []], [8, []], [2, [2, 11, 6]], [9, []], [4, []], [3, [3, 1]], [1, []], [6, []], [11, []]], [[0, []], [5, [5]], [10, [10]], [7, [7, 12, 15]], [12, []], [15, []]]], [[[13, [4, 14, 8, 9]]], [[5, [5]]], [[10, [10]]], [[7, [7, 12, 15]]], [[2, [2, 11, 6]]], [[3, [3, 1]]]]], "all_solution": [[[[[0, [13]], [13, [8, 14]], [14, []], [8, []], [2, [2, 4, 9, 3, 1, 11]], [9, []], [4, []], [3, []], [1, []], [6, [6]], [11, []]], [[0, []], [5, [5]], [10, [10]], [7, [7, 12, 15]], [12, []], [15, []]]], [[[13, [8, 14]]], [[5, [5]]], [[10, [10]]], [[7, [7, 12, 15]]], [[2, [2, 4, 9, 3, 1, 11]]], [[6, [6]]]]], [[[[0, []], [5, [5]], [10, [10, 2, 9, 4]], [2, []], [9, []], [4, []], [3, [3, 1, 6, 11]], [1, []], [6, []], [11, []]], [[0, [13]], [13, []], [8, [8, 14]], [14, []], [7, [7, 12, 15]], [12, []], [15, []]]], [[[5, [5]]], [[8, [8, 14]]], [[10, [10, 2, 9, 4]]], [[7, [7, 12, 15]]], [[3, [3, 1, 6, 11]]]]], [[[[0, [10, 2, 9, 4]], [10, []], [2, []], [9, []], [4, []], [1, [1, 3, 6, 11]], [3, []], [6, []], [11, []]], [[0, [13]], [13, []], [8, [8, 14, 5]], [14, []], [7, [7, 12, 15]], [12, []], [5, []], [15, []]]], [[[8, [8, 14, 5]]], [[7, [7, 12, 15]]], [[1, [1, 3, 6, 11]]]]], [[[[0, [13, 5]], [14, [14]], [7, [7, 15, 12]], [13, []], [12, []], [5, []], [15, []]], [[0, [4, 8, 10, 2, 9]], [10, []], [8, []], [2, []], [9, []], [4, []], [3, [3, 1, 6, 11]], [1, []], [6, []], [11, []]]], [[[14, [14]]], [[7, [7, 15, 12]]], [[3, [3, 1, 6, 11]]]]], [[[[0, [13]], [13, [4, 14, 8, 9]], [14, []], [8, []], [2, [2, 11, 6]], [9, []], [4, []], [3, [3, 1]], [1, []], [6, []], [11, []]], [[0, []], [5, [5]], [10, [10]], [7, [7, 12, 15]], [12, []], [15, []]]], [[[13, [4, 14, 8, 9]]], [[5, [5]]], [[10, [10]]], [[7, [7, 12, 15]]], [[2, [2, 11, 6]]], [[3, [3, 1]]]]]], "Numrun": 5, "all_fitness": [170.26081257317452, 167.33505271648875, 168.48, 170.56, 170.26081257317452]}
