{"file_name": "U_15_1", "number_of_trucks": 2, "drone_capacity": 10, "number_of_drones": 2, "iteration": 1, "best_fitness": 343.327599422125, "runtime": 64.54124617576599, "best_solution": [[[[0, [5, 11]], [11, []], [12, [12]], [5, []], [9, [9, 3]], [3, []], [8, [8, 7, 10]], [7, []], [10, []], [15, [15]]], [[0, [14]], [14, []], [13, [13, 6, 2]], [2, []], [6, []], [1, [1, 4]], [4, []]]], [[[12, [12]]], [[9, [9, 3]]], [[13, [13, 6, 2]]], [[8, [8, 7, 10]]], [[1, [1, 4]]], [[15, [15]]]]], "all_solution": [[[[[0, [5, 11]], [11, []], [12, [12]], [5, []], [9, [9, 3]], [3, []], [8, [8, 7, 10]], [7, []], [10, []], [15, [15]]], [[0, [14]], [14, []], [13, [13, 6, 2]], [2, []], [6, []], [1, [1, 4]], [4, []]]], [[[12, [12]]], [[9, [9, 3]]], [[13, [13, 6, 2]]], [[8, [8, 7, 10]]], [[1, [1, 4]]], [[15, [15]]]]]], "Numrun": 5, "all_fitness": [343.327599422125]}
{"file_name": "U_15_1", "number_of_trucks": 2, "drone_capacity": 10, "number_of_drones": 2, "iteration": 2, "best_fitness": 343.327599422125, "runtime": 58.4292631149292, "best_solution": [[[[0, [11]], [12, [12, 3]], [3, []], [11, []], [13, [13, 7, 6]], [6, []], [8, [8, 10]], [7, []], [10, []], [15, [15]]], [[0, [14, 5]], [14, []], [5, []], [2, [2, 9]], [9, []], [1, [1, 4]], [4, []]]], [[[12, [12, 3]]], [[13, [13, 7, 6]]], [[2, [2, 9]]], [[8, [8, 10]]], [[1, [1, 4]]], [[15, [15]]]]], "all_solution": [[[[[0, [5, 11]], [11, []], [12, [12]], [5, []], [9, [9, 3]], [3, []], [8, [8, 7, 10]], [7, []], [10, []], [15, [15]]], [[0, [14]], [14, []], [13, [13, 6, 2]], [2, []], [6, []], [1, [1, 4]], [4, []]]], [[[12, [12]]], [[9, [9, 3]]], [[13, [13, 6, 2]]], [[8, [8, 7, 10]]], [[1, [1, 4]]], [[15, [15]]]]], [[[[0, [11]], [12, [12, 3]], [3, []], [11, []], [13, [13, 7, 6]], [6, []], [8, [8, 10]], [7, []], [10, []], [15, [15]]], [[0, [14, 5]], [14, []], [5, []], [2, [2, 9]], [9, []], [1, [1, 4]], [4, []]]], [[[12, [12, 3]]], [[13, [13, 7, 6]]], [[2, [2, 9]]], [[8, [8, 10]]], [[1, [1, 4]]], [[15, [15]]]]]], "Numrun": 5, "all_fitness": [343.327599422125, 343.327599422125]}
{"file_name": "U_15_1", "number_of_trucks": 2, "drone_capacity": 10, "number_of_drones": 2, "iteration": 3, "best_fitness": 343.327599422125, "runtime": 51.64458751678467, "best_solution": [[[[0, [5, 14]], [5, []], [14, []], [13, [13, 6, 7]], [6, []], [8, [8, 10]], [7, []], [10, []], [15, [15]]], [[0, [11]], [11, []], [3, [3]], [12, [12, 9]], [9, []], [1, [1, 2]], [4, [4]], [2, []]]], [[[13, [13, 6, 7]]], [[3, [3]]], [[12, [12, 9]]], [[8, [8, 10]]], [[1, [1, 2]]], [[4, [4]]], [[15, [15]]]]], "all_solution": [[[[[0, [5, 11]], [11, []], [12, [12]], [5, []], [9, [9, 3]], [3, []], [8, [8, 7, 10]], [7, []], [10, []], [15, [15]]], [[0, [14]], [14, []], [13, [13, 6, 2]], [2, []], [6, []], [1, [1, 4]], [4, []]]], [[[12, [12]]], [[9, [9, 3]]], [[13, [13, 6, 2]]], [[8, [8, 7, 10]]], [[1, [1, 4]]], [[15, [15]]]]], [[[[0, [11]], [12, [12, 3]], [3, []], [11, []], [13, [13, 7, 6]], [6, []], [8, [8, 10]], [7, []], [10, []], [15, [15]]], [[0, [14, 5]], [14, []], [5, []], [2, [2, 9]], [9, []], [1, [1, 4]], [4, []]]], [[[12, [12, 3]]], [[13, [13, 7, 6]]], [[2, [2, 9]]], [[8, [8, 10]]], [[1, [1, 4]]], [[15, [15]]]]], [[[[0, [5, 14]], [5, []], [14, []], [13, [13, 6, 7]], [6, []], [8, [8, 10]], [7, []], [10, []], [15, [15]]], [[0, [11]], [11, []], [3, [3]], [12, [12, 9]], [9, []], [1, [1, 2]], [4, [4]], [2, []]]], [[[13, [13, 6, 7]]], [[3, [3]]], [[12, [12, 9]]], [[8, [8, 10]]], [[1, [1, 2]]], [[4, [4]]], [[15, [15]]]]]], "Numrun": 5, "all_fitness": [343.327599422125, 343.327599422125, 343.327599422125]}
{"file_name": "U_15_1", "number_of_trucks": 2, "drone_capacity": 10, "number_of_drones": 2, "iteration": 4, "best_fitness": 343.327599422125, "runtime": 49.16594171524048, "best_solution": [[[[0, [14]], [14, []], [2, [2, 9]], [9, []], [1, [1, 4]], [4, []]], [[0, [5]], [11, [11]], [3, [3, 12]], [5, []], [12, []], [13, [13, 6, 7]], [6, []], [8, [8, 10]], [7, []], [10, []], [15, [15]]]], [[[11, [11]]], [[3, [3, 12]]], [[13, [13, 6, 7]]], [[2, [2, 9]]], [[8, [8, 10]]], [[1, [1, 4]]], [[15, [15]]]]], "all_solution": [[[[[0, [5, 11]], [11, []], [12, [12]], [5, []], [9, [9, 3]], [3, []], [8, [8, 7, 10]], [7, []], [10, []], [15, [15]]], [[0, [14]], [14, []], [13, [13, 6, 2]], [2, []], [6, []], [1, [1, 4]], [4, []]]], [[[12, [12]]], [[9, [9, 3]]], [[13, [13, 6, 2]]], [[8, [8, 7, 10]]], [[1, [1, 4]]], [[15, [15]]]]], [[[[0, [11]], [12, [12, 3]], [3, []], [11, []], [13, [13, 7, 6]], [6, []], [8, [8, 10]], [7, []], [10, []], [15, [15]]], [[0, [14, 5]], [14, []], [5, []], [2, [2, 9]], [9, []], [1, [1, 4]], [4, []]]], [[[12, [12, 3]]], [[13, [13, 7, 6]]], [[2, [2, 9]]], [[8, [8, 10]]], [[1, [1, 4]]], [[15, [15]]]]], [[[[0, [5, 14]], [5, []], [14, []], [13, [13, 6, 7]], [6, []], [8, [8, 10]], [7, []], [10, []], [15, [15]]], [[0, [11]], [11, []], [3, [3]], [12, [12, 9]], [9, []], [1, [1, 2]], [4, [4]], [2, []]]], [[[13, [13, 6, 7]]], [[3, [3]]], [[12, [12, 9]]], [[8, [8, 10]]], [[1, [1, 2]]], [[4, [4]]], [[15, [15]]]]], [[[[0, [14]], [14, []], [2, [2, 9]], [9, []], [1, [1, 4]], [4, []]], [[0, [5]], [11, [11]], [3, [3, 12]], [5, []], [12, []], [13, [13, 6, 7]], [6, []], [8, [8, 10]], [7, []], [10, []], [15, [15]]]], [[[11, [11]]], [[3, [3, 12]]], [[13, [13, 6, 7]]], [[2, [2, 9]]], [[8, [8, 10]]], [[1, [1, 4]]], [[15, [15]]]]]], "Numrun": 5, "all_fitness": [343.327599422125, 343.327599422125, 343.327599422125, 343.327599422125]}
{"file_name": "U_15_1", "number_of_trucks": 2, "drone_capacity": 10, "number_of_drones": 2, "iteration": 5, "best_fitness": 343.21965548126457, "runtime": 73.35026621818542, "best_solution": [[[[0, [11, 14]], [11, []], [14, []], [9, [9]], [7, [7, 8, 10]], [8, []], [10, []], [15, [15]]], [[0, [5]], [3, [3, 12]], [12, []], [5, []], [13, [13, 6, 2]], [2, []], [6, []], [1, [1, 4]], [4, []]]], [[[3, [3, 12]]], [[13, [13, 6, 2]]], [[9, [9]]], [[7, [7, 8, 10]]], [[1, [1, 4]]], [[15, [15]]]]], "all_solution": [[[[[0, [5, 11]], [11, []], [12, [12]], [5, []], [9, [9, 3]], [3, []], [8, [8, 7, 10]], [7, []], [10, []], [15, [15]]], [[0, [14]], [14, []], [13, [13, 6, 2]], [2, []], [6, []], [1, [1, 4]], [4, []]]], [[[12, [12]]], [[9, [9, 3]]], [[13, [13, 6, 2]]], [[8, [8, 7, 10]]], [[1, [1, 4]]], [[15, [15]]]]], [[[[0, [11]], [12, [12, 3]], [3, []], [11, []], [13, [13, 7, 6]], [6, []], [8, [8, 10]], [7, []], [10, []], [15, [15]]], [[0, [14, 5]], [14, []], [5, []], [2, [2, 9]], [9, []], [1, [1, 4]], [4, []]]], [[[12, [12, 3]]], [[13, [13, 7, 6]]], [[2, [2, 9]]], [[8, [8, 10]]], [[1, [1, 4]]], [[15, [15]]]]], [[[[0, [5, 14]], [5, []], [14, []], [13, [13, 6, 7]], [6, []], [8, [8, 10]], [7, []], [10, []], [15, [15]]], [[0, [11]], [11, []], [3, [3]], [12, [12, 9]], [9, []], [1, [1, 2]], [4, [4]], [2, []]]], [[[13, [13, 6, 7]]], [[3, [3]]], [[12, [12, 9]]], [[8, [8, 10]]], [[1, [1, 2]]], [[4, [4]]], [[15, [15]]]]], [[[[0, [14]], [14, []], [2, [2, 9]], [9, []], [1, [1, 4]], [4, []]], [[0, [5]], [11, [11]], [3, [3, 12]], [5, []], [12, []], [13, [13, 6, 7]], [6, []], [8, [8, 10]], [7, []], [10, []], [15, [15]]]], [[[11, [11]]], [[3, [3, 12]]], [[13, [13, 6, 7]]], [[2, [2, 9]]], [[8, [8, 10]]], [[1, [1, 4]]], [[15, [15]]]]], [[[[0, [11, 14]], [11, []], [14, []], [9, [9]], [7, [7, 8, 10]], [8, []], [10, []], [15, [15]]], [[0, [5]], [3, [3, 12]], [12, []], [5, []], [13, [13, 6, 2]], [2, []], [6, []], [1, [1, 4]], [4, []]]], [[[3, [3, 12]]], [[13, [13, 6, 2]]], [[9, [9]]], [[7, [7, 8, 10]]], [[1, [1, 4]]], [[15, [15]]]]]], "Numrun": 5, "all_fitness": [343.327599422125, 343.327599422125, 343.327599422125, 343.327599422125, 343.21965548126457]}
