{"file_name": "U_15_1", "number_of_trucks": 2, "drone_capacity": 10, "number_of_drones": 2, "iteration": 1, "best_fitness": 260.7338137387493, "runtime": 75.85215520858765, "best_solution": [[[[0, [11, 12]], [11, []], [12, []], [4, [4]], [7, [7, 9, 1, 6]], [9, []], [1, []], [6, []]], [[0, []], [5, [5, 10]], [10, []], [2, [2, 15, 14]], [15, []], [13, [13]], [14, [8, 3]], [8, []], [3, []]]], [[[5, [5, 10]]], [[2, [2, 15, 14]]], [[4, [4]]], [[13, [13]]], [[7, [7, 9, 1, 6]]], [[14, [8, 3]]]]], "all_solution": [[[[[0, [11, 12]], [11, []], [12, []], [4, [4]], [7, [7, 9, 1, 6]], [9, []], [1, []], [6, []]], [[0, []], [5, [5, 10]], [10, []], [2, [2, 15, 14]], [15, []], [13, [13]], [14, [8, 3]], [8, []], [3, []]]], [[[5, [5, 10]]], [[2, [2, 15, 14]]], [[4, [4]]], [[13, [13]]], [[7, [7, 9, 1, 6]]], [[14, [8, 3]]]]]], "Numrun": 5, "all_fitness": [260.7338137387493]}
{"file_name": "U_15_1", "number_of_trucks": 2, "drone_capacity": 10, "number_of_drones": 2, "iteration": 2, "best_fitness": 259.0138137387493, "runtime": 72.40430951118469, "best_solution": [[[[0, [10, 12]], [5, [5]], [10, []], [12, []], [4, [4]], [9, [9, 6, 7, 1]], [7, []], [1, []], [6, []]], [[0, []], [11, [11]], [15, [15, 2, 14]], [2, []], [13, [13]], [14, []], [3, [3, 8]], [8, []]]], [[[5, [5]]], [[4, [4]]], [[11, [11]]], [[15, [15, 2, 14]]], [[13, [13]]], [[9, [9, 6, 7, 1]]], [[3, [3, 8]]]]], "all_solution": [[[[[0, [11, 12]], [11, []], [12, []], [4, [4]], [7, [7, 9, 1, 6]], [9, []], [1, []], [6, []]], [[0, []], [5, [5, 10]], [10, []], [2, [2, 15, 14]], [15, []], [13, [13]], [14, [8, 3]], [8, []], [3, []]]], [[[5, [5, 10]]], [[2, [2, 15, 14]]], [[4, [4]]], [[13, [13]]], [[7, [7, 9, 1, 6]]], [[14, [8, 3]]]]], [[[[0, [10, 12]], [5, [5]], [10, []], [12, []], [4, [4]], [9, [9, 6, 7, 1]], [7, []], [1, []], [6, []]], [[0, []], [11, [11]], [15, [15, 2, 14]], [2, []], [13, [13]], [14, []], [3, [3, 8]], [8, []]]], [[[5, [5]]], [[4, [4]]], [[11, [11]]], [[15, [15, 2, 14]]], [[13, [13]]], [[9, [9, 6, 7, 1]]], [[3, [3, 8]]]]]], "Numrun": 5, "all_fitness": [260.7338137387493, 259.0138137387493]}
{"file_name": "U_15_1", "number_of_trucks": 2, "drone_capacity": 10, "number_of_drones": 2, "iteration": 3, "best_fitness": 259.0138137387493, "runtime": 74.21735405921936, "best_solution": [[[[0, [11]], [11, []], [15, [15, 12]], [12, []], [4, [4]], [9, [9, 6, 7, 1]], [7, []], [1, []], [6, []]], [[0, []], [5, [5, 10, 2]], [10, []], [2, []], [13, [13, 14]], [14, [3, 8]], [3, []], [8, []]]], [[[15, [15, 12]]], [[5, [5, 10, 2]]], [[4, [4]]], [[13, [13, 14]]], [[9, [9, 6, 7, 1]]], [[14, [3, 8]]]]], "all_solution": [[[[[0, [11, 12]], [11, []], [12, []], [4, [4]], [7, [7, 9, 1, 6]], [9, []], [1, []], [6, []]], [[0, []], [5, [5, 10]], [10, []], [2, [2, 15, 14]], [15, []], [13, [13]], [14, [8, 3]], [8, []], [3, []]]], [[[5, [5, 10]]], [[2, [2, 15, 14]]], [[4, [4]]], [[13, [13]]], [[7, [7, 9, 1, 6]]], [[14, [8, 3]]]]], [[[[0, [10, 12]], [5, [5]], [10, []], [12, []], [4, [4]], [9, [9, 6, 7, 1]], [7, []], [1, []], [6, []]], [[0, []], [11, [11]], [15, [15, 2, 14]], [2, []], [13, [13]], [14, []], [3, [3, 8]], [8, []]]], [[[5, [5]]], [[4, [4]]], [[11, [11]]], [[15, [15, 2, 14]]], [[13, [13]]], [[9, [9, 6, 7, 1]]], [[3, [3, 8]]]]], [[[[0, [11]], [11, []], [15, [15, 12]], [12, []], [4, [4]], [9, [9, 6, 7, 1]], [7, []], [1, []], [6, []]], [[0, []], [5, [5, 10, 2]], [10, []], [2, []], [13, [13, 14]], [14, [3, 8]], [3, []], [8, []]]], [[[15, [15, 12]]], [[5, [5, 10, 2]]], [[4, [4]]], [[13, [13, 14]]], [[9, [9, 6, 7, 1]]], [[14, [3, 8]]]]]], "Numrun": 5, "all_fitness": [260.7338137387493, 259.0138137387493, 259.0138137387493]}
{"file_name": "U_15_1", "number_of_trucks": 2, "drone_capacity": 10, "number_of_drones": 2, "iteration": 4, "best_fitness": 261.0138137387493, "runtime": 71.65463256835938, "best_solution": [[[[0, [11, 12]], [11, []], [12, []], [2, [2, 15]], [15, []], [4, [4, 9, 7]], [9, []], [7, []], [6, [6]]], [[0, [5, 10]], [10, []], [1, [1]], [5, []], [13, [13, 14]], [14, []], [3, [3, 8]], [8, []]]], [[[2, [2, 15]]], [[1, [1]]], [[13, [13, 14]]], [[4, [4, 9, 7]]], [[6, [6]]], [[3, [3, 8]]]]], "all_solution": [[[[[0, [11, 12]], [11, []], [12, []], [4, [4]], [7, [7, 9, 1, 6]], [9, []], [1, []], [6, []]], [[0, []], [5, [5, 10]], [10, []], [2, [2, 15, 14]], [15, []], [13, [13]], [14, [8, 3]], [8, []], [3, []]]], [[[5, [5, 10]]], [[2, [2, 15, 14]]], [[4, [4]]], [[13, [13]]], [[7, [7, 9, 1, 6]]], [[14, [8, 3]]]]], [[[[0, [10, 12]], [5, [5]], [10, []], [12, []], [4, [4]], [9, [9, 6, 7, 1]], [7, []], [1, []], [6, []]], [[0, []], [11, [11]], [15, [15, 2, 14]], [2, []], [13, [13]], [14, []], [3, [3, 8]], [8, []]]], [[[5, [5]]], [[4, [4]]], [[11, [11]]], [[15, [15, 2, 14]]], [[13, [13]]], [[9, [9, 6, 7, 1]]], [[3, [3, 8]]]]], [[[[0, [11]], [11, []], [15, [15, 12]], [12, []], [4, [4]], [9, [9, 6, 7, 1]], [7, []], [1, []], [6, []]], [[0, []], [5, [5, 10, 2]], [10, []], [2, []], [13, [13, 14]], [14, [3, 8]], [3, []], [8, []]]], [[[15, [15, 12]]], [[5, [5, 10, 2]]], [[4, [4]]], [[13, [13, 14]]], [[9, [9, 6, 7, 1]]], [[14, [3, 8]]]]], [[[[0, [11, 12]], [11, []], [12, []], [2, [2, 15]], [15, []], [4, [4, 9, 7]], [9, []], [7, []], [6, [6]]], [[0, [5, 10]], [10, []], [1, [1]], [5, []], [13, [13, 14]], [14, []], [3, [3, 8]], [8, []]]], [[[2, [2, 15]]], [[1, [1]]], [[13, [13, 14]]], [[4, [4, 9, 7]]], [[6, [6]]], [[3, [3, 8]]]]]], "Numrun": 5, "all_fitness": [260.7338137387493, 259.0138137387493, 259.0138137387493, 261.0138137387493]}
{"file_name": "U_15_1", "number_of_trucks": 2, "drone_capacity": 10, "number_of_drones": 2, "iteration": 5, "best_fitness": 259.0138137387493, "runtime": 69.32239532470703, "best_solution": [[[[0, [10, 12]], [10, []], [12, []], [4, [4]], [9, [6, 9, 7, 1]], [7, []], [1, []], [6, []]], [[0, [11, 5, 15]], [11, []], [5, [14, 2]], [2, []], [15, []], [13, [13]], [14, [3, 8]], [3, []], [8, []]]], [[[4, [4]]], [[5, [14, 2]]], [[13, [13]]], [[9, [6, 9, 7, 1]]], [[14, [3, 8]]]]], "all_solution": [[[[[0, [11, 12]], [11, []], [12, []], [4, [4]], [7, [7, 9, 1, 6]], [9, []], [1, []], [6, []]], [[0, []], [5, [5, 10]], [10, []], [2, [2, 15, 14]], [15, []], [13, [13]], [14, [8, 3]], [8, []], [3, []]]], [[[5, [5, 10]]], [[2, [2, 15, 14]]], [[4, [4]]], [[13, [13]]], [[7, [7, 9, 1, 6]]], [[14, [8, 3]]]]], [[[[0, [10, 12]], [5, [5]], [10, []], [12, []], [4, [4]], [9, [9, 6, 7, 1]], [7, []], [1, []], [6, []]], [[0, []], [11, [11]], [15, [15, 2, 14]], [2, []], [13, [13]], [14, []], [3, [3, 8]], [8, []]]], [[[5, [5]]], [[4, [4]]], [[11, [11]]], [[15, [15, 2, 14]]], [[13, [13]]], [[9, [9, 6, 7, 1]]], [[3, [3, 8]]]]], [[[[0, [11]], [11, []], [15, [15, 12]], [12, []], [4, [4]], [9, [9, 6, 7, 1]], [7, []], [1, []], [6, []]], [[0, []], [5, [5, 10, 2]], [10, []], [2, []], [13, [13, 14]], [14, [3, 8]], [3, []], [8, []]]], [[[15, [15, 12]]], [[5, [5, 10, 2]]], [[4, [4]]], [[13, [13, 14]]], [[9, [9, 6, 7, 1]]], [[14, [3, 8]]]]], [[[[0, [11, 12]], [11, []], [12, []], [2, [2, 15]], [15, []], [4, [4, 9, 7]], [9, []], [7, []], [6, [6]]], [[0, [5, 10]], [10, []], [1, [1]], [5, []], [13, [13, 14]], [14, []], [3, [3, 8]], [8, []]]], [[[2, [2, 15]]], [[1, [1]]], [[13, [13, 14]]], [[4, [4, 9, 7]]], [[6, [6]]], [[3, [3, 8]]]]], [[[[0, [10, 12]], [10, []], [12, []], [4, [4]], [9, [6, 9, 7, 1]], [7, []], [1, []], [6, []]], [[0, [11, 5, 15]], [11, []], [5, [14, 2]], [2, []], [15, []], [13, [13]], [14, [3, 8]], [3, []], [8, []]]], [[[4, [4]]], [[5, [14, 2]]], [[13, [13]]], [[9, [6, 9, 7, 1]]], [[14, [3, 8]]]]]], "Numrun": 5, "all_fitness": [260.7338137387493, 259.0138137387493, 259.0138137387493, 261.0138137387493, 259.0138137387493]}
