{"file_name": "U_15_1", "number_of_trucks": 2, "drone_capacity": 10, "number_of_drones": 2, "iteration": 1, "best_fitness": 271.02814054066477, "runtime": 83.89591789245605, "best_solution": [[[[0, [11, 2, 1]], [11, []], [2, []], [1, [6, 4]], [4, []], [15, [15]], [3, [3]], [6, []]], [[0, [12]], [5, [5]], [9, [9]], [7, [7, 13]], [13, []], [12, []], [8, [8, 10]], [10, []], [14, [14]]]], [[[1, [6, 4]]], [[5, [5]]], [[9, [9]]], [[7, [7, 13]]], [[8, [8, 10]]], [[15, [15]]], [[14, [14]]], [[3, [3]]]]], "all_solution": [[[[[0, [11, 2, 1]], [11, []], [2, []], [1, [6, 4]], [4, []], [15, [15]], [3, [3]], [6, []]], [[0, [12]], [5, [5]], [9, [9]], [7, [7, 13]], [13, []], [12, []], [8, [8, 10]], [10, []], [14, [14]]]], [[[1, [6, 4]]], [[5, [5]]], [[9, [9]]], [[7, [7, 13]]], [[8, [8, 10]]], [[15, [15]]], [[14, [14]]], [[3, [3]]]]]], "Numrun": 5, "all_fitness": [271.02814054066477]}
{"file_name": "U_15_1", "number_of_trucks": 2, "drone_capacity": 10, "number_of_drones": 2, "iteration": 2, "best_fitness": 269.84811016751354, "runtime": 54.07267189025879, "best_solution": [[[[0, [2]], [2, []], [5, [5, 12]], [12, []], [4, [4, 6]], [6, []], [15, [15]], [3, [3]]], [[0, [1]], [1, []], [11, [11, 13]], [13, []], [9, [9, 7]], [7, []], [8, [8, 10]], [10, []], [14, [14]]]], [[[5, [5, 12]]], [[4, [4, 6]]], [[11, [11, 13]]], [[9, [9, 7]]], [[15, [15]]], [[8, [8, 10]]], [[14, [14]]], [[3, [3]]]]], "all_solution": [[[[[0, [11, 2, 1]], [11, []], [2, []], [1, [6, 4]], [4, []], [15, [15]], [3, [3]], [6, []]], [[0, [12]], [5, [5]], [9, [9]], [7, [7, 13]], [13, []], [12, []], [8, [8, 10]], [10, []], [14, [14]]]], [[[1, [6, 4]]], [[5, [5]]], [[9, [9]]], [[7, [7, 13]]], [[8, [8, 10]]], [[15, [15]]], [[14, [14]]], [[3, [3]]]]], [[[[0, [2]], [2, []], [5, [5, 12]], [12, []], [4, [4, 6]], [6, []], [15, [15]], [3, [3]]], [[0, [1]], [1, []], [11, [11, 13]], [13, []], [9, [9, 7]], [7, []], [8, [8, 10]], [10, []], [14, [14]]]], [[[5, [5, 12]]], [[4, [4, 6]]], [[11, [11, 13]]], [[9, [9, 7]]], [[15, [15]]], [[8, [8, 10]]], [[14, [14]]], [[3, [3]]]]]], "Numrun": 5, "all_fitness": [271.02814054066477, 269.84811016751354]}
{"file_name": "U_15_1", "number_of_trucks": 2, "drone_capacity": 10, "number_of_drones": 2, "iteration": 3, "best_fitness": 271.0855152147996, "runtime": 57.1745502948761, "best_solution": [[[[0, [13, 5, 6, 12]], [5, []], [12, []], [13, []], [15, [15]], [3, [3]], [6, []]], [[0, [11, 2, 1]], [11, []], [2, []], [1, []], [4, [4]], [9, [9, 7]], [7, []], [8, [8, 10]], [14, [14]], [10, []]]], [[[4, [4]]], [[9, [9, 7]]], [[15, [15]]], [[8, [8, 10]]], [[14, [14]]], [[3, [3]]]]], "all_solution": [[[[[0, [11, 2, 1]], [11, []], [2, []], [1, [6, 4]], [4, []], [15, [15]], [3, [3]], [6, []]], [[0, [12]], [5, [5]], [9, [9]], [7, [7, 13]], [13, []], [12, []], [8, [8, 10]], [10, []], [14, [14]]]], [[[1, [6, 4]]], [[5, [5]]], [[9, [9]]], [[7, [7, 13]]], [[8, [8, 10]]], [[15, [15]]], [[14, [14]]], [[3, [3]]]]], [[[[0, [2]], [2, []], [5, [5, 12]], [12, []], [4, [4, 6]], [6, []], [15, [15]], [3, [3]]], [[0, [1]], [1, []], [11, [11, 13]], [13, []], [9, [9, 7]], [7, []], [8, [8, 10]], [10, []], [14, [14]]]], [[[5, [5, 12]]], [[4, [4, 6]]], [[11, [11, 13]]], [[9, [9, 7]]], [[15, [15]]], [[8, [8, 10]]], [[14, [14]]], [[3, [3]]]]], [[[[0, [13, 5, 6, 12]], [5, []], [12, []], [13, []], [15, [15]], [3, [3]], [6, []]], [[0, [11, 2, 1]], [11, []], [2, []], [1, []], [4, [4]], [9, [9, 7]], [7, []], [8, [8, 10]], [14, [14]], [10, []]]], [[[4, [4]]], [[9, [9, 7]]], [[15, [15]]], [[8, [8, 10]]], [[14, [14]]], [[3, [3]]]]]], "Numrun": 5, "all_fitness": [271.02814054066477, 269.84811016751354, 271.0855152147996]}
{"file_name": "U_15_1", "number_of_trucks": 2, "drone_capacity": 10, "number_of_drones": 2, "iteration": 4, "best_fitness": 274.04786064922985, "runtime": 55.963356494903564, "best_solution": [[[[0, [12, 11]], [12, []], [11, []], [13, [13, 6]], [15, [15]], [3, [3]], [6, []]], [[0, [2, 5]], [1, [1]], [2, []], [5, []], [4, [4, 7, 9]], [9, []], [8, [8, 10]], [7, []], [14, [14]], [10, []]]], [[[1, [1]]], [[13, [13, 6]]], [[4, [4, 7, 9]]], [[15, [15]]], [[8, [8, 10]]], [[14, [14]]], [[3, [3]]]]], "all_solution": [[[[[0, [11, 2, 1]], [11, []], [2, []], [1, [6, 4]], [4, []], [15, [15]], [3, [3]], [6, []]], [[0, [12]], [5, [5]], [9, [9]], [7, [7, 13]], [13, []], [12, []], [8, [8, 10]], [10, []], [14, [14]]]], [[[1, [6, 4]]], [[5, [5]]], [[9, [9]]], [[7, [7, 13]]], [[8, [8, 10]]], [[15, [15]]], [[14, [14]]], [[3, [3]]]]], [[[[0, [2]], [2, []], [5, [5, 12]], [12, []], [4, [4, 6]], [6, []], [15, [15]], [3, [3]]], [[0, [1]], [1, []], [11, [11, 13]], [13, []], [9, [9, 7]], [7, []], [8, [8, 10]], [10, []], [14, [14]]]], [[[5, [5, 12]]], [[4, [4, 6]]], [[11, [11, 13]]], [[9, [9, 7]]], [[15, [15]]], [[8, [8, 10]]], [[14, [14]]], [[3, [3]]]]], [[[[0, [13, 5, 6, 12]], [5, []], [12, []], [13, []], [15, [15]], [3, [3]], [6, []]], [[0, [11, 2, 1]], [11, []], [2, []], [1, []], [4, [4]], [9, [9, 7]], [7, []], [8, [8, 10]], [14, [14]], [10, []]]], [[[4, [4]]], [[9, [9, 7]]], [[15, [15]]], [[8, [8, 10]]], [[14, [14]]], [[3, [3]]]]], [[[[0, [12, 11]], [12, []], [11, []], [13, [13, 6]], [15, [15]], [3, [3]], [6, []]], [[0, [2, 5]], [1, [1]], [2, []], [5, []], [4, [4, 7, 9]], [9, []], [8, [8, 10]], [7, []], [14, [14]], [10, []]]], [[[1, [1]]], [[13, [13, 6]]], [[4, [4, 7, 9]]], [[15, [15]]], [[8, [8, 10]]], [[14, [14]]], [[3, [3]]]]]], "Numrun": 5, "all_fitness": [271.02814054066477, 269.84811016751354, 271.0855152147996, 274.04786064922985]}
{"file_name": "U_15_1", "number_of_trucks": 2, "drone_capacity": 10, "number_of_drones": 2, "iteration": 5, "best_fitness": 269.4118687455836, "runtime": 121.96050071716309, "best_solution": [[[[0, [1, 5, 2]], [1, []], [5, []], [2, []], [9, [9, 4]], [4, []], [15, [15]], [3, [3]]], [[0, [6, 12, 13, 11]], [11, []], [6, []], [12, []], [13, [7]], [7, []], [8, [8, 10]], [10, []], [14, [14]]]], [[[13, [7]]], [[9, [9, 4]]], [[15, [15]]], [[8, [8, 10]]], [[14, [14]]], [[3, [3]]]]], "all_solution": [[[[[0, [11, 2, 1]], [11, []], [2, []], [1, [6, 4]], [4, []], [15, [15]], [3, [3]], [6, []]], [[0, [12]], [5, [5]], [9, [9]], [7, [7, 13]], [13, []], [12, []], [8, [8, 10]], [10, []], [14, [14]]]], [[[1, [6, 4]]], [[5, [5]]], [[9, [9]]], [[7, [7, 13]]], [[8, [8, 10]]], [[15, [15]]], [[14, [14]]], [[3, [3]]]]], [[[[0, [2]], [2, []], [5, [5, 12]], [12, []], [4, [4, 6]], [6, []], [15, [15]], [3, [3]]], [[0, [1]], [1, []], [11, [11, 13]], [13, []], [9, [9, 7]], [7, []], [8, [8, 10]], [10, []], [14, [14]]]], [[[5, [5, 12]]], [[4, [4, 6]]], [[11, [11, 13]]], [[9, [9, 7]]], [[15, [15]]], [[8, [8, 10]]], [[14, [14]]], [[3, [3]]]]], [[[[0, [13, 5, 6, 12]], [5, []], [12, []], [13, []], [15, [15]], [3, [3]], [6, []]], [[0, [11, 2, 1]], [11, []], [2, []], [1, []], [4, [4]], [9, [9, 7]], [7, []], [8, [8, 10]], [14, [14]], [10, []]]], [[[4, [4]]], [[9, [9, 7]]], [[15, [15]]], [[8, [8, 10]]], [[14, [14]]], [[3, [3]]]]], [[[[0, [12, 11]], [12, []], [11, []], [13, [13, 6]], [15, [15]], [3, [3]], [6, []]], [[0, [2, 5]], [1, [1]], [2, []], [5, []], [4, [4, 7, 9]], [9, []], [8, [8, 10]], [7, []], [14, [14]], [10, []]]], [[[1, [1]]], [[13, [13, 6]]], [[4, [4, 7, 9]]], [[15, [15]]], [[8, [8, 10]]], [[14, [14]]], [[3, [3]]]]], [[[[0, [1, 5, 2]], [1, []], [5, []], [2, []], [9, [9, 4]], [4, []], [15, [15]], [3, [3]]], [[0, [6, 12, 13, 11]], [11, []], [6, []], [12, []], [13, [7]], [7, []], [8, [8, 10]], [10, []], [14, [14]]]], [[[13, [7]]], [[9, [9, 4]]], [[15, [15]]], [[8, [8, 10]]], [[14, [14]]], [[3, [3]]]]]], "Numrun": 5, "all_fitness": [271.02814054066477, 269.84811016751354, 271.0855152147996, 274.04786064922985, 269.4118687455836]}
