{"file_name": "U_15_1", "number_of_trucks": 2, "drone_capacity": 10, "number_of_drones": 2, "iteration": 1, "best_fitness": 240.70191321755894, "runtime": 67.49186635017395, "best_solution": [[[[0, [6, 12, 8]], [12, []], [6, [13, 9]], [13, []], [2, [2, 5, 14]], [9, []], [5, []], [14, []], [8, []], [15, [15]]], [[0, [7]], [7, [11]], [11, []], [10, [10, 4, 3]], [4, []], [3, []], [1, [1]]]], [[[7, [11]]], [[6, [13, 9]]], [[10, [10, 4, 3]]], [[1, [1]]], [[2, [2, 5, 14]]], [[15, [15]]]]], "all_solution": [[[[[0, [6, 12, 8]], [12, []], [6, [13, 9]], [13, []], [2, [2, 5, 14]], [9, []], [5, []], [14, []], [8, []], [15, [15]]], [[0, [7]], [7, [11]], [11, []], [10, [10, 4, 3]], [4, []], [3, []], [1, [1]]]], [[[7, [11]]], [[6, [13, 9]]], [[10, [10, 4, 3]]], [[1, [1]]], [[2, [2, 5, 14]]], [[15, [15]]]]]], "Numrun": 5, "all_fitness": [240.70191321755894]}
{"file_name": "U_15_1", "number_of_trucks": 2, "drone_capacity": 10, "number_of_drones": 2, "iteration": 2, "best_fitness": 240.70191321755894, "runtime": 61.649381160736084, "best_solution": [[[[0, [11, 8, 7, 6]], [8, [9]], [7, []], [6, []], [11, []], [2, [2, 5]], [9, []], [5, []], [15, [15, 14]], [14, []]], [[0, [12, 4]], [12, []], [13, [13, 10, 3]], [10, []], [4, []], [3, []], [1, [1]]]], [[[8, [9]]], [[2, [2, 5]]], [[13, [13, 10, 3]]], [[1, [1]]], [[15, [15, 14]]]]], "all_solution": [[[[[0, [6, 12, 8]], [12, []], [6, [13, 9]], [13, []], [2, [2, 5, 14]], [9, []], [5, []], [14, []], [8, []], [15, [15]]], [[0, [7]], [7, [11]], [11, []], [10, [10, 4, 3]], [4, []], [3, []], [1, [1]]]], [[[7, [11]]], [[6, [13, 9]]], [[10, [10, 4, 3]]], [[1, [1]]], [[2, [2, 5, 14]]], [[15, [15]]]]], [[[[0, [11, 8, 7, 6]], [8, [9]], [7, []], [6, []], [11, []], [2, [2, 5]], [9, []], [5, []], [15, [15, 14]], [14, []]], [[0, [12, 4]], [12, []], [13, [13, 10, 3]], [10, []], [4, []], [3, []], [1, [1]]]], [[[8, [9]]], [[2, [2, 5]]], [[13, [13, 10, 3]]], [[1, [1]]], [[15, [15, 14]]]]]], "Numrun": 5, "all_fitness": [240.70191321755894, 240.70191321755894]}
{"file_name": "U_15_1", "number_of_trucks": 2, "drone_capacity": 10, "number_of_drones": 2, "iteration": 3, "best_fitness": 240.70191321755894, "runtime": 54.98517823219299, "best_solution": [[[[0, [9, 7, 8]], [11, [11]], [9, []], [7, []], [8, []], [2, [2, 14, 5]], [14, []], [5, []], [15, [15]]], [[0, []], [6, [6]], [12, [12]], [13, [13, 10, 4, 3]], [10, []], [4, []], [3, []], [1, [1]]]], [[[11, [11]]], [[6, [6]]], [[12, [12]]], [[13, [13, 10, 4, 3]]], [[2, [2, 14, 5]]], [[1, [1]]], [[15, [15]]]]], "all_solution": [[[[[0, [6, 12, 8]], [12, []], [6, [13, 9]], [13, []], [2, [2, 5, 14]], [9, []], [5, []], [14, []], [8, []], [15, [15]]], [[0, [7]], [7, [11]], [11, []], [10, [10, 4, 3]], [4, []], [3, []], [1, [1]]]], [[[7, [11]]], [[6, [13, 9]]], [[10, [10, 4, 3]]], [[1, [1]]], [[2, [2, 5, 14]]], [[15, [15]]]]], [[[[0, [11, 8, 7, 6]], [8, [9]], [7, []], [6, []], [11, []], [2, [2, 5]], [9, []], [5, []], [15, [15, 14]], [14, []]], [[0, [12, 4]], [12, []], [13, [13, 10, 3]], [10, []], [4, []], [3, []], [1, [1]]]], [[[8, [9]]], [[2, [2, 5]]], [[13, [13, 10, 3]]], [[1, [1]]], [[15, [15, 14]]]]], [[[[0, [9, 7, 8]], [11, [11]], [9, []], [7, []], [8, []], [2, [2, 14, 5]], [14, []], [5, []], [15, [15]]], [[0, []], [6, [6]], [12, [12]], [13, [13, 10, 4, 3]], [10, []], [4, []], [3, []], [1, [1]]]], [[[11, [11]]], [[6, [6]]], [[12, [12]]], [[13, [13, 10, 4, 3]]], [[2, [2, 14, 5]]], [[1, [1]]], [[15, [15]]]]]], "Numrun": 5, "all_fitness": [240.70191321755894, 240.70191321755894, 240.70191321755894]}
{"file_name": "U_15_1", "number_of_trucks": 2, "drone_capacity": 10, "number_of_drones": 2, "iteration": 4, "best_fitness": 240.70191321755894, "runtime": 51.763792514801025, "best_solution": [[[[0, [9]], [11, [11, 7]], [7, []], [8, [8]], [14, [14, 5, 2]], [5, []], [9, []], [2, []], [15, [15]]], [[0, []], [6, [6]], [12, [12, 4]], [13, [13, 10, 3]], [4, []], [10, []], [3, []], [1, [1]]]], [[[6, [6]]], [[12, [12, 4]]], [[11, [11, 7]]], [[8, [8]]], [[13, [13, 10, 3]]], [[14, [14, 5, 2]]], [[15, [15]]], [[1, [1]]]]], "all_solution": [[[[[0, [6, 12, 8]], [12, []], [6, [13, 9]], [13, []], [2, [2, 5, 14]], [9, []], [5, []], [14, []], [8, []], [15, [15]]], [[0, [7]], [7, [11]], [11, []], [10, [10, 4, 3]], [4, []], [3, []], [1, [1]]]], [[[7, [11]]], [[6, [13, 9]]], [[10, [10, 4, 3]]], [[1, [1]]], [[2, [2, 5, 14]]], [[15, [15]]]]], [[[[0, [11, 8, 7, 6]], [8, [9]], [7, []], [6, []], [11, []], [2, [2, 5]], [9, []], [5, []], [15, [15, 14]], [14, []]], [[0, [12, 4]], [12, []], [13, [13, 10, 3]], [10, []], [4, []], [3, []], [1, [1]]]], [[[8, [9]]], [[2, [2, 5]]], [[13, [13, 10, 3]]], [[1, [1]]], [[15, [15, 14]]]]], [[[[0, [9, 7, 8]], [11, [11]], [9, []], [7, []], [8, []], [2, [2, 14, 5]], [14, []], [5, []], [15, [15]]], [[0, []], [6, [6]], [12, [12]], [13, [13, 10, 4, 3]], [10, []], [4, []], [3, []], [1, [1]]]], [[[11, [11]]], [[6, [6]]], [[12, [12]]], [[13, [13, 10, 4, 3]]], [[2, [2, 14, 5]]], [[1, [1]]], [[15, [15]]]]], [[[[0, [9]], [11, [11, 7]], [7, []], [8, [8]], [14, [14, 5, 2]], [5, []], [9, []], [2, []], [15, [15]]], [[0, []], [6, [6]], [12, [12, 4]], [13, [13, 10, 3]], [4, []], [10, []], [3, []], [1, [1]]]], [[[6, [6]]], [[12, [12, 4]]], [[11, [11, 7]]], [[8, [8]]], [[13, [13, 10, 3]]], [[14, [14, 5, 2]]], [[15, [15]]], [[1, [1]]]]]], "Numrun": 5, "all_fitness": [240.70191321755894, 240.70191321755894, 240.70191321755894, 240.70191321755894]}
{"file_name": "U_15_1", "number_of_trucks": 2, "drone_capacity": 10, "number_of_drones": 2, "iteration": 5, "best_fitness": 240.70191321755894, "runtime": 62.68708539009094, "best_solution": [[[[0, []], [11, [6, 11]], [6, [12, 7]], [12, []], [13, [13, 8, 9]], [7, []], [2, [2, 5, 14]], [9, []], [5, []], [14, []], [8, []], [15, [15]]], [[0, [4]], [3, [3, 10]], [10, []], [4, []], [1, [1]]]], [[[11, [6, 11]]], [[6, [12, 7]]], [[13, [13, 8, 9]]], [[3, [3, 10]]], [[2, [2, 5, 14]]], [[1, [1]]], [[15, [15]]]]], "all_solution": [[[[[0, [6, 12, 8]], [12, []], [6, [13, 9]], [13, []], [2, [2, 5, 14]], [9, []], [5, []], [14, []], [8, []], [15, [15]]], [[0, [7]], [7, [11]], [11, []], [10, [10, 4, 3]], [4, []], [3, []], [1, [1]]]], [[[7, [11]]], [[6, [13, 9]]], [[10, [10, 4, 3]]], [[1, [1]]], [[2, [2, 5, 14]]], [[15, [15]]]]], [[[[0, [11, 8, 7, 6]], [8, [9]], [7, []], [6, []], [11, []], [2, [2, 5]], [9, []], [5, []], [15, [15, 14]], [14, []]], [[0, [12, 4]], [12, []], [13, [13, 10, 3]], [10, []], [4, []], [3, []], [1, [1]]]], [[[8, [9]]], [[2, [2, 5]]], [[13, [13, 10, 3]]], [[1, [1]]], [[15, [15, 14]]]]], [[[[0, [9, 7, 8]], [11, [11]], [9, []], [7, []], [8, []], [2, [2, 14, 5]], [14, []], [5, []], [15, [15]]], [[0, []], [6, [6]], [12, [12]], [13, [13, 10, 4, 3]], [10, []], [4, []], [3, []], [1, [1]]]], [[[11, [11]]], [[6, [6]]], [[12, [12]]], [[13, [13, 10, 4, 3]]], [[2, [2, 14, 5]]], [[1, [1]]], [[15, [15]]]]], [[[[0, [9]], [11, [11, 7]], [7, []], [8, [8]], [14, [14, 5, 2]], [5, []], [9, []], [2, []], [15, [15]]], [[0, []], [6, [6]], [12, [12, 4]], [13, [13, 10, 3]], [4, []], [10, []], [3, []], [1, [1]]]], [[[6, [6]]], [[12, [12, 4]]], [[11, [11, 7]]], [[8, [8]]], [[13, [13, 10, 3]]], [[14, [14, 5, 2]]], [[15, [15]]], [[1, [1]]]]], [[[[0, []], [11, [6, 11]], [6, [12, 7]], [12, []], [13, [13, 8, 9]], [7, []], [2, [2, 5, 14]], [9, []], [5, []], [14, []], [8, []], [15, [15]]], [[0, [4]], [3, [3, 10]], [10, []], [4, []], [1, [1]]]], [[[11, [6, 11]]], [[6, [12, 7]]], [[13, [13, 8, 9]]], [[3, [3, 10]]], [[2, [2, 5, 14]]], [[1, [1]]], [[15, [15]]]]]], "Numrun": 5, "all_fitness": [240.70191321755894, 240.70191321755894, 240.70191321755894, 240.70191321755894, 240.70191321755894]}
