{"file_name": "U_15_1", "number_of_trucks": 2, "drone_capacity": 10, "number_of_drones": 2, "iteration": 1, "best_fitness": 288.8357021556958, "runtime": 81.46513056755066, "best_solution": [[[[0, []], [8, [8, 2]], [2, [6, 15]], [15, []], [6, []], [3, [3, 5]], [5, []], [14, [14, 1]], [1, []]], [[0, []], [9, [9, 4]], [4, []], [12, [12, 7, 11]], [7, []], [11, []], [10, [10, 13]], [13, []]]], [[[9, [9, 4]]], [[8, [8, 2]]], [[2, [6, 15]]], [[12, [12, 7, 11]]], [[3, [3, 5]]], [[10, [10, 13]]], [[14, [14, 1]]]]], "all_solution": [[[[[0, []], [8, [8, 2]], [2, [6, 15]], [15, []], [6, []], [3, [3, 5]], [5, []], [14, [14, 1]], [1, []]], [[0, []], [9, [9, 4]], [4, []], [12, [12, 7, 11]], [7, []], [11, []], [10, [10, 13]], [13, []]]], [[[9, [9, 4]]], [[8, [8, 2]]], [[2, [6, 15]]], [[12, [12, 7, 11]]], [[3, [3, 5]]], [[10, [10, 13]]], [[14, [14, 1]]]]]], "Numrun": 5, "all_fitness": [288.8357021556958]}
{"file_name": "U_15_1", "number_of_trucks": 2, "drone_capacity": 10, "number_of_drones": 2, "iteration": 2, "best_fitness": 288.8357021556958, "runtime": 52.188945293426514, "best_solution": [[[[0, [2]], [2, []], [15, [15, 6, 8]], [8, []], [6, []], [3, [3, 5]], [5, []], [14, [14, 1]], [1, []]], [[0, []], [9, [9, 4]], [4, []], [12, [12, 7]], [7, []], [10, [10, 13, 11]], [11, []], [13, []]]], [[[15, [15, 6, 8]]], [[9, [9, 4]]], [[12, [12, 7]]], [[3, [3, 5]]], [[14, [14, 1]]], [[10, [10, 13, 11]]]]], "all_solution": [[[[[0, []], [8, [8, 2]], [2, [6, 15]], [15, []], [6, []], [3, [3, 5]], [5, []], [14, [14, 1]], [1, []]], [[0, []], [9, [9, 4]], [4, []], [12, [12, 7, 11]], [7, []], [11, []], [10, [10, 13]], [13, []]]], [[[9, [9, 4]]], [[8, [8, 2]]], [[2, [6, 15]]], [[12, [12, 7, 11]]], [[3, [3, 5]]], [[10, [10, 13]]], [[14, [14, 1]]]]], [[[[0, [2]], [2, []], [15, [15, 6, 8]], [8, []], [6, []], [3, [3, 5]], [5, []], [14, [14, 1]], [1, []]], [[0, []], [9, [9, 4]], [4, []], [12, [12, 7]], [7, []], [10, [10, 13, 11]], [11, []], [13, []]]], [[[15, [15, 6, 8]]], [[9, [9, 4]]], [[12, [12, 7]]], [[3, [3, 5]]], [[14, [14, 1]]], [[10, [10, 13, 11]]]]]], "Numrun": 5, "all_fitness": [288.8357021556958, 288.8357021556958]}
{"file_name": "U_15_1", "number_of_trucks": 2, "drone_capacity": 10, "number_of_drones": 2, "iteration": 3, "best_fitness": 288.8357021556958, "runtime": 77.90852284431458, "best_solution": [[[[0, [2]], [2, []], [15, [15, 8]], [8, []], [12, [12, 11, 7]], [11, []], [7, []], [10, [10, 13]], [13, []]], [[0, []], [4, [4, 9, 6]], [9, []], [6, []], [3, [3, 5]], [5, []], [14, [14, 1]], [1, []]]], [[[15, [15, 8]]], [[4, [4, 9, 6]]], [[12, [12, 11, 7]]], [[3, [3, 5]]], [[10, [10, 13]]], [[14, [14, 1]]]]], "all_solution": [[[[[0, []], [8, [8, 2]], [2, [6, 15]], [15, []], [6, []], [3, [3, 5]], [5, []], [14, [14, 1]], [1, []]], [[0, []], [9, [9, 4]], [4, []], [12, [12, 7, 11]], [7, []], [11, []], [10, [10, 13]], [13, []]]], [[[9, [9, 4]]], [[8, [8, 2]]], [[2, [6, 15]]], [[12, [12, 7, 11]]], [[3, [3, 5]]], [[10, [10, 13]]], [[14, [14, 1]]]]], [[[[0, [2]], [2, []], [15, [15, 6, 8]], [8, []], [6, []], [3, [3, 5]], [5, []], [14, [14, 1]], [1, []]], [[0, []], [9, [9, 4]], [4, []], [12, [12, 7]], [7, []], [10, [10, 13, 11]], [11, []], [13, []]]], [[[15, [15, 6, 8]]], [[9, [9, 4]]], [[12, [12, 7]]], [[3, [3, 5]]], [[14, [14, 1]]], [[10, [10, 13, 11]]]]], [[[[0, [2]], [2, []], [15, [15, 8]], [8, []], [12, [12, 11, 7]], [11, []], [7, []], [10, [10, 13]], [13, []]], [[0, []], [4, [4, 9, 6]], [9, []], [6, []], [3, [3, 5]], [5, []], [14, [14, 1]], [1, []]]], [[[15, [15, 8]]], [[4, [4, 9, 6]]], [[12, [12, 11, 7]]], [[3, [3, 5]]], [[10, [10, 13]]], [[14, [14, 1]]]]]], "Numrun": 5, "all_fitness": [288.8357021556958, 288.8357021556958, 288.8357021556958]}
{"file_name": "U_15_1", "number_of_trucks": 2, "drone_capacity": 10, "number_of_drones": 2, "iteration": 4, "best_fitness": 288.8357021556958, "runtime": 52.10630488395691, "best_solution": [[[[0, [2, 8, 6]], [2, []], [8, []], [6, []], [12, [12, 7, 11]], [7, []], [11, []], [10, [10, 13]], [13, []]], [[0, []], [9, [9]], [4, [4, 15]], [15, []], [3, [3, 5]], [5, []], [14, [14, 1]], [1, []]]], [[[9, [9]]], [[4, [4, 15]]], [[12, [12, 7, 11]]], [[3, [3, 5]]], [[14, [14, 1]]], [[10, [10, 13]]]]], "all_solution": [[[[[0, []], [8, [8, 2]], [2, [6, 15]], [15, []], [6, []], [3, [3, 5]], [5, []], [14, [14, 1]], [1, []]], [[0, []], [9, [9, 4]], [4, []], [12, [12, 7, 11]], [7, []], [11, []], [10, [10, 13]], [13, []]]], [[[9, [9, 4]]], [[8, [8, 2]]], [[2, [6, 15]]], [[12, [12, 7, 11]]], [[3, [3, 5]]], [[10, [10, 13]]], [[14, [14, 1]]]]], [[[[0, [2]], [2, []], [15, [15, 6, 8]], [8, []], [6, []], [3, [3, 5]], [5, []], [14, [14, 1]], [1, []]], [[0, []], [9, [9, 4]], [4, []], [12, [12, 7]], [7, []], [10, [10, 13, 11]], [11, []], [13, []]]], [[[15, [15, 6, 8]]], [[9, [9, 4]]], [[12, [12, 7]]], [[3, [3, 5]]], [[14, [14, 1]]], [[10, [10, 13, 11]]]]], [[[[0, [2]], [2, []], [15, [15, 8]], [8, []], [12, [12, 11, 7]], [11, []], [7, []], [10, [10, 13]], [13, []]], [[0, []], [4, [4, 9, 6]], [9, []], [6, []], [3, [3, 5]], [5, []], [14, [14, 1]], [1, []]]], [[[15, [15, 8]]], [[4, [4, 9, 6]]], [[12, [12, 11, 7]]], [[3, [3, 5]]], [[10, [10, 13]]], [[14, [14, 1]]]]], [[[[0, [2, 8, 6]], [2, []], [8, []], [6, []], [12, [12, 7, 11]], [7, []], [11, []], [10, [10, 13]], [13, []]], [[0, []], [9, [9]], [4, [4, 15]], [15, []], [3, [3, 5]], [5, []], [14, [14, 1]], [1, []]]], [[[9, [9]]], [[4, [4, 15]]], [[12, [12, 7, 11]]], [[3, [3, 5]]], [[14, [14, 1]]], [[10, [10, 13]]]]]], "Numrun": 5, "all_fitness": [288.8357021556958, 288.8357021556958, 288.8357021556958, 288.8357021556958]}
{"file_name": "U_15_1", "number_of_trucks": 2, "drone_capacity": 10, "number_of_drones": 2, "iteration": 5, "best_fitness": 288.8357021556958, "runtime": 67.23093509674072, "best_solution": [[[[0, []], [2, [2, 8]], [15, [15]], [8, []], [3, [3, 5]], [5, []], [14, [14, 1]], [1, []]], [[0, []], [9, [9, 4, 6]], [4, []], [6, []], [12, [12, 7, 11]], [7, []], [11, []], [10, [10, 13]], [13, []]]], [[[2, [2, 8]]], [[9, [9, 4, 6]]], [[15, [15]]], [[12, [12, 7, 11]]], [[3, [3, 5]]], [[10, [10, 13]]], [[14, [14, 1]]]]], "all_solution": [[[[[0, []], [8, [8, 2]], [2, [6, 15]], [15, []], [6, []], [3, [3, 5]], [5, []], [14, [14, 1]], [1, []]], [[0, []], [9, [9, 4]], [4, []], [12, [12, 7, 11]], [7, []], [11, []], [10, [10, 13]], [13, []]]], [[[9, [9, 4]]], [[8, [8, 2]]], [[2, [6, 15]]], [[12, [12, 7, 11]]], [[3, [3, 5]]], [[10, [10, 13]]], [[14, [14, 1]]]]], [[[[0, [2]], [2, []], [15, [15, 6, 8]], [8, []], [6, []], [3, [3, 5]], [5, []], [14, [14, 1]], [1, []]], [[0, []], [9, [9, 4]], [4, []], [12, [12, 7]], [7, []], [10, [10, 13, 11]], [11, []], [13, []]]], [[[15, [15, 6, 8]]], [[9, [9, 4]]], [[12, [12, 7]]], [[3, [3, 5]]], [[14, [14, 1]]], [[10, [10, 13, 11]]]]], [[[[0, [2]], [2, []], [15, [15, 8]], [8, []], [12, [12, 11, 7]], [11, []], [7, []], [10, [10, 13]], [13, []]], [[0, []], [4, [4, 9, 6]], [9, []], [6, []], [3, [3, 5]], [5, []], [14, [14, 1]], [1, []]]], [[[15, [15, 8]]], [[4, [4, 9, 6]]], [[12, [12, 11, 7]]], [[3, [3, 5]]], [[10, [10, 13]]], [[14, [14, 1]]]]], [[[[0, [2, 8, 6]], [2, []], [8, []], [6, []], [12, [12, 7, 11]], [7, []], [11, []], [10, [10, 13]], [13, []]], [[0, []], [9, [9]], [4, [4, 15]], [15, []], [3, [3, 5]], [5, []], [14, [14, 1]], [1, []]]], [[[9, [9]]], [[4, [4, 15]]], [[12, [12, 7, 11]]], [[3, [3, 5]]], [[14, [14, 1]]], [[10, [10, 13]]]]], [[[[0, []], [2, [2, 8]], [15, [15]], [8, []], [3, [3, 5]], [5, []], [14, [14, 1]], [1, []]], [[0, []], [9, [9, 4, 6]], [4, []], [6, []], [12, [12, 7, 11]], [7, []], [11, []], [10, [10, 13]], [13, []]]], [[[2, [2, 8]]], [[9, [9, 4, 6]]], [[15, [15]]], [[12, [12, 7, 11]]], [[3, [3, 5]]], [[10, [10, 13]]], [[14, [14, 1]]]]]], "Numrun": 5, "all_fitness": [288.8357021556958, 288.8357021556958, 288.8357021556958, 288.8357021556958, 288.8357021556958]}
