{"file_name": "U_15_1", "number_of_trucks": 2, "drone_capacity": 10, "number_of_drones": 2, "iteration": 1, "best_fitness": 325.0146267508784, "runtime": 56.05026698112488, "best_solution": [[[[0, []], [2, [2, 7]], [7, []], [5, [5, 13]], [13, []], [9, [9, 8, 11]], [8, []], [11, []], [3, [3, 15, 14]], [15, []], [14, []]], [[0, [12]], [12, []], [10, [10]], [6, [6, 1]], [1, []], [4, [4]]]], [[[2, [2, 7]]], [[5, [5, 13]]], [[10, [10]]], [[6, [6, 1]]], [[9, [9, 8, 11]]], [[3, [3, 15, 14]]], [[4, [4]]]]], "all_solution": [[[[[0, []], [2, [2, 7]], [7, []], [5, [5, 13]], [13, []], [9, [9, 8, 11]], [8, []], [11, []], [3, [3, 15, 14]], [15, []], [14, []]], [[0, [12]], [12, []], [10, [10]], [6, [6, 1]], [1, []], [4, [4]]]], [[[2, [2, 7]]], [[5, [5, 13]]], [[10, [10]]], [[6, [6, 1]]], [[9, [9, 8, 11]]], [[3, [3, 15, 14]]], [[4, [4]]]]]], "Numrun": 5, "all_fitness": [325.0146267508784]}
{"file_name": "U_15_1", "number_of_trucks": 2, "drone_capacity": 10, "number_of_drones": 2, "iteration": 2, "best_fitness": 325.0146267508784, "runtime": 56.80821633338928, "best_solution": [[[[0, [2, 7]], [5, [5]], [2, []], [7, []], [9, [9, 11, 6]], [14, [14, 15]], [15, []], [6, []], [11, []], [3, [3]]], [[0, [12]], [12, []], [10, [10, 13]], [13, []], [8, [8, 1]], [1, []], [4, [4]]]], [[[5, [5]]], [[10, [10, 13]]], [[8, [8, 1]]], [[9, [9, 11, 6]]], [[14, [14, 15]]], [[3, [3]]], [[4, [4]]]]], "all_solution": [[[[[0, []], [2, [2, 7]], [7, []], [5, [5, 13]], [13, []], [9, [9, 8, 11]], [8, []], [11, []], [3, [3, 15, 14]], [15, []], [14, []]], [[0, [12]], [12, []], [10, [10]], [6, [6, 1]], [1, []], [4, [4]]]], [[[2, [2, 7]]], [[5, [5, 13]]], [[10, [10]]], [[6, [6, 1]]], [[9, [9, 8, 11]]], [[3, [3, 15, 14]]], [[4, [4]]]]], [[[[0, [2, 7]], [5, [5]], [2, []], [7, []], [9, [9, 11, 6]], [14, [14, 15]], [15, []], [6, []], [11, []], [3, [3]]], [[0, [12]], [12, []], [10, [10, 13]], [13, []], [8, [8, 1]], [1, []], [4, [4]]]], [[[5, [5]]], [[10, [10, 13]]], [[8, [8, 1]]], [[9, [9, 11, 6]]], [[14, [14, 15]]], [[3, [3]]], [[4, [4]]]]]], "Numrun": 5, "all_fitness": [325.0146267508784, 325.0146267508784]}
{"file_name": "U_15_1", "number_of_trucks": 2, "drone_capacity": 10, "number_of_drones": 2, "iteration": 3, "best_fitness": 325.0146267508784, "runtime": 61.14430093765259, "best_solution": [[[[0, [7, 5, 2]], [7, []], [5, []], [2, []], [8, [8]], [11, [11, 1]], [1, []], [4, [4]]], [[0, [12]], [12, []], [10, [10, 13]], [13, []], [6, [6]], [15, [15, 14, 9]], [14, []], [9, []], [3, [3]]]], [[[10, [10, 13]]], [[8, [8]]], [[6, [6]]], [[11, [11, 1]]], [[15, [15, 14, 9]]], [[3, [3]]], [[4, [4]]]]], "all_solution": [[[[[0, []], [2, [2, 7]], [7, []], [5, [5, 13]], [13, []], [9, [9, 8, 11]], [8, []], [11, []], [3, [3, 15, 14]], [15, []], [14, []]], [[0, [12]], [12, []], [10, [10]], [6, [6, 1]], [1, []], [4, [4]]]], [[[2, [2, 7]]], [[5, [5, 13]]], [[10, [10]]], [[6, [6, 1]]], [[9, [9, 8, 11]]], [[3, [3, 15, 14]]], [[4, [4]]]]], [[[[0, [2, 7]], [5, [5]], [2, []], [7, []], [9, [9, 11, 6]], [14, [14, 15]], [15, []], [6, []], [11, []], [3, [3]]], [[0, [12]], [12, []], [10, [10, 13]], [13, []], [8, [8, 1]], [1, []], [4, [4]]]], [[[5, [5]]], [[10, [10, 13]]], [[8, [8, 1]]], [[9, [9, 11, 6]]], [[14, [14, 15]]], [[3, [3]]], [[4, [4]]]]], [[[[0, [7, 5, 2]], [7, []], [5, []], [2, []], [8, [8]], [11, [11, 1]], [1, []], [4, [4]]], [[0, [12]], [12, []], [10, [10, 13]], [13, []], [6, [6]], [15, [15, 14, 9]], [14, []], [9, []], [3, [3]]]], [[[10, [10, 13]]], [[8, [8]]], [[6, [6]]], [[11, [11, 1]]], [[15, [15, 14, 9]]], [[3, [3]]], [[4, [4]]]]]], "Numrun": 5, "all_fitness": [325.0146267508784, 325.0146267508784, 325.0146267508784]}
{"file_name": "U_15_1", "number_of_trucks": 2, "drone_capacity": 10, "number_of_drones": 2, "iteration": 4, "best_fitness": 325.0146267508784, "runtime": 71.01332426071167, "best_solution": [[[[0, [12]], [5, [5]], [12, []], [9, [9, 8, 1]], [8, []], [1, []], [4, [4]]], [[0, [7]], [7, []], [2, [2]], [13, [13, 10]], [10, []], [6, [6]], [15, [15, 11, 14]], [3, [3]], [11, []], [14, []]]], [[[2, [2]]], [[5, [5]]], [[13, [13, 10]]], [[6, [6]]], [[9, [9, 8, 1]]], [[15, [15, 11, 14]]], [[3, [3]]], [[4, [4]]]]], "all_solution": [[[[[0, []], [2, [2, 7]], [7, []], [5, [5, 13]], [13, []], [9, [9, 8, 11]], [8, []], [11, []], [3, [3, 15, 14]], [15, []], [14, []]], [[0, [12]], [12, []], [10, [10]], [6, [6, 1]], [1, []], [4, [4]]]], [[[2, [2, 7]]], [[5, [5, 13]]], [[10, [10]]], [[6, [6, 1]]], [[9, [9, 8, 11]]], [[3, [3, 15, 14]]], [[4, [4]]]]], [[[[0, [2, 7]], [5, [5]], [2, []], [7, []], [9, [9, 11, 6]], [14, [14, 15]], [15, []], [6, []], [11, []], [3, [3]]], [[0, [12]], [12, []], [10, [10, 13]], [13, []], [8, [8, 1]], [1, []], [4, [4]]]], [[[5, [5]]], [[10, [10, 13]]], [[8, [8, 1]]], [[9, [9, 11, 6]]], [[14, [14, 15]]], [[3, [3]]], [[4, [4]]]]], [[[[0, [7, 5, 2]], [7, []], [5, []], [2, []], [8, [8]], [11, [11, 1]], [1, []], [4, [4]]], [[0, [12]], [12, []], [10, [10, 13]], [13, []], [6, [6]], [15, [15, 14, 9]], [14, []], [9, []], [3, [3]]]], [[[10, [10, 13]]], [[8, [8]]], [[6, [6]]], [[11, [11, 1]]], [[15, [15, 14, 9]]], [[3, [3]]], [[4, [4]]]]], [[[[0, [12]], [5, [5]], [12, []], [9, [9, 8, 1]], [8, []], [1, []], [4, [4]]], [[0, [7]], [7, []], [2, [2]], [13, [13, 10]], [10, []], [6, [6]], [15, [15, 11, 14]], [3, [3]], [11, []], [14, []]]], [[[2, [2]]], [[5, [5]]], [[13, [13, 10]]], [[6, [6]]], [[9, [9, 8, 1]]], [[15, [15, 11, 14]]], [[3, [3]]], [[4, [4]]]]]], "Numrun": 5, "all_fitness": [325.0146267508784, 325.0146267508784, 325.0146267508784, 325.0146267508784]}
{"file_name": "U_15_1", "number_of_trucks": 2, "drone_capacity": 10, "number_of_drones": 2, "iteration": 5, "best_fitness": 325.0146267508784, "runtime": 80.6833324432373, "best_solution": [[[[0, [7, 12, 2]], [7, []], [12, []], [2, []], [9, [9, 6, 10]], [14, [14, 8, 15]], [8, []], [15, []], [6, []], [10, []], [3, [3]]], [[0, [5, 13]], [13, []], [5, [11, 1]], [11, []], [1, []], [4, [4]]]], [[[9, [9, 6, 10]]], [[5, [11, 1]]], [[14, [14, 8, 15]]], [[3, [3]]], [[4, [4]]]]], "all_solution": [[[[[0, []], [2, [2, 7]], [7, []], [5, [5, 13]], [13, []], [9, [9, 8, 11]], [8, []], [11, []], [3, [3, 15, 14]], [15, []], [14, []]], [[0, [12]], [12, []], [10, [10]], [6, [6, 1]], [1, []], [4, [4]]]], [[[2, [2, 7]]], [[5, [5, 13]]], [[10, [10]]], [[6, [6, 1]]], [[9, [9, 8, 11]]], [[3, [3, 15, 14]]], [[4, [4]]]]], [[[[0, [2, 7]], [5, [5]], [2, []], [7, []], [9, [9, 11, 6]], [14, [14, 15]], [15, []], [6, []], [11, []], [3, [3]]], [[0, [12]], [12, []], [10, [10, 13]], [13, []], [8, [8, 1]], [1, []], [4, [4]]]], [[[5, [5]]], [[10, [10, 13]]], [[8, [8, 1]]], [[9, [9, 11, 6]]], [[14, [14, 15]]], [[3, [3]]], [[4, [4]]]]], [[[[0, [7, 5, 2]], [7, []], [5, []], [2, []], [8, [8]], [11, [11, 1]], [1, []], [4, [4]]], [[0, [12]], [12, []], [10, [10, 13]], [13, []], [6, [6]], [15, [15, 14, 9]], [14, []], [9, []], [3, [3]]]], [[[10, [10, 13]]], [[8, [8]]], [[6, [6]]], [[11, [11, 1]]], [[15, [15, 14, 9]]], [[3, [3]]], [[4, [4]]]]], [[[[0, [12]], [5, [5]], [12, []], [9, [9, 8, 1]], [8, []], [1, []], [4, [4]]], [[0, [7]], [7, []], [2, [2]], [13, [13, 10]], [10, []], [6, [6]], [15, [15, 11, 14]], [3, [3]], [11, []], [14, []]]], [[[2, [2]]], [[5, [5]]], [[13, [13, 10]]], [[6, [6]]], [[9, [9, 8, 1]]], [[15, [15, 11, 14]]], [[3, [3]]], [[4, [4]]]]], [[[[0, [7, 12, 2]], [7, []], [12, []], [2, []], [9, [9, 6, 10]], [14, [14, 8, 15]], [8, []], [15, []], [6, []], [10, []], [3, [3]]], [[0, [5, 13]], [13, []], [5, [11, 1]], [11, []], [1, []], [4, [4]]]], [[[9, [9, 6, 10]]], [[5, [11, 1]]], [[14, [14, 8, 15]]], [[3, [3]]], [[4, [4]]]]]], "Numrun": 5, "all_fitness": [325.0146267508784, 325.0146267508784, 325.0146267508784, 325.0146267508784, 325.0146267508784]}
