{"file_name": "U_15_1", "number_of_trucks": 2, "drone_capacity": 10, "number_of_drones": 2, "iteration": 1, "best_fitness": 361.5669658528997, "runtime": 55.16779541969299, "best_solution": [[[[0, []], [15, [15, 6]], [6, []], [13, [13, 9, 5, 10]], [9, []], [5, []], [10, []], [7, [7, 8]], [8, []], [11, [11]]], [[0, []], [1, [1]], [3, [3]], [2, [2, 4]], [4, []], [12, [12, 14]], [14, []]]], [[[1, [1]]], [[15, [15, 6]]], [[13, [13, 9, 5, 10]]], [[3, [3]]], [[2, [2, 4]]], [[7, [7, 8]]], [[12, [12, 14]]], [[11, [11]]]]], "all_solution": [[[[[0, []], [15, [15, 6]], [6, []], [13, [13, 9, 5, 10]], [9, []], [5, []], [10, []], [7, [7, 8]], [8, []], [11, [11]]], [[0, []], [1, [1]], [3, [3]], [2, [2, 4]], [4, []], [12, [12, 14]], [14, []]]], [[[1, [1]]], [[15, [15, 6]]], [[13, [13, 9, 5, 10]]], [[3, [3]]], [[2, [2, 4]]], [[7, [7, 8]]], [[12, [12, 14]]], [[11, [11]]]]]], "Numrun": 5, "all_fitness": [361.5669658528997]}
{"file_name": "U_15_1", "number_of_trucks": 2, "drone_capacity": 10, "number_of_drones": 2, "iteration": 2, "best_fitness": 361.5669658528997, "runtime": 56.385132789611816, "best_solution": [[[[0, [15]], [15, []], [6, [6, 13]], [13, []], [2, [2, 4]], [4, []], [12, [12, 14]], [14, []]], [[0, [3]], [5, [5, 1]], [1, []], [3, []], [10, [10, 7, 8, 9]], [7, []], [8, []], [9, []], [11, [11]]]], [[[5, [5, 1]]], [[6, [6, 13]]], [[2, [2, 4]]], [[10, [10, 7, 8, 9]]], [[12, [12, 14]]], [[11, [11]]]]], "all_solution": [[[[[0, []], [15, [15, 6]], [6, []], [13, [13, 9, 5, 10]], [9, []], [5, []], [10, []], [7, [7, 8]], [8, []], [11, [11]]], [[0, []], [1, [1]], [3, [3]], [2, [2, 4]], [4, []], [12, [12, 14]], [14, []]]], [[[1, [1]]], [[15, [15, 6]]], [[13, [13, 9, 5, 10]]], [[3, [3]]], [[2, [2, 4]]], [[7, [7, 8]]], [[12, [12, 14]]], [[11, [11]]]]], [[[[0, [15]], [15, []], [6, [6, 13]], [13, []], [2, [2, 4]], [4, []], [12, [12, 14]], [14, []]], [[0, [3]], [5, [5, 1]], [1, []], [3, []], [10, [10, 7, 8, 9]], [7, []], [8, []], [9, []], [11, [11]]]], [[[5, [5, 1]]], [[6, [6, 13]]], [[2, [2, 4]]], [[10, [10, 7, 8, 9]]], [[12, [12, 14]]], [[11, [11]]]]]], "Numrun": 5, "all_fitness": [361.5669658528997, 361.5669658528997]}
{"file_name": "U_15_1", "number_of_trucks": 2, "drone_capacity": 10, "number_of_drones": 2, "iteration": 3, "best_fitness": 361.5669658528997, "runtime": 58.30776810646057, "best_solution": [[[[0, [15]], [15, []], [6, [6, 13, 1, 9]], [13, []], [9, []], [1, []], [4, [4]], [12, [12, 14]], [14, []]], [[0, []], [2, [2, 3, 5]], [3, []], [10, [10, 7, 8]], [5, []], [7, []], [8, []], [11, [11]]]], [[[2, [2, 3, 5]]], [[6, [6, 13, 1, 9]]], [[4, [4]]], [[10, [10, 7, 8]]], [[12, [12, 14]]], [[11, [11]]]]], "all_solution": [[[[[0, []], [15, [15, 6]], [6, []], [13, [13, 9, 5, 10]], [9, []], [5, []], [10, []], [7, [7, 8]], [8, []], [11, [11]]], [[0, []], [1, [1]], [3, [3]], [2, [2, 4]], [4, []], [12, [12, 14]], [14, []]]], [[[1, [1]]], [[15, [15, 6]]], [[13, [13, 9, 5, 10]]], [[3, [3]]], [[2, [2, 4]]], [[7, [7, 8]]], [[12, [12, 14]]], [[11, [11]]]]], [[[[0, [15]], [15, []], [6, [6, 13]], [13, []], [2, [2, 4]], [4, []], [12, [12, 14]], [14, []]], [[0, [3]], [5, [5, 1]], [1, []], [3, []], [10, [10, 7, 8, 9]], [7, []], [8, []], [9, []], [11, [11]]]], [[[5, [5, 1]]], [[6, [6, 13]]], [[2, [2, 4]]], [[10, [10, 7, 8, 9]]], [[12, [12, 14]]], [[11, [11]]]]], [[[[0, [15]], [15, []], [6, [6, 13, 1, 9]], [13, []], [9, []], [1, []], [4, [4]], [12, [12, 14]], [14, []]], [[0, []], [2, [2, 3, 5]], [3, []], [10, [10, 7, 8]], [5, []], [7, []], [8, []], [11, [11]]]], [[[2, [2, 3, 5]]], [[6, [6, 13, 1, 9]]], [[4, [4]]], [[10, [10, 7, 8]]], [[12, [12, 14]]], [[11, [11]]]]]], "Numrun": 5, "all_fitness": [361.5669658528997, 361.5669658528997, 361.5669658528997]}
{"file_name": "U_15_1", "number_of_trucks": 2, "drone_capacity": 10, "number_of_drones": 2, "iteration": 4, "best_fitness": 361.5669658528997, "runtime": 52.952101945877075, "best_solution": [[[[0, [15]], [6, [6, 13]], [13, []], [15, []], [9, [9]], [2, [2, 4]], [4, []], [11, [11]]], [[0, []], [1, [1, 5, 3]], [3, []], [5, []], [10, [10, 7, 8]], [7, []], [8, []], [12, [12, 14]], [14, []]]], [[[1, [1, 5, 3]]], [[6, [6, 13]]], [[9, [9]]], [[2, [2, 4]]], [[10, [10, 7, 8]]], [[12, [12, 14]]], [[11, [11]]]]], "all_solution": [[[[[0, []], [15, [15, 6]], [6, []], [13, [13, 9, 5, 10]], [9, []], [5, []], [10, []], [7, [7, 8]], [8, []], [11, [11]]], [[0, []], [1, [1]], [3, [3]], [2, [2, 4]], [4, []], [12, [12, 14]], [14, []]]], [[[1, [1]]], [[15, [15, 6]]], [[13, [13, 9, 5, 10]]], [[3, [3]]], [[2, [2, 4]]], [[7, [7, 8]]], [[12, [12, 14]]], [[11, [11]]]]], [[[[0, [15]], [15, []], [6, [6, 13]], [13, []], [2, [2, 4]], [4, []], [12, [12, 14]], [14, []]], [[0, [3]], [5, [5, 1]], [1, []], [3, []], [10, [10, 7, 8, 9]], [7, []], [8, []], [9, []], [11, [11]]]], [[[5, [5, 1]]], [[6, [6, 13]]], [[2, [2, 4]]], [[10, [10, 7, 8, 9]]], [[12, [12, 14]]], [[11, [11]]]]], [[[[0, [15]], [15, []], [6, [6, 13, 1, 9]], [13, []], [9, []], [1, []], [4, [4]], [12, [12, 14]], [14, []]], [[0, []], [2, [2, 3, 5]], [3, []], [10, [10, 7, 8]], [5, []], [7, []], [8, []], [11, [11]]]], [[[2, [2, 3, 5]]], [[6, [6, 13, 1, 9]]], [[4, [4]]], [[10, [10, 7, 8]]], [[12, [12, 14]]], [[11, [11]]]]], [[[[0, [15]], [6, [6, 13]], [13, []], [15, []], [9, [9]], [2, [2, 4]], [4, []], [11, [11]]], [[0, []], [1, [1, 5, 3]], [3, []], [5, []], [10, [10, 7, 8]], [7, []], [8, []], [12, [12, 14]], [14, []]]], [[[1, [1, 5, 3]]], [[6, [6, 13]]], [[9, [9]]], [[2, [2, 4]]], [[10, [10, 7, 8]]], [[12, [12, 14]]], [[11, [11]]]]]], "Numrun": 5, "all_fitness": [361.5669658528997, 361.5669658528997, 361.5669658528997, 361.5669658528997]}
{"file_name": "U_15_1", "number_of_trucks": 2, "drone_capacity": 10, "number_of_drones": 2, "iteration": 5, "best_fitness": 361.5669658528997, "runtime": 53.14406633377075, "best_solution": [[[[0, [15]], [6, [6, 13]], [13, []], [15, []], [9, [9]], [2, [2, 4]], [4, []], [11, [11]]], [[0, []], [1, [1, 5, 3]], [3, []], [5, []], [10, [10, 7, 8]], [7, []], [8, []], [12, [12, 14]], [14, []]]], [[[1, [1, 5, 3]]], [[6, [6, 13]]], [[9, [9]]], [[2, [2, 4]]], [[10, [10, 7, 8]]], [[12, [12, 14]]], [[11, [11]]]]], "all_solution": [[[[[0, []], [15, [15, 6]], [6, []], [13, [13, 9, 5, 10]], [9, []], [5, []], [10, []], [7, [7, 8]], [8, []], [11, [11]]], [[0, []], [1, [1]], [3, [3]], [2, [2, 4]], [4, []], [12, [12, 14]], [14, []]]], [[[1, [1]]], [[15, [15, 6]]], [[13, [13, 9, 5, 10]]], [[3, [3]]], [[2, [2, 4]]], [[7, [7, 8]]], [[12, [12, 14]]], [[11, [11]]]]], [[[[0, [15]], [15, []], [6, [6, 13]], [13, []], [2, [2, 4]], [4, []], [12, [12, 14]], [14, []]], [[0, [3]], [5, [5, 1]], [1, []], [3, []], [10, [10, 7, 8, 9]], [7, []], [8, []], [9, []], [11, [11]]]], [[[5, [5, 1]]], [[6, [6, 13]]], [[2, [2, 4]]], [[10, [10, 7, 8, 9]]], [[12, [12, 14]]], [[11, [11]]]]], [[[[0, [15]], [15, []], [6, [6, 13, 1, 9]], [13, []], [9, []], [1, []], [4, [4]], [12, [12, 14]], [14, []]], [[0, []], [2, [2, 3, 5]], [3, []], [10, [10, 7, 8]], [5, []], [7, []], [8, []], [11, [11]]]], [[[2, [2, 3, 5]]], [[6, [6, 13, 1, 9]]], [[4, [4]]], [[10, [10, 7, 8]]], [[12, [12, 14]]], [[11, [11]]]]], [[[[0, [15]], [6, [6, 13]], [13, []], [15, []], [9, [9]], [2, [2, 4]], [4, []], [11, [11]]], [[0, []], [1, [1, 5, 3]], [3, []], [5, []], [10, [10, 7, 8]], [7, []], [8, []], [12, [12, 14]], [14, []]]], [[[1, [1, 5, 3]]], [[6, [6, 13]]], [[9, [9]]], [[2, [2, 4]]], [[10, [10, 7, 8]]], [[12, [12, 14]]], [[11, [11]]]]], [[[[0, [15]], [6, [6, 13]], [13, []], [15, []], [9, [9]], [2, [2, 4]], [4, []], [11, [11]]], [[0, []], [1, [1, 5, 3]], [3, []], [5, []], [10, [10, 7, 8]], [7, []], [8, []], [12, [12, 14]], [14, []]]], [[[1, [1, 5, 3]]], [[6, [6, 13]]], [[9, [9]]], [[2, [2, 4]]], [[10, [10, 7, 8]]], [[12, [12, 14]]], [[11, [11]]]]]], "Numrun": 5, "all_fitness": [361.5669658528997, 361.5669658528997, 361.5669658528997, 361.5669658528997, 361.5669658528997]}
