{"file_name": "U_15_1", "number_of_trucks": 2, "drone_capacity": 10, "number_of_drones": 2, "iteration": 1, "best_fitness": 353.8387835268729, "runtime": 56.676512241363525, "best_solution": [[[[0, [12, 15, 1, 7, 9]], [1, []], [9, []], [7, []], [15, []], [12, []], [4, [4]], [6, [6, 14]], [14, []]], [[0, [11]], [11, []], [8, [8, 3, 5]], [3, []], [5, [13, 10]], [13, []], [10, []], [2, [2]]]], [[[8, [8, 3, 5]]], [[4, [4]]], [[5, [13, 10]]], [[6, [6, 14]]], [[2, [2]]]]], "all_solution": [[[[[0, [12, 15, 1, 7, 9]], [1, []], [9, []], [7, []], [15, []], [12, []], [4, [4]], [6, [6, 14]], [14, []]], [[0, [11]], [11, []], [8, [8, 3, 5]], [3, []], [5, [13, 10]], [13, []], [10, []], [2, [2]]]], [[[8, [8, 3, 5]]], [[4, [4]]], [[5, [13, 10]]], [[6, [6, 14]]], [[2, [2]]]]]], "Numrun": 5, "all_fitness": [353.8387835268729]}
{"file_name": "U_15_1", "number_of_trucks": 2, "drone_capacity": 10, "number_of_drones": 2, "iteration": 2, "best_fitness": 353.8387835268729, "runtime": 56.85802221298218, "best_solution": [[[[0, [7, 15, 9, 11]], [7, []], [11, []], [15, []], [4, [4, 12]], [12, []], [9, []], [6, [6, 14]], [14, []]], [[0, [8, 3, 5, 1]], [8, []], [3, []], [1, []], [5, [13, 10]], [13, []], [10, []], [2, [2]]]], [[[4, [4, 12]]], [[5, [13, 10]]], [[6, [6, 14]]], [[2, [2]]]]], "all_solution": [[[[[0, [12, 15, 1, 7, 9]], [1, []], [9, []], [7, []], [15, []], [12, []], [4, [4]], [6, [6, 14]], [14, []]], [[0, [11]], [11, []], [8, [8, 3, 5]], [3, []], [5, [13, 10]], [13, []], [10, []], [2, [2]]]], [[[8, [8, 3, 5]]], [[4, [4]]], [[5, [13, 10]]], [[6, [6, 14]]], [[2, [2]]]]], [[[[0, [7, 15, 9, 11]], [7, []], [11, []], [15, []], [4, [4, 12]], [12, []], [9, []], [6, [6, 14]], [14, []]], [[0, [8, 3, 5, 1]], [8, []], [3, []], [1, []], [5, [13, 10]], [13, []], [10, []], [2, [2]]]], [[[4, [4, 12]]], [[5, [13, 10]]], [[6, [6, 14]]], [[2, [2]]]]]], "Numrun": 5, "all_fitness": [353.8387835268729, 353.8387835268729]}
{"file_name": "U_15_1", "number_of_trucks": 2, "drone_capacity": 10, "number_of_drones": 2, "iteration": 3, "best_fitness": 353.8387835268729, "runtime": 53.60431885719299, "best_solution": [[[[0, [1]], [15, [15, 7, 9]], [1, []], [7, []], [9, []], [4, [4, 10, 13]], [10, []], [13, []], [2, [2]]], [[0, [11]], [11, []], [3, [3]], [12, [12]], [8, [8, 5]], [5, []], [14, [14, 6]], [6, []]]], [[[3, [3]]], [[12, [12]]], [[15, [15, 7, 9]]], [[8, [8, 5]]], [[4, [4, 10, 13]]], [[14, [14, 6]]], [[2, [2]]]]], "all_solution": [[[[[0, [12, 15, 1, 7, 9]], [1, []], [9, []], [7, []], [15, []], [12, []], [4, [4]], [6, [6, 14]], [14, []]], [[0, [11]], [11, []], [8, [8, 3, 5]], [3, []], [5, [13, 10]], [13, []], [10, []], [2, [2]]]], [[[8, [8, 3, 5]]], [[4, [4]]], [[5, [13, 10]]], [[6, [6, 14]]], [[2, [2]]]]], [[[[0, [7, 15, 9, 11]], [7, []], [11, []], [15, []], [4, [4, 12]], [12, []], [9, []], [6, [6, 14]], [14, []]], [[0, [8, 3, 5, 1]], [8, []], [3, []], [1, []], [5, [13, 10]], [13, []], [10, []], [2, [2]]]], [[[4, [4, 12]]], [[5, [13, 10]]], [[6, [6, 14]]], [[2, [2]]]]], [[[[0, [1]], [15, [15, 7, 9]], [1, []], [7, []], [9, []], [4, [4, 10, 13]], [10, []], [13, []], [2, [2]]], [[0, [11]], [11, []], [3, [3]], [12, [12]], [8, [8, 5]], [5, []], [14, [14, 6]], [6, []]]], [[[3, [3]]], [[12, [12]]], [[15, [15, 7, 9]]], [[8, [8, 5]]], [[4, [4, 10, 13]]], [[14, [14, 6]]], [[2, [2]]]]]], "Numrun": 5, "all_fitness": [353.8387835268729, 353.8387835268729, 353.8387835268729]}
{"file_name": "U_15_1", "number_of_trucks": 2, "drone_capacity": 10, "number_of_drones": 2, "iteration": 4, "best_fitness": 353.8387835268729, "runtime": 58.403263330459595, "best_solution": [[[[0, [1]], [1, []], [15, [15, 9]], [9, []], [7, [7]], [4, [4, 12]], [12, []], [14, [14, 6]], [6, []]], [[0, [11]], [11, []], [3, [3, 5]], [8, [8, 13, 10]], [5, []], [13, []], [10, []], [2, [2]]]], [[[15, [15, 9]]], [[7, [7]]], [[3, [3, 5]]], [[8, [8, 13, 10]]], [[4, [4, 12]]], [[14, [14, 6]]], [[2, [2]]]]], "all_solution": [[[[[0, [12, 15, 1, 7, 9]], [1, []], [9, []], [7, []], [15, []], [12, []], [4, [4]], [6, [6, 14]], [14, []]], [[0, [11]], [11, []], [8, [8, 3, 5]], [3, []], [5, [13, 10]], [13, []], [10, []], [2, [2]]]], [[[8, [8, 3, 5]]], [[4, [4]]], [[5, [13, 10]]], [[6, [6, 14]]], [[2, [2]]]]], [[[[0, [7, 15, 9, 11]], [7, []], [11, []], [15, []], [4, [4, 12]], [12, []], [9, []], [6, [6, 14]], [14, []]], [[0, [8, 3, 5, 1]], [8, []], [3, []], [1, []], [5, [13, 10]], [13, []], [10, []], [2, [2]]]], [[[4, [4, 12]]], [[5, [13, 10]]], [[6, [6, 14]]], [[2, [2]]]]], [[[[0, [1]], [15, [15, 7, 9]], [1, []], [7, []], [9, []], [4, [4, 10, 13]], [10, []], [13, []], [2, [2]]], [[0, [11]], [11, []], [3, [3]], [12, [12]], [8, [8, 5]], [5, []], [14, [14, 6]], [6, []]]], [[[3, [3]]], [[12, [12]]], [[15, [15, 7, 9]]], [[8, [8, 5]]], [[4, [4, 10, 13]]], [[14, [14, 6]]], [[2, [2]]]]], [[[[0, [1]], [1, []], [15, [15, 9]], [9, []], [7, [7]], [4, [4, 12]], [12, []], [14, [14, 6]], [6, []]], [[0, [11]], [11, []], [3, [3, 5]], [8, [8, 13, 10]], [5, []], [13, []], [10, []], [2, [2]]]], [[[15, [15, 9]]], [[7, [7]]], [[3, [3, 5]]], [[8, [8, 13, 10]]], [[4, [4, 12]]], [[14, [14, 6]]], [[2, [2]]]]]], "Numrun": 5, "all_fitness": [353.8387835268729, 353.8387835268729, 353.8387835268729, 353.8387835268729]}
{"file_name": "U_15_1", "number_of_trucks": 2, "drone_capacity": 10, "number_of_drones": 2, "iteration": 5, "best_fitness": 353.8387835268729, "runtime": 58.569751262664795, "best_solution": [[[[0, [15]], [9, [9]], [15, []], [8, [8]], [5, [5]], [13, [13, 10, 14, 6]], [10, []], [14, []], [6, []]], [[0, [11, 7, 1]], [11, [12, 3]], [3, []], [1, []], [7, []], [12, []], [4, [4]], [2, [2]]]], [[[9, [9]]], [[11, [12, 3]]], [[8, [8]]], [[5, [5]]], [[4, [4]]], [[13, [13, 10, 14, 6]]], [[2, [2]]]]], "all_solution": [[[[[0, [12, 15, 1, 7, 9]], [1, []], [9, []], [7, []], [15, []], [12, []], [4, [4]], [6, [6, 14]], [14, []]], [[0, [11]], [11, []], [8, [8, 3, 5]], [3, []], [5, [13, 10]], [13, []], [10, []], [2, [2]]]], [[[8, [8, 3, 5]]], [[4, [4]]], [[5, [13, 10]]], [[6, [6, 14]]], [[2, [2]]]]], [[[[0, [7, 15, 9, 11]], [7, []], [11, []], [15, []], [4, [4, 12]], [12, []], [9, []], [6, [6, 14]], [14, []]], [[0, [8, 3, 5, 1]], [8, []], [3, []], [1, []], [5, [13, 10]], [13, []], [10, []], [2, [2]]]], [[[4, [4, 12]]], [[5, [13, 10]]], [[6, [6, 14]]], [[2, [2]]]]], [[[[0, [1]], [15, [15, 7, 9]], [1, []], [7, []], [9, []], [4, [4, 10, 13]], [10, []], [13, []], [2, [2]]], [[0, [11]], [11, []], [3, [3]], [12, [12]], [8, [8, 5]], [5, []], [14, [14, 6]], [6, []]]], [[[3, [3]]], [[12, [12]]], [[15, [15, 7, 9]]], [[8, [8, 5]]], [[4, [4, 10, 13]]], [[14, [14, 6]]], [[2, [2]]]]], [[[[0, [1]], [1, []], [15, [15, 9]], [9, []], [7, [7]], [4, [4, 12]], [12, []], [14, [14, 6]], [6, []]], [[0, [11]], [11, []], [3, [3, 5]], [8, [8, 13, 10]], [5, []], [13, []], [10, []], [2, [2]]]], [[[15, [15, 9]]], [[7, [7]]], [[3, [3, 5]]], [[8, [8, 13, 10]]], [[4, [4, 12]]], [[14, [14, 6]]], [[2, [2]]]]], [[[[0, [15]], [9, [9]], [15, []], [8, [8]], [5, [5]], [13, [13, 10, 14, 6]], [10, []], [14, []], [6, []]], [[0, [11, 7, 1]], [11, [12, 3]], [3, []], [1, []], [7, []], [12, []], [4, [4]], [2, [2]]]], [[[9, [9]]], [[11, [12, 3]]], [[8, [8]]], [[5, [5]]], [[4, [4]]], [[13, [13, 10, 14, 6]]], [[2, [2]]]]]], "Numrun": 5, "all_fitness": [353.8387835268729, 353.8387835268729, 353.8387835268729, 353.8387835268729, 353.8387835268729]}
