{"file_name": "U_15_0", "number_of_trucks": 2, "drone_capacity": 10, "number_of_drones": 2, "iteration": 1, "best_fitness": 177.13507703891628, "runtime": 68.01718235015869, "best_solution": [[[[0, [13, 14, 8]], [13, []], [8, []], [10, [10]], [14, []], [1, [1, 4, 9]], [9, []], [4, []]], [[0, [2]], [2, []], [3, [3]], [12, [12, 6]], [6, []], [7, [7, 11, 15, 5]], [11, []], [15, []], [5, []]]], [[[10, [10]]], [[3, [3]]], [[12, [12, 6]]], [[1, [1, 4, 9]]], [[7, [7, 11, 15, 5]]]]], "all_solution": [[[[[0, [13, 14, 8]], [13, []], [8, []], [10, [10]], [14, []], [1, [1, 4, 9]], [9, []], [4, []]], [[0, [2]], [2, []], [3, [3]], [12, [12, 6]], [6, []], [7, [7, 11, 15, 5]], [11, []], [15, []], [5, []]]], [[[10, [10]]], [[3, [3]]], [[12, [12, 6]]], [[1, [1, 4, 9]]], [[7, [7, 11, 15, 5]]]]]], "Numrun": 5, "all_fitness": [177.13507703891628]}
{"file_name": "U_15_0", "number_of_trucks": 2, "drone_capacity": 10, "number_of_drones": 2, "iteration": 2, "best_fitness": 178.54184680281838, "runtime": 59.333632946014404, "best_solution": [[[[0, [13, 8]], [13, []], [8, []], [6, [6, 10, 12]], [12, []], [7, [7, 11, 15, 5]], [11, []], [10, []], [15, []], [5, []]], [[0, [2, 3, 14]], [2, []], [3, []], [14, []], [1, [1, 4, 9]], [9, []], [4, []]]], [[[6, [6, 10, 12]]], [[1, [1, 4, 9]]], [[7, [7, 11, 15, 5]]]]], "all_solution": [[[[[0, [13, 14, 8]], [13, []], [8, []], [10, [10]], [14, []], [1, [1, 4, 9]], [9, []], [4, []]], [[0, [2]], [2, []], [3, [3]], [12, [12, 6]], [6, []], [7, [7, 11, 15, 5]], [11, []], [15, []], [5, []]]], [[[10, [10]]], [[3, [3]]], [[12, [12, 6]]], [[1, [1, 4, 9]]], [[7, [7, 11, 15, 5]]]]], [[[[0, [13, 8]], [13, []], [8, []], [6, [6, 10, 12]], [12, []], [7, [7, 11, 15, 5]], [11, []], [10, []], [15, []], [5, []]], [[0, [2, 3, 14]], [2, []], [3, []], [14, []], [1, [1, 4, 9]], [9, []], [4, []]]], [[[6, [6, 10, 12]]], [[1, [1, 4, 9]]], [[7, [7, 11, 15, 5]]]]]], "Numrun": 5, "all_fitness": [177.13507703891628, 178.54184680281838]}
{"file_name": "U_15_0", "number_of_trucks": 2, "drone_capacity": 10, "number_of_drones": 2, "iteration": 3, "best_fitness": 176.60000000000002, "runtime": 60.753570795059204, "best_solution": [[[[0, [13, 8, 14]], [13, []], [8, []], [10, [10]], [14, []], [1, [1, 4, 9]], [9, []], [4, []]], [[0, [2, 3]], [2, []], [3, []], [6, [12, 6]], [12, []], [7, [7, 15, 11, 5]], [11, []], [15, []], [5, []]]], [[[10, [10]]], [[6, [12, 6]]], [[1, [1, 4, 9]]], [[7, [7, 15, 11, 5]]]]], "all_solution": [[[[[0, [13, 14, 8]], [13, []], [8, []], [10, [10]], [14, []], [1, [1, 4, 9]], [9, []], [4, []]], [[0, [2]], [2, []], [3, [3]], [12, [12, 6]], [6, []], [7, [7, 11, 15, 5]], [11, []], [15, []], [5, []]]], [[[10, [10]]], [[3, [3]]], [[12, [12, 6]]], [[1, [1, 4, 9]]], [[7, [7, 11, 15, 5]]]]], [[[[0, [13, 8]], [13, []], [8, []], [6, [6, 10, 12]], [12, []], [7, [7, 11, 15, 5]], [11, []], [10, []], [15, []], [5, []]], [[0, [2, 3, 14]], [2, []], [3, []], [14, []], [1, [1, 4, 9]], [9, []], [4, []]]], [[[6, [6, 10, 12]]], [[1, [1, 4, 9]]], [[7, [7, 11, 15, 5]]]]], [[[[0, [13, 8, 14]], [13, []], [8, []], [10, [10]], [14, []], [1, [1, 4, 9]], [9, []], [4, []]], [[0, [2, 3]], [2, []], [3, []], [6, [12, 6]], [12, []], [7, [7, 15, 11, 5]], [11, []], [15, []], [5, []]]], [[[10, [10]]], [[6, [12, 6]]], [[1, [1, 4, 9]]], [[7, [7, 15, 11, 5]]]]]], "Numrun": 5, "all_fitness": [177.13507703891628, 178.54184680281838, 176.60000000000002]}
{"file_name": "U_15_0", "number_of_trucks": 2, "drone_capacity": 10, "number_of_drones": 2, "iteration": 4, "best_fitness": 177.6742212367962, "runtime": 82.39721083641052, "best_solution": [[[[0, [13]], [2, [2, 8]], [13, []], [8, []], [3, [3, 12]], [12, []], [7, [7, 11, 15, 6, 10]], [11, []], [10, []], [15, []], [6, []]], [[0, [14]], [14, []], [9, [9, 5]], [4, [4, 1]], [1, []], [5, []]]], [[[9, [9, 5]]], [[2, [2, 8]]], [[3, [3, 12]]], [[7, [7, 11, 15, 6, 10]]], [[4, [4, 1]]]]], "all_solution": [[[[[0, [13, 14, 8]], [13, []], [8, []], [10, [10]], [14, []], [1, [1, 4, 9]], [9, []], [4, []]], [[0, [2]], [2, []], [3, [3]], [12, [12, 6]], [6, []], [7, [7, 11, 15, 5]], [11, []], [15, []], [5, []]]], [[[10, [10]]], [[3, [3]]], [[12, [12, 6]]], [[1, [1, 4, 9]]], [[7, [7, 11, 15, 5]]]]], [[[[0, [13, 8]], [13, []], [8, []], [6, [6, 10, 12]], [12, []], [7, [7, 11, 15, 5]], [11, []], [10, []], [15, []], [5, []]], [[0, [2, 3, 14]], [2, []], [3, []], [14, []], [1, [1, 4, 9]], [9, []], [4, []]]], [[[6, [6, 10, 12]]], [[1, [1, 4, 9]]], [[7, [7, 11, 15, 5]]]]], [[[[0, [13, 8, 14]], [13, []], [8, []], [10, [10]], [14, []], [1, [1, 4, 9]], [9, []], [4, []]], [[0, [2, 3]], [2, []], [3, []], [6, [12, 6]], [12, []], [7, [7, 15, 11, 5]], [11, []], [15, []], [5, []]]], [[[10, [10]]], [[6, [12, 6]]], [[1, [1, 4, 9]]], [[7, [7, 15, 11, 5]]]]], [[[[0, [13]], [2, [2, 8]], [13, []], [8, []], [3, [3, 12]], [12, []], [7, [7, 11, 15, 6, 10]], [11, []], [10, []], [15, []], [6, []]], [[0, [14]], [14, []], [9, [9, 5]], [4, [4, 1]], [1, []], [5, []]]], [[[9, [9, 5]]], [[2, [2, 8]]], [[3, [3, 12]]], [[7, [7, 11, 15, 6, 10]]], [[4, [4, 1]]]]]], "Numrun": 5, "all_fitness": [177.13507703891628, 178.54184680281838, 176.60000000000002, 177.6742212367962]}
{"file_name": "U_15_0", "number_of_trucks": 2, "drone_capacity": 10, "number_of_drones": 2, "iteration": 5, "best_fitness": 176.60000000000002, "runtime": 68.32688188552856, "best_solution": [[[[0, [2]], [2, []], [3, [3]], [6, [6, 12]], [12, []], [7, [7, 15, 11, 5]], [11, []], [15, []], [5, []]], [[0, [14, 13, 8]], [13, []], [8, []], [10, [10]], [14, []], [1, [1, 4, 9]], [9, []], [4, []]]], [[[3, [3]]], [[10, [10]]], [[6, [6, 12]]], [[1, [1, 4, 9]]], [[7, [7, 15, 11, 5]]]]], "all_solution": [[[[[0, [13, 14, 8]], [13, []], [8, []], [10, [10]], [14, []], [1, [1, 4, 9]], [9, []], [4, []]], [[0, [2]], [2, []], [3, [3]], [12, [12, 6]], [6, []], [7, [7, 11, 15, 5]], [11, []], [15, []], [5, []]]], [[[10, [10]]], [[3, [3]]], [[12, [12, 6]]], [[1, [1, 4, 9]]], [[7, [7, 11, 15, 5]]]]], [[[[0, [13, 8]], [13, []], [8, []], [6, [6, 10, 12]], [12, []], [7, [7, 11, 15, 5]], [11, []], [10, []], [15, []], [5, []]], [[0, [2, 3, 14]], [2, []], [3, []], [14, []], [1, [1, 4, 9]], [9, []], [4, []]]], [[[6, [6, 10, 12]]], [[1, [1, 4, 9]]], [[7, [7, 11, 15, 5]]]]], [[[[0, [13, 8, 14]], [13, []], [8, []], [10, [10]], [14, []], [1, [1, 4, 9]], [9, []], [4, []]], [[0, [2, 3]], [2, []], [3, []], [6, [12, 6]], [12, []], [7, [7, 15, 11, 5]], [11, []], [15, []], [5, []]]], [[[10, [10]]], [[6, [12, 6]]], [[1, [1, 4, 9]]], [[7, [7, 15, 11, 5]]]]], [[[[0, [13]], [2, [2, 8]], [13, []], [8, []], [3, [3, 12]], [12, []], [7, [7, 11, 15, 6, 10]], [11, []], [10, []], [15, []], [6, []]], [[0, [14]], [14, []], [9, [9, 5]], [4, [4, 1]], [1, []], [5, []]]], [[[9, [9, 5]]], [[2, [2, 8]]], [[3, [3, 12]]], [[7, [7, 11, 15, 6, 10]]], [[4, [4, 1]]]]], [[[[0, [2]], [2, []], [3, [3]], [6, [6, 12]], [12, []], [7, [7, 15, 11, 5]], [11, []], [15, []], [5, []]], [[0, [14, 13, 8]], [13, []], [8, []], [10, [10]], [14, []], [1, [1, 4, 9]], [9, []], [4, []]]], [[[3, [3]]], [[10, [10]]], [[6, [6, 12]]], [[1, [1, 4, 9]]], [[7, [7, 15, 11, 5]]]]]], "Numrun": 5, "all_fitness": [177.13507703891628, 178.54184680281838, 176.60000000000002, 177.6742212367962, 176.60000000000002]}
