{"file_name": "U_15_0", "number_of_trucks": 2, "drone_capacity": 10, "number_of_drones": 2, "iteration": 1, "best_fitness": 210.2004372084407, "runtime": 63.207038164138794, "best_solution": [[[[0, [13, 8, 14]], [13, []], [8, []], [14, []], [1, [1, 9, 4]], [9, []], [4, []]], [[0, []], [2, [2]], [3, [3, 10]], [12, [12, 6]], [6, []], [10, []], [7, [7, 11, 15, 5]], [11, []], [15, []], [5, []]]], [[[2, [2]]], [[3, [3, 10]]], [[12, [12, 6]]], [[7, [7, 11, 15, 5]]], [[1, [1, 9, 4]]]]], "all_solution": [[[[[0, [13, 8, 14]], [13, []], [8, []], [14, []], [1, [1, 9, 4]], [9, []], [4, []]], [[0, []], [2, [2]], [3, [3, 10]], [12, [12, 6]], [6, []], [10, []], [7, [7, 11, 15, 5]], [11, []], [15, []], [5, []]]], [[[2, [2]]], [[3, [3, 10]]], [[12, [12, 6]]], [[7, [7, 11, 15, 5]]], [[1, [1, 9, 4]]]]]], "Numrun": 5, "all_fitness": [210.2004372084407]}
{"file_name": "U_15_0", "number_of_trucks": 2, "drone_capacity": 10, "number_of_drones": 2, "iteration": 2, "best_fitness": 210.20011969939668, "runtime": 70.57728171348572, "best_solution": [[[[0, [14, 13, 8]], [13, []], [8, []], [14, []], [1, [1, 9, 4]], [9, []], [4, []]], [[0, []], [2, [2, 3]], [3, []], [6, [6, 12, 10]], [12, []], [10, []], [7, [7, 11, 15, 5]], [11, []], [15, []], [5, []]]], [[[2, [2, 3]]], [[6, [6, 12, 10]]], [[7, [7, 11, 15, 5]]], [[1, [1, 9, 4]]]]], "all_solution": [[[[[0, [13, 8, 14]], [13, []], [8, []], [14, []], [1, [1, 9, 4]], [9, []], [4, []]], [[0, []], [2, [2]], [3, [3, 10]], [12, [12, 6]], [6, []], [10, []], [7, [7, 11, 15, 5]], [11, []], [15, []], [5, []]]], [[[2, [2]]], [[3, [3, 10]]], [[12, [12, 6]]], [[7, [7, 11, 15, 5]]], [[1, [1, 9, 4]]]]], [[[[0, [14, 13, 8]], [13, []], [8, []], [14, []], [1, [1, 9, 4]], [9, []], [4, []]], [[0, []], [2, [2, 3]], [3, []], [6, [6, 12, 10]], [12, []], [10, []], [7, [7, 11, 15, 5]], [11, []], [15, []], [5, []]]], [[[2, [2, 3]]], [[6, [6, 12, 10]]], [[7, [7, 11, 15, 5]]], [[1, [1, 9, 4]]]]]], "Numrun": 5, "all_fitness": [210.2004372084407, 210.20011969939668]}
{"file_name": "U_15_0", "number_of_trucks": 2, "drone_capacity": 10, "number_of_drones": 2, "iteration": 3, "best_fitness": 210.20011969939668, "runtime": 101.14590239524841, "best_solution": [[[[0, []], [2, [2, 3]], [3, []], [6, [6, 10, 12]], [12, []], [10, []], [7, [7, 11, 15, 5]], [11, []], [15, []], [5, []]], [[0, [13, 8, 14]], [13, []], [8, []], [14, []], [1, [1, 4, 9]], [9, []], [4, []]]], [[[2, [2, 3]]], [[6, [6, 10, 12]]], [[7, [7, 11, 15, 5]]], [[1, [1, 4, 9]]]]], "all_solution": [[[[[0, [13, 8, 14]], [13, []], [8, []], [14, []], [1, [1, 9, 4]], [9, []], [4, []]], [[0, []], [2, [2]], [3, [3, 10]], [12, [12, 6]], [6, []], [10, []], [7, [7, 11, 15, 5]], [11, []], [15, []], [5, []]]], [[[2, [2]]], [[3, [3, 10]]], [[12, [12, 6]]], [[7, [7, 11, 15, 5]]], [[1, [1, 9, 4]]]]], [[[[0, [14, 13, 8]], [13, []], [8, []], [14, []], [1, [1, 9, 4]], [9, []], [4, []]], [[0, []], [2, [2, 3]], [3, []], [6, [6, 12, 10]], [12, []], [10, []], [7, [7, 11, 15, 5]], [11, []], [15, []], [5, []]]], [[[2, [2, 3]]], [[6, [6, 12, 10]]], [[7, [7, 11, 15, 5]]], [[1, [1, 9, 4]]]]], [[[[0, []], [2, [2, 3]], [3, []], [6, [6, 10, 12]], [12, []], [10, []], [7, [7, 11, 15, 5]], [11, []], [15, []], [5, []]], [[0, [13, 8, 14]], [13, []], [8, []], [14, []], [1, [1, 4, 9]], [9, []], [4, []]]], [[[2, [2, 3]]], [[6, [6, 10, 12]]], [[7, [7, 11, 15, 5]]], [[1, [1, 4, 9]]]]]], "Numrun": 5, "all_fitness": [210.2004372084407, 210.20011969939668, 210.20011969939668]}
{"file_name": "U_15_0", "number_of_trucks": 2, "drone_capacity": 10, "number_of_drones": 2, "iteration": 4, "best_fitness": 212.16533444745954, "runtime": 86.82518362998962, "best_solution": [[[[0, [14]], [5, [5, 9]], [9, []], [14, []], [1, [1, 4]], [4, []]], [[0, [8, 2, 3, 13]], [2, []], [13, []], [8, []], [7, [7, 11, 15, 12, 6, 10]], [11, []], [10, []], [15, []], [3, []], [12, []], [6, []]]], [[[5, [5, 9]]], [[7, [7, 11, 15, 12, 6, 10]]], [[1, [1, 4]]]]], "all_solution": [[[[[0, [13, 8, 14]], [13, []], [8, []], [14, []], [1, [1, 9, 4]], [9, []], [4, []]], [[0, []], [2, [2]], [3, [3, 10]], [12, [12, 6]], [6, []], [10, []], [7, [7, 11, 15, 5]], [11, []], [15, []], [5, []]]], [[[2, [2]]], [[3, [3, 10]]], [[12, [12, 6]]], [[7, [7, 11, 15, 5]]], [[1, [1, 9, 4]]]]], [[[[0, [14, 13, 8]], [13, []], [8, []], [14, []], [1, [1, 9, 4]], [9, []], [4, []]], [[0, []], [2, [2, 3]], [3, []], [6, [6, 12, 10]], [12, []], [10, []], [7, [7, 11, 15, 5]], [11, []], [15, []], [5, []]]], [[[2, [2, 3]]], [[6, [6, 12, 10]]], [[7, [7, 11, 15, 5]]], [[1, [1, 9, 4]]]]], [[[[0, []], [2, [2, 3]], [3, []], [6, [6, 10, 12]], [12, []], [10, []], [7, [7, 11, 15, 5]], [11, []], [15, []], [5, []]], [[0, [13, 8, 14]], [13, []], [8, []], [14, []], [1, [1, 4, 9]], [9, []], [4, []]]], [[[2, [2, 3]]], [[6, [6, 10, 12]]], [[7, [7, 11, 15, 5]]], [[1, [1, 4, 9]]]]], [[[[0, [14]], [5, [5, 9]], [9, []], [14, []], [1, [1, 4]], [4, []]], [[0, [8, 2, 3, 13]], [2, []], [13, []], [8, []], [7, [7, 11, 15, 12, 6, 10]], [11, []], [10, []], [15, []], [3, []], [12, []], [6, []]]], [[[5, [5, 9]]], [[7, [7, 11, 15, 12, 6, 10]]], [[1, [1, 4]]]]]], "Numrun": 5, "all_fitness": [210.2004372084407, 210.20011969939668, 210.20011969939668, 212.16533444745954]}
{"file_name": "U_15_0", "number_of_trucks": 2, "drone_capacity": 10, "number_of_drones": 2, "iteration": 5, "best_fitness": 210.2004372084407, "runtime": 61.18404936790466, "best_solution": [[[[0, [8, 13]], [13, []], [8, []], [12, [12, 6, 10]], [6, []], [10, []], [7, [7, 15, 11, 5]], [11, []], [15, []], [5, []]], [[0, [14, 2, 3]], [2, []], [3, []], [14, []], [1, [1, 4, 9]], [9, []], [4, []]]], [[[12, [12, 6, 10]]], [[7, [7, 15, 11, 5]]], [[1, [1, 4, 9]]]]], "all_solution": [[[[[0, [13, 8, 14]], [13, []], [8, []], [14, []], [1, [1, 9, 4]], [9, []], [4, []]], [[0, []], [2, [2]], [3, [3, 10]], [12, [12, 6]], [6, []], [10, []], [7, [7, 11, 15, 5]], [11, []], [15, []], [5, []]]], [[[2, [2]]], [[3, [3, 10]]], [[12, [12, 6]]], [[7, [7, 11, 15, 5]]], [[1, [1, 9, 4]]]]], [[[[0, [14, 13, 8]], [13, []], [8, []], [14, []], [1, [1, 9, 4]], [9, []], [4, []]], [[0, []], [2, [2, 3]], [3, []], [6, [6, 12, 10]], [12, []], [10, []], [7, [7, 11, 15, 5]], [11, []], [15, []], [5, []]]], [[[2, [2, 3]]], [[6, [6, 12, 10]]], [[7, [7, 11, 15, 5]]], [[1, [1, 9, 4]]]]], [[[[0, []], [2, [2, 3]], [3, []], [6, [6, 10, 12]], [12, []], [10, []], [7, [7, 11, 15, 5]], [11, []], [15, []], [5, []]], [[0, [13, 8, 14]], [13, []], [8, []], [14, []], [1, [1, 4, 9]], [9, []], [4, []]]], [[[2, [2, 3]]], [[6, [6, 10, 12]]], [[7, [7, 11, 15, 5]]], [[1, [1, 4, 9]]]]], [[[[0, [14]], [5, [5, 9]], [9, []], [14, []], [1, [1, 4]], [4, []]], [[0, [8, 2, 3, 13]], [2, []], [13, []], [8, []], [7, [7, 11, 15, 12, 6, 10]], [11, []], [10, []], [15, []], [3, []], [12, []], [6, []]]], [[[5, [5, 9]]], [[7, [7, 11, 15, 12, 6, 10]]], [[1, [1, 4]]]]], [[[[0, [8, 13]], [13, []], [8, []], [12, [12, 6, 10]], [6, []], [10, []], [7, [7, 15, 11, 5]], [11, []], [15, []], [5, []]], [[0, [14, 2, 3]], [2, []], [3, []], [14, []], [1, [1, 4, 9]], [9, []], [4, []]]], [[[12, [12, 6, 10]]], [[7, [7, 15, 11, 5]]], [[1, [1, 4, 9]]]]]], "Numrun": 5, "all_fitness": [210.2004372084407, 210.20011969939668, 210.20011969939668, 212.16533444745954, 210.2004372084407]}
