{"file_name": "U_15_1", "number_of_trucks": 2, "drone_capacity": 10, "number_of_drones": 2, "iteration": 1, "best_fitness": 193.76786064922985, "runtime": 85.5049216747284, "best_solution": [[[[0, [9, 2, 6, 7, 14]], [14, []], [7, []], [2, []], [9, []], [4, [4, 3, 1]], [3, []], [1, []], [6, []], [11, [11]]], [[0, [10]], [15, [15]], [5, [5]], [10, []], [8, [8, 12, 13]], [13, []], [12, []]]], [[[15, [15]]], [[5, [5]]], [[8, [8, 12, 13]]], [[4, [4, 3, 1]]], [[11, [11]]]]], "all_solution": [[[[[0, [9, 2, 6, 7, 14]], [14, []], [7, []], [2, []], [9, []], [4, [4, 3, 1]], [3, []], [1, []], [6, []], [11, [11]]], [[0, [10]], [15, [15]], [5, [5]], [10, []], [8, [8, 12, 13]], [13, []], [12, []]]], [[[15, [15]]], [[5, [5]]], [[8, [8, 12, 13]]], [[4, [4, 3, 1]]], [[11, [11]]]]]], "Numrun": 5, "all_fitness": [193.76786064922985]}
{"file_name": "U_15_1", "number_of_trucks": 2, "drone_capacity": 10, "number_of_drones": 2, "iteration": 2, "best_fitness": 193.76786064922985, "runtime": 61.767874002456665, "best_solution": [[[[0, []], [15, [15, 10]], [5, [5]], [10, []], [8, [8, 13, 12]], [13, []], [12, []]], [[0, [9, 14]], [14, []], [7, [2, 7, 6]], [2, []], [9, []], [4, [4, 3, 1]], [3, []], [1, []], [6, []], [11, [11]]]], [[[7, [2, 7, 6]]], [[15, [15, 10]]], [[5, [5]]], [[8, [8, 13, 12]]], [[4, [4, 3, 1]]], [[11, [11]]]]], "all_solution": [[[[[0, [9, 2, 6, 7, 14]], [14, []], [7, []], [2, []], [9, []], [4, [4, 3, 1]], [3, []], [1, []], [6, []], [11, [11]]], [[0, [10]], [15, [15]], [5, [5]], [10, []], [8, [8, 12, 13]], [13, []], [12, []]]], [[[15, [15]]], [[5, [5]]], [[8, [8, 12, 13]]], [[4, [4, 3, 1]]], [[11, [11]]]]], [[[[0, []], [15, [15, 10]], [5, [5]], [10, []], [8, [8, 13, 12]], [13, []], [12, []]], [[0, [9, 14]], [14, []], [7, [2, 7, 6]], [2, []], [9, []], [4, [4, 3, 1]], [3, []], [1, []], [6, []], [11, [11]]]], [[[7, [2, 7, 6]]], [[15, [15, 10]]], [[5, [5]]], [[8, [8, 13, 12]]], [[4, [4, 3, 1]]], [[11, [11]]]]]], "Numrun": 5, "all_fitness": [193.76786064922985, 193.76786064922985]}
{"file_name": "U_15_1", "number_of_trucks": 2, "drone_capacity": 10, "number_of_drones": 2, "iteration": 3, "best_fitness": 193.76786064922985, "runtime": 98.78047943115234, "best_solution": [[[[0, []], [15, [15, 10]], [5, [5]], [10, []], [8, [8, 13, 12]], [13, []], [12, []]], [[0, [9, 7]], [14, [14]], [7, []], [2, [2, 6]], [9, []], [1, [1, 4, 3]], [4, []], [3, []], [6, []], [11, [11]]]], [[[15, [15, 10]]], [[14, [14]]], [[2, [2, 6]]], [[5, [5]]], [[1, [1, 4, 3]]], [[8, [8, 13, 12]]], [[11, [11]]]]], "all_solution": [[[[[0, [9, 2, 6, 7, 14]], [14, []], [7, []], [2, []], [9, []], [4, [4, 3, 1]], [3, []], [1, []], [6, []], [11, [11]]], [[0, [10]], [15, [15]], [5, [5]], [10, []], [8, [8, 12, 13]], [13, []], [12, []]]], [[[15, [15]]], [[5, [5]]], [[8, [8, 12, 13]]], [[4, [4, 3, 1]]], [[11, [11]]]]], [[[[0, []], [15, [15, 10]], [5, [5]], [10, []], [8, [8, 13, 12]], [13, []], [12, []]], [[0, [9, 14]], [14, []], [7, [2, 7, 6]], [2, []], [9, []], [4, [4, 3, 1]], [3, []], [1, []], [6, []], [11, [11]]]], [[[7, [2, 7, 6]]], [[15, [15, 10]]], [[5, [5]]], [[8, [8, 13, 12]]], [[4, [4, 3, 1]]], [[11, [11]]]]], [[[[0, []], [15, [15, 10]], [5, [5]], [10, []], [8, [8, 13, 12]], [13, []], [12, []]], [[0, [9, 7]], [14, [14]], [7, []], [2, [2, 6]], [9, []], [1, [1, 4, 3]], [4, []], [3, []], [6, []], [11, [11]]]], [[[15, [15, 10]]], [[14, [14]]], [[2, [2, 6]]], [[5, [5]]], [[1, [1, 4, 3]]], [[8, [8, 13, 12]]], [[11, [11]]]]]], "Numrun": 5, "all_fitness": [193.76786064922985, 193.76786064922985, 193.76786064922985]}
{"file_name": "U_15_1", "number_of_trucks": 2, "drone_capacity": 10, "number_of_drones": 2, "iteration": 4, "best_fitness": 199.20786064922984, "runtime": 86.99331521987915, "best_solution": [[[[0, [9, 7]], [10, [10, 2]], [2, []], [9, []], [7, []], [8, [8, 13, 12, 14]], [14, []], [13, []], [12, []]], [[0, []], [15, [15, 6]], [5, [5, 4]], [4, []], [3, [3, 1, 11]], [1, []], [6, []], [11, []]]], [[[10, [10, 2]]], [[15, [15, 6]]], [[5, [5, 4]]], [[3, [3, 1, 11]]], [[8, [8, 13, 12, 14]]]]], "all_solution": [[[[[0, [9, 2, 6, 7, 14]], [14, []], [7, []], [2, []], [9, []], [4, [4, 3, 1]], [3, []], [1, []], [6, []], [11, [11]]], [[0, [10]], [15, [15]], [5, [5]], [10, []], [8, [8, 12, 13]], [13, []], [12, []]]], [[[15, [15]]], [[5, [5]]], [[8, [8, 12, 13]]], [[4, [4, 3, 1]]], [[11, [11]]]]], [[[[0, []], [15, [15, 10]], [5, [5]], [10, []], [8, [8, 13, 12]], [13, []], [12, []]], [[0, [9, 14]], [14, []], [7, [2, 7, 6]], [2, []], [9, []], [4, [4, 3, 1]], [3, []], [1, []], [6, []], [11, [11]]]], [[[7, [2, 7, 6]]], [[15, [15, 10]]], [[5, [5]]], [[8, [8, 13, 12]]], [[4, [4, 3, 1]]], [[11, [11]]]]], [[[[0, []], [15, [15, 10]], [5, [5]], [10, []], [8, [8, 13, 12]], [13, []], [12, []]], [[0, [9, 7]], [14, [14]], [7, []], [2, [2, 6]], [9, []], [1, [1, 4, 3]], [4, []], [3, []], [6, []], [11, [11]]]], [[[15, [15, 10]]], [[14, [14]]], [[2, [2, 6]]], [[5, [5]]], [[1, [1, 4, 3]]], [[8, [8, 13, 12]]], [[11, [11]]]]], [[[[0, [9, 7]], [10, [10, 2]], [2, []], [9, []], [7, []], [8, [8, 13, 12, 14]], [14, []], [13, []], [12, []]], [[0, []], [15, [15, 6]], [5, [5, 4]], [4, []], [3, [3, 1, 11]], [1, []], [6, []], [11, []]]], [[[10, [10, 2]]], [[15, [15, 6]]], [[5, [5, 4]]], [[3, [3, 1, 11]]], [[8, [8, 13, 12, 14]]]]]], "Numrun": 5, "all_fitness": [193.76786064922985, 193.76786064922985, 193.76786064922985, 199.20786064922984]}
{"file_name": "U_15_1", "number_of_trucks": 2, "drone_capacity": 10, "number_of_drones": 2, "iteration": 5, "best_fitness": 198.60786064922985, "runtime": 84.69250059127808, "best_solution": [[[[0, [9, 6, 2, 7, 10]], [10, []], [7, []], [2, []], [9, [4, 3, 1]], [4, []], [3, []], [1, []], [6, []], [11, [11]]], [[0, [14]], [15, [15]], [5, [5]], [8, [8, 13, 12]], [13, []], [14, []], [12, []]]], [[[15, [15]]], [[9, [4, 3, 1]]], [[5, [5]]], [[8, [8, 13, 12]]], [[11, [11]]]]], "all_solution": [[[[[0, [9, 2, 6, 7, 14]], [14, []], [7, []], [2, []], [9, []], [4, [4, 3, 1]], [3, []], [1, []], [6, []], [11, [11]]], [[0, [10]], [15, [15]], [5, [5]], [10, []], [8, [8, 12, 13]], [13, []], [12, []]]], [[[15, [15]]], [[5, [5]]], [[8, [8, 12, 13]]], [[4, [4, 3, 1]]], [[11, [11]]]]], [[[[0, []], [15, [15, 10]], [5, [5]], [10, []], [8, [8, 13, 12]], [13, []], [12, []]], [[0, [9, 14]], [14, []], [7, [2, 7, 6]], [2, []], [9, []], [4, [4, 3, 1]], [3, []], [1, []], [6, []], [11, [11]]]], [[[7, [2, 7, 6]]], [[15, [15, 10]]], [[5, [5]]], [[8, [8, 13, 12]]], [[4, [4, 3, 1]]], [[11, [11]]]]], [[[[0, []], [15, [15, 10]], [5, [5]], [10, []], [8, [8, 13, 12]], [13, []], [12, []]], [[0, [9, 7]], [14, [14]], [7, []], [2, [2, 6]], [9, []], [1, [1, 4, 3]], [4, []], [3, []], [6, []], [11, [11]]]], [[[15, [15, 10]]], [[14, [14]]], [[2, [2, 6]]], [[5, [5]]], [[1, [1, 4, 3]]], [[8, [8, 13, 12]]], [[11, [11]]]]], [[[[0, [9, 7]], [10, [10, 2]], [2, []], [9, []], [7, []], [8, [8, 13, 12, 14]], [14, []], [13, []], [12, []]], [[0, []], [15, [15, 6]], [5, [5, 4]], [4, []], [3, [3, 1, 11]], [1, []], [6, []], [11, []]]], [[[10, [10, 2]]], [[15, [15, 6]]], [[5, [5, 4]]], [[3, [3, 1, 11]]], [[8, [8, 13, 12, 14]]]]], [[[[0, [9, 6, 2, 7, 10]], [10, []], [7, []], [2, []], [9, [4, 3, 1]], [4, []], [3, []], [1, []], [6, []], [11, [11]]], [[0, [14]], [15, [15]], [5, [5]], [8, [8, 13, 12]], [13, []], [14, []], [12, []]]], [[[15, [15]]], [[9, [4, 3, 1]]], [[5, [5]]], [[8, [8, 13, 12]]], [[11, [11]]]]]], "Numrun": 5, "all_fitness": [193.76786064922985, 193.76786064922985, 193.76786064922985, 199.20786064922984, 198.60786064922985]}
