{"file_name": "U_15_1", "number_of_trucks": 2, "drone_capacity": 10, "number_of_drones": 2, "iteration": 1, "best_fitness": 270.3290778116323, "runtime": 62.40192174911499, "best_solution": [[[[0, [2, 12, 1]], [2, []], [12, []], [1, []], [7, [7, 4]], [8, [8]], [4, []], [3, [3]]], [[0, [5]], [5, []], [9, [9, 6, 11, 13]], [6, []], [11, []], [15, [15, 10]], [10, [14]], [13, []], [14, []]]], [[[9, [9, 6, 11, 13]]], [[15, [15, 10]]], [[7, [7, 4]]], [[8, [8]]], [[10, [14]]], [[3, [3]]]]], "all_solution": [[[[[0, [2, 12, 1]], [2, []], [12, []], [1, []], [7, [7, 4]], [8, [8]], [4, []], [3, [3]]], [[0, [5]], [5, []], [9, [9, 6, 11, 13]], [6, []], [11, []], [15, [15, 10]], [10, [14]], [13, []], [14, []]]], [[[9, [9, 6, 11, 13]]], [[15, [15, 10]]], [[7, [7, 4]]], [[8, [8]]], [[10, [14]]], [[3, [3]]]]]], "Numrun": 5, "all_fitness": [270.3290778116323]}
{"file_name": "U_15_1", "number_of_trucks": 2, "drone_capacity": 10, "number_of_drones": 2, "iteration": 2, "best_fitness": 273.0954624693133, "runtime": 57.24321174621582, "best_solution": [[[[0, [12, 5]], [12, []], [5, []], [4, [4]], [15, [15]], [3, [3]]], [[0, [2]], [2, []], [1, [1]], [11, [11]], [13, [13, 9, 6]], [9, []], [6, []], [10, [10, 14, 8, 7]], [14, []], [7, []], [8, []]]], [[[1, [1]]], [[11, [11]]], [[4, [4]]], [[13, [13, 9, 6]]], [[10, [10, 14, 8, 7]]], [[15, [15]]], [[3, [3]]]]], "all_solution": [[[[[0, [2, 12, 1]], [2, []], [12, []], [1, []], [7, [7, 4]], [8, [8]], [4, []], [3, [3]]], [[0, [5]], [5, []], [9, [9, 6, 11, 13]], [6, []], [11, []], [15, [15, 10]], [10, [14]], [13, []], [14, []]]], [[[9, [9, 6, 11, 13]]], [[15, [15, 10]]], [[7, [7, 4]]], [[8, [8]]], [[10, [14]]], [[3, [3]]]]], [[[[0, [12, 5]], [12, []], [5, []], [4, [4]], [15, [15]], [3, [3]]], [[0, [2]], [2, []], [1, [1]], [11, [11]], [13, [13, 9, 6]], [9, []], [6, []], [10, [10, 14, 8, 7]], [14, []], [7, []], [8, []]]], [[[1, [1]]], [[11, [11]]], [[4, [4]]], [[13, [13, 9, 6]]], [[10, [10, 14, 8, 7]]], [[15, [15]]], [[3, [3]]]]]], "Numrun": 5, "all_fitness": [270.3290778116323, 273.0954624693133]}
{"file_name": "U_15_1", "number_of_trucks": 2, "drone_capacity": 10, "number_of_drones": 2, "iteration": 3, "best_fitness": 273.0954624693133, "runtime": 56.57143044471741, "best_solution": [[[[0, [2]], [2, []], [5, [5, 12]], [12, []], [4, [4, 9, 7]], [9, []], [7, []], [10, [10, 14, 8]], [14, []], [8, []]], [[0, []], [1, [1]], [11, [11]], [6, [6, 13]], [13, []], [15, [15]], [3, [3]]]], [[[1, [1]]], [[11, [11]]], [[5, [5, 12]]], [[6, [6, 13]]], [[4, [4, 9, 7]]], [[10, [10, 14, 8]]], [[15, [15]]], [[3, [3]]]]], "all_solution": [[[[[0, [2, 12, 1]], [2, []], [12, []], [1, []], [7, [7, 4]], [8, [8]], [4, []], [3, [3]]], [[0, [5]], [5, []], [9, [9, 6, 11, 13]], [6, []], [11, []], [15, [15, 10]], [10, [14]], [13, []], [14, []]]], [[[9, [9, 6, 11, 13]]], [[15, [15, 10]]], [[7, [7, 4]]], [[8, [8]]], [[10, [14]]], [[3, [3]]]]], [[[[0, [12, 5]], [12, []], [5, []], [4, [4]], [15, [15]], [3, [3]]], [[0, [2]], [2, []], [1, [1]], [11, [11]], [13, [13, 9, 6]], [9, []], [6, []], [10, [10, 14, 8, 7]], [14, []], [7, []], [8, []]]], [[[1, [1]]], [[11, [11]]], [[4, [4]]], [[13, [13, 9, 6]]], [[10, [10, 14, 8, 7]]], [[15, [15]]], [[3, [3]]]]], [[[[0, [2]], [2, []], [5, [5, 12]], [12, []], [4, [4, 9, 7]], [9, []], [7, []], [10, [10, 14, 8]], [14, []], [8, []]], [[0, []], [1, [1]], [11, [11]], [6, [6, 13]], [13, []], [15, [15]], [3, [3]]]], [[[1, [1]]], [[11, [11]]], [[5, [5, 12]]], [[6, [6, 13]]], [[4, [4, 9, 7]]], [[10, [10, 14, 8]]], [[15, [15]]], [[3, [3]]]]]], "Numrun": 5, "all_fitness": [270.3290778116323, 273.0954624693133, 273.0954624693133]}
{"file_name": "U_15_1", "number_of_trucks": 2, "drone_capacity": 10, "number_of_drones": 2, "iteration": 4, "best_fitness": 273.0954624693133, "runtime": 55.55198431015015, "best_solution": [[[[0, [2]], [2, []], [5, [5, 12]], [12, []], [4, [4]], [15, [15]], [3, [3]]], [[0, []], [1, [1]], [11, [11]], [6, [6, 9, 13]], [7, [7]], [9, []], [8, [8, 10, 14]], [13, []], [10, []], [14, []]]], [[[5, [5, 12]]], [[1, [1]]], [[11, [11]]], [[6, [6, 9, 13]]], [[4, [4]]], [[7, [7]]], [[15, [15]]], [[8, [8, 10, 14]]], [[3, [3]]]]], "all_solution": [[[[[0, [2, 12, 1]], [2, []], [12, []], [1, []], [7, [7, 4]], [8, [8]], [4, []], [3, [3]]], [[0, [5]], [5, []], [9, [9, 6, 11, 13]], [6, []], [11, []], [15, [15, 10]], [10, [14]], [13, []], [14, []]]], [[[9, [9, 6, 11, 13]]], [[15, [15, 10]]], [[7, [7, 4]]], [[8, [8]]], [[10, [14]]], [[3, [3]]]]], [[[[0, [12, 5]], [12, []], [5, []], [4, [4]], [15, [15]], [3, [3]]], [[0, [2]], [2, []], [1, [1]], [11, [11]], [13, [13, 9, 6]], [9, []], [6, []], [10, [10, 14, 8, 7]], [14, []], [7, []], [8, []]]], [[[1, [1]]], [[11, [11]]], [[4, [4]]], [[13, [13, 9, 6]]], [[10, [10, 14, 8, 7]]], [[15, [15]]], [[3, [3]]]]], [[[[0, [2]], [2, []], [5, [5, 12]], [12, []], [4, [4, 9, 7]], [9, []], [7, []], [10, [10, 14, 8]], [14, []], [8, []]], [[0, []], [1, [1]], [11, [11]], [6, [6, 13]], [13, []], [15, [15]], [3, [3]]]], [[[1, [1]]], [[11, [11]]], [[5, [5, 12]]], [[6, [6, 13]]], [[4, [4, 9, 7]]], [[10, [10, 14, 8]]], [[15, [15]]], [[3, [3]]]]], [[[[0, [2]], [2, []], [5, [5, 12]], [12, []], [4, [4]], [15, [15]], [3, [3]]], [[0, []], [1, [1]], [11, [11]], [6, [6, 9, 13]], [7, [7]], [9, []], [8, [8, 10, 14]], [13, []], [10, []], [14, []]]], [[[5, [5, 12]]], [[1, [1]]], [[11, [11]]], [[6, [6, 9, 13]]], [[4, [4]]], [[7, [7]]], [[15, [15]]], [[8, [8, 10, 14]]], [[3, [3]]]]]], "Numrun": 5, "all_fitness": [270.3290778116323, 273.0954624693133, 273.0954624693133, 273.0954624693133]}
{"file_name": "U_15_1", "number_of_trucks": 2, "drone_capacity": 10, "number_of_drones": 2, "iteration": 5, "best_fitness": 270.3100592298367, "runtime": 53.96453142166138, "best_solution": [[[[0, [2, 13, 1]], [13, []], [2, []], [1, []], [4, [4]], [15, [15, 10]], [10, [14]], [14, []]], [[0, [5]], [5, []], [12, [12, 11]], [11, []], [6, [6, 9]], [9, []], [7, [7]], [8, [8]], [3, [3]]]], [[[12, [12, 11]]], [[6, [6, 9]]], [[4, [4]]], [[7, [7]]], [[15, [15, 10]]], [[8, [8]]], [[10, [14]]], [[3, [3]]]]], "all_solution": [[[[[0, [2, 12, 1]], [2, []], [12, []], [1, []], [7, [7, 4]], [8, [8]], [4, []], [3, [3]]], [[0, [5]], [5, []], [9, [9, 6, 11, 13]], [6, []], [11, []], [15, [15, 10]], [10, [14]], [13, []], [14, []]]], [[[9, [9, 6, 11, 13]]], [[15, [15, 10]]], [[7, [7, 4]]], [[8, [8]]], [[10, [14]]], [[3, [3]]]]], [[[[0, [12, 5]], [12, []], [5, []], [4, [4]], [15, [15]], [3, [3]]], [[0, [2]], [2, []], [1, [1]], [11, [11]], [13, [13, 9, 6]], [9, []], [6, []], [10, [10, 14, 8, 7]], [14, []], [7, []], [8, []]]], [[[1, [1]]], [[11, [11]]], [[4, [4]]], [[13, [13, 9, 6]]], [[10, [10, 14, 8, 7]]], [[15, [15]]], [[3, [3]]]]], [[[[0, [2]], [2, []], [5, [5, 12]], [12, []], [4, [4, 9, 7]], [9, []], [7, []], [10, [10, 14, 8]], [14, []], [8, []]], [[0, []], [1, [1]], [11, [11]], [6, [6, 13]], [13, []], [15, [15]], [3, [3]]]], [[[1, [1]]], [[11, [11]]], [[5, [5, 12]]], [[6, [6, 13]]], [[4, [4, 9, 7]]], [[10, [10, 14, 8]]], [[15, [15]]], [[3, [3]]]]], [[[[0, [2]], [2, []], [5, [5, 12]], [12, []], [4, [4]], [15, [15]], [3, [3]]], [[0, []], [1, [1]], [11, [11]], [6, [6, 9, 13]], [7, [7]], [9, []], [8, [8, 10, 14]], [13, []], [10, []], [14, []]]], [[[5, [5, 12]]], [[1, [1]]], [[11, [11]]], [[6, [6, 9, 13]]], [[4, [4]]], [[7, [7]]], [[15, [15]]], [[8, [8, 10, 14]]], [[3, [3]]]]], [[[[0, [2, 13, 1]], [13, []], [2, []], [1, []], [4, [4]], [15, [15, 10]], [10, [14]], [14, []]], [[0, [5]], [5, []], [12, [12, 11]], [11, []], [6, [6, 9]], [9, []], [7, [7]], [8, [8]], [3, [3]]]], [[[12, [12, 11]]], [[6, [6, 9]]], [[4, [4]]], [[7, [7]]], [[15, [15, 10]]], [[8, [8]]], [[10, [14]]], [[3, [3]]]]]], "Numrun": 5, "all_fitness": [270.3290778116323, 273.0954624693133, 273.0954624693133, 273.0954624693133, 270.3100592298367]}
