{"file_name": "U_15_1", "number_of_trucks": 2, "drone_capacity": 10, "number_of_drones": 2, "iteration": 1, "best_fitness": 383.73221758442077, "runtime": 55.40677738189697, "best_solution": [[[[0, [1, 15]], [1, []], [15, [7, 12]], [7, []], [12, []], [4, [4, 10, 13]], [10, []], [13, []], [2, [2]]], [[0, []], [11, [11]], [8, [8, 3, 9, 5]], [3, []], [9, []], [5, [14, 6]], [6, []], [14, []]]], [[[15, [7, 12]]], [[11, [11]]], [[8, [8, 3, 9, 5]]], [[4, [4, 10, 13]]], [[5, [14, 6]]], [[2, [2]]]]], "all_solution": [[[[[0, [1, 15]], [1, []], [15, [7, 12]], [7, []], [12, []], [4, [4, 10, 13]], [10, []], [13, []], [2, [2]]], [[0, []], [11, [11]], [8, [8, 3, 9, 5]], [3, []], [9, []], [5, [14, 6]], [6, []], [14, []]]], [[[15, [7, 12]]], [[11, [11]]], [[8, [8, 3, 9, 5]]], [[4, [4, 10, 13]]], [[5, [14, 6]]], [[2, [2]]]]]], "Numrun": 5, "all_fitness": [383.73221758442077]}
{"file_name": "U_15_1", "number_of_trucks": 2, "drone_capacity": 10, "number_of_drones": 2, "iteration": 2, "best_fitness": 383.73221758442077, "runtime": 54.56767916679382, "best_solution": [[[[0, []], [1, [1, 15]], [15, []], [7, [7, 9]], [9, []], [4, [4]], [6, [6, 14]], [14, []]], [[0, []], [11, [11]], [3, [3]], [12, [12]], [8, [8, 5, 13, 10]], [5, []], [13, []], [10, []], [2, [2]]]], [[[11, [11]]], [[3, [3]]], [[1, [1, 15]]], [[12, [12]]], [[7, [7, 9]]], [[4, [4]]], [[8, [8, 5, 13, 10]]], [[6, [6, 14]]], [[2, [2]]]]], "all_solution": [[[[[0, [1, 15]], [1, []], [15, [7, 12]], [7, []], [12, []], [4, [4, 10, 13]], [10, []], [13, []], [2, [2]]], [[0, []], [11, [11]], [8, [8, 3, 9, 5]], [3, []], [9, []], [5, [14, 6]], [6, []], [14, []]]], [[[15, [7, 12]]], [[11, [11]]], [[8, [8, 3, 9, 5]]], [[4, [4, 10, 13]]], [[5, [14, 6]]], [[2, [2]]]]], [[[[0, []], [1, [1, 15]], [15, []], [7, [7, 9]], [9, []], [4, [4]], [6, [6, 14]], [14, []]], [[0, []], [11, [11]], [3, [3]], [12, [12]], [8, [8, 5, 13, 10]], [5, []], [13, []], [10, []], [2, [2]]]], [[[11, [11]]], [[3, [3]]], [[1, [1, 15]]], [[12, [12]]], [[7, [7, 9]]], [[4, [4]]], [[8, [8, 5, 13, 10]]], [[6, [6, 14]]], [[2, [2]]]]]], "Numrun": 5, "all_fitness": [383.73221758442077, 383.73221758442077]}
{"file_name": "U_15_1", "number_of_trucks": 2, "drone_capacity": 10, "number_of_drones": 2, "iteration": 3, "best_fitness": 383.73221758442077, "runtime": 57.67973327636719, "best_solution": [[[[0, [11]], [11, []], [9, [9]], [7, [7, 1]], [1, []], [15, [15, 12]], [4, [4]], [12, []], [6, [6, 14]], [14, []]], [[0, [8, 3, 5, 13, 10]], [8, []], [3, []], [5, []], [13, []], [10, []], [2, [2]]]], [[[9, [9]]], [[7, [7, 1]]], [[15, [15, 12]]], [[4, [4]]], [[6, [6, 14]]], [[2, [2]]]]], "all_solution": [[[[[0, [1, 15]], [1, []], [15, [7, 12]], [7, []], [12, []], [4, [4, 10, 13]], [10, []], [13, []], [2, [2]]], [[0, []], [11, [11]], [8, [8, 3, 9, 5]], [3, []], [9, []], [5, [14, 6]], [6, []], [14, []]]], [[[15, [7, 12]]], [[11, [11]]], [[8, [8, 3, 9, 5]]], [[4, [4, 10, 13]]], [[5, [14, 6]]], [[2, [2]]]]], [[[[0, []], [1, [1, 15]], [15, []], [7, [7, 9]], [9, []], [4, [4]], [6, [6, 14]], [14, []]], [[0, []], [11, [11]], [3, [3]], [12, [12]], [8, [8, 5, 13, 10]], [5, []], [13, []], [10, []], [2, [2]]]], [[[11, [11]]], [[3, [3]]], [[1, [1, 15]]], [[12, [12]]], [[7, [7, 9]]], [[4, [4]]], [[8, [8, 5, 13, 10]]], [[6, [6, 14]]], [[2, [2]]]]], [[[[0, [11]], [11, []], [9, [9]], [7, [7, 1]], [1, []], [15, [15, 12]], [4, [4]], [12, []], [6, [6, 14]], [14, []]], [[0, [8, 3, 5, 13, 10]], [8, []], [3, []], [5, []], [13, []], [10, []], [2, [2]]]], [[[9, [9]]], [[7, [7, 1]]], [[15, [15, 12]]], [[4, [4]]], [[6, [6, 14]]], [[2, [2]]]]]], "Numrun": 5, "all_fitness": [383.73221758442077, 383.73221758442077, 383.73221758442077]}
{"file_name": "U_15_1", "number_of_trucks": 2, "drone_capacity": 10, "number_of_drones": 2, "iteration": 4, "best_fitness": 383.73221758442077, "runtime": 57.798354148864746, "best_solution": [[[[0, []], [1, [1, 15]], [15, []], [7, [7, 9]], [9, []], [4, [4]], [6, [6, 14]], [14, []]], [[0, []], [11, [11]], [3, [3]], [12, [12]], [8, [8, 5, 13, 10]], [5, []], [13, []], [10, []], [2, [2]]]], [[[11, [11]]], [[3, [3]]], [[1, [1, 15]]], [[12, [12]]], [[7, [7, 9]]], [[4, [4]]], [[8, [8, 5, 13, 10]]], [[6, [6, 14]]], [[2, [2]]]]], "all_solution": [[[[[0, [1, 15]], [1, []], [15, [7, 12]], [7, []], [12, []], [4, [4, 10, 13]], [10, []], [13, []], [2, [2]]], [[0, []], [11, [11]], [8, [8, 3, 9, 5]], [3, []], [9, []], [5, [14, 6]], [6, []], [14, []]]], [[[15, [7, 12]]], [[11, [11]]], [[8, [8, 3, 9, 5]]], [[4, [4, 10, 13]]], [[5, [14, 6]]], [[2, [2]]]]], [[[[0, []], [1, [1, 15]], [15, []], [7, [7, 9]], [9, []], [4, [4]], [6, [6, 14]], [14, []]], [[0, []], [11, [11]], [3, [3]], [12, [12]], [8, [8, 5, 13, 10]], [5, []], [13, []], [10, []], [2, [2]]]], [[[11, [11]]], [[3, [3]]], [[1, [1, 15]]], [[12, [12]]], [[7, [7, 9]]], [[4, [4]]], [[8, [8, 5, 13, 10]]], [[6, [6, 14]]], [[2, [2]]]]], [[[[0, [11]], [11, []], [9, [9]], [7, [7, 1]], [1, []], [15, [15, 12]], [4, [4]], [12, []], [6, [6, 14]], [14, []]], [[0, [8, 3, 5, 13, 10]], [8, []], [3, []], [5, []], [13, []], [10, []], [2, [2]]]], [[[9, [9]]], [[7, [7, 1]]], [[15, [15, 12]]], [[4, [4]]], [[6, [6, 14]]], [[2, [2]]]]], [[[[0, []], [1, [1, 15]], [15, []], [7, [7, 9]], [9, []], [4, [4]], [6, [6, 14]], [14, []]], [[0, []], [11, [11]], [3, [3]], [12, [12]], [8, [8, 5, 13, 10]], [5, []], [13, []], [10, []], [2, [2]]]], [[[11, [11]]], [[3, [3]]], [[1, [1, 15]]], [[12, [12]]], [[7, [7, 9]]], [[4, [4]]], [[8, [8, 5, 13, 10]]], [[6, [6, 14]]], [[2, [2]]]]]], "Numrun": 5, "all_fitness": [383.73221758442077, 383.73221758442077, 383.73221758442077, 383.73221758442077]}
{"file_name": "U_15_1", "number_of_trucks": 2, "drone_capacity": 10, "number_of_drones": 2, "iteration": 5, "best_fitness": 383.73221758442077, "runtime": 57.817949295043945, "best_solution": [[[[0, []], [1, [1, 15]], [15, []], [7, [7, 9]], [9, []], [4, [4]], [14, [14, 6]], [6, []]], [[0, []], [11, [11]], [3, [3]], [12, [12]], [8, [8, 5, 13, 10]], [5, []], [13, []], [10, []], [2, [2]]]], [[[11, [11]]], [[3, [3]]], [[1, [1, 15]]], [[12, [12]]], [[7, [7, 9]]], [[4, [4]]], [[8, [8, 5, 13, 10]]], [[14, [14, 6]]], [[2, [2]]]]], "all_solution": [[[[[0, [1, 15]], [1, []], [15, [7, 12]], [7, []], [12, []], [4, [4, 10, 13]], [10, []], [13, []], [2, [2]]], [[0, []], [11, [11]], [8, [8, 3, 9, 5]], [3, []], [9, []], [5, [14, 6]], [6, []], [14, []]]], [[[15, [7, 12]]], [[11, [11]]], [[8, [8, 3, 9, 5]]], [[4, [4, 10, 13]]], [[5, [14, 6]]], [[2, [2]]]]], [[[[0, []], [1, [1, 15]], [15, []], [7, [7, 9]], [9, []], [4, [4]], [6, [6, 14]], [14, []]], [[0, []], [11, [11]], [3, [3]], [12, [12]], [8, [8, 5, 13, 10]], [5, []], [13, []], [10, []], [2, [2]]]], [[[11, [11]]], [[3, [3]]], [[1, [1, 15]]], [[12, [12]]], [[7, [7, 9]]], [[4, [4]]], [[8, [8, 5, 13, 10]]], [[6, [6, 14]]], [[2, [2]]]]], [[[[0, [11]], [11, []], [9, [9]], [7, [7, 1]], [1, []], [15, [15, 12]], [4, [4]], [12, []], [6, [6, 14]], [14, []]], [[0, [8, 3, 5, 13, 10]], [8, []], [3, []], [5, []], [13, []], [10, []], [2, [2]]]], [[[9, [9]]], [[7, [7, 1]]], [[15, [15, 12]]], [[4, [4]]], [[6, [6, 14]]], [[2, [2]]]]], [[[[0, []], [1, [1, 15]], [15, []], [7, [7, 9]], [9, []], [4, [4]], [6, [6, 14]], [14, []]], [[0, []], [11, [11]], [3, [3]], [12, [12]], [8, [8, 5, 13, 10]], [5, []], [13, []], [10, []], [2, [2]]]], [[[11, [11]]], [[3, [3]]], [[1, [1, 15]]], [[12, [12]]], [[7, [7, 9]]], [[4, [4]]], [[8, [8, 5, 13, 10]]], [[6, [6, 14]]], [[2, [2]]]]], [[[[0, []], [1, [1, 15]], [15, []], [7, [7, 9]], [9, []], [4, [4]], [14, [14, 6]], [6, []]], [[0, []], [11, [11]], [3, [3]], [12, [12]], [8, [8, 5, 13, 10]], [5, []], [13, []], [10, []], [2, [2]]]], [[[11, [11]]], [[3, [3]]], [[1, [1, 15]]], [[12, [12]]], [[7, [7, 9]]], [[4, [4]]], [[8, [8, 5, 13, 10]]], [[14, [14, 6]]], [[2, [2]]]]]], "Numrun": 5, "all_fitness": [383.73221758442077, 383.73221758442077, 383.73221758442077, 383.73221758442077, 383.73221758442077]}
