{"file_name": "U_15_1", "number_of_trucks": 2, "drone_capacity": 10, "number_of_drones": 2, "iteration": 1, "best_fitness": 312.19480521160267, "runtime": 53.040093183517456, "best_solution": [[[[0, [15]], [15, []], [6, [6, 13]], [13, []], [9, [9]], [2, [2]], [14, [14]], [12, [12]]], [[0, [3, 1]], [3, []], [1, []], [5, [5, 10]], [10, []], [4, [4]], [7, [7, 8]], [8, []], [11, [11]]]], [[[6, [6, 13]]], [[9, [9]]], [[5, [5, 10]]], [[2, [2]]], [[4, [4]]], [[7, [7, 8]]], [[14, [14]]], [[12, [12]]], [[11, [11]]]]], "all_solution": [[[[[0, [15]], [15, []], [6, [6, 13]], [13, []], [9, [9]], [2, [2]], [14, [14]], [12, [12]]], [[0, [3, 1]], [3, []], [1, []], [5, [5, 10]], [10, []], [4, [4]], [7, [7, 8]], [8, []], [11, [11]]]], [[[6, [6, 13]]], [[9, [9]]], [[5, [5, 10]]], [[2, [2]]], [[4, [4]]], [[7, [7, 8]]], [[14, [14]]], [[12, [12]]], [[11, [11]]]]]], "Numrun": 5, "all_fitness": [312.19480521160267]}
{"file_name": "U_15_1", "number_of_trucks": 2, "drone_capacity": 10, "number_of_drones": 2, "iteration": 2, "best_fitness": 312.19480521160267, "runtime": 64.28607296943665, "best_solution": [[[[0, [3, 6]], [3, []], [2, [2, 4]], [6, []], [4, []], [14, [14]], [12, [12]]], [[0, [5, 13, 15, 10, 9]], [13, []], [15, []], [9, []], [7, [7, 1, 8]], [8, []], [1, []], [5, []], [10, []], [11, [11]]]], [[[7, [7, 1, 8]]], [[2, [2, 4]]], [[14, [14]]], [[11, [11]]], [[12, [12]]]]], "all_solution": [[[[[0, [15]], [15, []], [6, [6, 13]], [13, []], [9, [9]], [2, [2]], [14, [14]], [12, [12]]], [[0, [3, 1]], [3, []], [1, []], [5, [5, 10]], [10, []], [4, [4]], [7, [7, 8]], [8, []], [11, [11]]]], [[[6, [6, 13]]], [[9, [9]]], [[5, [5, 10]]], [[2, [2]]], [[4, [4]]], [[7, [7, 8]]], [[14, [14]]], [[12, [12]]], [[11, [11]]]]], [[[[0, [3, 6]], [3, []], [2, [2, 4]], [6, []], [4, []], [14, [14]], [12, [12]]], [[0, [5, 13, 15, 10, 9]], [13, []], [15, []], [9, []], [7, [7, 1, 8]], [8, []], [1, []], [5, []], [10, []], [11, [11]]]], [[[7, [7, 1, 8]]], [[2, [2, 4]]], [[14, [14]]], [[11, [11]]], [[12, [12]]]]]], "Numrun": 5, "all_fitness": [312.19480521160267, 312.19480521160267]}
{"file_name": "U_15_1", "number_of_trucks": 2, "drone_capacity": 10, "number_of_drones": 2, "iteration": 3, "best_fitness": 312.19480521160267, "runtime": 51.21195340156555, "best_solution": [[[[0, [15]], [15, []], [6, [6, 13]], [13, []], [9, [9]], [2, [2]], [14, [14]], [12, [12]]], [[0, [3, 1]], [3, []], [1, []], [5, [5, 10]], [10, []], [4, [4]], [7, [7, 8]], [8, []], [11, [11]]]], [[[6, [6, 13]]], [[9, [9]]], [[5, [5, 10]]], [[2, [2]]], [[4, [4]]], [[7, [7, 8]]], [[14, [14]]], [[12, [12]]], [[11, [11]]]]], "all_solution": [[[[[0, [15]], [15, []], [6, [6, 13]], [13, []], [9, [9]], [2, [2]], [14, [14]], [12, [12]]], [[0, [3, 1]], [3, []], [1, []], [5, [5, 10]], [10, []], [4, [4]], [7, [7, 8]], [8, []], [11, [11]]]], [[[6, [6, 13]]], [[9, [9]]], [[5, [5, 10]]], [[2, [2]]], [[4, [4]]], [[7, [7, 8]]], [[14, [14]]], [[12, [12]]], [[11, [11]]]]], [[[[0, [3, 6]], [3, []], [2, [2, 4]], [6, []], [4, []], [14, [14]], [12, [12]]], [[0, [5, 13, 15, 10, 9]], [13, []], [15, []], [9, []], [7, [7, 1, 8]], [8, []], [1, []], [5, []], [10, []], [11, [11]]]], [[[7, [7, 1, 8]]], [[2, [2, 4]]], [[14, [14]]], [[11, [11]]], [[12, [12]]]]], [[[[0, [15]], [15, []], [6, [6, 13]], [13, []], [9, [9]], [2, [2]], [14, [14]], [12, [12]]], [[0, [3, 1]], [3, []], [1, []], [5, [5, 10]], [10, []], [4, [4]], [7, [7, 8]], [8, []], [11, [11]]]], [[[6, [6, 13]]], [[9, [9]]], [[5, [5, 10]]], [[2, [2]]], [[4, [4]]], [[7, [7, 8]]], [[14, [14]]], [[12, [12]]], [[11, [11]]]]]], "Numrun": 5, "all_fitness": [312.19480521160267, 312.19480521160267, 312.19480521160267]}
{"file_name": "U_15_1", "number_of_trucks": 2, "drone_capacity": 10, "number_of_drones": 2, "iteration": 4, "best_fitness": 312.19480521160267, "runtime": 54.70710015296936, "best_solution": [[[[0, [15, 6]], [15, []], [6, []], [13, [13, 10]], [10, []], [7, [7, 4]], [4, []], [14, [14]], [12, [12]]], [[0, [3]], [1, [1]], [5, [5, 9]], [9, []], [3, []], [2, [2, 8]], [8, []], [11, [11]]]], [[[1, [1]]], [[13, [13, 10]]], [[5, [5, 9]]], [[7, [7, 4]]], [[14, [14]]], [[2, [2, 8]]], [[11, [11]]], [[12, [12]]]]], "all_solution": [[[[[0, [15]], [15, []], [6, [6, 13]], [13, []], [9, [9]], [2, [2]], [14, [14]], [12, [12]]], [[0, [3, 1]], [3, []], [1, []], [5, [5, 10]], [10, []], [4, [4]], [7, [7, 8]], [8, []], [11, [11]]]], [[[6, [6, 13]]], [[9, [9]]], [[5, [5, 10]]], [[2, [2]]], [[4, [4]]], [[7, [7, 8]]], [[14, [14]]], [[12, [12]]], [[11, [11]]]]], [[[[0, [3, 6]], [3, []], [2, [2, 4]], [6, []], [4, []], [14, [14]], [12, [12]]], [[0, [5, 13, 15, 10, 9]], [13, []], [15, []], [9, []], [7, [7, 1, 8]], [8, []], [1, []], [5, []], [10, []], [11, [11]]]], [[[7, [7, 1, 8]]], [[2, [2, 4]]], [[14, [14]]], [[11, [11]]], [[12, [12]]]]], [[[[0, [15]], [15, []], [6, [6, 13]], [13, []], [9, [9]], [2, [2]], [14, [14]], [12, [12]]], [[0, [3, 1]], [3, []], [1, []], [5, [5, 10]], [10, []], [4, [4]], [7, [7, 8]], [8, []], [11, [11]]]], [[[6, [6, 13]]], [[9, [9]]], [[5, [5, 10]]], [[2, [2]]], [[4, [4]]], [[7, [7, 8]]], [[14, [14]]], [[12, [12]]], [[11, [11]]]]], [[[[0, [15, 6]], [15, []], [6, []], [13, [13, 10]], [10, []], [7, [7, 4]], [4, []], [14, [14]], [12, [12]]], [[0, [3]], [1, [1]], [5, [5, 9]], [9, []], [3, []], [2, [2, 8]], [8, []], [11, [11]]]], [[[1, [1]]], [[13, [13, 10]]], [[5, [5, 9]]], [[7, [7, 4]]], [[14, [14]]], [[2, [2, 8]]], [[11, [11]]], [[12, [12]]]]]], "Numrun": 5, "all_fitness": [312.19480521160267, 312.19480521160267, 312.19480521160267, 312.19480521160267]}
{"file_name": "U_15_1", "number_of_trucks": 2, "drone_capacity": 10, "number_of_drones": 2, "iteration": 5, "best_fitness": 312.19480521160267, "runtime": 55.09704256057739, "best_solution": [[[[0, [15, 5, 13, 9, 10]], [13, []], [10, []], [15, [7, 8]], [9, []], [5, []], [7, []], [8, []], [11, [11]]], [[0, [6]], [1, [1, 3]], [3, []], [2, [2, 4]], [4, []], [6, []], [14, [14]], [12, [12]]]], [[[15, [7, 8]]], [[1, [1, 3]]], [[2, [2, 4]]], [[14, [14]]], [[12, [12]]], [[11, [11]]]]], "all_solution": [[[[[0, [15]], [15, []], [6, [6, 13]], [13, []], [9, [9]], [2, [2]], [14, [14]], [12, [12]]], [[0, [3, 1]], [3, []], [1, []], [5, [5, 10]], [10, []], [4, [4]], [7, [7, 8]], [8, []], [11, [11]]]], [[[6, [6, 13]]], [[9, [9]]], [[5, [5, 10]]], [[2, [2]]], [[4, [4]]], [[7, [7, 8]]], [[14, [14]]], [[12, [12]]], [[11, [11]]]]], [[[[0, [3, 6]], [3, []], [2, [2, 4]], [6, []], [4, []], [14, [14]], [12, [12]]], [[0, [5, 13, 15, 10, 9]], [13, []], [15, []], [9, []], [7, [7, 1, 8]], [8, []], [1, []], [5, []], [10, []], [11, [11]]]], [[[7, [7, 1, 8]]], [[2, [2, 4]]], [[14, [14]]], [[11, [11]]], [[12, [12]]]]], [[[[0, [15]], [15, []], [6, [6, 13]], [13, []], [9, [9]], [2, [2]], [14, [14]], [12, [12]]], [[0, [3, 1]], [3, []], [1, []], [5, [5, 10]], [10, []], [4, [4]], [7, [7, 8]], [8, []], [11, [11]]]], [[[6, [6, 13]]], [[9, [9]]], [[5, [5, 10]]], [[2, [2]]], [[4, [4]]], [[7, [7, 8]]], [[14, [14]]], [[12, [12]]], [[11, [11]]]]], [[[[0, [15, 6]], [15, []], [6, []], [13, [13, 10]], [10, []], [7, [7, 4]], [4, []], [14, [14]], [12, [12]]], [[0, [3]], [1, [1]], [5, [5, 9]], [9, []], [3, []], [2, [2, 8]], [8, []], [11, [11]]]], [[[1, [1]]], [[13, [13, 10]]], [[5, [5, 9]]], [[7, [7, 4]]], [[14, [14]]], [[2, [2, 8]]], [[11, [11]]], [[12, [12]]]]], [[[[0, [15, 5, 13, 9, 10]], [13, []], [10, []], [15, [7, 8]], [9, []], [5, []], [7, []], [8, []], [11, [11]]], [[0, [6]], [1, [1, 3]], [3, []], [2, [2, 4]], [4, []], [6, []], [14, [14]], [12, [12]]]], [[[15, [7, 8]]], [[1, [1, 3]]], [[2, [2, 4]]], [[14, [14]]], [[12, [12]]], [[11, [11]]]]]], "Numrun": 5, "all_fitness": [312.19480521160267, 312.19480521160267, 312.19480521160267, 312.19480521160267, 312.19480521160267]}
