{"file_name": "U_15_0", "number_of_trucks": 2, "drone_capacity": 10, "number_of_drones": 2, "iteration": 1, "best_fitness": 216.96373522446171, "runtime": 80.81417298316956, "best_solution": [[[[0, []], [9, [9, 2, 6]], [2, []], [14, [14, 5, 7, 13, 12]], [5, []], [7, []], [6, []], [13, []], [12, []]], [[0, []], [15, [15, 8, 1, 11]], [8, []], [1, []], [4, [4, 10, 3]], [10, []], [3, []], [11, []]]], [[[15, [15, 8, 1, 11]]], [[9, [9, 2, 6]]], [[14, [14, 5, 7, 13, 12]]], [[4, [4, 10, 3]]]]], "all_solution": [[[[[0, []], [9, [9, 2, 6]], [2, []], [14, [14, 5, 7, 13, 12]], [5, []], [7, []], [6, []], [13, []], [12, []]], [[0, []], [15, [15, 8, 1, 11]], [8, []], [1, []], [4, [4, 10, 3]], [10, []], [3, []], [11, []]]], [[[15, [15, 8, 1, 11]]], [[9, [9, 2, 6]]], [[14, [14, 5, 7, 13, 12]]], [[4, [4, 10, 3]]]]]], "Numrun": 5, "all_fitness": [216.96373522446171]}
{"file_name": "U_15_0", "number_of_trucks": 2, "drone_capacity": 10, "number_of_drones": 2, "iteration": 2, "best_fitness": 216.96373522446171, "runtime": 109.45648837089539, "best_solution": [[[[0, []], [15, [15, 1, 8, 11]], [8, []], [1, []], [4, [4, 10, 3]], [10, []], [3, []], [11, []]], [[0, []], [6, [6]], [12, [12, 13, 7, 9, 2, 5, 14]], [13, []], [7, []], [2, []], [9, []], [5, []], [14, []]]], [[[6, [6]]], [[15, [15, 1, 8, 11]]], [[12, [12, 13, 7, 9, 2, 5, 14]]], [[4, [4, 10, 3]]]]], "all_solution": [[[[[0, []], [9, [9, 2, 6]], [2, []], [14, [14, 5, 7, 13, 12]], [5, []], [7, []], [6, []], [13, []], [12, []]], [[0, []], [15, [15, 8, 1, 11]], [8, []], [1, []], [4, [4, 10, 3]], [10, []], [3, []], [11, []]]], [[[15, [15, 8, 1, 11]]], [[9, [9, 2, 6]]], [[14, [14, 5, 7, 13, 12]]], [[4, [4, 10, 3]]]]], [[[[0, []], [15, [15, 1, 8, 11]], [8, []], [1, []], [4, [4, 10, 3]], [10, []], [3, []], [11, []]], [[0, []], [6, [6]], [12, [12, 13, 7, 9, 2, 5, 14]], [13, []], [7, []], [2, []], [9, []], [5, []], [14, []]]], [[[6, [6]]], [[15, [15, 1, 8, 11]]], [[12, [12, 13, 7, 9, 2, 5, 14]]], [[4, [4, 10, 3]]]]]], "Numrun": 5, "all_fitness": [216.96373522446171, 216.96373522446171]}
{"file_name": "U_15_0", "number_of_trucks": 2, "drone_capacity": 10, "number_of_drones": 2, "iteration": 3, "best_fitness": 215.24373522446172, "runtime": 136.64095091819763, "best_solution": [[[[0, []], [15, [15, 11, 1]], [11, []], [1, []], [4, [4, 10, 3]], [10, []], [3, []]], [[0, []], [9, [9, 2, 6, 8]], [8, []], [14, [14, 5, 12, 13, 7]], [5, []], [2, []], [7, []], [6, []], [13, []], [12, []]]], [[[15, [15, 11, 1]]], [[9, [9, 2, 6, 8]]], [[14, [14, 5, 12, 13, 7]]], [[4, [4, 10, 3]]]]], "all_solution": [[[[[0, []], [9, [9, 2, 6]], [2, []], [14, [14, 5, 7, 13, 12]], [5, []], [7, []], [6, []], [13, []], [12, []]], [[0, []], [15, [15, 8, 1, 11]], [8, []], [1, []], [4, [4, 10, 3]], [10, []], [3, []], [11, []]]], [[[15, [15, 8, 1, 11]]], [[9, [9, 2, 6]]], [[14, [14, 5, 7, 13, 12]]], [[4, [4, 10, 3]]]]], [[[[0, []], [15, [15, 1, 8, 11]], [8, []], [1, []], [4, [4, 10, 3]], [10, []], [3, []], [11, []]], [[0, []], [6, [6]], [12, [12, 13, 7, 9, 2, 5, 14]], [13, []], [7, []], [2, []], [9, []], [5, []], [14, []]]], [[[6, [6]]], [[15, [15, 1, 8, 11]]], [[12, [12, 13, 7, 9, 2, 5, 14]]], [[4, [4, 10, 3]]]]], [[[[0, []], [15, [15, 11, 1]], [11, []], [1, []], [4, [4, 10, 3]], [10, []], [3, []]], [[0, []], [9, [9, 2, 6, 8]], [8, []], [14, [14, 5, 12, 13, 7]], [5, []], [2, []], [7, []], [6, []], [13, []], [12, []]]], [[[15, [15, 11, 1]]], [[9, [9, 2, 6, 8]]], [[14, [14, 5, 12, 13, 7]]], [[4, [4, 10, 3]]]]]], "Numrun": 5, "all_fitness": [216.96373522446171, 216.96373522446171, 215.24373522446172]}
{"file_name": "U_15_0", "number_of_trucks": 2, "drone_capacity": 10, "number_of_drones": 2, "iteration": 4, "best_fitness": 217.64104238976162, "runtime": 110.40245342254639, "best_solution": [[[[0, []], [9, [9, 2, 6]], [2, []], [14, [14, 5, 7, 13, 12]], [5, []], [7, []], [6, []], [13, []], [12, []]], [[0, []], [15, [15, 8, 1, 11]], [8, []], [1, []], [10, [10, 4, 3]], [4, []], [3, []], [11, []]]], [[[15, [15, 8, 1, 11]]], [[9, [9, 2, 6]]], [[14, [14, 5, 7, 13, 12]]], [[10, [10, 4, 3]]]]], "all_solution": [[[[[0, []], [9, [9, 2, 6]], [2, []], [14, [14, 5, 7, 13, 12]], [5, []], [7, []], [6, []], [13, []], [12, []]], [[0, []], [15, [15, 8, 1, 11]], [8, []], [1, []], [4, [4, 10, 3]], [10, []], [3, []], [11, []]]], [[[15, [15, 8, 1, 11]]], [[9, [9, 2, 6]]], [[14, [14, 5, 7, 13, 12]]], [[4, [4, 10, 3]]]]], [[[[0, []], [15, [15, 1, 8, 11]], [8, []], [1, []], [4, [4, 10, 3]], [10, []], [3, []], [11, []]], [[0, []], [6, [6]], [12, [12, 13, 7, 9, 2, 5, 14]], [13, []], [7, []], [2, []], [9, []], [5, []], [14, []]]], [[[6, [6]]], [[15, [15, 1, 8, 11]]], [[12, [12, 13, 7, 9, 2, 5, 14]]], [[4, [4, 10, 3]]]]], [[[[0, []], [15, [15, 11, 1]], [11, []], [1, []], [4, [4, 10, 3]], [10, []], [3, []]], [[0, []], [9, [9, 2, 6, 8]], [8, []], [14, [14, 5, 12, 13, 7]], [5, []], [2, []], [7, []], [6, []], [13, []], [12, []]]], [[[15, [15, 11, 1]]], [[9, [9, 2, 6, 8]]], [[14, [14, 5, 12, 13, 7]]], [[4, [4, 10, 3]]]]], [[[[0, []], [9, [9, 2, 6]], [2, []], [14, [14, 5, 7, 13, 12]], [5, []], [7, []], [6, []], [13, []], [12, []]], [[0, []], [15, [15, 8, 1, 11]], [8, []], [1, []], [10, [10, 4, 3]], [4, []], [3, []], [11, []]]], [[[15, [15, 8, 1, 11]]], [[9, [9, 2, 6]]], [[14, [14, 5, 7, 13, 12]]], [[10, [10, 4, 3]]]]]], "Numrun": 5, "all_fitness": [216.96373522446171, 216.96373522446171, 215.24373522446172, 217.64104238976162]}
{"file_name": "U_15_0", "number_of_trucks": 2, "drone_capacity": 10, "number_of_drones": 2, "iteration": 5, "best_fitness": 217.64104238976162, "runtime": 94.33245038986206, "best_solution": [[[[0, []], [15, [15, 8, 1, 11]], [8, []], [1, []], [10, [10, 4, 3]], [4, []], [3, []], [11, []]], [[0, []], [6, [6, 2]], [12, [12, 5, 13, 14, 7, 9]], [13, []], [7, []], [2, []], [9, []], [5, []], [14, []]]], [[[15, [15, 8, 1, 11]]], [[6, [6, 2]]], [[12, [12, 5, 13, 14, 7, 9]]], [[10, [10, 4, 3]]]]], "all_solution": [[[[[0, []], [9, [9, 2, 6]], [2, []], [14, [14, 5, 7, 13, 12]], [5, []], [7, []], [6, []], [13, []], [12, []]], [[0, []], [15, [15, 8, 1, 11]], [8, []], [1, []], [4, [4, 10, 3]], [10, []], [3, []], [11, []]]], [[[15, [15, 8, 1, 11]]], [[9, [9, 2, 6]]], [[14, [14, 5, 7, 13, 12]]], [[4, [4, 10, 3]]]]], [[[[0, []], [15, [15, 1, 8, 11]], [8, []], [1, []], [4, [4, 10, 3]], [10, []], [3, []], [11, []]], [[0, []], [6, [6]], [12, [12, 13, 7, 9, 2, 5, 14]], [13, []], [7, []], [2, []], [9, []], [5, []], [14, []]]], [[[6, [6]]], [[15, [15, 1, 8, 11]]], [[12, [12, 13, 7, 9, 2, 5, 14]]], [[4, [4, 10, 3]]]]], [[[[0, []], [15, [15, 11, 1]], [11, []], [1, []], [4, [4, 10, 3]], [10, []], [3, []]], [[0, []], [9, [9, 2, 6, 8]], [8, []], [14, [14, 5, 12, 13, 7]], [5, []], [2, []], [7, []], [6, []], [13, []], [12, []]]], [[[15, [15, 11, 1]]], [[9, [9, 2, 6, 8]]], [[14, [14, 5, 12, 13, 7]]], [[4, [4, 10, 3]]]]], [[[[0, []], [9, [9, 2, 6]], [2, []], [14, [14, 5, 7, 13, 12]], [5, []], [7, []], [6, []], [13, []], [12, []]], [[0, []], [15, [15, 8, 1, 11]], [8, []], [1, []], [10, [10, 4, 3]], [4, []], [3, []], [11, []]]], [[[15, [15, 8, 1, 11]]], [[9, [9, 2, 6]]], [[14, [14, 5, 7, 13, 12]]], [[10, [10, 4, 3]]]]], [[[[0, []], [15, [15, 8, 1, 11]], [8, []], [1, []], [10, [10, 4, 3]], [4, []], [3, []], [11, []]], [[0, []], [6, [6, 2]], [12, [12, 5, 13, 14, 7, 9]], [13, []], [7, []], [2, []], [9, []], [5, []], [14, []]]], [[[15, [15, 8, 1, 11]]], [[6, [6, 2]]], [[12, [12, 5, 13, 14, 7, 9]]], [[10, [10, 4, 3]]]]]], "Numrun": 5, "all_fitness": [216.96373522446171, 216.96373522446171, 215.24373522446172, 217.64104238976162, 217.64104238976162]}
