{"file_name": "U_15_1", "number_of_trucks": 2, "drone_capacity": 10, "number_of_drones": 2, "iteration": 1, "best_fitness": 296.8149178054394, "runtime": 51.7290141582489, "best_solution": [[[[0, []], [5, [5]], [13, [13]], [9, [9, 8]], [8, []], [14, [14, 15]], [15, []], [3, [3]]], [[0, [2, 7, 12]], [2, []], [7, []], [12, []], [10, [10]], [6, [6, 11, 1]], [11, []], [1, []], [4, [4]]]], [[[5, [5]]], [[13, [13]]], [[10, [10]]], [[6, [6, 11, 1]]], [[9, [9, 8]]], [[14, [14, 15]]], [[3, [3]]], [[4, [4]]]]], "all_solution": [[[[[0, []], [5, [5]], [13, [13]], [9, [9, 8]], [8, []], [14, [14, 15]], [15, []], [3, [3]]], [[0, [2, 7, 12]], [2, []], [7, []], [12, []], [10, [10]], [6, [6, 11, 1]], [11, []], [1, []], [4, [4]]]], [[[5, [5]]], [[13, [13]]], [[10, [10]]], [[6, [6, 11, 1]]], [[9, [9, 8]]], [[14, [14, 15]]], [[3, [3]]], [[4, [4]]]]]], "Numrun": 5, "all_fitness": [296.8149178054394]}
{"file_name": "U_15_1", "number_of_trucks": 2, "drone_capacity": 10, "number_of_drones": 2, "iteration": 2, "best_fitness": 296.8149178054394, "runtime": 61.420175075531006, "best_solution": [[[[0, [7]], [5, [5]], [7, []], [8, [8]], [14, [14, 15, 11, 1]], [15, []], [11, []], [1, []], [3, [3]]], [[0, [12, 2]], [12, []], [9, [9, 13, 10]], [2, []], [6, [6]], [13, []], [10, []], [4, [4]]]], [[[5, [5]]], [[9, [9, 13, 10]]], [[6, [6]]], [[8, [8]]], [[14, [14, 15, 11, 1]]], [[3, [3]]], [[4, [4]]]]], "all_solution": [[[[[0, []], [5, [5]], [13, [13]], [9, [9, 8]], [8, []], [14, [14, 15]], [15, []], [3, [3]]], [[0, [2, 7, 12]], [2, []], [7, []], [12, []], [10, [10]], [6, [6, 11, 1]], [11, []], [1, []], [4, [4]]]], [[[5, [5]]], [[13, [13]]], [[10, [10]]], [[6, [6, 11, 1]]], [[9, [9, 8]]], [[14, [14, 15]]], [[3, [3]]], [[4, [4]]]]], [[[[0, [7]], [5, [5]], [7, []], [8, [8]], [14, [14, 15, 11, 1]], [15, []], [11, []], [1, []], [3, [3]]], [[0, [12, 2]], [12, []], [9, [9, 13, 10]], [2, []], [6, [6]], [13, []], [10, []], [4, [4]]]], [[[5, [5]]], [[9, [9, 13, 10]]], [[6, [6]]], [[8, [8]]], [[14, [14, 15, 11, 1]]], [[3, [3]]], [[4, [4]]]]]], "Numrun": 5, "all_fitness": [296.8149178054394, 296.8149178054394]}
{"file_name": "U_15_1", "number_of_trucks": 2, "drone_capacity": 10, "number_of_drones": 2, "iteration": 3, "best_fitness": 296.8149178054394, "runtime": 52.486987352371216, "best_solution": [[[[0, [2, 7]], [2, []], [7, []], [13, [13, 10]], [10, []], [6, [6, 1]], [1, []], [4, [4]]], [[0, [12]], [12, []], [5, [5]], [9, [9, 8, 11]], [14, [14, 15]], [15, []], [8, []], [11, []], [3, [3]]]], [[[5, [5]]], [[13, [13, 10]]], [[9, [9, 8, 11]]], [[6, [6, 1]]], [[14, [14, 15]]], [[3, [3]]], [[4, [4]]]]], "all_solution": [[[[[0, []], [5, [5]], [13, [13]], [9, [9, 8]], [8, []], [14, [14, 15]], [15, []], [3, [3]]], [[0, [2, 7, 12]], [2, []], [7, []], [12, []], [10, [10]], [6, [6, 11, 1]], [11, []], [1, []], [4, [4]]]], [[[5, [5]]], [[13, [13]]], [[10, [10]]], [[6, [6, 11, 1]]], [[9, [9, 8]]], [[14, [14, 15]]], [[3, [3]]], [[4, [4]]]]], [[[[0, [7]], [5, [5]], [7, []], [8, [8]], [14, [14, 15, 11, 1]], [15, []], [11, []], [1, []], [3, [3]]], [[0, [12, 2]], [12, []], [9, [9, 13, 10]], [2, []], [6, [6]], [13, []], [10, []], [4, [4]]]], [[[5, [5]]], [[9, [9, 13, 10]]], [[6, [6]]], [[8, [8]]], [[14, [14, 15, 11, 1]]], [[3, [3]]], [[4, [4]]]]], [[[[0, [2, 7]], [2, []], [7, []], [13, [13, 10]], [10, []], [6, [6, 1]], [1, []], [4, [4]]], [[0, [12]], [12, []], [5, [5]], [9, [9, 8, 11]], [14, [14, 15]], [15, []], [8, []], [11, []], [3, [3]]]], [[[5, [5]]], [[13, [13, 10]]], [[9, [9, 8, 11]]], [[6, [6, 1]]], [[14, [14, 15]]], [[3, [3]]], [[4, [4]]]]]], "Numrun": 5, "all_fitness": [296.8149178054394, 296.8149178054394, 296.8149178054394]}
{"file_name": "U_15_1", "number_of_trucks": 2, "drone_capacity": 10, "number_of_drones": 2, "iteration": 4, "best_fitness": 296.8149178054394, "runtime": 52.77119040489197, "best_solution": [[[[0, [2, 7]], [2, []], [7, []], [13, [13]], [9, [9, 8]], [15, [15, 14]], [14, []], [8, []], [3, [3]]], [[0, [12]], [12, []], [5, [5, 10]], [6, [6, 11, 1]], [11, []], [1, []], [10, []], [4, [4]]]], [[[5, [5, 10]]], [[13, [13]]], [[9, [9, 8]]], [[6, [6, 11, 1]]], [[15, [15, 14]]], [[3, [3]]], [[4, [4]]]]], "all_solution": [[[[[0, []], [5, [5]], [13, [13]], [9, [9, 8]], [8, []], [14, [14, 15]], [15, []], [3, [3]]], [[0, [2, 7, 12]], [2, []], [7, []], [12, []], [10, [10]], [6, [6, 11, 1]], [11, []], [1, []], [4, [4]]]], [[[5, [5]]], [[13, [13]]], [[10, [10]]], [[6, [6, 11, 1]]], [[9, [9, 8]]], [[14, [14, 15]]], [[3, [3]]], [[4, [4]]]]], [[[[0, [7]], [5, [5]], [7, []], [8, [8]], [14, [14, 15, 11, 1]], [15, []], [11, []], [1, []], [3, [3]]], [[0, [12, 2]], [12, []], [9, [9, 13, 10]], [2, []], [6, [6]], [13, []], [10, []], [4, [4]]]], [[[5, [5]]], [[9, [9, 13, 10]]], [[6, [6]]], [[8, [8]]], [[14, [14, 15, 11, 1]]], [[3, [3]]], [[4, [4]]]]], [[[[0, [2, 7]], [2, []], [7, []], [13, [13, 10]], [10, []], [6, [6, 1]], [1, []], [4, [4]]], [[0, [12]], [12, []], [5, [5]], [9, [9, 8, 11]], [14, [14, 15]], [15, []], [8, []], [11, []], [3, [3]]]], [[[5, [5]]], [[13, [13, 10]]], [[9, [9, 8, 11]]], [[6, [6, 1]]], [[14, [14, 15]]], [[3, [3]]], [[4, [4]]]]], [[[[0, [2, 7]], [2, []], [7, []], [13, [13]], [9, [9, 8]], [15, [15, 14]], [14, []], [8, []], [3, [3]]], [[0, [12]], [12, []], [5, [5, 10]], [6, [6, 11, 1]], [11, []], [1, []], [10, []], [4, [4]]]], [[[5, [5, 10]]], [[13, [13]]], [[9, [9, 8]]], [[6, [6, 11, 1]]], [[15, [15, 14]]], [[3, [3]]], [[4, [4]]]]]], "Numrun": 5, "all_fitness": [296.8149178054394, 296.8149178054394, 296.8149178054394, 296.8149178054394]}
{"file_name": "U_15_1", "number_of_trucks": 2, "drone_capacity": 10, "number_of_drones": 2, "iteration": 5, "best_fitness": 296.8149178054394, "runtime": 52.35491156578064, "best_solution": [[[[0, [2, 7]], [2, []], [7, []], [13, [13, 10]], [10, []], [6, [6, 11, 1]], [11, []], [1, []], [4, [4]]], [[0, [12]], [12, []], [5, [5]], [9, [9, 8]], [8, []], [14, [14, 15]], [15, []], [3, [3]]]], [[[5, [5]]], [[13, [13, 10]]], [[9, [9, 8]]], [[6, [6, 11, 1]]], [[14, [14, 15]]], [[3, [3]]], [[4, [4]]]]], "all_solution": [[[[[0, []], [5, [5]], [13, [13]], [9, [9, 8]], [8, []], [14, [14, 15]], [15, []], [3, [3]]], [[0, [2, 7, 12]], [2, []], [7, []], [12, []], [10, [10]], [6, [6, 11, 1]], [11, []], [1, []], [4, [4]]]], [[[5, [5]]], [[13, [13]]], [[10, [10]]], [[6, [6, 11, 1]]], [[9, [9, 8]]], [[14, [14, 15]]], [[3, [3]]], [[4, [4]]]]], [[[[0, [7]], [5, [5]], [7, []], [8, [8]], [14, [14, 15, 11, 1]], [15, []], [11, []], [1, []], [3, [3]]], [[0, [12, 2]], [12, []], [9, [9, 13, 10]], [2, []], [6, [6]], [13, []], [10, []], [4, [4]]]], [[[5, [5]]], [[9, [9, 13, 10]]], [[6, [6]]], [[8, [8]]], [[14, [14, 15, 11, 1]]], [[3, [3]]], [[4, [4]]]]], [[[[0, [2, 7]], [2, []], [7, []], [13, [13, 10]], [10, []], [6, [6, 1]], [1, []], [4, [4]]], [[0, [12]], [12, []], [5, [5]], [9, [9, 8, 11]], [14, [14, 15]], [15, []], [8, []], [11, []], [3, [3]]]], [[[5, [5]]], [[13, [13, 10]]], [[9, [9, 8, 11]]], [[6, [6, 1]]], [[14, [14, 15]]], [[3, [3]]], [[4, [4]]]]], [[[[0, [2, 7]], [2, []], [7, []], [13, [13]], [9, [9, 8]], [15, [15, 14]], [14, []], [8, []], [3, [3]]], [[0, [12]], [12, []], [5, [5, 10]], [6, [6, 11, 1]], [11, []], [1, []], [10, []], [4, [4]]]], [[[5, [5, 10]]], [[13, [13]]], [[9, [9, 8]]], [[6, [6, 11, 1]]], [[15, [15, 14]]], [[3, [3]]], [[4, [4]]]]], [[[[0, [2, 7]], [2, []], [7, []], [13, [13, 10]], [10, []], [6, [6, 11, 1]], [11, []], [1, []], [4, [4]]], [[0, [12]], [12, []], [5, [5]], [9, [9, 8]], [8, []], [14, [14, 15]], [15, []], [3, [3]]]], [[[5, [5]]], [[13, [13, 10]]], [[9, [9, 8]]], [[6, [6, 11, 1]]], [[14, [14, 15]]], [[3, [3]]], [[4, [4]]]]]], "Numrun": 5, "all_fitness": [296.8149178054394, 296.8149178054394, 296.8149178054394, 296.8149178054394, 296.8149178054394]}
