{"file_name": "U_15_0", "number_of_trucks": 2, "drone_capacity": 10, "number_of_drones": 2, "iteration": 1, "best_fitness": 161.31082227047511, "runtime": 93.28079724311829, "best_solution": [[[[0, [5]], [5, []], [2, [2, 11, 10, 9, 4]], [9, []], [4, []], [3, [3, 1, 6]], [1, []], [6, []], [11, []], [10, []]], [[0, [13]], [13, []], [8, [8]], [7, [7, 12, 15, 14]], [14, []], [12, []], [15, []]]], [[[8, [8]]], [[2, [2, 11, 10, 9, 4]]], [[7, [7, 12, 15, 14]]], [[3, [3, 1, 6]]]]], "all_solution": [[[[[0, [5]], [5, []], [2, [2, 11, 10, 9, 4]], [9, []], [4, []], [3, [3, 1, 6]], [1, []], [6, []], [11, []], [10, []]], [[0, [13]], [13, []], [8, [8]], [7, [7, 12, 15, 14]], [14, []], [12, []], [15, []]]], [[[8, [8]]], [[2, [2, 11, 10, 9, 4]]], [[7, [7, 12, 15, 14]]], [[3, [3, 1, 6]]]]]], "Numrun": 5, "all_fitness": [161.31082227047511]}
{"file_name": "U_15_0", "number_of_trucks": 2, "drone_capacity": 10, "number_of_drones": 2, "iteration": 2, "best_fitness": 159.1754624693133, "runtime": 90.07360363006592, "best_solution": [[[[0, [13]], [13, []], [9, [9]], [2, [2, 11, 4]], [4, []], [3, [3, 6, 1, 10]], [1, []], [6, []], [11, []], [10, []]], [[0, []], [5, [5]], [15, [15, 12, 7, 8, 14]], [12, []], [14, []], [7, []], [8, []]]], [[[5, [5]]], [[9, [9]]], [[2, [2, 11, 4]]], [[15, [15, 12, 7, 8, 14]]], [[3, [3, 6, 1, 10]]]]], "all_solution": [[[[[0, [5]], [5, []], [2, [2, 11, 10, 9, 4]], [9, []], [4, []], [3, [3, 1, 6]], [1, []], [6, []], [11, []], [10, []]], [[0, [13]], [13, []], [8, [8]], [7, [7, 12, 15, 14]], [14, []], [12, []], [15, []]]], [[[8, [8]]], [[2, [2, 11, 10, 9, 4]]], [[7, [7, 12, 15, 14]]], [[3, [3, 1, 6]]]]], [[[[0, [13]], [13, []], [9, [9]], [2, [2, 11, 4]], [4, []], [3, [3, 6, 1, 10]], [1, []], [6, []], [11, []], [10, []]], [[0, []], [5, [5]], [15, [15, 12, 7, 8, 14]], [12, []], [14, []], [7, []], [8, []]]], [[[5, [5]]], [[9, [9]]], [[2, [2, 11, 4]]], [[15, [15, 12, 7, 8, 14]]], [[3, [3, 6, 1, 10]]]]]], "Numrun": 5, "all_fitness": [161.31082227047511, 159.1754624693133]}
{"file_name": "U_15_0", "number_of_trucks": 2, "drone_capacity": 10, "number_of_drones": 2, "iteration": 3, "best_fitness": 161.31082227047511, "runtime": 87.07609915733337, "best_solution": [[[[0, []], [13, [13]], [8, [8]], [7, [7, 12, 15, 14]], [14, []], [12, []], [15, []]], [[0, [5]], [5, []], [11, [11, 4]], [6, [6, 1, 2, 10, 9, 3]], [1, []], [3, []], [4, []], [9, []], [2, []], [10, []]]], [[[13, [13]]], [[8, [8]]], [[11, [11, 4]]], [[7, [7, 12, 15, 14]]], [[6, [6, 1, 2, 10, 9, 3]]]]], "all_solution": [[[[[0, [5]], [5, []], [2, [2, 11, 10, 9, 4]], [9, []], [4, []], [3, [3, 1, 6]], [1, []], [6, []], [11, []], [10, []]], [[0, [13]], [13, []], [8, [8]], [7, [7, 12, 15, 14]], [14, []], [12, []], [15, []]]], [[[8, [8]]], [[2, [2, 11, 10, 9, 4]]], [[7, [7, 12, 15, 14]]], [[3, [3, 1, 6]]]]], [[[[0, [13]], [13, []], [9, [9]], [2, [2, 11, 4]], [4, []], [3, [3, 6, 1, 10]], [1, []], [6, []], [11, []], [10, []]], [[0, []], [5, [5]], [15, [15, 12, 7, 8, 14]], [12, []], [14, []], [7, []], [8, []]]], [[[5, [5]]], [[9, [9]]], [[2, [2, 11, 4]]], [[15, [15, 12, 7, 8, 14]]], [[3, [3, 6, 1, 10]]]]], [[[[0, []], [13, [13]], [8, [8]], [7, [7, 12, 15, 14]], [14, []], [12, []], [15, []]], [[0, [5]], [5, []], [11, [11, 4]], [6, [6, 1, 2, 10, 9, 3]], [1, []], [3, []], [4, []], [9, []], [2, []], [10, []]]], [[[13, [13]]], [[8, [8]]], [[11, [11, 4]]], [[7, [7, 12, 15, 14]]], [[6, [6, 1, 2, 10, 9, 3]]]]]], "Numrun": 5, "all_fitness": [161.31082227047511, 159.1754624693133, 161.31082227047511]}
{"file_name": "U_15_0", "number_of_trucks": 2, "drone_capacity": 10, "number_of_drones": 2, "iteration": 4, "best_fitness": 161.12907781163227, "runtime": 101.14920043945312, "best_solution": [[[[0, [5]], [5, []], [15, [15, 12, 7, 14, 10]], [12, []], [7, []], [14, []], [10, []]], [[0, [13]], [13, []], [8, [8]], [2, [2, 4, 9]], [9, []], [4, []], [3, [3, 1, 6, 11]], [1, []], [6, []], [11, []]]], [[[8, [8]]], [[2, [2, 4, 9]]], [[15, [15, 12, 7, 14, 10]]], [[3, [3, 1, 6, 11]]]]], "all_solution": [[[[[0, [5]], [5, []], [2, [2, 11, 10, 9, 4]], [9, []], [4, []], [3, [3, 1, 6]], [1, []], [6, []], [11, []], [10, []]], [[0, [13]], [13, []], [8, [8]], [7, [7, 12, 15, 14]], [14, []], [12, []], [15, []]]], [[[8, [8]]], [[2, [2, 11, 10, 9, 4]]], [[7, [7, 12, 15, 14]]], [[3, [3, 1, 6]]]]], [[[[0, [13]], [13, []], [9, [9]], [2, [2, 11, 4]], [4, []], [3, [3, 6, 1, 10]], [1, []], [6, []], [11, []], [10, []]], [[0, []], [5, [5]], [15, [15, 12, 7, 8, 14]], [12, []], [14, []], [7, []], [8, []]]], [[[5, [5]]], [[9, [9]]], [[2, [2, 11, 4]]], [[15, [15, 12, 7, 8, 14]]], [[3, [3, 6, 1, 10]]]]], [[[[0, []], [13, [13]], [8, [8]], [7, [7, 12, 15, 14]], [14, []], [12, []], [15, []]], [[0, [5]], [5, []], [11, [11, 4]], [6, [6, 1, 2, 10, 9, 3]], [1, []], [3, []], [4, []], [9, []], [2, []], [10, []]]], [[[13, [13]]], [[8, [8]]], [[11, [11, 4]]], [[7, [7, 12, 15, 14]]], [[6, [6, 1, 2, 10, 9, 3]]]]], [[[[0, [5]], [5, []], [15, [15, 12, 7, 14, 10]], [12, []], [7, []], [14, []], [10, []]], [[0, [13]], [13, []], [8, [8]], [2, [2, 4, 9]], [9, []], [4, []], [3, [3, 1, 6, 11]], [1, []], [6, []], [11, []]]], [[[8, [8]]], [[2, [2, 4, 9]]], [[15, [15, 12, 7, 14, 10]]], [[3, [3, 1, 6, 11]]]]]], "Numrun": 5, "all_fitness": [161.31082227047511, 159.1754624693133, 161.31082227047511, 161.12907781163227]}
{"file_name": "U_15_0", "number_of_trucks": 2, "drone_capacity": 10, "number_of_drones": 2, "iteration": 5, "best_fitness": 162.2554624693133, "runtime": 97.38631629943848, "best_solution": [[[[0, [13]], [13, []], [11, [11, 4, 9]], [6, [6, 1, 3, 10, 2]], [1, []], [3, []], [4, []], [9, []], [2, []], [10, []]], [[0, [5]], [5, []], [15, [15, 8, 14, 7, 12]], [8, []], [7, []], [14, []], [12, []]]], [[[15, [15, 8, 14, 7, 12]]], [[11, [11, 4, 9]]], [[6, [6, 1, 3, 10, 2]]]]], "all_solution": [[[[[0, [5]], [5, []], [2, [2, 11, 10, 9, 4]], [9, []], [4, []], [3, [3, 1, 6]], [1, []], [6, []], [11, []], [10, []]], [[0, [13]], [13, []], [8, [8]], [7, [7, 12, 15, 14]], [14, []], [12, []], [15, []]]], [[[8, [8]]], [[2, [2, 11, 10, 9, 4]]], [[7, [7, 12, 15, 14]]], [[3, [3, 1, 6]]]]], [[[[0, [13]], [13, []], [9, [9]], [2, [2, 11, 4]], [4, []], [3, [3, 6, 1, 10]], [1, []], [6, []], [11, []], [10, []]], [[0, []], [5, [5]], [15, [15, 12, 7, 8, 14]], [12, []], [14, []], [7, []], [8, []]]], [[[5, [5]]], [[9, [9]]], [[2, [2, 11, 4]]], [[15, [15, 12, 7, 8, 14]]], [[3, [3, 6, 1, 10]]]]], [[[[0, []], [13, [13]], [8, [8]], [7, [7, 12, 15, 14]], [14, []], [12, []], [15, []]], [[0, [5]], [5, []], [11, [11, 4]], [6, [6, 1, 2, 10, 9, 3]], [1, []], [3, []], [4, []], [9, []], [2, []], [10, []]]], [[[13, [13]]], [[8, [8]]], [[11, [11, 4]]], [[7, [7, 12, 15, 14]]], [[6, [6, 1, 2, 10, 9, 3]]]]], [[[[0, [5]], [5, []], [15, [15, 12, 7, 14, 10]], [12, []], [7, []], [14, []], [10, []]], [[0, [13]], [13, []], [8, [8]], [2, [2, 4, 9]], [9, []], [4, []], [3, [3, 1, 6, 11]], [1, []], [6, []], [11, []]]], [[[8, [8]]], [[2, [2, 4, 9]]], [[15, [15, 12, 7, 14, 10]]], [[3, [3, 1, 6, 11]]]]], [[[[0, [13]], [13, []], [11, [11, 4, 9]], [6, [6, 1, 3, 10, 2]], [1, []], [3, []], [4, []], [9, []], [2, []], [10, []]], [[0, [5]], [5, []], [15, [15, 8, 14, 7, 12]], [8, []], [7, []], [14, []], [12, []]]], [[[15, [15, 8, 14, 7, 12]]], [[11, [11, 4, 9]]], [[6, [6, 1, 3, 10, 2]]]]]], "Numrun": 5, "all_fitness": [161.31082227047511, 159.1754624693133, 161.31082227047511, 161.12907781163227, 162.2554624693133]}
