{"file_name": "U_15_0", "number_of_trucks": 2, "drone_capacity": 10, "number_of_drones": 2, "iteration": 1, "best_fitness": 221.85143567629837, "runtime": 68.53454327583313, "best_solution": [[[[0, [1, 14]], [14, []], [15, [15, 12]], [12, []], [1, []], [7, [7, 4, 5]], [5, []], [4, []]], [[0, [6]], [6, []], [13, [10, 8, 11, 2, 9, 13]], [10, []], [9, []], [8, []], [11, []], [3, [3]], [2, []]]], [[[13, [10, 8, 11, 2, 9, 13]]], [[15, [15, 12]]], [[7, [7, 4, 5]]], [[3, [3]]]]], "all_solution": [[[[[0, [1, 14]], [14, []], [15, [15, 12]], [12, []], [1, []], [7, [7, 4, 5]], [5, []], [4, []]], [[0, [6]], [6, []], [13, [10, 8, 11, 2, 9, 13]], [10, []], [9, []], [8, []], [11, []], [3, [3]], [2, []]]], [[[13, [10, 8, 11, 2, 9, 13]]], [[15, [15, 12]]], [[7, [7, 4, 5]]], [[3, [3]]]]]], "Numrun": 5, "all_fitness": [221.85143567629837]}
{"file_name": "U_15_0", "number_of_trucks": 2, "drone_capacity": 10, "number_of_drones": 2, "iteration": 2, "best_fitness": 225.2954031824152, "runtime": 96.13544774055481, "best_solution": [[[[0, [1]], [15, [15, 12, 10]], [12, []], [10, []], [5, [5, 7, 11]], [7, []], [1, []], [11, []]], [[0, [14, 6]], [6, []], [14, []], [13, [9, 8, 2, 13]], [9, []], [8, []], [3, [3, 4]], [2, []], [4, []]]], [[[13, [9, 8, 2, 13]]], [[15, [15, 12, 10]]], [[3, [3, 4]]], [[5, [5, 7, 11]]]]], "all_solution": [[[[[0, [1, 14]], [14, []], [15, [15, 12]], [12, []], [1, []], [7, [7, 4, 5]], [5, []], [4, []]], [[0, [6]], [6, []], [13, [10, 8, 11, 2, 9, 13]], [10, []], [9, []], [8, []], [11, []], [3, [3]], [2, []]]], [[[13, [10, 8, 11, 2, 9, 13]]], [[15, [15, 12]]], [[7, [7, 4, 5]]], [[3, [3]]]]], [[[[0, [1]], [15, [15, 12, 10]], [12, []], [10, []], [5, [5, 7, 11]], [7, []], [1, []], [11, []]], [[0, [14, 6]], [6, []], [14, []], [13, [9, 8, 2, 13]], [9, []], [8, []], [3, [3, 4]], [2, []], [4, []]]], [[[13, [9, 8, 2, 13]]], [[15, [15, 12, 10]]], [[3, [3, 4]]], [[5, [5, 7, 11]]]]]], "Numrun": 5, "all_fitness": [221.85143567629837, 225.2954031824152]}
{"file_name": "U_15_0", "number_of_trucks": 2, "drone_capacity": 10, "number_of_drones": 2, "iteration": 3, "best_fitness": 224.85143567629837, "runtime": 75.74471497535706, "best_solution": [[[[0, [14, 6, 13]], [6, [9, 8, 1]], [14, []], [13, []], [9, []], [8, []], [1, []], [7, [7, 4, 5, 10]], [5, []], [10, []], [4, []]], [[0, []], [12, [11, 2, 15, 12]], [15, []], [11, []], [3, [3]], [2, []]]], [[[6, [9, 8, 1]]], [[12, [11, 2, 15, 12]]], [[7, [7, 4, 5, 10]]], [[3, [3]]]]], "all_solution": [[[[[0, [1, 14]], [14, []], [15, [15, 12]], [12, []], [1, []], [7, [7, 4, 5]], [5, []], [4, []]], [[0, [6]], [6, []], [13, [10, 8, 11, 2, 9, 13]], [10, []], [9, []], [8, []], [11, []], [3, [3]], [2, []]]], [[[13, [10, 8, 11, 2, 9, 13]]], [[15, [15, 12]]], [[7, [7, 4, 5]]], [[3, [3]]]]], [[[[0, [1]], [15, [15, 12, 10]], [12, []], [10, []], [5, [5, 7, 11]], [7, []], [1, []], [11, []]], [[0, [14, 6]], [6, []], [14, []], [13, [9, 8, 2, 13]], [9, []], [8, []], [3, [3, 4]], [2, []], [4, []]]], [[[13, [9, 8, 2, 13]]], [[15, [15, 12, 10]]], [[3, [3, 4]]], [[5, [5, 7, 11]]]]], [[[[0, [14, 6, 13]], [6, [9, 8, 1]], [14, []], [13, []], [9, []], [8, []], [1, []], [7, [7, 4, 5, 10]], [5, []], [10, []], [4, []]], [[0, []], [12, [11, 2, 15, 12]], [15, []], [11, []], [3, [3]], [2, []]]], [[[6, [9, 8, 1]]], [[12, [11, 2, 15, 12]]], [[7, [7, 4, 5, 10]]], [[3, [3]]]]]], "Numrun": 5, "all_fitness": [221.85143567629837, 225.2954031824152, 224.85143567629837]}
{"file_name": "U_15_0", "number_of_trucks": 2, "drone_capacity": 10, "number_of_drones": 2, "iteration": 4, "best_fitness": 225.2954031824152, "runtime": 77.73373460769653, "best_solution": [[[[0, [1]], [15, [15, 12, 9, 10, 11]], [12, []], [9, []], [10, []], [5, [5, 7]], [7, []], [1, []], [11, []]], [[0, [6, 14]], [6, [13, 8, 2]], [14, []], [13, []], [8, []], [3, [3, 4]], [2, []], [4, []]]], [[[6, [13, 8, 2]]], [[15, [15, 12, 9, 10, 11]]], [[3, [3, 4]]], [[5, [5, 7]]]]], "all_solution": [[[[[0, [1, 14]], [14, []], [15, [15, 12]], [12, []], [1, []], [7, [7, 4, 5]], [5, []], [4, []]], [[0, [6]], [6, []], [13, [10, 8, 11, 2, 9, 13]], [10, []], [9, []], [8, []], [11, []], [3, [3]], [2, []]]], [[[13, [10, 8, 11, 2, 9, 13]]], [[15, [15, 12]]], [[7, [7, 4, 5]]], [[3, [3]]]]], [[[[0, [1]], [15, [15, 12, 10]], [12, []], [10, []], [5, [5, 7, 11]], [7, []], [1, []], [11, []]], [[0, [14, 6]], [6, []], [14, []], [13, [9, 8, 2, 13]], [9, []], [8, []], [3, [3, 4]], [2, []], [4, []]]], [[[13, [9, 8, 2, 13]]], [[15, [15, 12, 10]]], [[3, [3, 4]]], [[5, [5, 7, 11]]]]], [[[[0, [14, 6, 13]], [6, [9, 8, 1]], [14, []], [13, []], [9, []], [8, []], [1, []], [7, [7, 4, 5, 10]], [5, []], [10, []], [4, []]], [[0, []], [12, [11, 2, 15, 12]], [15, []], [11, []], [3, [3]], [2, []]]], [[[6, [9, 8, 1]]], [[12, [11, 2, 15, 12]]], [[7, [7, 4, 5, 10]]], [[3, [3]]]]], [[[[0, [1]], [15, [15, 12, 9, 10, 11]], [12, []], [9, []], [10, []], [5, [5, 7]], [7, []], [1, []], [11, []]], [[0, [6, 14]], [6, [13, 8, 2]], [14, []], [13, []], [8, []], [3, [3, 4]], [2, []], [4, []]]], [[[6, [13, 8, 2]]], [[15, [15, 12, 9, 10, 11]]], [[3, [3, 4]]], [[5, [5, 7]]]]]], "Numrun": 5, "all_fitness": [221.85143567629837, 225.2954031824152, 224.85143567629837, 225.2954031824152]}
{"file_name": "U_15_0", "number_of_trucks": 2, "drone_capacity": 10, "number_of_drones": 2, "iteration": 5, "best_fitness": 223.76159488331967, "runtime": 85.98264336585999, "best_solution": [[[[0, [14, 1]], [14, []], [15, [15, 12]], [12, []], [1, []], [7, [7, 5, 4]], [5, []], [4, []]], [[0, []], [6, [13, 6]], [13, []], [10, [10, 9, 11, 8, 2]], [9, []], [11, []], [8, []], [3, [3]], [2, []]]], [[[6, [13, 6]]], [[15, [15, 12]]], [[10, [10, 9, 11, 8, 2]]], [[7, [7, 5, 4]]], [[3, [3]]]]], "all_solution": [[[[[0, [1, 14]], [14, []], [15, [15, 12]], [12, []], [1, []], [7, [7, 4, 5]], [5, []], [4, []]], [[0, [6]], [6, []], [13, [10, 8, 11, 2, 9, 13]], [10, []], [9, []], [8, []], [11, []], [3, [3]], [2, []]]], [[[13, [10, 8, 11, 2, 9, 13]]], [[15, [15, 12]]], [[7, [7, 4, 5]]], [[3, [3]]]]], [[[[0, [1]], [15, [15, 12, 10]], [12, []], [10, []], [5, [5, 7, 11]], [7, []], [1, []], [11, []]], [[0, [14, 6]], [6, []], [14, []], [13, [9, 8, 2, 13]], [9, []], [8, []], [3, [3, 4]], [2, []], [4, []]]], [[[13, [9, 8, 2, 13]]], [[15, [15, 12, 10]]], [[3, [3, 4]]], [[5, [5, 7, 11]]]]], [[[[0, [14, 6, 13]], [6, [9, 8, 1]], [14, []], [13, []], [9, []], [8, []], [1, []], [7, [7, 4, 5, 10]], [5, []], [10, []], [4, []]], [[0, []], [12, [11, 2, 15, 12]], [15, []], [11, []], [3, [3]], [2, []]]], [[[6, [9, 8, 1]]], [[12, [11, 2, 15, 12]]], [[7, [7, 4, 5, 10]]], [[3, [3]]]]], [[[[0, [1]], [15, [15, 12, 9, 10, 11]], [12, []], [9, []], [10, []], [5, [5, 7]], [7, []], [1, []], [11, []]], [[0, [6, 14]], [6, [13, 8, 2]], [14, []], [13, []], [8, []], [3, [3, 4]], [2, []], [4, []]]], [[[6, [13, 8, 2]]], [[15, [15, 12, 9, 10, 11]]], [[3, [3, 4]]], [[5, [5, 7]]]]], [[[[0, [14, 1]], [14, []], [15, [15, 12]], [12, []], [1, []], [7, [7, 5, 4]], [5, []], [4, []]], [[0, []], [6, [13, 6]], [13, []], [10, [10, 9, 11, 8, 2]], [9, []], [11, []], [8, []], [3, [3]], [2, []]]], [[[6, [13, 6]]], [[15, [15, 12]]], [[10, [10, 9, 11, 8, 2]]], [[7, [7, 5, 4]]], [[3, [3]]]]]], "Numrun": 5, "all_fitness": [221.85143567629837, 225.2954031824152, 224.85143567629837, 225.2954031824152, 223.76159488331967]}
