{"file_name": "U_15_1", "number_of_trucks": 2, "drone_capacity": 10, "number_of_drones": 2, "iteration": 1, "best_fitness": 324.50539051014783, "runtime": 53.37985897064209, "best_solution": [[[[0, []], [1, [1, 15]], [15, []], [7, [7, 12]], [12, []], [4, [4, 10, 13]], [10, []], [13, []], [2, [2]]], [[0, [11]], [11, []], [3, [3]], [9, [9]], [8, [8, 5]], [5, []], [6, [6, 14]], [14, []]]], [[[1, [1, 15]]], [[3, [3]]], [[9, [9]]], [[8, [8, 5]]], [[7, [7, 12]]], [[4, [4, 10, 13]]], [[6, [6, 14]]], [[2, [2]]]]], "all_solution": [[[[[0, []], [1, [1, 15]], [15, []], [7, [7, 12]], [12, []], [4, [4, 10, 13]], [10, []], [13, []], [2, [2]]], [[0, [11]], [11, []], [3, [3]], [9, [9]], [8, [8, 5]], [5, []], [6, [6, 14]], [14, []]]], [[[1, [1, 15]]], [[3, [3]]], [[9, [9]]], [[8, [8, 5]]], [[7, [7, 12]]], [[4, [4, 10, 13]]], [[6, [6, 14]]], [[2, [2]]]]]], "Numrun": 5, "all_fitness": [324.50539051014783]}
{"file_name": "U_15_1", "number_of_trucks": 2, "drone_capacity": 10, "number_of_drones": 2, "iteration": 2, "best_fitness": 324.50539051014783, "runtime": 51.18558382987976, "best_solution": [[[[0, [15, 1]], [15, []], [1, []], [7, [7]], [12, [12]], [13, [13]], [8, [8, 14, 6]], [14, []], [6, []]], [[0, [11]], [11, []], [3, [3]], [9, [9, 5]], [5, []], [10, [10, 4]], [4, []], [2, [2]]]], [[[3, [3]]], [[9, [9, 5]]], [[7, [7]]], [[12, [12]]], [[13, [13]]], [[10, [10, 4]]], [[8, [8, 14, 6]]], [[2, [2]]]]], "all_solution": [[[[[0, []], [1, [1, 15]], [15, []], [7, [7, 12]], [12, []], [4, [4, 10, 13]], [10, []], [13, []], [2, [2]]], [[0, [11]], [11, []], [3, [3]], [9, [9]], [8, [8, 5]], [5, []], [6, [6, 14]], [14, []]]], [[[1, [1, 15]]], [[3, [3]]], [[9, [9]]], [[8, [8, 5]]], [[7, [7, 12]]], [[4, [4, 10, 13]]], [[6, [6, 14]]], [[2, [2]]]]], [[[[0, [15, 1]], [15, []], [1, []], [7, [7]], [12, [12]], [13, [13]], [8, [8, 14, 6]], [14, []], [6, []]], [[0, [11]], [11, []], [3, [3]], [9, [9, 5]], [5, []], [10, [10, 4]], [4, []], [2, [2]]]], [[[3, [3]]], [[9, [9, 5]]], [[7, [7]]], [[12, [12]]], [[13, [13]]], [[10, [10, 4]]], [[8, [8, 14, 6]]], [[2, [2]]]]]], "Numrun": 5, "all_fitness": [324.50539051014783, 324.50539051014783]}
{"file_name": "U_15_1", "number_of_trucks": 2, "drone_capacity": 10, "number_of_drones": 2, "iteration": 3, "best_fitness": 324.50539051014783, "runtime": 56.620699644088745, "best_solution": [[[[0, [15]], [1, [1]], [15, []], [7, [7, 12]], [12, []], [4, [4, 10, 13]], [10, []], [13, []], [2, [2]]], [[0, [11]], [3, [3]], [9, [9]], [11, []], [8, [8, 5]], [5, []], [14, [14, 6]], [6, []]]], [[[1, [1]]], [[3, [3]]], [[9, [9]]], [[7, [7, 12]]], [[8, [8, 5]]], [[4, [4, 10, 13]]], [[14, [14, 6]]], [[2, [2]]]]], "all_solution": [[[[[0, []], [1, [1, 15]], [15, []], [7, [7, 12]], [12, []], [4, [4, 10, 13]], [10, []], [13, []], [2, [2]]], [[0, [11]], [11, []], [3, [3]], [9, [9]], [8, [8, 5]], [5, []], [6, [6, 14]], [14, []]]], [[[1, [1, 15]]], [[3, [3]]], [[9, [9]]], [[8, [8, 5]]], [[7, [7, 12]]], [[4, [4, 10, 13]]], [[6, [6, 14]]], [[2, [2]]]]], [[[[0, [15, 1]], [15, []], [1, []], [7, [7]], [12, [12]], [13, [13]], [8, [8, 14, 6]], [14, []], [6, []]], [[0, [11]], [11, []], [3, [3]], [9, [9, 5]], [5, []], [10, [10, 4]], [4, []], [2, [2]]]], [[[3, [3]]], [[9, [9, 5]]], [[7, [7]]], [[12, [12]]], [[13, [13]]], [[10, [10, 4]]], [[8, [8, 14, 6]]], [[2, [2]]]]], [[[[0, [15]], [1, [1]], [15, []], [7, [7, 12]], [12, []], [4, [4, 10, 13]], [10, []], [13, []], [2, [2]]], [[0, [11]], [3, [3]], [9, [9]], [11, []], [8, [8, 5]], [5, []], [14, [14, 6]], [6, []]]], [[[1, [1]]], [[3, [3]]], [[9, [9]]], [[7, [7, 12]]], [[8, [8, 5]]], [[4, [4, 10, 13]]], [[14, [14, 6]]], [[2, [2]]]]]], "Numrun": 5, "all_fitness": [324.50539051014783, 324.50539051014783, 324.50539051014783]}
{"file_name": "U_15_1", "number_of_trucks": 2, "drone_capacity": 10, "number_of_drones": 2, "iteration": 4, "best_fitness": 324.50539051014783, "runtime": 54.392773389816284, "best_solution": [[[[0, [12, 9, 7]], [9, []], [7, []], [12, []], [4, [4]], [10, [10]], [2, [2]]], [[0, [15, 1, 11]], [15, []], [11, []], [1, []], [3, [3]], [13, [13, 8]], [5, [5]], [8, []], [14, [14, 6]], [6, []]]], [[[3, [3]]], [[13, [13, 8]]], [[4, [4]]], [[5, [5]]], [[10, [10]]], [[14, [14, 6]]], [[2, [2]]]]], "all_solution": [[[[[0, []], [1, [1, 15]], [15, []], [7, [7, 12]], [12, []], [4, [4, 10, 13]], [10, []], [13, []], [2, [2]]], [[0, [11]], [11, []], [3, [3]], [9, [9]], [8, [8, 5]], [5, []], [6, [6, 14]], [14, []]]], [[[1, [1, 15]]], [[3, [3]]], [[9, [9]]], [[8, [8, 5]]], [[7, [7, 12]]], [[4, [4, 10, 13]]], [[6, [6, 14]]], [[2, [2]]]]], [[[[0, [15, 1]], [15, []], [1, []], [7, [7]], [12, [12]], [13, [13]], [8, [8, 14, 6]], [14, []], [6, []]], [[0, [11]], [11, []], [3, [3]], [9, [9, 5]], [5, []], [10, [10, 4]], [4, []], [2, [2]]]], [[[3, [3]]], [[9, [9, 5]]], [[7, [7]]], [[12, [12]]], [[13, [13]]], [[10, [10, 4]]], [[8, [8, 14, 6]]], [[2, [2]]]]], [[[[0, [15]], [1, [1]], [15, []], [7, [7, 12]], [12, []], [4, [4, 10, 13]], [10, []], [13, []], [2, [2]]], [[0, [11]], [3, [3]], [9, [9]], [11, []], [8, [8, 5]], [5, []], [14, [14, 6]], [6, []]]], [[[1, [1]]], [[3, [3]]], [[9, [9]]], [[7, [7, 12]]], [[8, [8, 5]]], [[4, [4, 10, 13]]], [[14, [14, 6]]], [[2, [2]]]]], [[[[0, [12, 9, 7]], [9, []], [7, []], [12, []], [4, [4]], [10, [10]], [2, [2]]], [[0, [15, 1, 11]], [15, []], [11, []], [1, []], [3, [3]], [13, [13, 8]], [5, [5]], [8, []], [14, [14, 6]], [6, []]]], [[[3, [3]]], [[13, [13, 8]]], [[4, [4]]], [[5, [5]]], [[10, [10]]], [[14, [14, 6]]], [[2, [2]]]]]], "Numrun": 5, "all_fitness": [324.50539051014783, 324.50539051014783, 324.50539051014783, 324.50539051014783]}
{"file_name": "U_15_1", "number_of_trucks": 2, "drone_capacity": 10, "number_of_drones": 2, "iteration": 5, "best_fitness": 324.50539051014783, "runtime": 52.00214624404907, "best_solution": [[[[0, [1]], [15, [15]], [1, []], [7, [7, 12]], [12, []], [4, [4, 13]], [10, [10]], [13, []], [2, [2]]], [[0, [11, 3]], [9, [9]], [11, []], [3, []], [8, [8, 5]], [5, []], [6, [6, 14]], [14, []]]], [[[15, [15]]], [[9, [9]]], [[7, [7, 12]]], [[8, [8, 5]]], [[4, [4, 13]]], [[10, [10]]], [[6, [6, 14]]], [[2, [2]]]]], "all_solution": [[[[[0, []], [1, [1, 15]], [15, []], [7, [7, 12]], [12, []], [4, [4, 10, 13]], [10, []], [13, []], [2, [2]]], [[0, [11]], [11, []], [3, [3]], [9, [9]], [8, [8, 5]], [5, []], [6, [6, 14]], [14, []]]], [[[1, [1, 15]]], [[3, [3]]], [[9, [9]]], [[8, [8, 5]]], [[7, [7, 12]]], [[4, [4, 10, 13]]], [[6, [6, 14]]], [[2, [2]]]]], [[[[0, [15, 1]], [15, []], [1, []], [7, [7]], [12, [12]], [13, [13]], [8, [8, 14, 6]], [14, []], [6, []]], [[0, [11]], [11, []], [3, [3]], [9, [9, 5]], [5, []], [10, [10, 4]], [4, []], [2, [2]]]], [[[3, [3]]], [[9, [9, 5]]], [[7, [7]]], [[12, [12]]], [[13, [13]]], [[10, [10, 4]]], [[8, [8, 14, 6]]], [[2, [2]]]]], [[[[0, [15]], [1, [1]], [15, []], [7, [7, 12]], [12, []], [4, [4, 10, 13]], [10, []], [13, []], [2, [2]]], [[0, [11]], [3, [3]], [9, [9]], [11, []], [8, [8, 5]], [5, []], [14, [14, 6]], [6, []]]], [[[1, [1]]], [[3, [3]]], [[9, [9]]], [[7, [7, 12]]], [[8, [8, 5]]], [[4, [4, 10, 13]]], [[14, [14, 6]]], [[2, [2]]]]], [[[[0, [12, 9, 7]], [9, []], [7, []], [12, []], [4, [4]], [10, [10]], [2, [2]]], [[0, [15, 1, 11]], [15, []], [11, []], [1, []], [3, [3]], [13, [13, 8]], [5, [5]], [8, []], [14, [14, 6]], [6, []]]], [[[3, [3]]], [[13, [13, 8]]], [[4, [4]]], [[5, [5]]], [[10, [10]]], [[14, [14, 6]]], [[2, [2]]]]], [[[[0, [1]], [15, [15]], [1, []], [7, [7, 12]], [12, []], [4, [4, 13]], [10, [10]], [13, []], [2, [2]]], [[0, [11, 3]], [9, [9]], [11, []], [3, []], [8, [8, 5]], [5, []], [6, [6, 14]], [14, []]]], [[[15, [15]]], [[9, [9]]], [[7, [7, 12]]], [[8, [8, 5]]], [[4, [4, 13]]], [[10, [10]]], [[6, [6, 14]]], [[2, [2]]]]]], "Numrun": 5, "all_fitness": [324.50539051014783, 324.50539051014783, 324.50539051014783, 324.50539051014783, 324.50539051014783]}
