{"file_name": "U_15_1", "number_of_trucks": 2, "drone_capacity": 10, "number_of_drones": 2, "iteration": 1, "best_fitness": 307.8163467792325, "runtime": 75.68178105354309, "best_solution": [[[[0, [5]], [5, []], [6, [6, 9, 4, 13]], [4, []], [9, []], [13, []], [10, [10, 8, 7]], [8, []], [7, []], [14, [14]]], [[0, [2]], [1, [11, 1, 12]], [2, []], [12, []], [11, []], [15, [15]], [3, [3]]]], [[[1, [11, 1, 12]]], [[6, [6, 9, 4, 13]]], [[15, [15]]], [[10, [10, 8, 7]]], [[14, [14]]], [[3, [3]]]]], "all_solution": [[[[[0, [5]], [5, []], [6, [6, 9, 4, 13]], [4, []], [9, []], [13, []], [10, [10, 8, 7]], [8, []], [7, []], [14, [14]]], [[0, [2]], [1, [11, 1, 12]], [2, []], [12, []], [11, []], [15, [15]], [3, [3]]]], [[[1, [11, 1, 12]]], [[6, [6, 9, 4, 13]]], [[15, [15]]], [[10, [10, 8, 7]]], [[14, [14]]], [[3, [3]]]]]], "Numrun": 5, "all_fitness": [307.8163467792325]}
{"file_name": "U_15_1", "number_of_trucks": 2, "drone_capacity": 10, "number_of_drones": 2, "iteration": 2, "best_fitness": 308.2500699367885, "runtime": 88.81077980995178, "best_solution": [[[[0, [1, 11, 12, 6, 13, 2]], [11, []], [6, []], [1, []], [2, []], [13, []], [12, []], [8, [8, 7, 10]], [7, []], [14, [14]], [10, []]], [[0, [5]], [5, []], [9, [9]], [4, [4]], [15, [15]], [3, [3]]]], [[[9, [9]]], [[4, [4]]], [[15, [15]]], [[8, [8, 7, 10]]], [[14, [14]]], [[3, [3]]]]], "all_solution": [[[[[0, [5]], [5, []], [6, [6, 9, 4, 13]], [4, []], [9, []], [13, []], [10, [10, 8, 7]], [8, []], [7, []], [14, [14]]], [[0, [2]], [1, [11, 1, 12]], [2, []], [12, []], [11, []], [15, [15]], [3, [3]]]], [[[1, [11, 1, 12]]], [[6, [6, 9, 4, 13]]], [[15, [15]]], [[10, [10, 8, 7]]], [[14, [14]]], [[3, [3]]]]], [[[[0, [1, 11, 12, 6, 13, 2]], [11, []], [6, []], [1, []], [2, []], [13, []], [12, []], [8, [8, 7, 10]], [7, []], [14, [14]], [10, []]], [[0, [5]], [5, []], [9, [9]], [4, [4]], [15, [15]], [3, [3]]]], [[[9, [9]]], [[4, [4]]], [[15, [15]]], [[8, [8, 7, 10]]], [[14, [14]]], [[3, [3]]]]]], "Numrun": 5, "all_fitness": [307.8163467792325, 308.2500699367885]}
{"file_name": "U_15_1", "number_of_trucks": 2, "drone_capacity": 10, "number_of_drones": 2, "iteration": 3, "best_fitness": 310.63945957960397, "runtime": 53.92279410362244, "best_solution": [[[[0, []], [5, [5]], [9, [9, 6]], [6, []], [15, [15]], [3, [3]]], [[0, [2]], [1, [11, 1, 12]], [11, []], [13, [13]], [12, []], [2, []], [4, [4, 7]], [7, []], [8, [8, 14, 10]], [14, []], [10, []]]], [[[1, [11, 1, 12]]], [[5, [5]]], [[13, [13]]], [[9, [9, 6]]], [[4, [4, 7]]], [[15, [15]]], [[8, [8, 14, 10]]], [[3, [3]]]]], "all_solution": [[[[[0, [5]], [5, []], [6, [6, 9, 4, 13]], [4, []], [9, []], [13, []], [10, [10, 8, 7]], [8, []], [7, []], [14, [14]]], [[0, [2]], [1, [11, 1, 12]], [2, []], [12, []], [11, []], [15, [15]], [3, [3]]]], [[[1, [11, 1, 12]]], [[6, [6, 9, 4, 13]]], [[15, [15]]], [[10, [10, 8, 7]]], [[14, [14]]], [[3, [3]]]]], [[[[0, [1, 11, 12, 6, 13, 2]], [11, []], [6, []], [1, []], [2, []], [13, []], [12, []], [8, [8, 7, 10]], [7, []], [14, [14]], [10, []]], [[0, [5]], [5, []], [9, [9]], [4, [4]], [15, [15]], [3, [3]]]], [[[9, [9]]], [[4, [4]]], [[15, [15]]], [[8, [8, 7, 10]]], [[14, [14]]], [[3, [3]]]]], [[[[0, []], [5, [5]], [9, [9, 6]], [6, []], [15, [15]], [3, [3]]], [[0, [2]], [1, [11, 1, 12]], [11, []], [13, [13]], [12, []], [2, []], [4, [4, 7]], [7, []], [8, [8, 14, 10]], [14, []], [10, []]]], [[[1, [11, 1, 12]]], [[5, [5]]], [[13, [13]]], [[9, [9, 6]]], [[4, [4, 7]]], [[15, [15]]], [[8, [8, 14, 10]]], [[3, [3]]]]]], "Numrun": 5, "all_fitness": [307.8163467792325, 308.2500699367885, 310.63945957960397]}
{"file_name": "U_15_1", "number_of_trucks": 2, "drone_capacity": 10, "number_of_drones": 2, "iteration": 4, "best_fitness": 307.8163467792325, "runtime": 67.9454882144928, "best_solution": [[[[0, [1, 11]], [11, []], [6, [6, 4]], [4, []], [1, []], [15, [15]], [3, [3]]], [[0, [5, 12]], [5, []], [13, [13, 9, 2]], [12, []], [9, []], [2, []], [10, [10, 8, 7]], [8, []], [7, []], [14, [14]]]], [[[6, [6, 4]]], [[13, [13, 9, 2]]], [[15, [15]]], [[10, [10, 8, 7]]], [[14, [14]]], [[3, [3]]]]], "all_solution": [[[[[0, [5]], [5, []], [6, [6, 9, 4, 13]], [4, []], [9, []], [13, []], [10, [10, 8, 7]], [8, []], [7, []], [14, [14]]], [[0, [2]], [1, [11, 1, 12]], [2, []], [12, []], [11, []], [15, [15]], [3, [3]]]], [[[1, [11, 1, 12]]], [[6, [6, 9, 4, 13]]], [[15, [15]]], [[10, [10, 8, 7]]], [[14, [14]]], [[3, [3]]]]], [[[[0, [1, 11, 12, 6, 13, 2]], [11, []], [6, []], [1, []], [2, []], [13, []], [12, []], [8, [8, 7, 10]], [7, []], [14, [14]], [10, []]], [[0, [5]], [5, []], [9, [9]], [4, [4]], [15, [15]], [3, [3]]]], [[[9, [9]]], [[4, [4]]], [[15, [15]]], [[8, [8, 7, 10]]], [[14, [14]]], [[3, [3]]]]], [[[[0, []], [5, [5]], [9, [9, 6]], [6, []], [15, [15]], [3, [3]]], [[0, [2]], [1, [11, 1, 12]], [11, []], [13, [13]], [12, []], [2, []], [4, [4, 7]], [7, []], [8, [8, 14, 10]], [14, []], [10, []]]], [[[1, [11, 1, 12]]], [[5, [5]]], [[13, [13]]], [[9, [9, 6]]], [[4, [4, 7]]], [[15, [15]]], [[8, [8, 14, 10]]], [[3, [3]]]]], [[[[0, [1, 11]], [11, []], [6, [6, 4]], [4, []], [1, []], [15, [15]], [3, [3]]], [[0, [5, 12]], [5, []], [13, [13, 9, 2]], [12, []], [9, []], [2, []], [10, [10, 8, 7]], [8, []], [7, []], [14, [14]]]], [[[6, [6, 4]]], [[13, [13, 9, 2]]], [[15, [15]]], [[10, [10, 8, 7]]], [[14, [14]]], [[3, [3]]]]]], "Numrun": 5, "all_fitness": [307.8163467792325, 308.2500699367885, 310.63945957960397, 307.8163467792325]}
{"file_name": "U_15_1", "number_of_trucks": 2, "drone_capacity": 10, "number_of_drones": 2, "iteration": 5, "best_fitness": 307.8163467792325, "runtime": 80.52515506744385, "best_solution": [[[[0, [12, 5, 1]], [1, []], [11, [11, 6]], [12, []], [5, []], [15, [15]], [6, []], [3, [3]]], [[0, [2]], [4, [4, 9, 13]], [2, []], [9, []], [13, []], [10, [10, 8, 7]], [8, []], [7, []], [14, [14]]]], [[[11, [11, 6]]], [[4, [4, 9, 13]]], [[15, [15]]], [[10, [10, 8, 7]]], [[14, [14]]], [[3, [3]]]]], "all_solution": [[[[[0, [5]], [5, []], [6, [6, 9, 4, 13]], [4, []], [9, []], [13, []], [10, [10, 8, 7]], [8, []], [7, []], [14, [14]]], [[0, [2]], [1, [11, 1, 12]], [2, []], [12, []], [11, []], [15, [15]], [3, [3]]]], [[[1, [11, 1, 12]]], [[6, [6, 9, 4, 13]]], [[15, [15]]], [[10, [10, 8, 7]]], [[14, [14]]], [[3, [3]]]]], [[[[0, [1, 11, 12, 6, 13, 2]], [11, []], [6, []], [1, []], [2, []], [13, []], [12, []], [8, [8, 7, 10]], [7, []], [14, [14]], [10, []]], [[0, [5]], [5, []], [9, [9]], [4, [4]], [15, [15]], [3, [3]]]], [[[9, [9]]], [[4, [4]]], [[15, [15]]], [[8, [8, 7, 10]]], [[14, [14]]], [[3, [3]]]]], [[[[0, []], [5, [5]], [9, [9, 6]], [6, []], [15, [15]], [3, [3]]], [[0, [2]], [1, [11, 1, 12]], [11, []], [13, [13]], [12, []], [2, []], [4, [4, 7]], [7, []], [8, [8, 14, 10]], [14, []], [10, []]]], [[[1, [11, 1, 12]]], [[5, [5]]], [[13, [13]]], [[9, [9, 6]]], [[4, [4, 7]]], [[15, [15]]], [[8, [8, 14, 10]]], [[3, [3]]]]], [[[[0, [1, 11]], [11, []], [6, [6, 4]], [4, []], [1, []], [15, [15]], [3, [3]]], [[0, [5, 12]], [5, []], [13, [13, 9, 2]], [12, []], [9, []], [2, []], [10, [10, 8, 7]], [8, []], [7, []], [14, [14]]]], [[[6, [6, 4]]], [[13, [13, 9, 2]]], [[15, [15]]], [[10, [10, 8, 7]]], [[14, [14]]], [[3, [3]]]]], [[[[0, [12, 5, 1]], [1, []], [11, [11, 6]], [12, []], [5, []], [15, [15]], [6, []], [3, [3]]], [[0, [2]], [4, [4, 9, 13]], [2, []], [9, []], [13, []], [10, [10, 8, 7]], [8, []], [7, []], [14, [14]]]], [[[11, [11, 6]]], [[4, [4, 9, 13]]], [[15, [15]]], [[10, [10, 8, 7]]], [[14, [14]]], [[3, [3]]]]]], "Numrun": 5, "all_fitness": [307.8163467792325, 308.2500699367885, 310.63945957960397, 307.8163467792325, 307.8163467792325]}
