{"file_name": "U_15_1", "number_of_trucks": 2, "drone_capacity": 10, "number_of_drones": 2, "iteration": 1, "best_fitness": 189.75777607193154, "runtime": 64.55581879615784, "best_solution": [[[[0, [14]], [14, []], [15, [15, 10]], [5, [5]], [10, []], [13, [13, 8, 12]], [8, []], [12, []]], [[0, [7, 9]], [7, []], [2, [6, 2]], [9, []], [6, []], [4, [4, 3, 1]], [3, []], [1, []], [11, [11]]]], [[[2, [6, 2]]], [[15, [15, 10]]], [[5, [5]]], [[4, [4, 3, 1]]], [[13, [13, 8, 12]]], [[11, [11]]]]], "all_solution": [[[[[0, [14]], [14, []], [15, [15, 10]], [5, [5]], [10, []], [13, [13, 8, 12]], [8, []], [12, []]], [[0, [7, 9]], [7, []], [2, [6, 2]], [9, []], [6, []], [4, [4, 3, 1]], [3, []], [1, []], [11, [11]]]], [[[2, [6, 2]]], [[15, [15, 10]]], [[5, [5]]], [[4, [4, 3, 1]]], [[13, [13, 8, 12]]], [[11, [11]]]]]], "Numrun": 5, "all_fitness": [189.75777607193154]}
{"file_name": "U_15_1", "number_of_trucks": 2, "drone_capacity": 10, "number_of_drones": 2, "iteration": 2, "best_fitness": 189.75777607193154, "runtime": 68.47182893753052, "best_solution": [[[[0, [14]], [15, [15, 10]], [5, [5, 8]], [10, []], [8, []], [14, []], [13, [13, 12]], [12, []]], [[0, []], [7, [7]], [2, [2, 9, 6]], [9, []], [6, []], [4, [4, 3, 1]], [3, []], [1, []], [11, [11]]]], [[[7, [7]]], [[2, [2, 9, 6]]], [[15, [15, 10]]], [[5, [5, 8]]], [[4, [4, 3, 1]]], [[13, [13, 12]]], [[11, [11]]]]], "all_solution": [[[[[0, [14]], [14, []], [15, [15, 10]], [5, [5]], [10, []], [13, [13, 8, 12]], [8, []], [12, []]], [[0, [7, 9]], [7, []], [2, [6, 2]], [9, []], [6, []], [4, [4, 3, 1]], [3, []], [1, []], [11, [11]]]], [[[2, [6, 2]]], [[15, [15, 10]]], [[5, [5]]], [[4, [4, 3, 1]]], [[13, [13, 8, 12]]], [[11, [11]]]]], [[[[0, [14]], [15, [15, 10]], [5, [5, 8]], [10, []], [8, []], [14, []], [13, [13, 12]], [12, []]], [[0, []], [7, [7]], [2, [2, 9, 6]], [9, []], [6, []], [4, [4, 3, 1]], [3, []], [1, []], [11, [11]]]], [[[7, [7]]], [[2, [2, 9, 6]]], [[15, [15, 10]]], [[5, [5, 8]]], [[4, [4, 3, 1]]], [[13, [13, 12]]], [[11, [11]]]]]], "Numrun": 5, "all_fitness": [189.75777607193154, 189.75777607193154]}
{"file_name": "U_15_1", "number_of_trucks": 2, "drone_capacity": 10, "number_of_drones": 2, "iteration": 3, "best_fitness": 189.75777607193154, "runtime": 81.95341658592224, "best_solution": [[[[0, [9, 6]], [9, []], [2, [2]], [6, []], [4, [4, 3, 1]], [3, []], [1, []], [11, [11]]], [[0, [7]], [7, []], [15, [15, 10]], [5, [5]], [12, [12, 13, 8, 14]], [10, []], [8, []], [13, []], [14, []]]], [[[2, [2]]], [[15, [15, 10]]], [[5, [5]]], [[4, [4, 3, 1]]], [[12, [12, 13, 8, 14]]], [[11, [11]]]]], "all_solution": [[[[[0, [14]], [14, []], [15, [15, 10]], [5, [5]], [10, []], [13, [13, 8, 12]], [8, []], [12, []]], [[0, [7, 9]], [7, []], [2, [6, 2]], [9, []], [6, []], [4, [4, 3, 1]], [3, []], [1, []], [11, [11]]]], [[[2, [6, 2]]], [[15, [15, 10]]], [[5, [5]]], [[4, [4, 3, 1]]], [[13, [13, 8, 12]]], [[11, [11]]]]], [[[[0, [14]], [15, [15, 10]], [5, [5, 8]], [10, []], [8, []], [14, []], [13, [13, 12]], [12, []]], [[0, []], [7, [7]], [2, [2, 9, 6]], [9, []], [6, []], [4, [4, 3, 1]], [3, []], [1, []], [11, [11]]]], [[[7, [7]]], [[2, [2, 9, 6]]], [[15, [15, 10]]], [[5, [5, 8]]], [[4, [4, 3, 1]]], [[13, [13, 12]]], [[11, [11]]]]], [[[[0, [9, 6]], [9, []], [2, [2]], [6, []], [4, [4, 3, 1]], [3, []], [1, []], [11, [11]]], [[0, [7]], [7, []], [15, [15, 10]], [5, [5]], [12, [12, 13, 8, 14]], [10, []], [8, []], [13, []], [14, []]]], [[[2, [2]]], [[15, [15, 10]]], [[5, [5]]], [[4, [4, 3, 1]]], [[12, [12, 13, 8, 14]]], [[11, [11]]]]]], "Numrun": 5, "all_fitness": [189.75777607193154, 189.75777607193154, 189.75777607193154]}
{"file_name": "U_15_1", "number_of_trucks": 2, "drone_capacity": 10, "number_of_drones": 2, "iteration": 4, "best_fitness": 189.75777607193154, "runtime": 96.46557593345642, "best_solution": [[[[0, [2, 9, 6]], [2, []], [9, []], [6, []], [4, [4, 3, 1]], [3, []], [1, []], [11, [11]]], [[0, [7]], [7, []], [15, [15, 10]], [5, [5]], [10, []], [12, [12, 13, 14, 8]], [13, []], [14, []], [8, []]]], [[[15, [15, 10]]], [[5, [5]]], [[4, [4, 3, 1]]], [[12, [12, 13, 14, 8]]], [[11, [11]]]]], "all_solution": [[[[[0, [14]], [14, []], [15, [15, 10]], [5, [5]], [10, []], [13, [13, 8, 12]], [8, []], [12, []]], [[0, [7, 9]], [7, []], [2, [6, 2]], [9, []], [6, []], [4, [4, 3, 1]], [3, []], [1, []], [11, [11]]]], [[[2, [6, 2]]], [[15, [15, 10]]], [[5, [5]]], [[4, [4, 3, 1]]], [[13, [13, 8, 12]]], [[11, [11]]]]], [[[[0, [14]], [15, [15, 10]], [5, [5, 8]], [10, []], [8, []], [14, []], [13, [13, 12]], [12, []]], [[0, []], [7, [7]], [2, [2, 9, 6]], [9, []], [6, []], [4, [4, 3, 1]], [3, []], [1, []], [11, [11]]]], [[[7, [7]]], [[2, [2, 9, 6]]], [[15, [15, 10]]], [[5, [5, 8]]], [[4, [4, 3, 1]]], [[13, [13, 12]]], [[11, [11]]]]], [[[[0, [9, 6]], [9, []], [2, [2]], [6, []], [4, [4, 3, 1]], [3, []], [1, []], [11, [11]]], [[0, [7]], [7, []], [15, [15, 10]], [5, [5]], [12, [12, 13, 8, 14]], [10, []], [8, []], [13, []], [14, []]]], [[[2, [2]]], [[15, [15, 10]]], [[5, [5]]], [[4, [4, 3, 1]]], [[12, [12, 13, 8, 14]]], [[11, [11]]]]], [[[[0, [2, 9, 6]], [2, []], [9, []], [6, []], [4, [4, 3, 1]], [3, []], [1, []], [11, [11]]], [[0, [7]], [7, []], [15, [15, 10]], [5, [5]], [10, []], [12, [12, 13, 14, 8]], [13, []], [14, []], [8, []]]], [[[15, [15, 10]]], [[5, [5]]], [[4, [4, 3, 1]]], [[12, [12, 13, 14, 8]]], [[11, [11]]]]]], "Numrun": 5, "all_fitness": [189.75777607193154, 189.75777607193154, 189.75777607193154, 189.75777607193154]}
{"file_name": "U_15_1", "number_of_trucks": 2, "drone_capacity": 10, "number_of_drones": 2, "iteration": 5, "best_fitness": 189.75777607193154, "runtime": 55.535502195358276, "best_solution": [[[[0, [7]], [7, []], [14, [14]], [2, [2, 6]], [6, []], [4, [4, 3, 1]], [3, []], [1, []], [11, [11]]], [[0, []], [9, [9]], [15, [15, 10]], [5, [5, 8]], [8, []], [10, []], [12, [12, 13]], [13, []]]], [[[9, [9]]], [[14, [14]]], [[2, [2, 6]]], [[15, [15, 10]]], [[5, [5, 8]]], [[4, [4, 3, 1]]], [[12, [12, 13]]], [[11, [11]]]]], "all_solution": [[[[[0, [14]], [14, []], [15, [15, 10]], [5, [5]], [10, []], [13, [13, 8, 12]], [8, []], [12, []]], [[0, [7, 9]], [7, []], [2, [6, 2]], [9, []], [6, []], [4, [4, 3, 1]], [3, []], [1, []], [11, [11]]]], [[[2, [6, 2]]], [[15, [15, 10]]], [[5, [5]]], [[4, [4, 3, 1]]], [[13, [13, 8, 12]]], [[11, [11]]]]], [[[[0, [14]], [15, [15, 10]], [5, [5, 8]], [10, []], [8, []], [14, []], [13, [13, 12]], [12, []]], [[0, []], [7, [7]], [2, [2, 9, 6]], [9, []], [6, []], [4, [4, 3, 1]], [3, []], [1, []], [11, [11]]]], [[[7, [7]]], [[2, [2, 9, 6]]], [[15, [15, 10]]], [[5, [5, 8]]], [[4, [4, 3, 1]]], [[13, [13, 12]]], [[11, [11]]]]], [[[[0, [9, 6]], [9, []], [2, [2]], [6, []], [4, [4, 3, 1]], [3, []], [1, []], [11, [11]]], [[0, [7]], [7, []], [15, [15, 10]], [5, [5]], [12, [12, 13, 8, 14]], [10, []], [8, []], [13, []], [14, []]]], [[[2, [2]]], [[15, [15, 10]]], [[5, [5]]], [[4, [4, 3, 1]]], [[12, [12, 13, 8, 14]]], [[11, [11]]]]], [[[[0, [2, 9, 6]], [2, []], [9, []], [6, []], [4, [4, 3, 1]], [3, []], [1, []], [11, [11]]], [[0, [7]], [7, []], [15, [15, 10]], [5, [5]], [10, []], [12, [12, 13, 14, 8]], [13, []], [14, []], [8, []]]], [[[15, [15, 10]]], [[5, [5]]], [[4, [4, 3, 1]]], [[12, [12, 13, 14, 8]]], [[11, [11]]]]], [[[[0, [7]], [7, []], [14, [14]], [2, [2, 6]], [6, []], [4, [4, 3, 1]], [3, []], [1, []], [11, [11]]], [[0, []], [9, [9]], [15, [15, 10]], [5, [5, 8]], [8, []], [10, []], [12, [12, 13]], [13, []]]], [[[9, [9]]], [[14, [14]]], [[2, [2, 6]]], [[15, [15, 10]]], [[5, [5, 8]]], [[4, [4, 3, 1]]], [[12, [12, 13]]], [[11, [11]]]]]], "Numrun": 5, "all_fitness": [189.75777607193154, 189.75777607193154, 189.75777607193154, 189.75777607193154, 189.75777607193154]}
