{"file_name": "U_15_1", "number_of_trucks": 2, "drone_capacity": 10, "number_of_drones": 2, "iteration": 1, "best_fitness": 299.21351506400015, "runtime": 107.97800302505493, "best_solution": [[[[0, []], [14, [14, 9]], [9, []], [3, [3, 2]], [2, []], [4, [4]]], [[0, []], [6, [6]], [13, [13, 10]], [10, []], [15, [15, 12, 5]], [12, []], [5, []], [7, [7, 11, 8, 1]], [1, []], [8, []], [11, []]]], [[[6, [6]]], [[13, [13, 10]]], [[14, [14, 9]]], [[15, [15, 12, 5]]], [[3, [3, 2]]], [[7, [7, 11, 8, 1]]], [[4, [4]]]]], "all_solution": [[[[[0, []], [14, [14, 9]], [9, []], [3, [3, 2]], [2, []], [4, [4]]], [[0, []], [6, [6]], [13, [13, 10]], [10, []], [15, [15, 12, 5]], [12, []], [5, []], [7, [7, 11, 8, 1]], [1, []], [8, []], [11, []]]], [[[6, [6]]], [[13, [13, 10]]], [[14, [14, 9]]], [[15, [15, 12, 5]]], [[3, [3, 2]]], [[7, [7, 11, 8, 1]]], [[4, [4]]]]]], "Numrun": 5, "all_fitness": [299.21351506400015]}
{"file_name": "U_15_1", "number_of_trucks": 2, "drone_capacity": 10, "number_of_drones": 2, "iteration": 2, "best_fitness": 299.8816896312991, "runtime": 103.89227747917175, "best_solution": [[[[0, []], [14, [14, 13, 5]], [13, []], [15, [15, 12, 9]], [12, []], [9, []], [5, []], [7, [7, 1, 8]], [1, []], [8, []]], [[0, []], [10, [10, 6]], [6, []], [2, [2, 3]], [3, []], [11, [11, 4]], [4, []]]], [[[14, [14, 13, 5]]], [[10, [10, 6]]], [[15, [15, 12, 9]]], [[2, [2, 3]]], [[11, [11, 4]]], [[7, [7, 1, 8]]]]], "all_solution": [[[[[0, []], [14, [14, 9]], [9, []], [3, [3, 2]], [2, []], [4, [4]]], [[0, []], [6, [6]], [13, [13, 10]], [10, []], [15, [15, 12, 5]], [12, []], [5, []], [7, [7, 11, 8, 1]], [1, []], [8, []], [11, []]]], [[[6, [6]]], [[13, [13, 10]]], [[14, [14, 9]]], [[15, [15, 12, 5]]], [[3, [3, 2]]], [[7, [7, 11, 8, 1]]], [[4, [4]]]]], [[[[0, []], [14, [14, 13, 5]], [13, []], [15, [15, 12, 9]], [12, []], [9, []], [5, []], [7, [7, 1, 8]], [1, []], [8, []]], [[0, []], [10, [10, 6]], [6, []], [2, [2, 3]], [3, []], [11, [11, 4]], [4, []]]], [[[14, [14, 13, 5]]], [[10, [10, 6]]], [[15, [15, 12, 9]]], [[2, [2, 3]]], [[11, [11, 4]]], [[7, [7, 1, 8]]]]]], "Numrun": 5, "all_fitness": [299.21351506400015, 299.8816896312991]}
{"file_name": "U_15_1", "number_of_trucks": 2, "drone_capacity": 10, "number_of_drones": 2, "iteration": 3, "best_fitness": 299.8816896312991, "runtime": 79.93259763717651, "best_solution": [[[[0, [6]], [6, []], [2, [2, 3]], [3, []], [11, [11, 4]], [4, []]], [[0, []], [10, [10]], [14, [14, 13, 5]], [13, []], [15, [15, 12, 9]], [12, []], [9, []], [5, []], [7, [7, 1, 8]], [1, []], [8, []]]], [[[10, [10]]], [[14, [14, 13, 5]]], [[15, [15, 12, 9]]], [[2, [2, 3]]], [[11, [11, 4]]], [[7, [7, 1, 8]]]]], "all_solution": [[[[[0, []], [14, [14, 9]], [9, []], [3, [3, 2]], [2, []], [4, [4]]], [[0, []], [6, [6]], [13, [13, 10]], [10, []], [15, [15, 12, 5]], [12, []], [5, []], [7, [7, 11, 8, 1]], [1, []], [8, []], [11, []]]], [[[6, [6]]], [[13, [13, 10]]], [[14, [14, 9]]], [[15, [15, 12, 5]]], [[3, [3, 2]]], [[7, [7, 11, 8, 1]]], [[4, [4]]]]], [[[[0, []], [14, [14, 13, 5]], [13, []], [15, [15, 12, 9]], [12, []], [9, []], [5, []], [7, [7, 1, 8]], [1, []], [8, []]], [[0, []], [10, [10, 6]], [6, []], [2, [2, 3]], [3, []], [11, [11, 4]], [4, []]]], [[[14, [14, 13, 5]]], [[10, [10, 6]]], [[15, [15, 12, 9]]], [[2, [2, 3]]], [[11, [11, 4]]], [[7, [7, 1, 8]]]]], [[[[0, [6]], [6, []], [2, [2, 3]], [3, []], [11, [11, 4]], [4, []]], [[0, []], [10, [10]], [14, [14, 13, 5]], [13, []], [15, [15, 12, 9]], [12, []], [9, []], [5, []], [7, [7, 1, 8]], [1, []], [8, []]]], [[[10, [10]]], [[14, [14, 13, 5]]], [[15, [15, 12, 9]]], [[2, [2, 3]]], [[11, [11, 4]]], [[7, [7, 1, 8]]]]]], "Numrun": 5, "all_fitness": [299.21351506400015, 299.8816896312991, 299.8816896312991]}
{"file_name": "U_15_1", "number_of_trucks": 2, "drone_capacity": 10, "number_of_drones": 2, "iteration": 4, "best_fitness": 299.8816896312991, "runtime": 70.50105619430542, "best_solution": [[[[0, []], [2, [2, 3]], [3, []], [11, [11, 4]], [4, []]], [[0, [6]], [6, []], [13, [13, 10]], [14, [14, 5]], [15, [15, 12, 9]], [12, []], [10, []], [9, []], [5, []], [7, [7, 1, 8]], [1, []], [8, []]]], [[[13, [13, 10]]], [[14, [14, 5]]], [[15, [15, 12, 9]]], [[2, [2, 3]]], [[7, [7, 1, 8]]], [[11, [11, 4]]]]], "all_solution": [[[[[0, []], [14, [14, 9]], [9, []], [3, [3, 2]], [2, []], [4, [4]]], [[0, []], [6, [6]], [13, [13, 10]], [10, []], [15, [15, 12, 5]], [12, []], [5, []], [7, [7, 11, 8, 1]], [1, []], [8, []], [11, []]]], [[[6, [6]]], [[13, [13, 10]]], [[14, [14, 9]]], [[15, [15, 12, 5]]], [[3, [3, 2]]], [[7, [7, 11, 8, 1]]], [[4, [4]]]]], [[[[0, []], [14, [14, 13, 5]], [13, []], [15, [15, 12, 9]], [12, []], [9, []], [5, []], [7, [7, 1, 8]], [1, []], [8, []]], [[0, []], [10, [10, 6]], [6, []], [2, [2, 3]], [3, []], [11, [11, 4]], [4, []]]], [[[14, [14, 13, 5]]], [[10, [10, 6]]], [[15, [15, 12, 9]]], [[2, [2, 3]]], [[11, [11, 4]]], [[7, [7, 1, 8]]]]], [[[[0, [6]], [6, []], [2, [2, 3]], [3, []], [11, [11, 4]], [4, []]], [[0, []], [10, [10]], [14, [14, 13, 5]], [13, []], [15, [15, 12, 9]], [12, []], [9, []], [5, []], [7, [7, 1, 8]], [1, []], [8, []]]], [[[10, [10]]], [[14, [14, 13, 5]]], [[15, [15, 12, 9]]], [[2, [2, 3]]], [[11, [11, 4]]], [[7, [7, 1, 8]]]]], [[[[0, []], [2, [2, 3]], [3, []], [11, [11, 4]], [4, []]], [[0, [6]], [6, []], [13, [13, 10]], [14, [14, 5]], [15, [15, 12, 9]], [12, []], [10, []], [9, []], [5, []], [7, [7, 1, 8]], [1, []], [8, []]]], [[[13, [13, 10]]], [[14, [14, 5]]], [[15, [15, 12, 9]]], [[2, [2, 3]]], [[7, [7, 1, 8]]], [[11, [11, 4]]]]]], "Numrun": 5, "all_fitness": [299.21351506400015, 299.8816896312991, 299.8816896312991, 299.8816896312991]}
{"file_name": "U_15_1", "number_of_trucks": 2, "drone_capacity": 10, "number_of_drones": 2, "iteration": 5, "best_fitness": 306.09507960351067, "runtime": 100.27022814750671, "best_solution": [[[[0, []], [13, [13, 9, 10]], [10, []], [9, []], [15, [15, 12, 3, 2]], [12, []], [3, []], [2, []]], [[0, [6]], [6, []], [14, [14, 5]], [5, []], [11, [11, 8, 1]], [8, []], [1, []], [7, [7, 4]], [4, []]]], [[[13, [13, 9, 10]]], [[14, [14, 5]]], [[15, [15, 12, 3, 2]]], [[11, [11, 8, 1]]], [[7, [7, 4]]]]], "all_solution": [[[[[0, []], [14, [14, 9]], [9, []], [3, [3, 2]], [2, []], [4, [4]]], [[0, []], [6, [6]], [13, [13, 10]], [10, []], [15, [15, 12, 5]], [12, []], [5, []], [7, [7, 11, 8, 1]], [1, []], [8, []], [11, []]]], [[[6, [6]]], [[13, [13, 10]]], [[14, [14, 9]]], [[15, [15, 12, 5]]], [[3, [3, 2]]], [[7, [7, 11, 8, 1]]], [[4, [4]]]]], [[[[0, []], [14, [14, 13, 5]], [13, []], [15, [15, 12, 9]], [12, []], [9, []], [5, []], [7, [7, 1, 8]], [1, []], [8, []]], [[0, []], [10, [10, 6]], [6, []], [2, [2, 3]], [3, []], [11, [11, 4]], [4, []]]], [[[14, [14, 13, 5]]], [[10, [10, 6]]], [[15, [15, 12, 9]]], [[2, [2, 3]]], [[11, [11, 4]]], [[7, [7, 1, 8]]]]], [[[[0, [6]], [6, []], [2, [2, 3]], [3, []], [11, [11, 4]], [4, []]], [[0, []], [10, [10]], [14, [14, 13, 5]], [13, []], [15, [15, 12, 9]], [12, []], [9, []], [5, []], [7, [7, 1, 8]], [1, []], [8, []]]], [[[10, [10]]], [[14, [14, 13, 5]]], [[15, [15, 12, 9]]], [[2, [2, 3]]], [[11, [11, 4]]], [[7, [7, 1, 8]]]]], [[[[0, []], [2, [2, 3]], [3, []], [11, [11, 4]], [4, []]], [[0, [6]], [6, []], [13, [13, 10]], [14, [14, 5]], [15, [15, 12, 9]], [12, []], [10, []], [9, []], [5, []], [7, [7, 1, 8]], [1, []], [8, []]]], [[[13, [13, 10]]], [[14, [14, 5]]], [[15, [15, 12, 9]]], [[2, [2, 3]]], [[7, [7, 1, 8]]], [[11, [11, 4]]]]], [[[[0, []], [13, [13, 9, 10]], [10, []], [9, []], [15, [15, 12, 3, 2]], [12, []], [3, []], [2, []]], [[0, [6]], [6, []], [14, [14, 5]], [5, []], [11, [11, 8, 1]], [8, []], [1, []], [7, [7, 4]], [4, []]]], [[[13, [13, 9, 10]]], [[14, [14, 5]]], [[15, [15, 12, 3, 2]]], [[11, [11, 8, 1]]], [[7, [7, 4]]]]]], "Numrun": 5, "all_fitness": [299.21351506400015, 299.8816896312991, 299.8816896312991, 299.8816896312991, 306.09507960351067]}
