{"file_name": "U_15_0", "number_of_trucks": 2, "drone_capacity": 10, "number_of_drones": 2, "iteration": 1, "best_fitness": 164.8, "runtime": 78.22380256652832, "best_solution": [[[[0, [8, 2, 13]], [2, []], [13, []], [8, []], [7, [7, 6, 5, 11, 10, 15]], [11, []], [10, []], [15, []], [6, []], [5, []]], [[0, []], [14, [14]], [9, [9, 12, 3]], [1, [1, 4]], [4, []], [3, []], [12, []]]], [[[14, [14]]], [[9, [9, 12, 3]]], [[7, [7, 6, 5, 11, 10, 15]]], [[1, [1, 4]]]]], "all_solution": [[[[[0, [8, 2, 13]], [2, []], [13, []], [8, []], [7, [7, 6, 5, 11, 10, 15]], [11, []], [10, []], [15, []], [6, []], [5, []]], [[0, []], [14, [14]], [9, [9, 12, 3]], [1, [1, 4]], [4, []], [3, []], [12, []]]], [[[14, [14]]], [[9, [9, 12, 3]]], [[7, [7, 6, 5, 11, 10, 15]]], [[1, [1, 4]]]]]], "Numrun": 5, "all_fitness": [164.8]}
{"file_name": "U_15_0", "number_of_trucks": 2, "drone_capacity": 10, "number_of_drones": 2, "iteration": 2, "best_fitness": 156.34410322116236, "runtime": 91.01555800437927, "best_solution": [[[[0, [14]], [14, []], [9, [9]], [1, [1, 4, 15, 5]], [4, []], [15, []], [5, []]], [[0, []], [2, [8, 2, 13]], [13, []], [8, []], [7, [7, 11, 10, 12, 6, 3]], [11, []], [10, []], [12, []], [3, []], [6, []]]], [[[9, [9]]], [[2, [8, 2, 13]]], [[1, [1, 4, 15, 5]]], [[7, [7, 11, 10, 12, 6, 3]]]]], "all_solution": [[[[[0, [8, 2, 13]], [2, []], [13, []], [8, []], [7, [7, 6, 5, 11, 10, 15]], [11, []], [10, []], [15, []], [6, []], [5, []]], [[0, []], [14, [14]], [9, [9, 12, 3]], [1, [1, 4]], [4, []], [3, []], [12, []]]], [[[14, [14]]], [[9, [9, 12, 3]]], [[7, [7, 6, 5, 11, 10, 15]]], [[1, [1, 4]]]]], [[[[0, [14]], [14, []], [9, [9]], [1, [1, 4, 15, 5]], [4, []], [15, []], [5, []]], [[0, []], [2, [8, 2, 13]], [13, []], [8, []], [7, [7, 11, 10, 12, 6, 3]], [11, []], [10, []], [12, []], [3, []], [6, []]]], [[[9, [9]]], [[2, [8, 2, 13]]], [[1, [1, 4, 15, 5]]], [[7, [7, 11, 10, 12, 6, 3]]]]]], "Numrun": 5, "all_fitness": [164.8, 156.34410322116236]}
{"file_name": "U_15_0", "number_of_trucks": 2, "drone_capacity": 10, "number_of_drones": 2, "iteration": 3, "best_fitness": 158.7841032211624, "runtime": 87.09891891479492, "best_solution": [[[[0, [14]], [14, []], [9, [9]], [1, [1, 4, 6, 15]], [4, []], [6, []], [15, []]], [[0, [13, 2, 8]], [2, []], [13, [3]], [8, []], [7, [7, 11, 10, 12, 5]], [11, []], [10, []], [12, []], [3, []], [5, []]]], [[[13, [3]]], [[9, [9]]], [[1, [1, 4, 6, 15]]], [[7, [7, 11, 10, 12, 5]]]]], "all_solution": [[[[[0, [8, 2, 13]], [2, []], [13, []], [8, []], [7, [7, 6, 5, 11, 10, 15]], [11, []], [10, []], [15, []], [6, []], [5, []]], [[0, []], [14, [14]], [9, [9, 12, 3]], [1, [1, 4]], [4, []], [3, []], [12, []]]], [[[14, [14]]], [[9, [9, 12, 3]]], [[7, [7, 6, 5, 11, 10, 15]]], [[1, [1, 4]]]]], [[[[0, [14]], [14, []], [9, [9]], [1, [1, 4, 15, 5]], [4, []], [15, []], [5, []]], [[0, []], [2, [8, 2, 13]], [13, []], [8, []], [7, [7, 11, 10, 12, 6, 3]], [11, []], [10, []], [12, []], [3, []], [6, []]]], [[[9, [9]]], [[2, [8, 2, 13]]], [[1, [1, 4, 15, 5]]], [[7, [7, 11, 10, 12, 6, 3]]]]], [[[[0, [14]], [14, []], [9, [9]], [1, [1, 4, 6, 15]], [4, []], [6, []], [15, []]], [[0, [13, 2, 8]], [2, []], [13, [3]], [8, []], [7, [7, 11, 10, 12, 5]], [11, []], [10, []], [12, []], [3, []], [5, []]]], [[[13, [3]]], [[9, [9]]], [[1, [1, 4, 6, 15]]], [[7, [7, 11, 10, 12, 5]]]]]], "Numrun": 5, "all_fitness": [164.8, 156.34410322116236, 158.7841032211624]}
{"file_name": "U_15_0", "number_of_trucks": 2, "drone_capacity": 10, "number_of_drones": 2, "iteration": 4, "best_fitness": 158.01648003004482, "runtime": 89.40883898735046, "best_solution": [[[[0, [14]], [14, []], [9, [9, 5]], [4, [4, 1, 15]], [1, []], [5, []], [15, []]], [[0, [8, 2, 13]], [2, []], [13, []], [8, []], [7, [7, 3, 11, 10, 6, 12]], [11, []], [10, []], [12, []], [3, []], [6, []]]], [[[9, [9, 5]]], [[4, [4, 1, 15]]], [[7, [7, 3, 11, 10, 6, 12]]]]], "all_solution": [[[[[0, [8, 2, 13]], [2, []], [13, []], [8, []], [7, [7, 6, 5, 11, 10, 15]], [11, []], [10, []], [15, []], [6, []], [5, []]], [[0, []], [14, [14]], [9, [9, 12, 3]], [1, [1, 4]], [4, []], [3, []], [12, []]]], [[[14, [14]]], [[9, [9, 12, 3]]], [[7, [7, 6, 5, 11, 10, 15]]], [[1, [1, 4]]]]], [[[[0, [14]], [14, []], [9, [9]], [1, [1, 4, 15, 5]], [4, []], [15, []], [5, []]], [[0, []], [2, [8, 2, 13]], [13, []], [8, []], [7, [7, 11, 10, 12, 6, 3]], [11, []], [10, []], [12, []], [3, []], [6, []]]], [[[9, [9]]], [[2, [8, 2, 13]]], [[1, [1, 4, 15, 5]]], [[7, [7, 11, 10, 12, 6, 3]]]]], [[[[0, [14]], [14, []], [9, [9]], [1, [1, 4, 6, 15]], [4, []], [6, []], [15, []]], [[0, [13, 2, 8]], [2, []], [13, [3]], [8, []], [7, [7, 11, 10, 12, 5]], [11, []], [10, []], [12, []], [3, []], [5, []]]], [[[13, [3]]], [[9, [9]]], [[1, [1, 4, 6, 15]]], [[7, [7, 11, 10, 12, 5]]]]], [[[[0, [14]], [14, []], [9, [9, 5]], [4, [4, 1, 15]], [1, []], [5, []], [15, []]], [[0, [8, 2, 13]], [2, []], [13, []], [8, []], [7, [7, 3, 11, 10, 6, 12]], [11, []], [10, []], [12, []], [3, []], [6, []]]], [[[9, [9, 5]]], [[4, [4, 1, 15]]], [[7, [7, 3, 11, 10, 6, 12]]]]]], "Numrun": 5, "all_fitness": [164.8, 156.34410322116236, 158.7841032211624, 158.01648003004482]}
{"file_name": "U_15_0", "number_of_trucks": 2, "drone_capacity": 10, "number_of_drones": 2, "iteration": 5, "best_fitness": 156.34410322116236, "runtime": 122.17674326896667, "best_solution": [[[[0, [14]], [14, []], [9, [9]], [1, [1, 4, 15, 5]], [4, []], [15, []], [5, []]], [[0, []], [2, [2, 13, 8]], [13, []], [8, []], [7, [7, 11, 12, 10, 6, 3]], [11, []], [10, []], [12, []], [3, []], [6, []]]], [[[9, [9]]], [[2, [2, 13, 8]]], [[1, [1, 4, 15, 5]]], [[7, [7, 11, 12, 10, 6, 3]]]]], "all_solution": [[[[[0, [8, 2, 13]], [2, []], [13, []], [8, []], [7, [7, 6, 5, 11, 10, 15]], [11, []], [10, []], [15, []], [6, []], [5, []]], [[0, []], [14, [14]], [9, [9, 12, 3]], [1, [1, 4]], [4, []], [3, []], [12, []]]], [[[14, [14]]], [[9, [9, 12, 3]]], [[7, [7, 6, 5, 11, 10, 15]]], [[1, [1, 4]]]]], [[[[0, [14]], [14, []], [9, [9]], [1, [1, 4, 15, 5]], [4, []], [15, []], [5, []]], [[0, []], [2, [8, 2, 13]], [13, []], [8, []], [7, [7, 11, 10, 12, 6, 3]], [11, []], [10, []], [12, []], [3, []], [6, []]]], [[[9, [9]]], [[2, [8, 2, 13]]], [[1, [1, 4, 15, 5]]], [[7, [7, 11, 10, 12, 6, 3]]]]], [[[[0, [14]], [14, []], [9, [9]], [1, [1, 4, 6, 15]], [4, []], [6, []], [15, []]], [[0, [13, 2, 8]], [2, []], [13, [3]], [8, []], [7, [7, 11, 10, 12, 5]], [11, []], [10, []], [12, []], [3, []], [5, []]]], [[[13, [3]]], [[9, [9]]], [[1, [1, 4, 6, 15]]], [[7, [7, 11, 10, 12, 5]]]]], [[[[0, [14]], [14, []], [9, [9, 5]], [4, [4, 1, 15]], [1, []], [5, []], [15, []]], [[0, [8, 2, 13]], [2, []], [13, []], [8, []], [7, [7, 3, 11, 10, 6, 12]], [11, []], [10, []], [12, []], [3, []], [6, []]]], [[[9, [9, 5]]], [[4, [4, 1, 15]]], [[7, [7, 3, 11, 10, 6, 12]]]]], [[[[0, [14]], [14, []], [9, [9]], [1, [1, 4, 15, 5]], [4, []], [15, []], [5, []]], [[0, []], [2, [2, 13, 8]], [13, []], [8, []], [7, [7, 11, 12, 10, 6, 3]], [11, []], [10, []], [12, []], [3, []], [6, []]]], [[[9, [9]]], [[2, [2, 13, 8]]], [[1, [1, 4, 15, 5]]], [[7, [7, 11, 12, 10, 6, 3]]]]]], "Numrun": 5, "all_fitness": [164.8, 156.34410322116236, 158.7841032211624, 158.01648003004482, 156.34410322116236]}
