{"file_name": "U_15_0", "number_of_trucks": 2, "drone_capacity": 10, "number_of_drones": 2, "iteration": 1, "best_fitness": 206.81254531549257, "runtime": 93.50621938705444, "best_solution": [[[[0, []], [5, [5, 13]], [13, []], [10, [10, 2, 9, 4]], [2, []], [9, []], [4, []], [3, [3, 6, 1, 11]], [1, []], [6, []], [11, []]], [[0, []], [15, [15, 12, 14, 7, 8]], [12, []], [14, []], [7, []], [8, []]]], [[[15, [15, 12, 14, 7, 8]]], [[5, [5, 13]]], [[10, [10, 2, 9, 4]]], [[3, [3, 6, 1, 11]]]]], "all_solution": [[[[[0, []], [5, [5, 13]], [13, []], [10, [10, 2, 9, 4]], [2, []], [9, []], [4, []], [3, [3, 6, 1, 11]], [1, []], [6, []], [11, []]], [[0, []], [15, [15, 12, 14, 7, 8]], [12, []], [14, []], [7, []], [8, []]]], [[[15, [15, 12, 14, 7, 8]]], [[5, [5, 13]]], [[10, [10, 2, 9, 4]]], [[3, [3, 6, 1, 11]]]]]], "Numrun": 5, "all_fitness": [206.81254531549257]}
{"file_name": "U_15_0", "number_of_trucks": 2, "drone_capacity": 10, "number_of_drones": 2, "iteration": 2, "best_fitness": 204.57610292987897, "runtime": 121.27203631401062, "best_solution": [[[[0, [13]], [4, [4, 8, 14, 9]], [9, []], [2, [2, 7, 10, 12]], [8, []], [7, []], [14, []], [13, []], [12, []], [10, []]], [[0, [5]], [5, []], [1, [1, 3, 6, 11, 15]], [3, []], [6, []], [11, []], [15, []]]], [[[4, [4, 8, 14, 9]]], [[2, [2, 7, 10, 12]]], [[1, [1, 3, 6, 11, 15]]]]], "all_solution": [[[[[0, []], [5, [5, 13]], [13, []], [10, [10, 2, 9, 4]], [2, []], [9, []], [4, []], [3, [3, 6, 1, 11]], [1, []], [6, []], [11, []]], [[0, []], [15, [15, 12, 14, 7, 8]], [12, []], [14, []], [7, []], [8, []]]], [[[15, [15, 12, 14, 7, 8]]], [[5, [5, 13]]], [[10, [10, 2, 9, 4]]], [[3, [3, 6, 1, 11]]]]], [[[[0, [13]], [4, [4, 8, 14, 9]], [9, []], [2, [2, 7, 10, 12]], [8, []], [7, []], [14, []], [13, []], [12, []], [10, []]], [[0, [5]], [5, []], [1, [1, 3, 6, 11, 15]], [3, []], [6, []], [11, []], [15, []]]], [[[4, [4, 8, 14, 9]]], [[2, [2, 7, 10, 12]]], [[1, [1, 3, 6, 11, 15]]]]]], "Numrun": 5, "all_fitness": [206.81254531549257, 204.57610292987897]}
{"file_name": "U_15_0", "number_of_trucks": 2, "drone_capacity": 10, "number_of_drones": 2, "iteration": 3, "best_fitness": 206.01634677923252, "runtime": 107.40287923812866, "best_solution": [[[[0, [13]], [13, []], [8, [8, 14, 4]], [14, []], [2, [2, 9, 3, 1, 6, 11]], [9, []], [4, []], [3, []], [1, []], [6, []], [11, []]], [[0, []], [10, [10, 7, 12, 15, 5]], [7, []], [12, []], [5, []], [15, []]]], [[[10, [10, 7, 12, 15, 5]]], [[8, [8, 14, 4]]], [[2, [2, 9, 3, 1, 6, 11]]]]], "all_solution": [[[[[0, []], [5, [5, 13]], [13, []], [10, [10, 2, 9, 4]], [2, []], [9, []], [4, []], [3, [3, 6, 1, 11]], [1, []], [6, []], [11, []]], [[0, []], [15, [15, 12, 14, 7, 8]], [12, []], [14, []], [7, []], [8, []]]], [[[15, [15, 12, 14, 7, 8]]], [[5, [5, 13]]], [[10, [10, 2, 9, 4]]], [[3, [3, 6, 1, 11]]]]], [[[[0, [13]], [4, [4, 8, 14, 9]], [9, []], [2, [2, 7, 10, 12]], [8, []], [7, []], [14, []], [13, []], [12, []], [10, []]], [[0, [5]], [5, []], [1, [1, 3, 6, 11, 15]], [3, []], [6, []], [11, []], [15, []]]], [[[4, [4, 8, 14, 9]]], [[2, [2, 7, 10, 12]]], [[1, [1, 3, 6, 11, 15]]]]], [[[[0, [13]], [13, []], [8, [8, 14, 4]], [14, []], [2, [2, 9, 3, 1, 6, 11]], [9, []], [4, []], [3, []], [1, []], [6, []], [11, []]], [[0, []], [10, [10, 7, 12, 15, 5]], [7, []], [12, []], [5, []], [15, []]]], [[[10, [10, 7, 12, 15, 5]]], [[8, [8, 14, 4]]], [[2, [2, 9, 3, 1, 6, 11]]]]]], "Numrun": 5, "all_fitness": [206.81254531549257, 204.57610292987897, 206.01634677923252]}
{"file_name": "U_15_0", "number_of_trucks": 2, "drone_capacity": 10, "number_of_drones": 2, "iteration": 4, "best_fitness": 206.56879648834405, "runtime": 131.27379989624023, "best_solution": [[[[0, [13]], [10, [10, 8, 9, 14]], [14, []], [13, []], [8, []], [2, [2, 6, 1, 4, 3]], [9, []], [4, []], [3, []], [1, []], [6, []]], [[0, [5]], [15, [15, 12, 7, 11]], [5, []], [12, []], [7, []], [11, []]]], [[[10, [10, 8, 9, 14]]], [[15, [15, 12, 7, 11]]], [[2, [2, 6, 1, 4, 3]]]]], "all_solution": [[[[[0, []], [5, [5, 13]], [13, []], [10, [10, 2, 9, 4]], [2, []], [9, []], [4, []], [3, [3, 6, 1, 11]], [1, []], [6, []], [11, []]], [[0, []], [15, [15, 12, 14, 7, 8]], [12, []], [14, []], [7, []], [8, []]]], [[[15, [15, 12, 14, 7, 8]]], [[5, [5, 13]]], [[10, [10, 2, 9, 4]]], [[3, [3, 6, 1, 11]]]]], [[[[0, [13]], [4, [4, 8, 14, 9]], [9, []], [2, [2, 7, 10, 12]], [8, []], [7, []], [14, []], [13, []], [12, []], [10, []]], [[0, [5]], [5, []], [1, [1, 3, 6, 11, 15]], [3, []], [6, []], [11, []], [15, []]]], [[[4, [4, 8, 14, 9]]], [[2, [2, 7, 10, 12]]], [[1, [1, 3, 6, 11, 15]]]]], [[[[0, [13]], [13, []], [8, [8, 14, 4]], [14, []], [2, [2, 9, 3, 1, 6, 11]], [9, []], [4, []], [3, []], [1, []], [6, []], [11, []]], [[0, []], [10, [10, 7, 12, 15, 5]], [7, []], [12, []], [5, []], [15, []]]], [[[10, [10, 7, 12, 15, 5]]], [[8, [8, 14, 4]]], [[2, [2, 9, 3, 1, 6, 11]]]]], [[[[0, [13]], [10, [10, 8, 9, 14]], [14, []], [13, []], [8, []], [2, [2, 6, 1, 4, 3]], [9, []], [4, []], [3, []], [1, []], [6, []]], [[0, [5]], [15, [15, 12, 7, 11]], [5, []], [12, []], [7, []], [11, []]]], [[[10, [10, 8, 9, 14]]], [[15, [15, 12, 7, 11]]], [[2, [2, 6, 1, 4, 3]]]]]], "Numrun": 5, "all_fitness": [206.81254531549257, 204.57610292987897, 206.01634677923252, 206.56879648834405]}
{"file_name": "U_15_0", "number_of_trucks": 2, "drone_capacity": 10, "number_of_drones": 2, "iteration": 5, "best_fitness": 204.57610292987897, "runtime": 108.56375694274902, "best_solution": [[[[0, []], [4, [4, 9]], [9, []], [2, [2, 7, 8, 13, 12, 10, 14]], [8, []], [7, []], [14, []], [13, []], [12, []], [10, []]], [[0, [5]], [5, []], [15, [15, 6]], [3, [3, 11, 1]], [1, []], [6, []], [11, []]]], [[[4, [4, 9]]], [[2, [2, 7, 8, 13, 12, 10, 14]]], [[15, [15, 6]]], [[3, [3, 11, 1]]]]], "all_solution": [[[[[0, []], [5, [5, 13]], [13, []], [10, [10, 2, 9, 4]], [2, []], [9, []], [4, []], [3, [3, 6, 1, 11]], [1, []], [6, []], [11, []]], [[0, []], [15, [15, 12, 14, 7, 8]], [12, []], [14, []], [7, []], [8, []]]], [[[15, [15, 12, 14, 7, 8]]], [[5, [5, 13]]], [[10, [10, 2, 9, 4]]], [[3, [3, 6, 1, 11]]]]], [[[[0, [13]], [4, [4, 8, 14, 9]], [9, []], [2, [2, 7, 10, 12]], [8, []], [7, []], [14, []], [13, []], [12, []], [10, []]], [[0, [5]], [5, []], [1, [1, 3, 6, 11, 15]], [3, []], [6, []], [11, []], [15, []]]], [[[4, [4, 8, 14, 9]]], [[2, [2, 7, 10, 12]]], [[1, [1, 3, 6, 11, 15]]]]], [[[[0, [13]], [13, []], [8, [8, 14, 4]], [14, []], [2, [2, 9, 3, 1, 6, 11]], [9, []], [4, []], [3, []], [1, []], [6, []], [11, []]], [[0, []], [10, [10, 7, 12, 15, 5]], [7, []], [12, []], [5, []], [15, []]]], [[[10, [10, 7, 12, 15, 5]]], [[8, [8, 14, 4]]], [[2, [2, 9, 3, 1, 6, 11]]]]], [[[[0, [13]], [10, [10, 8, 9, 14]], [14, []], [13, []], [8, []], [2, [2, 6, 1, 4, 3]], [9, []], [4, []], [3, []], [1, []], [6, []]], [[0, [5]], [15, [15, 12, 7, 11]], [5, []], [12, []], [7, []], [11, []]]], [[[10, [10, 8, 9, 14]]], [[15, [15, 12, 7, 11]]], [[2, [2, 6, 1, 4, 3]]]]], [[[[0, []], [4, [4, 9]], [9, []], [2, [2, 7, 8, 13, 12, 10, 14]], [8, []], [7, []], [14, []], [13, []], [12, []], [10, []]], [[0, [5]], [5, []], [15, [15, 6]], [3, [3, 11, 1]], [1, []], [6, []], [11, []]]], [[[4, [4, 9]]], [[2, [2, 7, 8, 13, 12, 10, 14]]], [[15, [15, 6]]], [[3, [3, 11, 1]]]]]], "Numrun": 5, "all_fitness": [206.81254531549257, 204.57610292987897, 206.01634677923252, 206.56879648834405, 204.57610292987897]}
