{"file_name": "U_15_1", "number_of_trucks": 2, "drone_capacity": 10, "number_of_drones": 2, "iteration": 1, "best_fitness": 294.46682146219746, "runtime": 58.146440267562866, "best_solution": [[[[0, [10]], [5, [5]], [10, []], [1, [1]], [13, [13, 14]], [14, []], [8, [8, 3]], [3, []]], [[0, [11, 12]], [11, []], [15, [15, 2]], [2, []], [12, []], [4, [9, 7, 6, 4]], [9, []], [7, []], [6, []]]], [[[5, [5]]], [[1, [1]]], [[15, [15, 2]]], [[4, [9, 7, 6, 4]]], [[13, [13, 14]]], [[8, [8, 3]]]]], "all_solution": [[[[[0, [10]], [5, [5]], [10, []], [1, [1]], [13, [13, 14]], [14, []], [8, [8, 3]], [3, []]], [[0, [11, 12]], [11, []], [15, [15, 2]], [2, []], [12, []], [4, [9, 7, 6, 4]], [9, []], [7, []], [6, []]]], [[[5, [5]]], [[1, [1]]], [[15, [15, 2]]], [[4, [9, 7, 6, 4]]], [[13, [13, 14]]], [[8, [8, 3]]]]]], "Numrun": 5, "all_fitness": [294.46682146219746]}
{"file_name": "U_15_1", "number_of_trucks": 2, "drone_capacity": 10, "number_of_drones": 2, "iteration": 2, "best_fitness": 293.18682146219743, "runtime": 72.59565877914429, "best_solution": [[[[0, [10]], [15, [15, 2]], [2, []], [10, []], [13, [13, 14]], [14, []], [3, [3, 8]], [8, []]], [[0, [11, 12, 5]], [5, []], [11, []], [12, []], [4, [4, 7]], [7, []], [9, [9, 1, 6]], [1, []], [6, []]]], [[[15, [15, 2]]], [[4, [4, 7]]], [[13, [13, 14]]], [[9, [9, 1, 6]]], [[3, [3, 8]]]]], "all_solution": [[[[[0, [10]], [5, [5]], [10, []], [1, [1]], [13, [13, 14]], [14, []], [8, [8, 3]], [3, []]], [[0, [11, 12]], [11, []], [15, [15, 2]], [2, []], [12, []], [4, [9, 7, 6, 4]], [9, []], [7, []], [6, []]]], [[[5, [5]]], [[1, [1]]], [[15, [15, 2]]], [[4, [9, 7, 6, 4]]], [[13, [13, 14]]], [[8, [8, 3]]]]], [[[[0, [10]], [15, [15, 2]], [2, []], [10, []], [13, [13, 14]], [14, []], [3, [3, 8]], [8, []]], [[0, [11, 12, 5]], [5, []], [11, []], [12, []], [4, [4, 7]], [7, []], [9, [9, 1, 6]], [1, []], [6, []]]], [[[15, [15, 2]]], [[4, [4, 7]]], [[13, [13, 14]]], [[9, [9, 1, 6]]], [[3, [3, 8]]]]]], "Numrun": 5, "all_fitness": [294.46682146219746, 293.18682146219743]}
{"file_name": "U_15_1", "number_of_trucks": 2, "drone_capacity": 10, "number_of_drones": 2, "iteration": 3, "best_fitness": 294.46682146219746, "runtime": 60.840370893478394, "best_solution": [[[[0, [10, 12]], [10, []], [2, [2, 15]], [15, []], [12, []], [4, [4, 9, 6, 7]], [9, []], [7, []], [6, []]], [[0, [11]], [11, []], [5, [5]], [1, [1, 14]], [14, []], [13, [13, 3, 8]], [3, []], [8, []]]], [[[5, [5]]], [[2, [2, 15]]], [[1, [1, 14]]], [[13, [13, 3, 8]]], [[4, [4, 9, 6, 7]]]]], "all_solution": [[[[[0, [10]], [5, [5]], [10, []], [1, [1]], [13, [13, 14]], [14, []], [8, [8, 3]], [3, []]], [[0, [11, 12]], [11, []], [15, [15, 2]], [2, []], [12, []], [4, [9, 7, 6, 4]], [9, []], [7, []], [6, []]]], [[[5, [5]]], [[1, [1]]], [[15, [15, 2]]], [[4, [9, 7, 6, 4]]], [[13, [13, 14]]], [[8, [8, 3]]]]], [[[[0, [10]], [15, [15, 2]], [2, []], [10, []], [13, [13, 14]], [14, []], [3, [3, 8]], [8, []]], [[0, [11, 12, 5]], [5, []], [11, []], [12, []], [4, [4, 7]], [7, []], [9, [9, 1, 6]], [1, []], [6, []]]], [[[15, [15, 2]]], [[4, [4, 7]]], [[13, [13, 14]]], [[9, [9, 1, 6]]], [[3, [3, 8]]]]], [[[[0, [10, 12]], [10, []], [2, [2, 15]], [15, []], [12, []], [4, [4, 9, 6, 7]], [9, []], [7, []], [6, []]], [[0, [11]], [11, []], [5, [5]], [1, [1, 14]], [14, []], [13, [13, 3, 8]], [3, []], [8, []]]], [[[5, [5]]], [[2, [2, 15]]], [[1, [1, 14]]], [[13, [13, 3, 8]]], [[4, [4, 9, 6, 7]]]]]], "Numrun": 5, "all_fitness": [294.46682146219746, 293.18682146219743, 294.46682146219746]}
{"file_name": "U_15_1", "number_of_trucks": 2, "drone_capacity": 10, "number_of_drones": 2, "iteration": 4, "best_fitness": 294.46682146219746, "runtime": 58.940587282180786, "best_solution": [[[[0, []], [5, [5, 11]], [11, []], [1, [1, 14]], [14, []], [13, [13, 3, 8]], [3, []], [8, []]], [[0, []], [12, [12]], [10, [10, 15, 2]], [15, []], [2, []], [4, [9, 7, 6, 4]], [9, []], [7, []], [6, []]]], [[[12, [12]]], [[5, [5, 11]]], [[10, [10, 15, 2]]], [[1, [1, 14]]], [[13, [13, 3, 8]]], [[4, [9, 7, 6, 4]]]]], "all_solution": [[[[[0, [10]], [5, [5]], [10, []], [1, [1]], [13, [13, 14]], [14, []], [8, [8, 3]], [3, []]], [[0, [11, 12]], [11, []], [15, [15, 2]], [2, []], [12, []], [4, [9, 7, 6, 4]], [9, []], [7, []], [6, []]]], [[[5, [5]]], [[1, [1]]], [[15, [15, 2]]], [[4, [9, 7, 6, 4]]], [[13, [13, 14]]], [[8, [8, 3]]]]], [[[[0, [10]], [15, [15, 2]], [2, []], [10, []], [13, [13, 14]], [14, []], [3, [3, 8]], [8, []]], [[0, [11, 12, 5]], [5, []], [11, []], [12, []], [4, [4, 7]], [7, []], [9, [9, 1, 6]], [1, []], [6, []]]], [[[15, [15, 2]]], [[4, [4, 7]]], [[13, [13, 14]]], [[9, [9, 1, 6]]], [[3, [3, 8]]]]], [[[[0, [10, 12]], [10, []], [2, [2, 15]], [15, []], [12, []], [4, [4, 9, 6, 7]], [9, []], [7, []], [6, []]], [[0, [11]], [11, []], [5, [5]], [1, [1, 14]], [14, []], [13, [13, 3, 8]], [3, []], [8, []]]], [[[5, [5]]], [[2, [2, 15]]], [[1, [1, 14]]], [[13, [13, 3, 8]]], [[4, [4, 9, 6, 7]]]]], [[[[0, []], [5, [5, 11]], [11, []], [1, [1, 14]], [14, []], [13, [13, 3, 8]], [3, []], [8, []]], [[0, []], [12, [12]], [10, [10, 15, 2]], [15, []], [2, []], [4, [9, 7, 6, 4]], [9, []], [7, []], [6, []]]], [[[12, [12]]], [[5, [5, 11]]], [[10, [10, 15, 2]]], [[1, [1, 14]]], [[13, [13, 3, 8]]], [[4, [9, 7, 6, 4]]]]]], "Numrun": 5, "all_fitness": [294.46682146219746, 293.18682146219743, 294.46682146219746, 294.46682146219746]}
{"file_name": "U_15_1", "number_of_trucks": 2, "drone_capacity": 10, "number_of_drones": 2, "iteration": 5, "best_fitness": 294.46682146219746, "runtime": 70.63769507408142, "best_solution": [[[[0, [10, 12]], [15, [15]], [10, []], [12, []], [4, [4, 9, 7, 6]], [9, []], [7, []], [6, []]], [[0, []], [5, [5, 11]], [11, []], [1, [1, 2, 14]], [14, []], [2, []], [13, [13, 3, 8]], [3, []], [8, []]]], [[[5, [5, 11]]], [[15, [15]]], [[1, [1, 2, 14]]], [[13, [13, 3, 8]]], [[4, [4, 9, 7, 6]]]]], "all_solution": [[[[[0, [10]], [5, [5]], [10, []], [1, [1]], [13, [13, 14]], [14, []], [8, [8, 3]], [3, []]], [[0, [11, 12]], [11, []], [15, [15, 2]], [2, []], [12, []], [4, [9, 7, 6, 4]], [9, []], [7, []], [6, []]]], [[[5, [5]]], [[1, [1]]], [[15, [15, 2]]], [[4, [9, 7, 6, 4]]], [[13, [13, 14]]], [[8, [8, 3]]]]], [[[[0, [10]], [15, [15, 2]], [2, []], [10, []], [13, [13, 14]], [14, []], [3, [3, 8]], [8, []]], [[0, [11, 12, 5]], [5, []], [11, []], [12, []], [4, [4, 7]], [7, []], [9, [9, 1, 6]], [1, []], [6, []]]], [[[15, [15, 2]]], [[4, [4, 7]]], [[13, [13, 14]]], [[9, [9, 1, 6]]], [[3, [3, 8]]]]], [[[[0, [10, 12]], [10, []], [2, [2, 15]], [15, []], [12, []], [4, [4, 9, 6, 7]], [9, []], [7, []], [6, []]], [[0, [11]], [11, []], [5, [5]], [1, [1, 14]], [14, []], [13, [13, 3, 8]], [3, []], [8, []]]], [[[5, [5]]], [[2, [2, 15]]], [[1, [1, 14]]], [[13, [13, 3, 8]]], [[4, [4, 9, 6, 7]]]]], [[[[0, []], [5, [5, 11]], [11, []], [1, [1, 14]], [14, []], [13, [13, 3, 8]], [3, []], [8, []]], [[0, []], [12, [12]], [10, [10, 15, 2]], [15, []], [2, []], [4, [9, 7, 6, 4]], [9, []], [7, []], [6, []]]], [[[12, [12]]], [[5, [5, 11]]], [[10, [10, 15, 2]]], [[1, [1, 14]]], [[13, [13, 3, 8]]], [[4, [9, 7, 6, 4]]]]], [[[[0, [10, 12]], [15, [15]], [10, []], [12, []], [4, [4, 9, 7, 6]], [9, []], [7, []], [6, []]], [[0, []], [5, [5, 11]], [11, []], [1, [1, 2, 14]], [14, []], [2, []], [13, [13, 3, 8]], [3, []], [8, []]]], [[[5, [5, 11]]], [[15, [15]]], [[1, [1, 2, 14]]], [[13, [13, 3, 8]]], [[4, [4, 9, 7, 6]]]]]], "Numrun": 5, "all_fitness": [294.46682146219746, 293.18682146219743, 294.46682146219746, 294.46682146219746, 294.46682146219746]}
