{"file_name": "U_15_0", "number_of_trucks": 2, "drone_capacity": 10, "number_of_drones": 2, "iteration": 1, "best_fitness": 205.8189477717806, "runtime": 79.13544869422913, "best_solution": [[[[0, []], [5, [5, 3, 13]], [13, []], [10, [10, 2, 8]], [2, []], [14, [14]], [3, []], [8, []]], [[0, []], [11, [11]], [15, [15, 12]], [12, []], [4, [4, 7, 6, 1, 9]], [7, []], [9, []], [1, []], [6, []]]], [[[5, [5, 3, 13]]], [[11, [11]]], [[15, [15, 12]]], [[10, [10, 2, 8]]], [[4, [4, 7, 6, 1, 9]]], [[14, [14]]]]], "all_solution": [[[[[0, []], [5, [5, 3, 13]], [13, []], [10, [10, 2, 8]], [2, []], [14, [14]], [3, []], [8, []]], [[0, []], [11, [11]], [15, [15, 12]], [12, []], [4, [4, 7, 6, 1, 9]], [7, []], [9, []], [1, []], [6, []]]], [[[5, [5, 3, 13]]], [[11, [11]]], [[15, [15, 12]]], [[10, [10, 2, 8]]], [[4, [4, 7, 6, 1, 9]]], [[14, [14]]]]]], "Numrun": 5, "all_fitness": [205.8189477717806]}
{"file_name": "U_15_0", "number_of_trucks": 2, "drone_capacity": 10, "number_of_drones": 2, "iteration": 2, "best_fitness": 203.99945069360083, "runtime": 95.70861744880676, "best_solution": [[[[0, []], [11, [11]], [15, [15, 12]], [12, []], [4, [4, 7, 1, 6, 9]], [9, []], [7, []], [1, []], [6, []]], [[0, []], [5, [5, 13, 3]], [13, []], [2, [2, 10]], [10, []], [14, [14, 8]], [3, []], [8, []]]], [[[5, [5, 13, 3]]], [[11, [11]]], [[15, [15, 12]]], [[2, [2, 10]]], [[4, [4, 7, 1, 6, 9]]], [[14, [14, 8]]]]], "all_solution": [[[[[0, []], [5, [5, 3, 13]], [13, []], [10, [10, 2, 8]], [2, []], [14, [14]], [3, []], [8, []]], [[0, []], [11, [11]], [15, [15, 12]], [12, []], [4, [4, 7, 6, 1, 9]], [7, []], [9, []], [1, []], [6, []]]], [[[5, [5, 3, 13]]], [[11, [11]]], [[15, [15, 12]]], [[10, [10, 2, 8]]], [[4, [4, 7, 6, 1, 9]]], [[14, [14]]]]], [[[[0, []], [11, [11]], [15, [15, 12]], [12, []], [4, [4, 7, 1, 6, 9]], [9, []], [7, []], [1, []], [6, []]], [[0, []], [5, [5, 13, 3]], [13, []], [2, [2, 10]], [10, []], [14, [14, 8]], [3, []], [8, []]]], [[[5, [5, 13, 3]]], [[11, [11]]], [[15, [15, 12]]], [[2, [2, 10]]], [[4, [4, 7, 1, 6, 9]]], [[14, [14, 8]]]]]], "Numrun": 5, "all_fitness": [205.8189477717806, 203.99945069360083]}
{"file_name": "U_15_0", "number_of_trucks": 2, "drone_capacity": 10, "number_of_drones": 2, "iteration": 3, "best_fitness": 208.4513807924951, "runtime": 74.6612319946289, "best_solution": [[[[0, []], [12, [12]], [2, [2, 15, 13, 3]], [15, []], [10, [10, 14, 8]], [13, []], [14, []], [3, []], [8, []]], [[0, [11]], [11, []], [5, [5]], [9, [9, 1]], [4, [4, 7, 6]], [7, []], [1, []], [6, []]]], [[[12, [12]]], [[5, [5]]], [[9, [9, 1]]], [[2, [2, 15, 13, 3]]], [[10, [10, 14, 8]]], [[4, [4, 7, 6]]]]], "all_solution": [[[[[0, []], [5, [5, 3, 13]], [13, []], [10, [10, 2, 8]], [2, []], [14, [14]], [3, []], [8, []]], [[0, []], [11, [11]], [15, [15, 12]], [12, []], [4, [4, 7, 6, 1, 9]], [7, []], [9, []], [1, []], [6, []]]], [[[5, [5, 3, 13]]], [[11, [11]]], [[15, [15, 12]]], [[10, [10, 2, 8]]], [[4, [4, 7, 6, 1, 9]]], [[14, [14]]]]], [[[[0, []], [11, [11]], [15, [15, 12]], [12, []], [4, [4, 7, 1, 6, 9]], [9, []], [7, []], [1, []], [6, []]], [[0, []], [5, [5, 13, 3]], [13, []], [2, [2, 10]], [10, []], [14, [14, 8]], [3, []], [8, []]]], [[[5, [5, 13, 3]]], [[11, [11]]], [[15, [15, 12]]], [[2, [2, 10]]], [[4, [4, 7, 1, 6, 9]]], [[14, [14, 8]]]]], [[[[0, []], [12, [12]], [2, [2, 15, 13, 3]], [15, []], [10, [10, 14, 8]], [13, []], [14, []], [3, []], [8, []]], [[0, [11]], [11, []], [5, [5]], [9, [9, 1]], [4, [4, 7, 6]], [7, []], [1, []], [6, []]]], [[[12, [12]]], [[5, [5]]], [[9, [9, 1]]], [[2, [2, 15, 13, 3]]], [[10, [10, 14, 8]]], [[4, [4, 7, 6]]]]]], "Numrun": 5, "all_fitness": [205.8189477717806, 203.99945069360083, 208.4513807924951]}
{"file_name": "U_15_0", "number_of_trucks": 2, "drone_capacity": 10, "number_of_drones": 2, "iteration": 4, "best_fitness": 203.99945069360083, "runtime": 94.28146076202393, "best_solution": [[[[0, [12, 11]], [11, []], [15, [15]], [12, []], [4, [4, 9, 1, 7, 6]], [9, []], [7, []], [1, []], [6, []]], [[0, [5, 13]], [5, []], [13, []], [2, [2, 10, 3]], [10, []], [14, [14, 8]], [3, []], [8, []]]], [[[15, [15]]], [[2, [2, 10, 3]]], [[4, [4, 9, 1, 7, 6]]], [[14, [14, 8]]]]], "all_solution": [[[[[0, []], [5, [5, 3, 13]], [13, []], [10, [10, 2, 8]], [2, []], [14, [14]], [3, []], [8, []]], [[0, []], [11, [11]], [15, [15, 12]], [12, []], [4, [4, 7, 6, 1, 9]], [7, []], [9, []], [1, []], [6, []]]], [[[5, [5, 3, 13]]], [[11, [11]]], [[15, [15, 12]]], [[10, [10, 2, 8]]], [[4, [4, 7, 6, 1, 9]]], [[14, [14]]]]], [[[[0, []], [11, [11]], [15, [15, 12]], [12, []], [4, [4, 7, 1, 6, 9]], [9, []], [7, []], [1, []], [6, []]], [[0, []], [5, [5, 13, 3]], [13, []], [2, [2, 10]], [10, []], [14, [14, 8]], [3, []], [8, []]]], [[[5, [5, 13, 3]]], [[11, [11]]], [[15, [15, 12]]], [[2, [2, 10]]], [[4, [4, 7, 1, 6, 9]]], [[14, [14, 8]]]]], [[[[0, []], [12, [12]], [2, [2, 15, 13, 3]], [15, []], [10, [10, 14, 8]], [13, []], [14, []], [3, []], [8, []]], [[0, [11]], [11, []], [5, [5]], [9, [9, 1]], [4, [4, 7, 6]], [7, []], [1, []], [6, []]]], [[[12, [12]]], [[5, [5]]], [[9, [9, 1]]], [[2, [2, 15, 13, 3]]], [[10, [10, 14, 8]]], [[4, [4, 7, 6]]]]], [[[[0, [12, 11]], [11, []], [15, [15]], [12, []], [4, [4, 9, 1, 7, 6]], [9, []], [7, []], [1, []], [6, []]], [[0, [5, 13]], [5, []], [13, []], [2, [2, 10, 3]], [10, []], [14, [14, 8]], [3, []], [8, []]]], [[[15, [15]]], [[2, [2, 10, 3]]], [[4, [4, 9, 1, 7, 6]]], [[14, [14, 8]]]]]], "Numrun": 5, "all_fitness": [205.8189477717806, 203.99945069360083, 208.4513807924951, 203.99945069360083]}
{"file_name": "U_15_0", "number_of_trucks": 2, "drone_capacity": 10, "number_of_drones": 2, "iteration": 5, "best_fitness": 204.95878352687285, "runtime": 127.28939437866211, "best_solution": [[[[0, []], [5, [5, 13, 3]], [13, []], [2, [2, 10, 8]], [10, []], [14, [14]], [3, []], [8, []]], [[0, [11, 12]], [11, []], [15, [15]], [12, []], [4, [4, 6, 7, 9, 1]], [9, []], [7, []], [1, []], [6, []]]], [[[15, [15]]], [[5, [5, 13, 3]]], [[2, [2, 10, 8]]], [[4, [4, 6, 7, 9, 1]]], [[14, [14]]]]], "all_solution": [[[[[0, []], [5, [5, 3, 13]], [13, []], [10, [10, 2, 8]], [2, []], [14, [14]], [3, []], [8, []]], [[0, []], [11, [11]], [15, [15, 12]], [12, []], [4, [4, 7, 6, 1, 9]], [7, []], [9, []], [1, []], [6, []]]], [[[5, [5, 3, 13]]], [[11, [11]]], [[15, [15, 12]]], [[10, [10, 2, 8]]], [[4, [4, 7, 6, 1, 9]]], [[14, [14]]]]], [[[[0, []], [11, [11]], [15, [15, 12]], [12, []], [4, [4, 7, 1, 6, 9]], [9, []], [7, []], [1, []], [6, []]], [[0, []], [5, [5, 13, 3]], [13, []], [2, [2, 10]], [10, []], [14, [14, 8]], [3, []], [8, []]]], [[[5, [5, 13, 3]]], [[11, [11]]], [[15, [15, 12]]], [[2, [2, 10]]], [[4, [4, 7, 1, 6, 9]]], [[14, [14, 8]]]]], [[[[0, []], [12, [12]], [2, [2, 15, 13, 3]], [15, []], [10, [10, 14, 8]], [13, []], [14, []], [3, []], [8, []]], [[0, [11]], [11, []], [5, [5]], [9, [9, 1]], [4, [4, 7, 6]], [7, []], [1, []], [6, []]]], [[[12, [12]]], [[5, [5]]], [[9, [9, 1]]], [[2, [2, 15, 13, 3]]], [[10, [10, 14, 8]]], [[4, [4, 7, 6]]]]], [[[[0, [12, 11]], [11, []], [15, [15]], [12, []], [4, [4, 9, 1, 7, 6]], [9, []], [7, []], [1, []], [6, []]], [[0, [5, 13]], [5, []], [13, []], [2, [2, 10, 3]], [10, []], [14, [14, 8]], [3, []], [8, []]]], [[[15, [15]]], [[2, [2, 10, 3]]], [[4, [4, 9, 1, 7, 6]]], [[14, [14, 8]]]]], [[[[0, []], [5, [5, 13, 3]], [13, []], [2, [2, 10, 8]], [10, []], [14, [14]], [3, []], [8, []]], [[0, [11, 12]], [11, []], [15, [15]], [12, []], [4, [4, 6, 7, 9, 1]], [9, []], [7, []], [1, []], [6, []]]], [[[15, [15]]], [[5, [5, 13, 3]]], [[2, [2, 10, 8]]], [[4, [4, 6, 7, 9, 1]]], [[14, [14]]]]]], "Numrun": 5, "all_fitness": [205.8189477717806, 203.99945069360083, 208.4513807924951, 203.99945069360083, 204.95878352687285]}
