{"file_name": "U_15_0", "number_of_trucks": 2, "drone_capacity": 10, "number_of_drones": 2, "iteration": 1, "best_fitness": 244.82682146219747, "runtime": 91.07385897636414, "best_solution": [[[[0, [12]], [12, []], [4, [4, 10, 2, 15]], [10, []], [2, []], [15, []]], [[0, [11]], [5, [5, 13, 3]], [13, []], [14, [14, 7, 1, 6, 8, 9]], [8, []], [3, []], [11, []], [9, []], [7, []], [1, []], [6, []]]], [[[5, [5, 13, 3]]], [[14, [14, 7, 1, 6, 8, 9]]], [[4, [4, 10, 2, 15]]]]], "all_solution": [[[[[0, [12]], [12, []], [4, [4, 10, 2, 15]], [10, []], [2, []], [15, []]], [[0, [11]], [5, [5, 13, 3]], [13, []], [14, [14, 7, 1, 6, 8, 9]], [8, []], [3, []], [11, []], [9, []], [7, []], [1, []], [6, []]]], [[[5, [5, 13, 3]]], [[14, [14, 7, 1, 6, 8, 9]]], [[4, [4, 10, 2, 15]]]]]], "Numrun": 5, "all_fitness": [244.82682146219747]}
{"file_name": "U_15_0", "number_of_trucks": 2, "drone_capacity": 10, "number_of_drones": 2, "iteration": 2, "best_fitness": 240.85221758442077, "runtime": 75.33667421340942, "best_solution": [[[[0, []], [11, [11]], [5, [5, 15]], [15, []], [2, [2, 10, 13, 14, 3, 8]], [10, []], [13, []], [14, []], [3, []], [8, []]], [[0, []], [4, [4, 9, 1, 6, 12, 7]], [12, []], [9, []], [7, []], [1, []], [6, []]]], [[[11, [11]]], [[5, [5, 15]]], [[2, [2, 10, 13, 14, 3, 8]]], [[4, [4, 9, 1, 6, 12, 7]]]]], "all_solution": [[[[[0, [12]], [12, []], [4, [4, 10, 2, 15]], [10, []], [2, []], [15, []]], [[0, [11]], [5, [5, 13, 3]], [13, []], [14, [14, 7, 1, 6, 8, 9]], [8, []], [3, []], [11, []], [9, []], [7, []], [1, []], [6, []]]], [[[5, [5, 13, 3]]], [[14, [14, 7, 1, 6, 8, 9]]], [[4, [4, 10, 2, 15]]]]], [[[[0, []], [11, [11]], [5, [5, 15]], [15, []], [2, [2, 10, 13, 14, 3, 8]], [10, []], [13, []], [14, []], [3, []], [8, []]], [[0, []], [4, [4, 9, 1, 6, 12, 7]], [12, []], [9, []], [7, []], [1, []], [6, []]]], [[[11, [11]]], [[5, [5, 15]]], [[2, [2, 10, 13, 14, 3, 8]]], [[4, [4, 9, 1, 6, 12, 7]]]]]], "Numrun": 5, "all_fitness": [244.82682146219747, 240.85221758442077]}
{"file_name": "U_15_0", "number_of_trucks": 2, "drone_capacity": 10, "number_of_drones": 2, "iteration": 3, "best_fitness": 240.85221758442077, "runtime": 73.58062481880188, "best_solution": [[[[0, []], [5, [5, 15]], [15, []], [2, [2, 10, 13, 14, 8, 3]], [10, []], [13, []], [14, []], [3, []], [8, []]], [[0, []], [11, [11, 12]], [12, []], [4, [4, 7, 1, 6, 9]], [9, []], [7, []], [1, []], [6, []]]], [[[5, [5, 15]]], [[11, [11, 12]]], [[2, [2, 10, 13, 14, 8, 3]]], [[4, [4, 7, 1, 6, 9]]]]], "all_solution": [[[[[0, [12]], [12, []], [4, [4, 10, 2, 15]], [10, []], [2, []], [15, []]], [[0, [11]], [5, [5, 13, 3]], [13, []], [14, [14, 7, 1, 6, 8, 9]], [8, []], [3, []], [11, []], [9, []], [7, []], [1, []], [6, []]]], [[[5, [5, 13, 3]]], [[14, [14, 7, 1, 6, 8, 9]]], [[4, [4, 10, 2, 15]]]]], [[[[0, []], [11, [11]], [5, [5, 15]], [15, []], [2, [2, 10, 13, 14, 3, 8]], [10, []], [13, []], [14, []], [3, []], [8, []]], [[0, []], [4, [4, 9, 1, 6, 12, 7]], [12, []], [9, []], [7, []], [1, []], [6, []]]], [[[11, [11]]], [[5, [5, 15]]], [[2, [2, 10, 13, 14, 3, 8]]], [[4, [4, 9, 1, 6, 12, 7]]]]], [[[[0, []], [5, [5, 15]], [15, []], [2, [2, 10, 13, 14, 8, 3]], [10, []], [13, []], [14, []], [3, []], [8, []]], [[0, []], [11, [11, 12]], [12, []], [4, [4, 7, 1, 6, 9]], [9, []], [7, []], [1, []], [6, []]]], [[[5, [5, 15]]], [[11, [11, 12]]], [[2, [2, 10, 13, 14, 8, 3]]], [[4, [4, 7, 1, 6, 9]]]]]], "Numrun": 5, "all_fitness": [244.82682146219747, 240.85221758442077, 240.85221758442077]}
{"file_name": "U_15_0", "number_of_trucks": 2, "drone_capacity": 10, "number_of_drones": 2, "iteration": 4, "best_fitness": 242.24536897876487, "runtime": 98.55210018157959, "best_solution": [[[[0, []], [11, [11]], [5, [5, 15, 13]], [15, []], [10, [10, 14, 2, 8, 3]], [2, []], [13, []], [14, []], [3, []], [8, []]], [[0, [12]], [12, []], [4, [4, 7, 6, 9, 1]], [9, []], [7, []], [1, []], [6, []]]], [[[4, [4, 7, 6, 9, 1]]], [[11, [11]]], [[5, [5, 15, 13]]], [[10, [10, 14, 2, 8, 3]]]]], "all_solution": [[[[[0, [12]], [12, []], [4, [4, 10, 2, 15]], [10, []], [2, []], [15, []]], [[0, [11]], [5, [5, 13, 3]], [13, []], [14, [14, 7, 1, 6, 8, 9]], [8, []], [3, []], [11, []], [9, []], [7, []], [1, []], [6, []]]], [[[5, [5, 13, 3]]], [[14, [14, 7, 1, 6, 8, 9]]], [[4, [4, 10, 2, 15]]]]], [[[[0, []], [11, [11]], [5, [5, 15]], [15, []], [2, [2, 10, 13, 14, 3, 8]], [10, []], [13, []], [14, []], [3, []], [8, []]], [[0, []], [4, [4, 9, 1, 6, 12, 7]], [12, []], [9, []], [7, []], [1, []], [6, []]]], [[[11, [11]]], [[5, [5, 15]]], [[2, [2, 10, 13, 14, 3, 8]]], [[4, [4, 9, 1, 6, 12, 7]]]]], [[[[0, []], [5, [5, 15]], [15, []], [2, [2, 10, 13, 14, 8, 3]], [10, []], [13, []], [14, []], [3, []], [8, []]], [[0, []], [11, [11, 12]], [12, []], [4, [4, 7, 1, 6, 9]], [9, []], [7, []], [1, []], [6, []]]], [[[5, [5, 15]]], [[11, [11, 12]]], [[2, [2, 10, 13, 14, 8, 3]]], [[4, [4, 7, 1, 6, 9]]]]], [[[[0, []], [11, [11]], [5, [5, 15, 13]], [15, []], [10, [10, 14, 2, 8, 3]], [2, []], [13, []], [14, []], [3, []], [8, []]], [[0, [12]], [12, []], [4, [4, 7, 6, 9, 1]], [9, []], [7, []], [1, []], [6, []]]], [[[4, [4, 7, 6, 9, 1]]], [[11, [11]]], [[5, [5, 15, 13]]], [[10, [10, 14, 2, 8, 3]]]]]], "Numrun": 5, "all_fitness": [244.82682146219747, 240.85221758442077, 240.85221758442077, 242.24536897876487]}
{"file_name": "U_15_0", "number_of_trucks": 2, "drone_capacity": 10, "number_of_drones": 2, "iteration": 5, "best_fitness": 240.85221758442077, "runtime": 76.18382906913757, "best_solution": [[[[0, []], [11, [11]], [5, [5, 15, 3, 13]], [15, []], [2, [2, 10, 14, 8]], [10, []], [13, []], [14, []], [3, []], [8, []]], [[0, [12]], [4, [4, 7, 9, 1, 6]], [12, []], [7, []], [9, []], [1, []], [6, []]]], [[[11, [11]]], [[5, [5, 15, 3, 13]]], [[2, [2, 10, 14, 8]]], [[4, [4, 7, 9, 1, 6]]]]], "all_solution": [[[[[0, [12]], [12, []], [4, [4, 10, 2, 15]], [10, []], [2, []], [15, []]], [[0, [11]], [5, [5, 13, 3]], [13, []], [14, [14, 7, 1, 6, 8, 9]], [8, []], [3, []], [11, []], [9, []], [7, []], [1, []], [6, []]]], [[[5, [5, 13, 3]]], [[14, [14, 7, 1, 6, 8, 9]]], [[4, [4, 10, 2, 15]]]]], [[[[0, []], [11, [11]], [5, [5, 15]], [15, []], [2, [2, 10, 13, 14, 3, 8]], [10, []], [13, []], [14, []], [3, []], [8, []]], [[0, []], [4, [4, 9, 1, 6, 12, 7]], [12, []], [9, []], [7, []], [1, []], [6, []]]], [[[11, [11]]], [[5, [5, 15]]], [[2, [2, 10, 13, 14, 3, 8]]], [[4, [4, 9, 1, 6, 12, 7]]]]], [[[[0, []], [5, [5, 15]], [15, []], [2, [2, 10, 13, 14, 8, 3]], [10, []], [13, []], [14, []], [3, []], [8, []]], [[0, []], [11, [11, 12]], [12, []], [4, [4, 7, 1, 6, 9]], [9, []], [7, []], [1, []], [6, []]]], [[[5, [5, 15]]], [[11, [11, 12]]], [[2, [2, 10, 13, 14, 8, 3]]], [[4, [4, 7, 1, 6, 9]]]]], [[[[0, []], [11, [11]], [5, [5, 15, 13]], [15, []], [10, [10, 14, 2, 8, 3]], [2, []], [13, []], [14, []], [3, []], [8, []]], [[0, [12]], [12, []], [4, [4, 7, 6, 9, 1]], [9, []], [7, []], [1, []], [6, []]]], [[[4, [4, 7, 6, 9, 1]]], [[11, [11]]], [[5, [5, 15, 13]]], [[10, [10, 14, 2, 8, 3]]]]], [[[[0, []], [11, [11]], [5, [5, 15, 3, 13]], [15, []], [2, [2, 10, 14, 8]], [10, []], [13, []], [14, []], [3, []], [8, []]], [[0, [12]], [4, [4, 7, 9, 1, 6]], [12, []], [7, []], [9, []], [1, []], [6, []]]], [[[11, [11]]], [[5, [5, 15, 3, 13]]], [[2, [2, 10, 14, 8]]], [[4, [4, 7, 9, 1, 6]]]]]], "Numrun": 5, "all_fitness": [244.82682146219747, 240.85221758442077, 240.85221758442077, 242.24536897876487, 240.85221758442077]}
