{"file_name": "U_15_1", "number_of_trucks": 2, "drone_capacity": 10, "number_of_drones": 2, "iteration": 1, "best_fitness": 261.48066064427735, "runtime": 58.09142184257507, "best_solution": [[[[0, [6]], [6, []], [5, [5, 9, 13]], [9, []], [12, [12, 15, 14]], [15, []], [13, []], [14, []], [4, [4]]], [[0, []], [10, [10]], [2, [2]], [3, [3, 1, 8]], [8, []], [7, [7, 11]], [1, []], [11, []]]], [[[5, [5, 9, 13]]], [[10, [10]]], [[2, [2]]], [[12, [12, 15, 14]]], [[3, [3, 1, 8]]], [[7, [7, 11]]], [[4, [4]]]]], "all_solution": [[[[[0, [6]], [6, []], [5, [5, 9, 13]], [9, []], [12, [12, 15, 14]], [15, []], [13, []], [14, []], [4, [4]]], [[0, []], [10, [10]], [2, [2]], [3, [3, 1, 8]], [8, []], [7, [7, 11]], [1, []], [11, []]]], [[[5, [5, 9, 13]]], [[10, [10]]], [[2, [2]]], [[12, [12, 15, 14]]], [[3, [3, 1, 8]]], [[7, [7, 11]]], [[4, [4]]]]]], "Numrun": 5, "all_fitness": [261.48066064427735]}
{"file_name": "U_15_1", "number_of_trucks": 2, "drone_capacity": 10, "number_of_drones": 2, "iteration": 2, "best_fitness": 257.40066064427737, "runtime": 54.35550260543823, "best_solution": [[[[0, [10]], [10, []], [13, [13, 9]], [9, []], [5, [5, 12, 15]], [12, []], [15, []], [14, [14, 4]], [4, []]], [[0, [6]], [6, []], [2, [2]], [3, [3]], [11, [11, 8, 1, 7]], [8, []], [1, []], [7, []]]], [[[13, [13, 9]]], [[5, [5, 12, 15]]], [[2, [2]]], [[3, [3]]], [[11, [11, 8, 1, 7]]], [[14, [14, 4]]]]], "all_solution": [[[[[0, [6]], [6, []], [5, [5, 9, 13]], [9, []], [12, [12, 15, 14]], [15, []], [13, []], [14, []], [4, [4]]], [[0, []], [10, [10]], [2, [2]], [3, [3, 1, 8]], [8, []], [7, [7, 11]], [1, []], [11, []]]], [[[5, [5, 9, 13]]], [[10, [10]]], [[2, [2]]], [[12, [12, 15, 14]]], [[3, [3, 1, 8]]], [[7, [7, 11]]], [[4, [4]]]]], [[[[0, [10]], [10, []], [13, [13, 9]], [9, []], [5, [5, 12, 15]], [12, []], [15, []], [14, [14, 4]], [4, []]], [[0, [6]], [6, []], [2, [2]], [3, [3]], [11, [11, 8, 1, 7]], [8, []], [1, []], [7, []]]], [[[13, [13, 9]]], [[5, [5, 12, 15]]], [[2, [2]]], [[3, [3]]], [[11, [11, 8, 1, 7]]], [[14, [14, 4]]]]]], "Numrun": 5, "all_fitness": [261.48066064427735, 257.40066064427737]}
{"file_name": "U_15_1", "number_of_trucks": 2, "drone_capacity": 10, "number_of_drones": 2, "iteration": 3, "best_fitness": 257.40066064427737, "runtime": 72.20362687110901, "best_solution": [[[[0, []], [5, [5, 10, 9, 13]], [10, []], [9, []], [12, [12, 15, 14]], [15, []], [13, []], [14, []], [4, [4]]], [[0, []], [6, [6]], [2, [2]], [3, [3]], [11, [11, 8, 1, 7]], [8, []], [1, []], [7, []]]], [[[5, [5, 10, 9, 13]]], [[6, [6]]], [[2, [2]]], [[3, [3]]], [[12, [12, 15, 14]]], [[11, [11, 8, 1, 7]]], [[4, [4]]]]], "all_solution": [[[[[0, [6]], [6, []], [5, [5, 9, 13]], [9, []], [12, [12, 15, 14]], [15, []], [13, []], [14, []], [4, [4]]], [[0, []], [10, [10]], [2, [2]], [3, [3, 1, 8]], [8, []], [7, [7, 11]], [1, []], [11, []]]], [[[5, [5, 9, 13]]], [[10, [10]]], [[2, [2]]], [[12, [12, 15, 14]]], [[3, [3, 1, 8]]], [[7, [7, 11]]], [[4, [4]]]]], [[[[0, [10]], [10, []], [13, [13, 9]], [9, []], [5, [5, 12, 15]], [12, []], [15, []], [14, [14, 4]], [4, []]], [[0, [6]], [6, []], [2, [2]], [3, [3]], [11, [11, 8, 1, 7]], [8, []], [1, []], [7, []]]], [[[13, [13, 9]]], [[5, [5, 12, 15]]], [[2, [2]]], [[3, [3]]], [[11, [11, 8, 1, 7]]], [[14, [14, 4]]]]], [[[[0, []], [5, [5, 10, 9, 13]], [10, []], [9, []], [12, [12, 15, 14]], [15, []], [13, []], [14, []], [4, [4]]], [[0, []], [6, [6]], [2, [2]], [3, [3]], [11, [11, 8, 1, 7]], [8, []], [1, []], [7, []]]], [[[5, [5, 10, 9, 13]]], [[6, [6]]], [[2, [2]]], [[3, [3]]], [[12, [12, 15, 14]]], [[11, [11, 8, 1, 7]]], [[4, [4]]]]]], "Numrun": 5, "all_fitness": [261.48066064427735, 257.40066064427737, 257.40066064427737]}
{"file_name": "U_15_1", "number_of_trucks": 2, "drone_capacity": 10, "number_of_drones": 2, "iteration": 4, "best_fitness": 257.40066064427737, "runtime": 75.13884973526001, "best_solution": [[[[0, []], [10, [10]], [2, [2]], [3, [3, 1, 8]], [11, [11, 7]], [8, []], [1, []], [7, []]], [[0, []], [9, [9, 5]], [5, []], [12, [12, 15, 14, 13]], [15, []], [13, []], [14, []], [4, [4, 6]], [6, []]]], [[[9, [9, 5]]], [[10, [10]]], [[2, [2]]], [[12, [12, 15, 14, 13]]], [[3, [3, 1, 8]]], [[11, [11, 7]]], [[4, [4, 6]]]]], "all_solution": [[[[[0, [6]], [6, []], [5, [5, 9, 13]], [9, []], [12, [12, 15, 14]], [15, []], [13, []], [14, []], [4, [4]]], [[0, []], [10, [10]], [2, [2]], [3, [3, 1, 8]], [8, []], [7, [7, 11]], [1, []], [11, []]]], [[[5, [5, 9, 13]]], [[10, [10]]], [[2, [2]]], [[12, [12, 15, 14]]], [[3, [3, 1, 8]]], [[7, [7, 11]]], [[4, [4]]]]], [[[[0, [10]], [10, []], [13, [13, 9]], [9, []], [5, [5, 12, 15]], [12, []], [15, []], [14, [14, 4]], [4, []]], [[0, [6]], [6, []], [2, [2]], [3, [3]], [11, [11, 8, 1, 7]], [8, []], [1, []], [7, []]]], [[[13, [13, 9]]], [[5, [5, 12, 15]]], [[2, [2]]], [[3, [3]]], [[11, [11, 8, 1, 7]]], [[14, [14, 4]]]]], [[[[0, []], [5, [5, 10, 9, 13]], [10, []], [9, []], [12, [12, 15, 14]], [15, []], [13, []], [14, []], [4, [4]]], [[0, []], [6, [6]], [2, [2]], [3, [3]], [11, [11, 8, 1, 7]], [8, []], [1, []], [7, []]]], [[[5, [5, 10, 9, 13]]], [[6, [6]]], [[2, [2]]], [[3, [3]]], [[12, [12, 15, 14]]], [[11, [11, 8, 1, 7]]], [[4, [4]]]]], [[[[0, []], [10, [10]], [2, [2]], [3, [3, 1, 8]], [11, [11, 7]], [8, []], [1, []], [7, []]], [[0, []], [9, [9, 5]], [5, []], [12, [12, 15, 14, 13]], [15, []], [13, []], [14, []], [4, [4, 6]], [6, []]]], [[[9, [9, 5]]], [[10, [10]]], [[2, [2]]], [[12, [12, 15, 14, 13]]], [[3, [3, 1, 8]]], [[11, [11, 7]]], [[4, [4, 6]]]]]], "Numrun": 5, "all_fitness": [261.48066064427735, 257.40066064427737, 257.40066064427737, 257.40066064427737]}
{"file_name": "U_15_1", "number_of_trucks": 2, "drone_capacity": 10, "number_of_drones": 2, "iteration": 5, "best_fitness": 260.48066064427735, "runtime": 60.338337421417236, "best_solution": [[[[0, [6]], [6, []], [10, [10]], [5, [5, 9, 13]], [12, [12, 15, 14]], [15, []], [13, []], [14, []], [4, [4]], [9, []]], [[0, []], [2, [2]], [3, [3, 1, 8]], [1, []], [7, [7, 11]], [8, []], [11, []]]], [[[10, [10]]], [[5, [5, 9, 13]]], [[2, [2]]], [[12, [12, 15, 14]]], [[3, [3, 1, 8]]], [[4, [4]]], [[7, [7, 11]]]]], "all_solution": [[[[[0, [6]], [6, []], [5, [5, 9, 13]], [9, []], [12, [12, 15, 14]], [15, []], [13, []], [14, []], [4, [4]]], [[0, []], [10, [10]], [2, [2]], [3, [3, 1, 8]], [8, []], [7, [7, 11]], [1, []], [11, []]]], [[[5, [5, 9, 13]]], [[10, [10]]], [[2, [2]]], [[12, [12, 15, 14]]], [[3, [3, 1, 8]]], [[7, [7, 11]]], [[4, [4]]]]], [[[[0, [10]], [10, []], [13, [13, 9]], [9, []], [5, [5, 12, 15]], [12, []], [15, []], [14, [14, 4]], [4, []]], [[0, [6]], [6, []], [2, [2]], [3, [3]], [11, [11, 8, 1, 7]], [8, []], [1, []], [7, []]]], [[[13, [13, 9]]], [[5, [5, 12, 15]]], [[2, [2]]], [[3, [3]]], [[11, [11, 8, 1, 7]]], [[14, [14, 4]]]]], [[[[0, []], [5, [5, 10, 9, 13]], [10, []], [9, []], [12, [12, 15, 14]], [15, []], [13, []], [14, []], [4, [4]]], [[0, []], [6, [6]], [2, [2]], [3, [3]], [11, [11, 8, 1, 7]], [8, []], [1, []], [7, []]]], [[[5, [5, 10, 9, 13]]], [[6, [6]]], [[2, [2]]], [[3, [3]]], [[12, [12, 15, 14]]], [[11, [11, 8, 1, 7]]], [[4, [4]]]]], [[[[0, []], [10, [10]], [2, [2]], [3, [3, 1, 8]], [11, [11, 7]], [8, []], [1, []], [7, []]], [[0, []], [9, [9, 5]], [5, []], [12, [12, 15, 14, 13]], [15, []], [13, []], [14, []], [4, [4, 6]], [6, []]]], [[[9, [9, 5]]], [[10, [10]]], [[2, [2]]], [[12, [12, 15, 14, 13]]], [[3, [3, 1, 8]]], [[11, [11, 7]]], [[4, [4, 6]]]]], [[[[0, [6]], [6, []], [10, [10]], [5, [5, 9, 13]], [12, [12, 15, 14]], [15, []], [13, []], [14, []], [4, [4]], [9, []]], [[0, []], [2, [2]], [3, [3, 1, 8]], [1, []], [7, [7, 11]], [8, []], [11, []]]], [[[10, [10]]], [[5, [5, 9, 13]]], [[2, [2]]], [[12, [12, 15, 14]]], [[3, [3, 1, 8]]], [[4, [4]]], [[7, [7, 11]]]]]], "Numrun": 5, "all_fitness": [261.48066064427735, 257.40066064427737, 257.40066064427737, 257.40066064427737, 260.48066064427735]}
