{"file_name": "U_15_0", "number_of_trucks": 2, "drone_capacity": 10, "number_of_drones": 2, "iteration": 1, "best_fitness": 193.2186897779901, "runtime": 86.96440649032593, "best_solution": [[[[0, [8, 9]], [2, [2, 11, 10, 6]], [3, [3]], [11, []], [8, []], [9, []], [10, []], [6, []]], [[0, [14, 13, 1]], [14, []], [13, []], [15, [15, 12]], [12, []], [5, [5, 7]], [1, []], [7, []], [4, [4]]]], [[[2, [2, 11, 10, 6]]], [[15, [15, 12]]], [[3, [3]]], [[5, [5, 7]]], [[4, [4]]]]], "all_solution": [[[[[0, [8, 9]], [2, [2, 11, 10, 6]], [3, [3]], [11, []], [8, []], [9, []], [10, []], [6, []]], [[0, [14, 13, 1]], [14, []], [13, []], [15, [15, 12]], [12, []], [5, [5, 7]], [1, []], [7, []], [4, [4]]]], [[[2, [2, 11, 10, 6]]], [[15, [15, 12]]], [[3, [3]]], [[5, [5, 7]]], [[4, [4]]]]]], "Numrun": 5, "all_fitness": [193.2186897779901]}
{"file_name": "U_15_0", "number_of_trucks": 2, "drone_capacity": 10, "number_of_drones": 2, "iteration": 2, "best_fitness": 189.50557718247657, "runtime": 83.44012331962585, "best_solution": [[[[0, [14, 13]], [14, []], [13, []], [15, [15, 12, 9]], [12, []], [9, []], [5, [5, 7]], [7, []], [4, [4]]], [[0, [6, 2, 1]], [6, []], [10, [10, 11, 8]], [1, []], [8, []], [11, []], [3, [3]], [2, []]]], [[[10, [10, 11, 8]]], [[15, [15, 12, 9]]], [[3, [3]]], [[5, [5, 7]]], [[4, [4]]]]], "all_solution": [[[[[0, [8, 9]], [2, [2, 11, 10, 6]], [3, [3]], [11, []], [8, []], [9, []], [10, []], [6, []]], [[0, [14, 13, 1]], [14, []], [13, []], [15, [15, 12]], [12, []], [5, [5, 7]], [1, []], [7, []], [4, [4]]]], [[[2, [2, 11, 10, 6]]], [[15, [15, 12]]], [[3, [3]]], [[5, [5, 7]]], [[4, [4]]]]], [[[[0, [14, 13]], [14, []], [13, []], [15, [15, 12, 9]], [12, []], [9, []], [5, [5, 7]], [7, []], [4, [4]]], [[0, [6, 2, 1]], [6, []], [10, [10, 11, 8]], [1, []], [8, []], [11, []], [3, [3]], [2, []]]], [[[10, [10, 11, 8]]], [[15, [15, 12, 9]]], [[3, [3]]], [[5, [5, 7]]], [[4, [4]]]]]], "Numrun": 5, "all_fitness": [193.2186897779901, 189.50557718247657]}
{"file_name": "U_15_0", "number_of_trucks": 2, "drone_capacity": 10, "number_of_drones": 2, "iteration": 3, "best_fitness": 190.82541850624452, "runtime": 69.22768998146057, "best_solution": [[[[0, [13, 6, 14]], [6, []], [14, []], [13, []], [15, [15, 12, 9]], [12, []], [9, []], [5, [5, 7, 4]], [7, []], [4, []]], [[0, [8, 1]], [10, [10, 2, 11]], [1, []], [8, []], [11, []], [3, [3]], [2, []]]], [[[10, [10, 2, 11]]], [[15, [15, 12, 9]]], [[5, [5, 7, 4]]], [[3, [3]]]]], "all_solution": [[[[[0, [8, 9]], [2, [2, 11, 10, 6]], [3, [3]], [11, []], [8, []], [9, []], [10, []], [6, []]], [[0, [14, 13, 1]], [14, []], [13, []], [15, [15, 12]], [12, []], [5, [5, 7]], [1, []], [7, []], [4, [4]]]], [[[2, [2, 11, 10, 6]]], [[15, [15, 12]]], [[3, [3]]], [[5, [5, 7]]], [[4, [4]]]]], [[[[0, [14, 13]], [14, []], [13, []], [15, [15, 12, 9]], [12, []], [9, []], [5, [5, 7]], [7, []], [4, [4]]], [[0, [6, 2, 1]], [6, []], [10, [10, 11, 8]], [1, []], [8, []], [11, []], [3, [3]], [2, []]]], [[[10, [10, 11, 8]]], [[15, [15, 12, 9]]], [[3, [3]]], [[5, [5, 7]]], [[4, [4]]]]], [[[[0, [13, 6, 14]], [6, []], [14, []], [13, []], [15, [15, 12, 9]], [12, []], [9, []], [5, [5, 7, 4]], [7, []], [4, []]], [[0, [8, 1]], [10, [10, 2, 11]], [1, []], [8, []], [11, []], [3, [3]], [2, []]]], [[[10, [10, 2, 11]]], [[15, [15, 12, 9]]], [[5, [5, 7, 4]]], [[3, [3]]]]]], "Numrun": 5, "all_fitness": [193.2186897779901, 189.50557718247657, 190.82541850624452]}
{"file_name": "U_15_0", "number_of_trucks": 2, "drone_capacity": 10, "number_of_drones": 2, "iteration": 4, "best_fitness": 191.8255771824766, "runtime": 65.57560873031616, "best_solution": [[[[0, [14]], [14, []], [15, [15, 12, 11, 2]], [12, []], [11, []], [3, [3]], [2, []]], [[0, [6, 13, 1]], [6, []], [13, []], [9, [9, 10, 8]], [10, []], [8, []], [1, []], [7, [7, 5]], [5, []], [4, [4]]]], [[[9, [9, 10, 8]]], [[15, [15, 12, 11, 2]]], [[3, [3]]], [[7, [7, 5]]], [[4, [4]]]]], "all_solution": [[[[[0, [8, 9]], [2, [2, 11, 10, 6]], [3, [3]], [11, []], [8, []], [9, []], [10, []], [6, []]], [[0, [14, 13, 1]], [14, []], [13, []], [15, [15, 12]], [12, []], [5, [5, 7]], [1, []], [7, []], [4, [4]]]], [[[2, [2, 11, 10, 6]]], [[15, [15, 12]]], [[3, [3]]], [[5, [5, 7]]], [[4, [4]]]]], [[[[0, [14, 13]], [14, []], [13, []], [15, [15, 12, 9]], [12, []], [9, []], [5, [5, 7]], [7, []], [4, [4]]], [[0, [6, 2, 1]], [6, []], [10, [10, 11, 8]], [1, []], [8, []], [11, []], [3, [3]], [2, []]]], [[[10, [10, 11, 8]]], [[15, [15, 12, 9]]], [[3, [3]]], [[5, [5, 7]]], [[4, [4]]]]], [[[[0, [13, 6, 14]], [6, []], [14, []], [13, []], [15, [15, 12, 9]], [12, []], [9, []], [5, [5, 7, 4]], [7, []], [4, []]], [[0, [8, 1]], [10, [10, 2, 11]], [1, []], [8, []], [11, []], [3, [3]], [2, []]]], [[[10, [10, 2, 11]]], [[15, [15, 12, 9]]], [[5, [5, 7, 4]]], [[3, [3]]]]], [[[[0, [14]], [14, []], [15, [15, 12, 11, 2]], [12, []], [11, []], [3, [3]], [2, []]], [[0, [6, 13, 1]], [6, []], [13, []], [9, [9, 10, 8]], [10, []], [8, []], [1, []], [7, [7, 5]], [5, []], [4, [4]]]], [[[9, [9, 10, 8]]], [[15, [15, 12, 11, 2]]], [[3, [3]]], [[7, [7, 5]]], [[4, [4]]]]]], "Numrun": 5, "all_fitness": [193.2186897779901, 189.50557718247657, 190.82541850624452, 191.8255771824766]}
{"file_name": "U_15_0", "number_of_trucks": 2, "drone_capacity": 10, "number_of_drones": 2, "iteration": 5, "best_fitness": 190.82541850624452, "runtime": 113.60469675064087, "best_solution": [[[[0, [1, 8, 2, 11]], [11, []], [1, []], [8, []], [3, [3]], [2, []]], [[0, [6]], [6, []], [14, [14, 13]], [13, []], [15, [15, 12, 10, 9]], [12, []], [10, []], [9, []], [5, [5, 7, 4]], [7, []], [4, []]]], [[[14, [14, 13]]], [[15, [15, 12, 10, 9]]], [[3, [3]]], [[5, [5, 7, 4]]]]], "all_solution": [[[[[0, [8, 9]], [2, [2, 11, 10, 6]], [3, [3]], [11, []], [8, []], [9, []], [10, []], [6, []]], [[0, [14, 13, 1]], [14, []], [13, []], [15, [15, 12]], [12, []], [5, [5, 7]], [1, []], [7, []], [4, [4]]]], [[[2, [2, 11, 10, 6]]], [[15, [15, 12]]], [[3, [3]]], [[5, [5, 7]]], [[4, [4]]]]], [[[[0, [14, 13]], [14, []], [13, []], [15, [15, 12, 9]], [12, []], [9, []], [5, [5, 7]], [7, []], [4, [4]]], [[0, [6, 2, 1]], [6, []], [10, [10, 11, 8]], [1, []], [8, []], [11, []], [3, [3]], [2, []]]], [[[10, [10, 11, 8]]], [[15, [15, 12, 9]]], [[3, [3]]], [[5, [5, 7]]], [[4, [4]]]]], [[[[0, [13, 6, 14]], [6, []], [14, []], [13, []], [15, [15, 12, 9]], [12, []], [9, []], [5, [5, 7, 4]], [7, []], [4, []]], [[0, [8, 1]], [10, [10, 2, 11]], [1, []], [8, []], [11, []], [3, [3]], [2, []]]], [[[10, [10, 2, 11]]], [[15, [15, 12, 9]]], [[5, [5, 7, 4]]], [[3, [3]]]]], [[[[0, [14]], [14, []], [15, [15, 12, 11, 2]], [12, []], [11, []], [3, [3]], [2, []]], [[0, [6, 13, 1]], [6, []], [13, []], [9, [9, 10, 8]], [10, []], [8, []], [1, []], [7, [7, 5]], [5, []], [4, [4]]]], [[[9, [9, 10, 8]]], [[15, [15, 12, 11, 2]]], [[3, [3]]], [[7, [7, 5]]], [[4, [4]]]]], [[[[0, [1, 8, 2, 11]], [11, []], [1, []], [8, []], [3, [3]], [2, []]], [[0, [6]], [6, []], [14, [14, 13]], [13, []], [15, [15, 12, 10, 9]], [12, []], [10, []], [9, []], [5, [5, 7, 4]], [7, []], [4, []]]], [[[14, [14, 13]]], [[15, [15, 12, 10, 9]]], [[3, [3]]], [[5, [5, 7, 4]]]]]], "Numrun": 5, "all_fitness": [193.2186897779901, 189.50557718247657, 190.82541850624452, 191.8255771824766, 190.82541850624452]}
