{"file_name": "U_15_0", "number_of_trucks": 2, "drone_capacity": 10, "number_of_drones": 2, "iteration": 1, "best_fitness": 185.07265352115897, "runtime": 99.73070931434631, "best_solution": [[[[0, [8, 15, 2, 6]], [13, [13, 9]], [6, []], [15, []], [8, []], [9, []], [2, [7, 5, 14]], [7, []], [5, []], [14, []]], [[0, [11]], [11, [1]], [1, []], [3, [3]], [4, [4, 12, 10]], [10, []], [12, []]]], [[[11, [1]]], [[13, [13, 9]]], [[3, [3]]], [[4, [4, 12, 10]]], [[2, [7, 5, 14]]]]], "all_solution": [[[[[0, [8, 15, 2, 6]], [13, [13, 9]], [6, []], [15, []], [8, []], [9, []], [2, [7, 5, 14]], [7, []], [5, []], [14, []]], [[0, [11]], [11, [1]], [1, []], [3, [3]], [4, [4, 12, 10]], [10, []], [12, []]]], [[[11, [1]]], [[13, [13, 9]]], [[3, [3]]], [[4, [4, 12, 10]]], [[2, [7, 5, 14]]]]]], "Numrun": 5, "all_fitness": [185.07265352115897]}
{"file_name": "U_15_0", "number_of_trucks": 2, "drone_capacity": 10, "number_of_drones": 2, "iteration": 2, "best_fitness": 184.1588212863343, "runtime": 95.31651329994202, "best_solution": [[[[0, []], [2, [2]], [14, [14, 13, 7, 9]], [5, [5, 12, 6]], [9, []], [7, []], [6, []], [13, []], [12, []]], [[0, []], [8, [8]], [15, [15, 1]], [1, []], [4, [4, 3, 11, 10]], [10, []], [3, []], [11, []]]], [[[2, [2]]], [[8, [8]]], [[15, [15, 1]]], [[14, [14, 13, 7, 9]]], [[5, [5, 12, 6]]], [[4, [4, 3, 11, 10]]]]], "all_solution": [[[[[0, [8, 15, 2, 6]], [13, [13, 9]], [6, []], [15, []], [8, []], [9, []], [2, [7, 5, 14]], [7, []], [5, []], [14, []]], [[0, [11]], [11, [1]], [1, []], [3, [3]], [4, [4, 12, 10]], [10, []], [12, []]]], [[[11, [1]]], [[13, [13, 9]]], [[3, [3]]], [[4, [4, 12, 10]]], [[2, [7, 5, 14]]]]], [[[[0, []], [2, [2]], [14, [14, 13, 7, 9]], [5, [5, 12, 6]], [9, []], [7, []], [6, []], [13, []], [12, []]], [[0, []], [8, [8]], [15, [15, 1]], [1, []], [4, [4, 3, 11, 10]], [10, []], [3, []], [11, []]]], [[[2, [2]]], [[8, [8]]], [[15, [15, 1]]], [[14, [14, 13, 7, 9]]], [[5, [5, 12, 6]]], [[4, [4, 3, 11, 10]]]]]], "Numrun": 5, "all_fitness": [185.07265352115897, 184.1588212863343]}
{"file_name": "U_15_0", "number_of_trucks": 2, "drone_capacity": 10, "number_of_drones": 2, "iteration": 3, "best_fitness": 184.45294148585097, "runtime": 123.95585989952087, "best_solution": [[[[0, [1, 15]], [15, []], [1, []], [4, [4, 3, 10, 11]], [10, []], [3, []], [11, []]], [[0, [6, 8, 2]], [8, []], [14, [14]], [5, [5, 13, 12, 7, 9]], [9, []], [2, []], [7, []], [6, []], [13, []], [12, []]]], [[[14, [14]]], [[5, [5, 13, 12, 7, 9]]], [[4, [4, 3, 10, 11]]]]], "all_solution": [[[[[0, [8, 15, 2, 6]], [13, [13, 9]], [6, []], [15, []], [8, []], [9, []], [2, [7, 5, 14]], [7, []], [5, []], [14, []]], [[0, [11]], [11, [1]], [1, []], [3, [3]], [4, [4, 12, 10]], [10, []], [12, []]]], [[[11, [1]]], [[13, [13, 9]]], [[3, [3]]], [[4, [4, 12, 10]]], [[2, [7, 5, 14]]]]], [[[[0, []], [2, [2]], [14, [14, 13, 7, 9]], [5, [5, 12, 6]], [9, []], [7, []], [6, []], [13, []], [12, []]], [[0, []], [8, [8]], [15, [15, 1]], [1, []], [4, [4, 3, 11, 10]], [10, []], [3, []], [11, []]]], [[[2, [2]]], [[8, [8]]], [[15, [15, 1]]], [[14, [14, 13, 7, 9]]], [[5, [5, 12, 6]]], [[4, [4, 3, 11, 10]]]]], [[[[0, [1, 15]], [15, []], [1, []], [4, [4, 3, 10, 11]], [10, []], [3, []], [11, []]], [[0, [6, 8, 2]], [8, []], [14, [14]], [5, [5, 13, 12, 7, 9]], [9, []], [2, []], [7, []], [6, []], [13, []], [12, []]]], [[[14, [14]]], [[5, [5, 13, 12, 7, 9]]], [[4, [4, 3, 10, 11]]]]]], "Numrun": 5, "all_fitness": [185.07265352115897, 184.1588212863343, 184.45294148585097]}
{"file_name": "U_15_0", "number_of_trucks": 2, "drone_capacity": 10, "number_of_drones": 2, "iteration": 4, "best_fitness": 184.45294148585097, "runtime": 84.11104393005371, "best_solution": [[[[0, [15, 6, 2, 9]], [15, []], [14, [14]], [5, [5, 7, 13, 12]], [9, []], [2, []], [7, []], [6, []], [13, []], [12, []]], [[0, []], [8, [8]], [11, [1, 11]], [1, []], [4, [4, 10, 3]], [10, []], [3, []]]], [[[8, [8]]], [[11, [1, 11]]], [[14, [14]]], [[5, [5, 7, 13, 12]]], [[4, [4, 10, 3]]]]], "all_solution": [[[[[0, [8, 15, 2, 6]], [13, [13, 9]], [6, []], [15, []], [8, []], [9, []], [2, [7, 5, 14]], [7, []], [5, []], [14, []]], [[0, [11]], [11, [1]], [1, []], [3, [3]], [4, [4, 12, 10]], [10, []], [12, []]]], [[[11, [1]]], [[13, [13, 9]]], [[3, [3]]], [[4, [4, 12, 10]]], [[2, [7, 5, 14]]]]], [[[[0, []], [2, [2]], [14, [14, 13, 7, 9]], [5, [5, 12, 6]], [9, []], [7, []], [6, []], [13, []], [12, []]], [[0, []], [8, [8]], [15, [15, 1]], [1, []], [4, [4, 3, 11, 10]], [10, []], [3, []], [11, []]]], [[[2, [2]]], [[8, [8]]], [[15, [15, 1]]], [[14, [14, 13, 7, 9]]], [[5, [5, 12, 6]]], [[4, [4, 3, 11, 10]]]]], [[[[0, [1, 15]], [15, []], [1, []], [4, [4, 3, 10, 11]], [10, []], [3, []], [11, []]], [[0, [6, 8, 2]], [8, []], [14, [14]], [5, [5, 13, 12, 7, 9]], [9, []], [2, []], [7, []], [6, []], [13, []], [12, []]]], [[[14, [14]]], [[5, [5, 13, 12, 7, 9]]], [[4, [4, 3, 10, 11]]]]], [[[[0, [15, 6, 2, 9]], [15, []], [14, [14]], [5, [5, 7, 13, 12]], [9, []], [2, []], [7, []], [6, []], [13, []], [12, []]], [[0, []], [8, [8]], [11, [1, 11]], [1, []], [4, [4, 10, 3]], [10, []], [3, []]]], [[[8, [8]]], [[11, [1, 11]]], [[14, [14]]], [[5, [5, 7, 13, 12]]], [[4, [4, 10, 3]]]]]], "Numrun": 5, "all_fitness": [185.07265352115897, 184.1588212863343, 184.45294148585097, 184.45294148585097]}
{"file_name": "U_15_0", "number_of_trucks": 2, "drone_capacity": 10, "number_of_drones": 2, "iteration": 5, "best_fitness": 183.430267797972, "runtime": 74.18971538543701, "best_solution": [[[[0, [6]], [6, []], [13, [13]], [4, [4, 10, 3, 11]], [10, []], [3, []], [11, []]], [[0, []], [1, [1, 8]], [7, [7, 2, 9, 5, 14, 15, 12]], [2, []], [9, []], [5, []], [14, []], [8, []], [15, []], [12, []]]], [[[1, [1, 8]]], [[13, [13]]], [[7, [7, 2, 9, 5, 14, 15, 12]]], [[4, [4, 10, 3, 11]]]]], "all_solution": [[[[[0, [8, 15, 2, 6]], [13, [13, 9]], [6, []], [15, []], [8, []], [9, []], [2, [7, 5, 14]], [7, []], [5, []], [14, []]], [[0, [11]], [11, [1]], [1, []], [3, [3]], [4, [4, 12, 10]], [10, []], [12, []]]], [[[11, [1]]], [[13, [13, 9]]], [[3, [3]]], [[4, [4, 12, 10]]], [[2, [7, 5, 14]]]]], [[[[0, []], [2, [2]], [14, [14, 13, 7, 9]], [5, [5, 12, 6]], [9, []], [7, []], [6, []], [13, []], [12, []]], [[0, []], [8, [8]], [15, [15, 1]], [1, []], [4, [4, 3, 11, 10]], [10, []], [3, []], [11, []]]], [[[2, [2]]], [[8, [8]]], [[15, [15, 1]]], [[14, [14, 13, 7, 9]]], [[5, [5, 12, 6]]], [[4, [4, 3, 11, 10]]]]], [[[[0, [1, 15]], [15, []], [1, []], [4, [4, 3, 10, 11]], [10, []], [3, []], [11, []]], [[0, [6, 8, 2]], [8, []], [14, [14]], [5, [5, 13, 12, 7, 9]], [9, []], [2, []], [7, []], [6, []], [13, []], [12, []]]], [[[14, [14]]], [[5, [5, 13, 12, 7, 9]]], [[4, [4, 3, 10, 11]]]]], [[[[0, [15, 6, 2, 9]], [15, []], [14, [14]], [5, [5, 7, 13, 12]], [9, []], [2, []], [7, []], [6, []], [13, []], [12, []]], [[0, []], [8, [8]], [11, [1, 11]], [1, []], [4, [4, 10, 3]], [10, []], [3, []]]], [[[8, [8]]], [[11, [1, 11]]], [[14, [14]]], [[5, [5, 7, 13, 12]]], [[4, [4, 10, 3]]]]], [[[[0, [6]], [6, []], [13, [13]], [4, [4, 10, 3, 11]], [10, []], [3, []], [11, []]], [[0, []], [1, [1, 8]], [7, [7, 2, 9, 5, 14, 15, 12]], [2, []], [9, []], [5, []], [14, []], [8, []], [15, []], [12, []]]], [[[1, [1, 8]]], [[13, [13]]], [[7, [7, 2, 9, 5, 14, 15, 12]]], [[4, [4, 10, 3, 11]]]]]], "Numrun": 5, "all_fitness": [185.07265352115897, 184.1588212863343, 184.45294148585097, 184.45294148585097, 183.430267797972]}
