{"file_name": "U_15_1", "number_of_trucks": 2, "drone_capacity": 10, "number_of_drones": 2, "iteration": 1, "best_fitness": 213.9548791160047, "runtime": 58.063555002212524, "best_solution": [[[[0, [6]], [6, []], [8, [8, 7, 9]], [7, []], [9, []], [14, [14, 5]], [5, []], [2, [2]], [15, [15]]], [[0, [12]], [12, []], [13, [13, 4, 3, 10]], [4, []], [10, []], [3, []], [1, [1, 11]], [11, []]]], [[[8, [8, 7, 9]]], [[13, [13, 4, 3, 10]]], [[14, [14, 5]]], [[2, [2]]], [[1, [1, 11]]], [[15, [15]]]]], "all_solution": [[[[[0, [6]], [6, []], [8, [8, 7, 9]], [7, []], [9, []], [14, [14, 5]], [5, []], [2, [2]], [15, [15]]], [[0, [12]], [12, []], [13, [13, 4, 3, 10]], [4, []], [10, []], [3, []], [1, [1, 11]], [11, []]]], [[[8, [8, 7, 9]]], [[13, [13, 4, 3, 10]]], [[14, [14, 5]]], [[2, [2]]], [[1, [1, 11]]], [[15, [15]]]]]], "Numrun": 5, "all_fitness": [213.9548791160047]}
{"file_name": "U_15_1", "number_of_trucks": 2, "drone_capacity": 10, "number_of_drones": 2, "iteration": 2, "best_fitness": 216.67656079635, "runtime": 94.21012663841248, "best_solution": [[[[0, [8, 6, 9, 7]], [6, []], [7, []], [9, []], [14, [14, 5]], [5, []], [2, [2]], [8, [15]], [15, []]], [[0, [12]], [12, []], [13, [13, 4, 10, 3]], [4, []], [10, []], [3, []], [1, [1, 11]], [11, []]]], [[[14, [14, 5]]], [[13, [13, 4, 10, 3]]], [[2, [2]]], [[1, [1, 11]]], [[8, [15]]]]], "all_solution": [[[[[0, [6]], [6, []], [8, [8, 7, 9]], [7, []], [9, []], [14, [14, 5]], [5, []], [2, [2]], [15, [15]]], [[0, [12]], [12, []], [13, [13, 4, 3, 10]], [4, []], [10, []], [3, []], [1, [1, 11]], [11, []]]], [[[8, [8, 7, 9]]], [[13, [13, 4, 3, 10]]], [[14, [14, 5]]], [[2, [2]]], [[1, [1, 11]]], [[15, [15]]]]], [[[[0, [8, 6, 9, 7]], [6, []], [7, []], [9, []], [14, [14, 5]], [5, []], [2, [2]], [8, [15]], [15, []]], [[0, [12]], [12, []], [13, [13, 4, 10, 3]], [4, []], [10, []], [3, []], [1, [1, 11]], [11, []]]], [[[14, [14, 5]]], [[13, [13, 4, 10, 3]]], [[2, [2]]], [[1, [1, 11]]], [[8, [15]]]]]], "Numrun": 5, "all_fitness": [213.9548791160047, 216.67656079635]}
{"file_name": "U_15_1", "number_of_trucks": 2, "drone_capacity": 10, "number_of_drones": 2, "iteration": 3, "best_fitness": 213.67656079635, "runtime": 57.693300008773804, "best_solution": [[[[0, [11, 9, 7, 8]], [11, []], [9, []], [7, []], [8, []], [14, [14, 5]], [5, []], [2, [2]], [15, [15]]], [[0, []], [12, [12, 6]], [6, []], [13, [13, 3, 4, 10]], [4, []], [10, []], [3, []], [1, [1]]]], [[[12, [12, 6]]], [[13, [13, 3, 4, 10]]], [[14, [14, 5]]], [[1, [1]]], [[2, [2]]], [[15, [15]]]]], "all_solution": [[[[[0, [6]], [6, []], [8, [8, 7, 9]], [7, []], [9, []], [14, [14, 5]], [5, []], [2, [2]], [15, [15]]], [[0, [12]], [12, []], [13, [13, 4, 3, 10]], [4, []], [10, []], [3, []], [1, [1, 11]], [11, []]]], [[[8, [8, 7, 9]]], [[13, [13, 4, 3, 10]]], [[14, [14, 5]]], [[2, [2]]], [[1, [1, 11]]], [[15, [15]]]]], [[[[0, [8, 6, 9, 7]], [6, []], [7, []], [9, []], [14, [14, 5]], [5, []], [2, [2]], [8, [15]], [15, []]], [[0, [12]], [12, []], [13, [13, 4, 10, 3]], [4, []], [10, []], [3, []], [1, [1, 11]], [11, []]]], [[[14, [14, 5]]], [[13, [13, 4, 10, 3]]], [[2, [2]]], [[1, [1, 11]]], [[8, [15]]]]], [[[[0, [11, 9, 7, 8]], [11, []], [9, []], [7, []], [8, []], [14, [14, 5]], [5, []], [2, [2]], [15, [15]]], [[0, []], [12, [12, 6]], [6, []], [13, [13, 3, 4, 10]], [4, []], [10, []], [3, []], [1, [1]]]], [[[12, [12, 6]]], [[13, [13, 3, 4, 10]]], [[14, [14, 5]]], [[1, [1]]], [[2, [2]]], [[15, [15]]]]]], "Numrun": 5, "all_fitness": [213.9548791160047, 216.67656079635, 213.67656079635]}
{"file_name": "U_15_1", "number_of_trucks": 2, "drone_capacity": 10, "number_of_drones": 2, "iteration": 4, "best_fitness": 213.67656079635, "runtime": 75.04640316963196, "best_solution": [[[[0, [11, 6, 12]], [11, []], [6, []], [12, []], [13, [13, 4, 10, 3]], [4, []], [10, []], [3, []], [1, [1]]], [[0, [7]], [8, [8, 9]], [9, []], [7, []], [14, [14, 5]], [5, []], [2, [2]], [15, [15]]]], [[[13, [13, 4, 10, 3]]], [[8, [8, 9]]], [[1, [1]]], [[14, [14, 5]]], [[2, [2]]], [[15, [15]]]]], "all_solution": [[[[[0, [6]], [6, []], [8, [8, 7, 9]], [7, []], [9, []], [14, [14, 5]], [5, []], [2, [2]], [15, [15]]], [[0, [12]], [12, []], [13, [13, 4, 3, 10]], [4, []], [10, []], [3, []], [1, [1, 11]], [11, []]]], [[[8, [8, 7, 9]]], [[13, [13, 4, 3, 10]]], [[14, [14, 5]]], [[2, [2]]], [[1, [1, 11]]], [[15, [15]]]]], [[[[0, [8, 6, 9, 7]], [6, []], [7, []], [9, []], [14, [14, 5]], [5, []], [2, [2]], [8, [15]], [15, []]], [[0, [12]], [12, []], [13, [13, 4, 10, 3]], [4, []], [10, []], [3, []], [1, [1, 11]], [11, []]]], [[[14, [14, 5]]], [[13, [13, 4, 10, 3]]], [[2, [2]]], [[1, [1, 11]]], [[8, [15]]]]], [[[[0, [11, 9, 7, 8]], [11, []], [9, []], [7, []], [8, []], [14, [14, 5]], [5, []], [2, [2]], [15, [15]]], [[0, []], [12, [12, 6]], [6, []], [13, [13, 3, 4, 10]], [4, []], [10, []], [3, []], [1, [1]]]], [[[12, [12, 6]]], [[13, [13, 3, 4, 10]]], [[14, [14, 5]]], [[1, [1]]], [[2, [2]]], [[15, [15]]]]], [[[[0, [11, 6, 12]], [11, []], [6, []], [12, []], [13, [13, 4, 10, 3]], [4, []], [10, []], [3, []], [1, [1]]], [[0, [7]], [8, [8, 9]], [9, []], [7, []], [14, [14, 5]], [5, []], [2, [2]], [15, [15]]]], [[[13, [13, 4, 10, 3]]], [[8, [8, 9]]], [[1, [1]]], [[14, [14, 5]]], [[2, [2]]], [[15, [15]]]]]], "Numrun": 5, "all_fitness": [213.9548791160047, 216.67656079635, 213.67656079635, 213.67656079635]}
{"file_name": "U_15_1", "number_of_trucks": 2, "drone_capacity": 10, "number_of_drones": 2, "iteration": 5, "best_fitness": 213.67656079635, "runtime": 69.1867926120758, "best_solution": [[[[0, [7, 8, 9, 11]], [11, []], [8, []], [7, []], [9, []], [14, [14, 5]], [5, []], [2, [2]], [15, [15]]], [[0, []], [6, [6, 12]], [12, []], [13, [13, 4, 10, 3]], [4, []], [10, []], [3, []], [1, [1]]]], [[[6, [6, 12]]], [[13, [13, 4, 10, 3]]], [[14, [14, 5]]], [[2, [2]]], [[1, [1]]], [[15, [15]]]]], "all_solution": [[[[[0, [6]], [6, []], [8, [8, 7, 9]], [7, []], [9, []], [14, [14, 5]], [5, []], [2, [2]], [15, [15]]], [[0, [12]], [12, []], [13, [13, 4, 3, 10]], [4, []], [10, []], [3, []], [1, [1, 11]], [11, []]]], [[[8, [8, 7, 9]]], [[13, [13, 4, 3, 10]]], [[14, [14, 5]]], [[2, [2]]], [[1, [1, 11]]], [[15, [15]]]]], [[[[0, [8, 6, 9, 7]], [6, []], [7, []], [9, []], [14, [14, 5]], [5, []], [2, [2]], [8, [15]], [15, []]], [[0, [12]], [12, []], [13, [13, 4, 10, 3]], [4, []], [10, []], [3, []], [1, [1, 11]], [11, []]]], [[[14, [14, 5]]], [[13, [13, 4, 10, 3]]], [[2, [2]]], [[1, [1, 11]]], [[8, [15]]]]], [[[[0, [11, 9, 7, 8]], [11, []], [9, []], [7, []], [8, []], [14, [14, 5]], [5, []], [2, [2]], [15, [15]]], [[0, []], [12, [12, 6]], [6, []], [13, [13, 3, 4, 10]], [4, []], [10, []], [3, []], [1, [1]]]], [[[12, [12, 6]]], [[13, [13, 3, 4, 10]]], [[14, [14, 5]]], [[1, [1]]], [[2, [2]]], [[15, [15]]]]], [[[[0, [11, 6, 12]], [11, []], [6, []], [12, []], [13, [13, 4, 10, 3]], [4, []], [10, []], [3, []], [1, [1]]], [[0, [7]], [8, [8, 9]], [9, []], [7, []], [14, [14, 5]], [5, []], [2, [2]], [15, [15]]]], [[[13, [13, 4, 10, 3]]], [[8, [8, 9]]], [[1, [1]]], [[14, [14, 5]]], [[2, [2]]], [[15, [15]]]]], [[[[0, [7, 8, 9, 11]], [11, []], [8, []], [7, []], [9, []], [14, [14, 5]], [5, []], [2, [2]], [15, [15]]], [[0, []], [6, [6, 12]], [12, []], [13, [13, 4, 10, 3]], [4, []], [10, []], [3, []], [1, [1]]]], [[[6, [6, 12]]], [[13, [13, 4, 10, 3]]], [[14, [14, 5]]], [[2, [2]]], [[1, [1]]], [[15, [15]]]]]], "Numrun": 5, "all_fitness": [213.9548791160047, 216.67656079635, 213.67656079635, 213.67656079635, 213.67656079635]}
