{"file_name": "U_50_1", "number_of_trucks": 2, "drone_capacity": 10, "number_of_drones": 2, "iteration": 1, "best_fitness": 483.57233006232127, "runtime": 3918.5380642414093, "best_solution": [[[[0, [1, 18, 28]], [1, []], [18, []], [38, [38, 13, 36, 29, 41, 2]], [13, []], [36, [33, 22, 7]], [33, []], [22, []], [29, []], [7, []], [16, [16, 32, 47, 40]], [32, []], [47, []], [40, []], [34, [34, 30, 24, 12, 17, 46, 42]], [30, []], [41, []], [17, []], [2, []], [46, []], [28, []], [24, []], [12, []], [42, []]], [[0, [27, 5, 31]], [27, []], [5, []], [31, []], [11, [11, 26, 14, 35]], [35, []], [26, []], [10, [10, 21, 45, 23, 8, 3, 20, 6]], [8, []], [20, []], [21, []], [19, [19, 4, 50, 25, 37]], [4, []], [45, []], [23, []], [3, []], [25, []], [49, [49, 44, 48, 9, 39, 15, 43]], [44, []], [14, []], [48, []], [9, []], [6, []], [39, []], [50, []], [43, []], [37, []], [15, []]]], [[[11, [11, 26, 14, 35]]], [[38, [38, 13, 36, 29, 41, 2]]], [[36, [33, 22, 7]]], [[16, [16, 32, 47, 40]]], [[10, [10, 21, 45, 23, 8, 3, 20, 6]]], [[19, [19, 4, 50, 25, 37]]], [[49, [49, 44, 48, 9, 39, 15, 43]]], [[34, [34, 30, 24, 12, 17, 46, 42]]]]], "all_solution": [[[[[0, [1, 18, 28]], [1, []], [18, []], [38, [38, 13, 36, 29, 41, 2]], [13, []], [36, [33, 22, 7]], [33, []], [22, []], [29, []], [7, []], [16, [16, 32, 47, 40]], [32, []], [47, []], [40, []], [34, [34, 30, 24, 12, 17, 46, 42]], [30, []], [41, []], [17, []], [2, []], [46, []], [28, []], [24, []], [12, []], [42, []]], [[0, [27, 5, 31]], [27, []], [5, []], [31, []], [11, [11, 26, 14, 35]], [35, []], [26, []], [10, [10, 21, 45, 23, 8, 3, 20, 6]], [8, []], [20, []], [21, []], [19, [19, 4, 50, 25, 37]], [4, []], [45, []], [23, []], [3, []], [25, []], [49, [49, 44, 48, 9, 39, 15, 43]], [44, []], [14, []], [48, []], [9, []], [6, []], [39, []], [50, []], [43, []], [37, []], [15, []]]], [[[11, [11, 26, 14, 35]]], [[38, [38, 13, 36, 29, 41, 2]]], [[36, [33, 22, 7]]], [[16, [16, 32, 47, 40]]], [[10, [10, 21, 45, 23, 8, 3, 20, 6]]], [[19, [19, 4, 50, 25, 37]]], [[49, [49, 44, 48, 9, 39, 15, 43]]], [[34, [34, 30, 24, 12, 17, 46, 42]]]]]], "Numrun": 5, "all_fitness": [483.57233006232127]}
{"file_name": "U_50_1", "number_of_trucks": 2, "drone_capacity": 10, "number_of_drones": 2, "iteration": 2, "best_fitness": 570.7106958227683, "runtime": 117.22603011131287, "best_solution": [[[[0, [14, 20, 18, 38, 45]], [14, [37, 7, 47]], [20, []], [18, []], [38, []], [45, []], [37, []], [7, []], [47, []], [50, [50, 10, 46, 2, 17, 41, 30, 34, 16, 49]], [10, []], [46, []], [2, []], [17, []], [41, []], [30, []], [34, []], [16, []], [49, []]], [[0, [27, 31]], [27, []], [31, []], [13, [13, 1, 36, 33, 22, 28, 35, 26, 29, 11]], [1, []], [36, []], [33, []], [22, []], [28, []], [35, []], [26, []], [29, []], [11, []], [8, [8, 21, 23, 19, 4, 44, 25, 32, 3, 5]], [21, []], [23, []], [19, []], [4, []], [44, []], [25, []], [32, []], [3, []], [5, []], [40, [40, 48, 9, 43, 42, 24, 12, 6, 39, 15]], [48, []], [9, []], [43, []], [42, []], [24, []], [12, []], [6, []], [39, []], [15, []]]], [[[13, [13, 1, 36, 33, 22, 28, 35, 26, 29, 11]]], [[14, [37, 7, 47]]], [[8, [8, 21, 23, 19, 4, 44, 25, 32, 3, 5]]], [[50, [50, 10, 46, 2, 17, 41, 30, 34, 16, 49]]], [[40, [40, 48, 9, 43, 42, 24, 12, 6, 39, 15]]]]], "all_solution": [[[[[0, [1, 18, 28]], [1, []], [18, []], [38, [38, 13, 36, 29, 41, 2]], [13, []], [36, [33, 22, 7]], [33, []], [22, []], [29, []], [7, []], [16, [16, 32, 47, 40]], [32, []], [47, []], [40, []], [34, [34, 30, 24, 12, 17, 46, 42]], [30, []], [41, []], [17, []], [2, []], [46, []], [28, []], [24, []], [12, []], [42, []]], [[0, [27, 5, 31]], [27, []], [5, []], [31, []], [11, [11, 26, 14, 35]], [35, []], [26, []], [10, [10, 21, 45, 23, 8, 3, 20, 6]], [8, []], [20, []], [21, []], [19, [19, 4, 50, 25, 37]], [4, []], [45, []], [23, []], [3, []], [25, []], [49, [49, 44, 48, 9, 39, 15, 43]], [44, []], [14, []], [48, []], [9, []], [6, []], [39, []], [50, []], [43, []], [37, []], [15, []]]], [[[11, [11, 26, 14, 35]]], [[38, [38, 13, 36, 29, 41, 2]]], [[36, [33, 22, 7]]], [[16, [16, 32, 47, 40]]], [[10, [10, 21, 45, 23, 8, 3, 20, 6]]], [[19, [19, 4, 50, 25, 37]]], [[49, [49, 44, 48, 9, 39, 15, 43]]], [[34, [34, 30, 24, 12, 17, 46, 42]]]]], [[[[0, [14, 20, 18, 38, 45]], [14, [37, 7, 47]], [20, []], [18, []], [38, []], [45, []], [37, []], [7, []], [47, []], [50, [50, 10, 46, 2, 17, 41, 30, 34, 16, 49]], [10, []], [46, []], [2, []], [17, []], [41, []], [30, []], [34, []], [16, []], [49, []]], [[0, [27, 31]], [27, []], [31, []], [13, [13, 1, 36, 33, 22, 28, 35, 26, 29, 11]], [1, []], [36, []], [33, []], [22, []], [28, []], [35, []], [26, []], [29, []], [11, []], [8, [8, 21, 23, 19, 4, 44, 25, 32, 3, 5]], [21, []], [23, []], [19, []], [4, []], [44, []], [25, []], [32, []], [3, []], [5, []], [40, [40, 48, 9, 43, 42, 24, 12, 6, 39, 15]], [48, []], [9, []], [43, []], [42, []], [24, []], [12, []], [6, []], [39, []], [15, []]]], [[[13, [13, 1, 36, 33, 22, 28, 35, 26, 29, 11]]], [[14, [37, 7, 47]]], [[8, [8, 21, 23, 19, 4, 44, 25, 32, 3, 5]]], [[50, [50, 10, 46, 2, 17, 41, 30, 34, 16, 49]]], [[40, [40, 48, 9, 43, 42, 24, 12, 6, 39, 15]]]]]], "Numrun": 5, "all_fitness": [483.57233006232127, 570.7106958227683]}
{"file_name": "U_50_1", "number_of_trucks": 2, "drone_capacity": 10, "number_of_drones": 2, "iteration": 3, "best_fitness": 584.1610511049767, "runtime": 118.51662707328796, "best_solution": [[[[0, [1, 13, 8, 11, 23, 14]], [1, []], [13, []], [8, []], [11, []], [23, []], [14, []], [7, [7, 6, 10, 22, 38, 4, 19, 29]], [6, []], [10, []], [22, [24, 9]], [38, []], [4, []], [19, []], [29, []], [24, []], [9, []], [43, [43, 42, 12, 48, 39, 37, 15, 44, 49, 25]], [42, []], [12, []], [48, []], [39, []], [37, []], [15, []], [44, []], [49, []], [25, []]], [[0, [31, 5, 27, 36]], [31, []], [5, []], [27, []], [36, []], [18, [18]], [21, [21, 26, 35, 28, 20, 45, 32, 3, 40]], [26, []], [35, []], [28, []], [20, []], [45, []], [32, []], [3, []], [40, []], [47, [47, 50, 16, 41, 34, 30, 46, 2, 17, 33]], [50, []], [16, []], [41, []], [34, []], [30, []], [46, []], [2, []], [17, []], [33, []]]], [[[18, [18]]], [[21, [21, 26, 35, 28, 20, 45, 32, 3, 40]]], [[47, [47, 50, 16, 41, 34, 30, 46, 2, 17, 33]]], [[7, [7, 6, 10, 22, 38, 4, 19, 29]]], [[22, [24, 9]]], [[43, [43, 42, 12, 48, 39, 37, 15, 44, 49, 25]]]]],