{"file_name": "U_50_1", "number_of_trucks": 2, "drone_capacity": 10, "number_of_drones": 2, "iteration": 1, "best_fitness": 595.1734223856905, "runtime": 3762.012695789337, "best_solution": [[[[0, [49, 22, 1, 40, 23, 18, 30, 13]], [18, []], [30, []], [13, []], [1, []], [22, []], [49, []], [40, []], [23, []], [3, [3, 28, 46, 6, 50]], [28, []], [46, []], [6, []], [27, [27, 38, 42, 26, 33, 8, 4, 47]], [38, []], [50, []], [31, [31, 34]], [33, []], [4, []], [47, []], [9, [9, 24, 20, 5, 48, 45]], [42, []], [45, []], [26, []], [24, []], [20, []], [5, []], [48, []], [34, []], [8, []]], [[0, [16, 14, 17, 44]], [14, []], [17, []], [44, []], [16, [19, 32, 25, 41]], [19, []], [32, []], [25, []], [41, [10, 7, 29]], [10, []], [12, [12, 11, 37]], [7, []], [21, [21, 43, 36, 39]], [43, []], [36, []], [39, []], [2, [2, 15, 35]], [29, []], [35, []], [11, []], [15, []], [37, []]]], [[[16, [19, 32, 25, 41]]], [[3, [3, 28, 46, 6, 50]]], [[41, [10, 7, 29]]], [[12, [12, 11, 37]]], [[27, [27, 38, 42, 26, 33, 8, 4, 47]]], [[21, [21, 43, 36, 39]]], [[31, [31, 34]]], [[2, [2, 15, 35]]], [[9, [9, 24, 20, 5, 48, 45]]]]], "all_solution": [[[[[0, [49, 22, 1, 40, 23, 18, 30, 13]], [18, []], [30, []], [13, []], [1, []], [22, []], [49, []], [40, []], [23, []], [3, [3, 28, 46, 6, 50]], [28, []], [46, []], [6, []], [27, [27, 38, 42, 26, 33, 8, 4, 47]], [38, []], [50, []], [31, [31, 34]], [33, []], [4, []], [47, []], [9, [9, 24, 20, 5, 48, 45]], [42, []], [45, []], [26, []], [24, []], [20, []], [5, []], [48, []], [34, []], [8, []]], [[0, [16, 14, 17, 44]], [14, []], [17, []], [44, []], [16, [19, 32, 25, 41]], [19, []], [32, []], [25, []], [41, [10, 7, 29]], [10, []], [12, [12, 11, 37]], [7, []], [21, [21, 43, 36, 39]], [43, []], [36, []], [39, []], [2, [2, 15, 35]], [29, []], [35, []], [11, []], [15, []], [37, []]]], [[[16, [19, 32, 25, 41]]], [[3, [3, 28, 46, 6, 50]]], [[41, [10, 7, 29]]], [[12, [12, 11, 37]]], [[27, [27, 38, 42, 26, 33, 8, 4, 47]]], [[21, [21, 43, 36, 39]]], [[31, [31, 34]]], [[2, [2, 15, 35]]], [[9, [9, 24, 20, 5, 48, 45]]]]]], "Numrun": 5, "all_fitness": [595.1734223856905]}
{"file_name": "U_50_1", "number_of_trucks": 2, "drone_capacity": 10, "number_of_drones": 2, "iteration": 2, "best_fitness": 696.0, "runtime": 122.24517869949341, "best_solution": [[[[0, [40, 23, 1, 49, 14]], [40, []], [23, []], [1, []], [49, []], [14, []], [30, [30, 13, 18, 46, 6, 7, 50]], [13, []], [18, [36, 28, 12]], [46, []], [6, []], [7, []], [50, []], [36, []], [28, []], [12, []], [11, [11, 42, 38, 27, 39, 2, 35, 9, 4, 15]], [42, []], [38, []], [27, []], [39, []], [2, []], [35, []], [9, []], [4, []], [15, []]], [[0, [22, 44, 17, 16, 19]], [22, []], [44, []], [17, []], [16, []], [19, []], [32, [32, 25, 41, 10]], [25, []], [41, []], [10, []], [29, [29, 3, 8, 37, 47, 26]], [3, []], [8, []], [37, []], [47, []], [26, []], [33, [33, 21, 34, 43, 31, 5, 48, 20, 24, 45]], [21, []], [34, []], [43, []], [31, []], [5, []], [48, []], [20, []], [24, []], [45, []]]], [[[30, [30, 13, 18, 46, 6, 7, 50]]], [[32, [32, 25, 41, 10]]], [[18, [36, 28, 12]]], [[29, [29, 3, 8, 37, 47, 26]]], [[33, [33, 21, 34, 43, 31, 5, 48, 20, 24, 45]]], [[11, [11, 42, 38, 27, 39, 2, 35, 9, 4, 15]]]]], "all_solution": [[[[[0, [49, 22, 1, 40, 23, 18, 30, 13]], [18, []], [30, []], [13, []], [1, []], [22, []], [49, []], [40, []], [23, []], [3, [3, 28, 46, 6, 50]], [28, []], [46, []], [6, []], [27, [27, 38, 42, 26, 33, 8, 4, 47]], [38, []], [50, []], [31, [31, 34]], [33, []], [4, []], [47, []], [9, [9, 24, 20, 5, 48, 45]], [42, []], [45, []], [26, []], [24, []], [20, []], [5, []], [48, []], [34, []], [8, []]], [[0, [16, 14, 17, 44]], [14, []], [17, []], [44, []], [16, [19, 32, 25, 41]], [19, []], [32, []], [25, []], [41, [10, 7, 29]], [10, []], [12, [12, 11, 37]], [7, []], [21, [21, 43, 36, 39]], [43, []], [36, []], [39, []], [2, [2, 15, 35]], [29, []], [35, []], [11, []], [15, []], [37, []]]], [[[16, [19, 32, 25, 41]]], [[3, [3, 28, 46, 6, 50]]], [[41, [10, 7, 29]]], [[12, [12, 11, 37]]], [[27, [27, 38, 42, 26, 33, 8, 4, 47]]], [[21, [21, 43, 36, 39]]], [[31, [31, 34]]], [[2, [2, 15, 35]]], [[9, [9, 24, 20, 5, 48, 45]]]]], [[[[0, [40, 23, 1, 49, 14]], [40, []], [23, []], [1, []], [49, []], [14, []], [30, [30, 13, 18, 46, 6, 7, 50]], [13, []], [18, [36, 28, 12]], [46, []], [6, []], [7, []], [50, []], [36, []], [28, []], [12, []], [11, [11, 42, 38, 27, 39, 2, 35, 9, 4, 15]], [42, []], [38, []], [27, []], [39, []], [2, []], [35, []], [9, []], [4, []], [15, []]], [[0, [22, 44, 17, 16, 19]], [22, []], [44, []], [17, []], [16, []], [19, []], [32, [32, 25, 41, 10]], [25, []], [41, []], [10, []], [29, [29, 3, 8, 37, 47, 26]], [3, []], [8, []], [37, []], [47, []], [26, []], [33, [33, 21, 34, 43, 31, 5, 48, 20, 24, 45]], [21, []], [34, []], [43, []], [31, []], [5, []], [48, []], [20, []], [24, []], [45, []]]], [[[30, [30, 13, 18, 46, 6, 7, 50]]], [[32, [32, 25, 41, 10]]], [[18, [36, 28, 12]]], [[29, [29, 3, 8, 37, 47, 26]]], [[33, [33, 21, 34, 43, 31, 5, 48, 20, 24, 45]]], [[11, [11, 42, 38, 27, 39, 2, 35, 9, 4, 15]]]]]], "Numrun": 5, "all_fitness": [595.1734223856905, 696.0]}
{"file_name": "U_50_1", "number_of_trucks": 2, "drone_capacity": 10, "number_of_drones": 2, "iteration": 3, "best_fitness": 715.3647940353927, "runtime": 119.80775547027588, "best_solution": [[[[0, [40, 49, 1, 23, 14]], [40, []], [49, []], [1, []], [23, []], [14, []], [30, [30, 13, 18, 46, 6, 7, 50, 36, 37, 3]], [13, []], [18, []], [46, []], [6, []], [7, []], [50, []], [36, []], [37, []], [3, []], [8, [8, 4, 42, 38, 43, 27, 39, 2, 35, 9]], [4, []], [42, []], [38, []], [43, []], [27, []], [39, []], [2, []], [35, []], [9, []]], [[0, [22, 44, 17, 16, 19]], [22, []], [44, []], [17, []], [16, []], [19, []], [32, [32, 25, 41, 10, 29, 12, 11, 28]], [25, [47, 26]], [41, []], [10, []], [29, []], [12, []], [11, []], [28, []], [47, []], [26, []], [33, [33, 31, 15, 21, 5, 34, 24, 48, 20, 45]], [31, []], [15, []], [21, []], [5, []], [34, []], [24, []], [48, []], [20, []], [45, []]]], [[[32, [32, 25, 41, 10, 29, 12, 11, 28]]], [[30, [30, 13, 18, 46, 6, 7, 50, 36, 37, 3]]], [[25, [47, 26]]], [[8, [8, 4, 42, 38, 43, 27, 39, 2, 35, 9]]], [[33, [33, 31, 15, 21, 5, 34, 24, 48, 20, 45]]]]],