{"file_name": "U_50_0", "number_of_trucks": 2, "drone_capacity": 10, "number_of_drones": 2, "iteration": 1, "best_fitness": 382.4539488339751, "runtime": 3905.8784041404724, "best_solution": [[[[0, [18]], [19, [19, 31]], [31, [34, 46, 2]], [18, []], [34, []], [46, []], [2, []], [16, [16, 33, 38, 15, 22, 37, 40, 39]], [33, []], [37, []], [40, []], [28, [28, 6, 30, 50, 8, 12]], [6, []], [38, []], [12, []], [15, []], [10, [9, 10, 27, 47, 5, 4]], [27, []], [22, []], [39, []], [47, []], [5, []], [9, []], [8, []], [30, []], [50, []], [4, []]], [[0, [42, 49, 11, 41, 24, 17, 7]], [7, []], [26, [14, 21, 26, 43, 3]], [42, []], [49, []], [14, []], [11, []], [43, []], [3, []], [25, [25, 20, 48, 13, 45, 32, 36, 23]], [20, []], [17, []], [48, []], [21, []], [13, []], [29, [29, 35, 1, 44]], [45, []], [32, []], [36, []], [41, []], [44, []], [23, []], [35, []], [24, []], [1, []]]], [[[19, [19, 31]]], [[31, [34, 46, 2]]], [[26, [14, 21, 26, 43, 3]]], [[16, [16, 33, 38, 15, 22, 37, 40, 39]]], [[28, [28, 6, 30, 50, 8, 12]]], [[25, [25, 20, 48, 13, 45, 32, 36, 23]]], [[10, [9, 10, 27, 47, 5, 4]]], [[29, [29, 35, 1, 44]]]]], "all_solution": [[[[[0, [18]], [19, [19, 31]], [31, [34, 46, 2]], [18, []], [34, []], [46, []], [2, []], [16, [16, 33, 38, 15, 22, 37, 40, 39]], [33, []], [37, []], [40, []], [28, [28, 6, 30, 50, 8, 12]], [6, []], [38, []], [12, []], [15, []], [10, [9, 10, 27, 47, 5, 4]], [27, []], [22, []], [39, []], [47, []], [5, []], [9, []], [8, []], [30, []], [50, []], [4, []]], [[0, [42, 49, 11, 41, 24, 17, 7]], [7, []], [26, [14, 21, 26, 43, 3]], [42, []], [49, []], [14, []], [11, []], [43, []], [3, []], [25, [25, 20, 48, 13, 45, 32, 36, 23]], [20, []], [17, []], [48, []], [21, []], [13, []], [29, [29, 35, 1, 44]], [45, []], [32, []], [36, []], [41, []], [44, []], [23, []], [35, []], [24, []], [1, []]]], [[[19, [19, 31]]], [[31, [34, 46, 2]]], [[26, [14, 21, 26, 43, 3]]], [[16, [16, 33, 38, 15, 22, 37, 40, 39]]], [[28, [28, 6, 30, 50, 8, 12]]], [[25, [25, 20, 48, 13, 45, 32, 36, 23]]], [[10, [9, 10, 27, 47, 5, 4]]], [[29, [29, 35, 1, 44]]]]]], "Numrun": 5, "all_fitness": [382.4539488339751]}
{"file_name": "U_50_0", "number_of_trucks": 2, "drone_capacity": 10, "number_of_drones": 2, "iteration": 2, "best_fitness": 387.851037327712, "runtime": 133.5831422805786, "best_solution": [[[[0, [18]], [26, [26, 42, 7]], [42, []], [7, []], [41, [41, 32, 45]], [32, []], [45, []], [36, [36, 23, 48, 20, 17, 46, 2, 6, 38, 12]], [23, []], [48, []], [20, []], [17, []], [18, []], [46, []], [2, []], [6, []], [38, []], [12, []], [3, [3, 43, 15, 25, 10, 27, 22, 11, 14, 4]], [43, []], [15, []], [25, []], [10, []], [27, []], [22, []], [11, []], [14, []], [4, []]], [[0, []], [39, [39]], [49, [49, 24]], [24, []], [21, [21, 31, 34, 16, 40, 28, 37, 33, 13, 29]], [31, []], [34, []], [16, []], [40, []], [28, []], [37, []], [33, []], [13, []], [29, []], [50, [50, 30, 8, 47, 5, 9, 35, 44, 19, 1]], [30, []], [8, []], [47, []], [5, []], [9, []], [35, []], [44, []], [19, []], [1, []]]], [[[26, [26, 42, 7]]], [[39, [39]]], [[49, [49, 24]]], [[41, [41, 32, 45]]], [[36, [36, 23, 48, 20, 17, 46, 2, 6, 38, 12]]], [[21, [21, 31, 34, 16, 40, 28, 37, 33, 13, 29]]], [[50, [50, 30, 8, 47, 5, 9, 35, 44, 19, 1]]], [[3, [3, 43, 15, 25, 10, 27, 22, 11, 14, 4]]]]], "all_solution": [[[[[0, [18]], [19, [19, 31]], [31, [34, 46, 2]], [18, []], [34, []], [46, []], [2, []], [16, [16, 33, 38, 15, 22, 37, 40, 39]], [33, []], [37, []], [40, []], [28, [28, 6, 30, 50, 8, 12]], [6, []], [38, []], [12, []], [15, []], [10, [9, 10, 27, 47, 5, 4]], [27, []], [22, []], [39, []], [47, []], [5, []], [9, []], [8, []], [30, []], [50, []], [4, []]], [[0, [42, 49, 11, 41, 24, 17, 7]], [7, []], [26, [14, 21, 26, 43, 3]], [42, []], [49, []], [14, []], [11, []], [43, []], [3, []], [25, [25, 20, 48, 13, 45, 32, 36, 23]], [20, []], [17, []], [48, []], [21, []], [13, []], [29, [29, 35, 1, 44]], [45, []], [32, []], [36, []], [41, []], [44, []], [23, []], [35, []], [24, []], [1, []]]], [[[19, [19, 31]]], [[31, [34, 46, 2]]], [[26, [14, 21, 26, 43, 3]]], [[16, [16, 33, 38, 15, 22, 37, 40, 39]]], [[28, [28, 6, 30, 50, 8, 12]]], [[25, [25, 20, 48, 13, 45, 32, 36, 23]]], [[10, [9, 10, 27, 47, 5, 4]]], [[29, [29, 35, 1, 44]]]]], [[[[0, [18]], [26, [26, 42, 7]], [42, []], [7, []], [41, [41, 32, 45]], [32, []], [45, []], [36, [36, 23, 48, 20, 17, 46, 2, 6, 38, 12]], [23, []], [48, []], [20, []], [17, []], [18, []], [46, []], [2, []], [6, []], [38, []], [12, []], [3, [3, 43, 15, 25, 10, 27, 22, 11, 14, 4]], [43, []], [15, []], [25, []], [10, []], [27, []], [22, []], [11, []], [14, []], [4, []]], [[0, []], [39, [39]], [49, [49, 24]], [24, []], [21, [21, 31, 34, 16, 40, 28, 37, 33, 13, 29]], [31, []], [34, []], [16, []], [40, []], [28, []], [37, []], [33, []], [13, []], [29, []], [50, [50, 30, 8, 47, 5, 9, 35, 44, 19, 1]], [30, []], [8, []], [47, []], [5, []], [9, []], [35, []], [44, []], [19, []], [1, []]]], [[[26, [26, 42, 7]]], [[39, [39]]], [[49, [49, 24]]], [[41, [41, 32, 45]]], [[36, [36, 23, 48, 20, 17, 46, 2, 6, 38, 12]]], [[21, [21, 31, 34, 16, 40, 28, 37, 33, 13, 29]]], [[50, [50, 30, 8, 47, 5, 9, 35, 44, 19, 1]]], [[3, [3, 43, 15, 25, 10, 27, 22, 11, 14, 4]]]]]], "Numrun": 5, "all_fitness": [382.4539488339751, 387.851037327712]}
{"file_name": "U_50_0", "number_of_trucks": 2, "drone_capacity": 10, "number_of_drones": 2, "iteration": 3, "best_fitness": 398.73777800082087, "runtime": 123.26637244224548, "best_solution": [[[[0, [12]], [42, [4, 42, 49, 39, 47, 16, 38, 2, 28, 6]], [49, []], [39, []], [47, []], [16, []], [38, []], [2, []], [28, []], [6, []], [12, []], [43, [43, 3, 15, 25, 10, 27, 22, 11, 14]], [3, []], [15, []], [25, []], [10, []], [27, []], [22, []], [11, []], [14, []], [4, []]], [[0, [26, 7]], [26, []], [7, []], [19, [19, 17, 18, 33, 40, 37]], [17, [32, 45]], [18, []], [33, []], [40, []], [37, []], [32, []], [45, []], [13, [13, 29, 21, 31, 48, 20, 46, 34, 50, 30]], [29, []], [21, []], [31, []], [48, []], [20, []], [46, []], [34, []], [50, []], [30, []], [8, [8, 9, 5, 24, 35, 23, 44, 36, 41, 1]], [9, []], [5, []], [24, []], [35, []], [23, []], [44, []], [36, []], [41, []], [1, []]]], [[[19, [19, 17, 18, 33, 40, 37]]], [[17, [32, 45]]], [[42, [4, 42, 49, 39, 47, 16, 38, 2, 28, 6]]], [[13, [13, 29, 21, 31, 48, 20, 46, 34, 50, 30]]], [[43, [43, 3, 15, 25, 10, 27, 22, 11, 14]]], [[8, [8, 9, 5, 24, 35, 23, 44, 36, 41, 1]]]]],