{"file_name": "U_50_0", "number_of_trucks": 2, "drone_capacity": 10, "number_of_drones": 2, "iteration": 1, "best_fitness": 376.1146489490723, "runtime": 3676.2916831970215, "best_solution": [[[[0, [27, 15, 49, 43, 21, 17, 30, 35, 16]], [35, []], [21, []], [1, [9, 1, 12, 28, 20, 25, 50]], [12, []], [16, []], [28, []], [20, []], [46, [46, 14, 24, 7, 6, 41, 37, 23, 34]], [34, []], [14, []], [24, []], [7, []], [25, []], [17, []], [50, []], [27, []], [6, []], [41, []], [15, []], [49, []], [30, []], [43, []], [37, []], [23, []], [9, []]], [[0, []], [44, [44]], [8, [8, 36, 39]], [26, [26, 45, 5, 10]], [39, []], [45, []], [36, []], [5, []], [22, [22, 40, 29, 18, 13, 19, 11, 4]], [40, []], [29, []], [10, []], [18, []], [48, [48, 33, 2, 31, 32, 3, 42, 47, 38]], [38, []], [33, []], [2, []], [13, []], [19, []], [31, []], [11, []], [4, []], [42, []], [32, []], [3, []], [47, []]]], [[[44, [44]]], [[8, [8, 36, 39]]], [[26, [26, 45, 5, 10]]], [[1, [9, 1, 12, 28, 20, 25, 50]]], [[22, [22, 40, 29, 18, 13, 19, 11, 4]]], [[46, [46, 14, 24, 7, 6, 41, 37, 23, 34]]], [[48, [48, 33, 2, 31, 32, 3, 42, 47, 38]]]]], "all_solution": [[[[[0, [27, 15, 49, 43, 21, 17, 30, 35, 16]], [35, []], [21, []], [1, [9, 1, 12, 28, 20, 25, 50]], [12, []], [16, []], [28, []], [20, []], [46, [46, 14, 24, 7, 6, 41, 37, 23, 34]], [34, []], [14, []], [24, []], [7, []], [25, []], [17, []], [50, []], [27, []], [6, []], [41, []], [15, []], [49, []], [30, []], [43, []], [37, []], [23, []], [9, []]], [[0, []], [44, [44]], [8, [8, 36, 39]], [26, [26, 45, 5, 10]], [39, []], [45, []], [36, []], [5, []], [22, [22, 40, 29, 18, 13, 19, 11, 4]], [40, []], [29, []], [10, []], [18, []], [48, [48, 33, 2, 31, 32, 3, 42, 47, 38]], [38, []], [33, []], [2, []], [13, []], [19, []], [31, []], [11, []], [4, []], [42, []], [32, []], [3, []], [47, []]]], [[[44, [44]]], [[8, [8, 36, 39]]], [[26, [26, 45, 5, 10]]], [[1, [9, 1, 12, 28, 20, 25, 50]]], [[22, [22, 40, 29, 18, 13, 19, 11, 4]]], [[46, [46, 14, 24, 7, 6, 41, 37, 23, 34]]], [[48, [48, 33, 2, 31, 32, 3, 42, 47, 38]]]]]], "Numrun": 5, "all_fitness": [376.1146489490723]}
{"file_name": "U_50_0", "number_of_trucks": 2, "drone_capacity": 10, "number_of_drones": 2, "iteration": 2, "best_fitness": 505.55999999999995, "runtime": 103.83974933624268, "best_solution": [[[[0, [30, 43, 49, 15, 18, 10, 2, 48, 38, 33, 13, 19, 31, 37, 46, 14, 7, 3, 47, 9]], [30, []], [43, []], [49, []], [15, []], [18, []], [10, []], [2, []], [48, []], [38, []], [33, []], [13, []], [19, []], [31, []], [37, []], [46, []], [14, []], [7, []], [3, []], [47, []], [9, []]], [[0, [44, 45, 39, 8, 26, 21, 4, 23, 16, 25, 17, 50, 27, 6, 41, 24, 34, 5, 22, 36, 29, 40, 28, 20, 11, 32, 42, 1, 12, 35]], [44, []], [45, []], [39, []], [8, []], [26, []], [21, []], [4, []], [23, []], [16, []], [25, []], [17, []], [50, []], [27, []], [6, []], [41, []], [24, []], [34, []], [5, []], [22, []], [36, []], [29, []], [40, []], [28, []], [20, []], [11, []], [32, []], [42, []], [1, []], [12, []], [35, []]]], []], "all_solution": [[[[[0, [27, 15, 49, 43, 21, 17, 30, 35, 16]], [35, []], [21, []], [1, [9, 1, 12, 28, 20, 25, 50]], [12, []], [16, []], [28, []], [20, []], [46, [46, 14, 24, 7, 6, 41, 37, 23, 34]], [34, []], [14, []], [24, []], [7, []], [25, []], [17, []], [50, []], [27, []], [6, []], [41, []], [15, []], [49, []], [30, []], [43, []], [37, []], [23, []], [9, []]], [[0, []], [44, [44]], [8, [8, 36, 39]], [26, [26, 45, 5, 10]], [39, []], [45, []], [36, []], [5, []], [22, [22, 40, 29, 18, 13, 19, 11, 4]], [40, []], [29, []], [10, []], [18, []], [48, [48, 33, 2, 31, 32, 3, 42, 47, 38]], [38, []], [33, []], [2, []], [13, []], [19, []], [31, []], [11, []], [4, []], [42, []], [32, []], [3, []], [47, []]]], [[[44, [44]]], [[8, [8, 36, 39]]], [[26, [26, 45, 5, 10]]], [[1, [9, 1, 12, 28, 20, 25, 50]]], [[22, [22, 40, 29, 18, 13, 19, 11, 4]]], [[46, [46, 14, 24, 7, 6, 41, 37, 23, 34]]], [[48, [48, 33, 2, 31, 32, 3, 42, 47, 38]]]]], [[[[0, [30, 43, 49, 15, 18, 10, 2, 48, 38, 33, 13, 19, 31, 37, 46, 14, 7, 3, 47, 9]], [30, []], [43, []], [49, []], [15, []], [18, []], [10, []], [2, []], [48, []], [38, []], [33, []], [13, []], [19, []], [31, []], [37, []], [46, []], [14, []], [7, []], [3, []], [47, []], [9, []]], [[0, [44, 45, 39, 8, 26, 21, 4, 23, 16, 25, 17, 50, 27, 6, 41, 24, 34, 5, 22, 36, 29, 40, 28, 20, 11, 32, 42, 1, 12, 35]], [44, []], [45, []], [39, []], [8, []], [26, []], [21, []], [4, []], [23, []], [16, []], [25, []], [17, []], [50, []], [27, []], [6, []], [41, []], [24, []], [34, []], [5, []], [22, []], [36, []], [29, []], [40, []], [28, []], [20, []], [11, []], [32, []], [42, []], [1, []], [12, []], [35, []]]], []]], "Numrun": 5, "all_fitness": [376.1146489490723, 505.55999999999995]}
{"file_name": "U_50_0", "number_of_trucks": 2, "drone_capacity": 10, "number_of_drones": 2, "iteration": 3, "best_fitness": 510.6, "runtime": 102.46172976493835, "best_solution": [[[[0, [44, 39, 36, 45, 18, 10, 4, 42, 32, 17, 50, 27, 6, 41, 15, 24, 7, 25, 3, 9]], [44, []], [39, []], [36, []], [45, []], [18, []], [10, []], [4, []], [42, []], [32, []], [17, []], [50, []], [27, []], [6, []], [41, []], [15, []], [24, []], [7, []], [25, []], [3, []], [9, []]], [[0, [16, 21, 8, 26, 12, 1, 35, 5, 34, 37, 40, 22, 29, 13, 2, 48, 38, 33, 19, 43, 31, 49, 30, 14, 46, 28, 11, 20, 23, 47]], [16, []], [21, []], [8, []], [26, []], [12, []], [1, []], [35, []], [5, []], [34, []], [37, []], [40, []], [22, []], [29, []], [13, []], [2, []], [48, []], [38, []], [33, []], [19, []], [43, []], [31, []], [49, []], [30, []], [14, []], [46, []], [28, []], [11, []], [20, []], [23, []], [47, []]]], []], "all_solution": [[[[[0, [27, 15, 49, 43, 21, 17, 30, 35, 16]], [35, []], [21, []], [1, [9, 1, 12, 28, 20, 25, 50]], [12, []], [16, []], [28, []], [20, []], [46, [46, 14, 24, 7, 6, 41, 37, 23, 34]], [34, []], [14, []], [24, []], [7, []], [25, []], [17, []], [50, []], [27, []], [6, []], [41, []], [15, []], [49, []], [30, []], [43, []], [37, []], [23, []], [9, []]], [[0, []], [44, [44]], [8, [8, 36, 39]], [26, [26, 45, 5, 10]], [39, []], [45, []], [36, []], [5, []], [22, [22, 40, 29, 18, 13, 19, 11, 4]], [40, []], [29, []], [10, []], [18, []], [48, [48, 33, 2, 31, 32, 3, 42, 47, 38]], [38, []], [33, []], [2, []], [13, []], [19, []], [31, []], [11, []], [4, []], [42, []], [32, []], [3, []], [47, []]]], [[[44, [44]]], [[8, [8, 36, 39]]], [[26, [26, 45, 5, 10]]], [[1, [9, 1, 12, 28, 20, 25, 50]]], [[22, [22, 40, 29, 18, 13, 19, 11, 4]]], [[46, [46, 14, 24, 7, 6, 41, 37, 23, 34]]], [[48, [48, 33, 2, 31, 32, 3, 42, 47, 38]]]]], [[[[0, [30, 43, 49, 15, 18, 10, 2, 48, 38, 33, 13, 19, 31, 37, 46, 14, 7, 3, 47, 9]], [30, []], [43, []], [49, []], [15, []], [18, []], [10, []], [2, []], [48, []], [38, []], [33, []], [13, []], [19, []], [31, []], [37, []], [46, []], [14, []], [7, []], [3, []], [47, []], [9, []]], [[0, [44, 45, 39, 8, 26, 21, 4, 23, 16, 25, 17, 50, 27, 6, 41, 24, 34, 5, 22, 36, 29, 40, 28, 20, 11, 32, 42, 1, 12, 35]], [44, []], [45, []], [39, []], [8, []], [26, []], [21, []], [4, []], [23, []], [16, []], [25, []], [17, []], [50, []], [27, []], [6, []], [41, []], [24, []], [34, []], [5, []], [22, []], [36, []], [29, []], [40, []], [28, []], [20, []], [11, []], [32, []], [42, []], [1, []], [12, []], [35, []]]], []], [[[[0, [44, 39, 36, 45, 18, 10, 4, 42, 32, 17, 50, 27, 6, 41, 15, 24, 7, 25, 3, 9]], [44, []], [39, []], [36, []], [45, []], [18, []], [10, []], [4, []], [42, []], [32, []], [17, []], [50, []], [27, []], [6, []], [41, []], [15, []], [24, []], [7, []], [25, []], [3, []], [9, []]], [[0, [16, 21, 8, 26, 12, 1, 35, 5, 34, 37, 40, 22, 29, 13, 2, 48, 38, 33, 19, 43, 31, 49, 30, 14, 46, 28, 11, 20, 23, 47]], [16, []], [21, []], [8, []], [26, []], [12, []], [1, []], [35, []], [5, []], [34, []], [37, []], [40, []], [22, []], [29, []], [13, []], [2, []], [48, []], [38, []], [33, []], [19, []], [43, []], [31, []], [49, []], [30, []], [14, []], [46, []], [28, []], [11, []], [20, []], [23, []], [47, []]]], []]], "Numrun": 5,