{"file_name": "U_50_0", "number_of_trucks": 2, "drone_capacity": 10, "number_of_drones": 2, "iteration": 1, "best_fitness": 395.23133837376935, "runtime": 3756.2917873859406, "best_solution": [[[[0, [14, 39, 36, 21, 30, 13, 40]], [14, []], [21, []], [22, [43, 22, 20]], [13, []], [20, []], [39, []], [16, [16, 27, 17, 28, 47, 46]], [43, []], [27, []], [17, []], [40, []], [36, []], [23, [23, 41, 11, 26, 10, 6, 38, 12, 31, 1]], [28, []], [31, []], [1, []], [41, []], [47, []], [46, []], [11, []], [38, []], [30, []], [26, []], [10, []], [6, []], [12, []]], [[0, []], [9, [9, 2, 15, 7, 29, 45, 44, 37, 35]], [2, []], [45, []], [29, []], [44, []], [37, []], [15, []], [7, []], [35, []], [4, [4, 32, 18, 5, 48, 33, 25]], [32, []], [18, []], [34, [34, 50, 8, 24, 42, 19]], [42, []], [50, []], [25, []], [24, []], [19, []], [8, []], [5, []], [33, []], [48, []], [3, [3, 49]], [49, []]]], [[[22, [43, 22, 20]]], [[9, [9, 2, 15, 7, 29, 45, 44, 37, 35]]], [[16, [16, 27, 17, 28, 47, 46]]], [[4, [4, 32, 18, 5, 48, 33, 25]]], [[23, [23, 41, 11, 26, 10, 6, 38, 12, 31, 1]]], [[34, [34, 50, 8, 24, 42, 19]]], [[3, [3, 49]]]]], "all_solution": [[[[[0, [14, 39, 36, 21, 30, 13, 40]], [14, []], [21, []], [22, [43, 22, 20]], [13, []], [20, []], [39, []], [16, [16, 27, 17, 28, 47, 46]], [43, []], [27, []], [17, []], [40, []], [36, []], [23, [23, 41, 11, 26, 10, 6, 38, 12, 31, 1]], [28, []], [31, []], [1, []], [41, []], [47, []], [46, []], [11, []], [38, []], [30, []], [26, []], [10, []], [6, []], [12, []]], [[0, []], [9, [9, 2, 15, 7, 29, 45, 44, 37, 35]], [2, []], [45, []], [29, []], [44, []], [37, []], [15, []], [7, []], [35, []], [4, [4, 32, 18, 5, 48, 33, 25]], [32, []], [18, []], [34, [34, 50, 8, 24, 42, 19]], [42, []], [50, []], [25, []], [24, []], [19, []], [8, []], [5, []], [33, []], [48, []], [3, [3, 49]], [49, []]]], [[[22, [43, 22, 20]]], [[9, [9, 2, 15, 7, 29, 45, 44, 37, 35]]], [[16, [16, 27, 17, 28, 47, 46]]], [[4, [4, 32, 18, 5, 48, 33, 25]]], [[23, [23, 41, 11, 26, 10, 6, 38, 12, 31, 1]]], [[34, [34, 50, 8, 24, 42, 19]]], [[3, [3, 49]]]]]], "Numrun": 5, "all_fitness": [395.23133837376935]}
{"file_name": "U_50_0", "number_of_trucks": 2, "drone_capacity": 10, "number_of_drones": 2, "iteration": 2, "best_fitness": 549.1200000000001, "runtime": 110.53960514068604, "best_solution": [[[[0, [30, 13, 43, 20, 28, 45, 47, 22, 46, 40, 38]], [30, [10, 6, 11, 19]], [13, []], [43, []], [20, []], [28, []], [45, []], [47, []], [22, []], [46, []], [40, []], [38, []], [10, []], [6, []], [11, []], [19, []], [18, [18, 44, 32, 37, 15, 31, 1, 5, 3, 49]], [44, []], [32, []], [37, []], [15, []], [31, []], [1, []], [5, []], [3, []], [49, []]], [[0, [14, 36, 39, 7, 35, 29, 9, 8, 33, 2, 48, 42, 50, 34, 25, 24, 41, 4, 16, 27, 23, 17, 26, 21, 12]], [14, []], [36, []], [39, []], [7, []], [35, []], [29, []], [9, []], [8, []], [33, []], [2, []], [48, []], [42, []], [50, []], [34, []], [25, []], [24, []], [41, []], [4, []], [16, []], [27, []], [23, []], [17, []], [26, []], [21, []], [12, []]]], [[[30, [10, 6, 11, 19]]], [[18, [18, 44, 32, 37, 15, 31, 1, 5, 3, 49]]]]], "all_solution": [[[[[0, [14, 39, 36, 21, 30, 13, 40]], [14, []], [21, []], [22, [43, 22, 20]], [13, []], [20, []], [39, []], [16, [16, 27, 17, 28, 47, 46]], [43, []], [27, []], [17, []], [40, []], [36, []], [23, [23, 41, 11, 26, 10, 6, 38, 12, 31, 1]], [28, []], [31, []], [1, []], [41, []], [47, []], [46, []], [11, []], [38, []], [30, []], [26, []], [10, []], [6, []], [12, []]], [[0, []], [9, [9, 2, 15, 7, 29, 45, 44, 37, 35]], [2, []], [45, []], [29, []], [44, []], [37, []], [15, []], [7, []], [35, []], [4, [4, 32, 18, 5, 48, 33, 25]], [32, []], [18, []], [34, [34, 50, 8, 24, 42, 19]], [42, []], [50, []], [25, []], [24, []], [19, []], [8, []], [5, []], [33, []], [48, []], [3, [3, 49]], [49, []]]], [[[22, [43, 22, 20]]], [[9, [9, 2, 15, 7, 29, 45, 44, 37, 35]]], [[16, [16, 27, 17, 28, 47, 46]]], [[4, [4, 32, 18, 5, 48, 33, 25]]], [[23, [23, 41, 11, 26, 10, 6, 38, 12, 31, 1]]], [[34, [34, 50, 8, 24, 42, 19]]], [[3, [3, 49]]]]], [[[[0, [30, 13, 43, 20, 28, 45, 47, 22, 46, 40, 38]], [30, [10, 6, 11, 19]], [13, []], [43, []], [20, []], [28, []], [45, []], [47, []], [22, []], [46, []], [40, []], [38, []], [10, []], [6, []], [11, []], [19, []], [18, [18, 44, 32, 37, 15, 31, 1, 5, 3, 49]], [44, []], [32, []], [37, []], [15, []], [31, []], [1, []], [5, []], [3, []], [49, []]], [[0, [14, 36, 39, 7, 35, 29, 9, 8, 33, 2, 48, 42, 50, 34, 25, 24, 41, 4, 16, 27, 23, 17, 26, 21, 12]], [14, []], [36, []], [39, []], [7, []], [35, []], [29, []], [9, []], [8, []], [33, []], [2, []], [48, []], [42, []], [50, []], [34, []], [25, []], [24, []], [41, []], [4, []], [16, []], [27, []], [23, []], [17, []], [26, []], [21, []], [12, []]]], [[[30, [10, 6, 11, 19]]], [[18, [18, 44, 32, 37, 15, 31, 1, 5, 3, 49]]]]]], "Numrun": 5, "all_fitness": [395.23133837376935, 549.1200000000001]}
{"file_name": "U_50_0", "number_of_trucks": 2, "drone_capacity": 10, "number_of_drones": 2, "iteration": 3, "best_fitness": 529.3199999999999, "runtime": 102.18761253356934, "best_solution": [[[[0, [9, 2, 33, 42, 44, 37, 15, 7, 28, 36, 17, 27, 43, 16, 39, 23, 20, 4, 35, 41, 1, 31, 32, 18, 25, 24, 19, 5, 49]], [9, []], [2, []], [33, []], [42, []], [44, []], [37, []], [15, []], [7, []], [28, []], [36, []], [17, []], [27, []], [43, []], [16, []], [39, []], [23, []], [20, []], [4, []], [35, []], [41, []], [1, []], [31, []], [32, []], [18, []], [25, []], [24, []], [19, []], [5, []], [49, []]], [[0, [21, 14, 30, 47, 40, 29, 45, 22, 46, 11, 38, 13, 26, 10, 6, 8, 34, 50, 48, 3, 12]], [21, []], [14, []], [30, []], [47, []], [40, []], [29, []], [45, []], [22, []], [46, []], [11, []], [38, []], [13, []], [26, []], [10, []], [6, []], [8, []], [34, []], [50, []], [48, []], [3, []], [12, []]]], []],