{"file_name": "U_50_0", "number_of_trucks": 2, "drone_capacity": 10, "number_of_drones": 2, "iteration": 1, "best_fitness": 407.03999999999996, "runtime": 3988.2009465694427, "best_solution": [[[[0, [7, 32, 9, 10, 50, 13, 38, 15, 12, 42, 46, 37, 31, 39, 30, 6]], [12, []], [49, [49, 17, 21, 4]], [17, []], [21, []], [4, []], [10, []], [37, []], [31, []], [39, []], [46, []], [50, []], [9, []], [32, []], [7, []], [30, []], [6, []], [13, []], [38, []], [42, []], [15, []]], [[0, [48, 3, 19, 35, 43, 18, 5, 34, 24, 28, 29, 23, 41, 20]], [24, []], [18, []], [43, []], [16, [16, 26, 27, 36, 1, 22, 8]], [26, []], [34, []], [8, []], [36, []], [25, [25, 33, 40, 11, 14, 47, 45, 44, 2]], [23, []], [40, []], [29, []], [35, []], [48, []], [11, []], [5, []], [27, []], [14, []], [47, []], [3, []], [1, []], [45, []], [19, []], [22, []], [44, []], [33, []], [41, []], [2, []], [28, []], [20, []]]], [[[16, [16, 26, 27, 36, 1, 22, 8]]], [[25, [25, 33, 40, 11, 14, 47, 45, 44, 2]]], [[49, [49, 17, 21, 4]]]]], "all_solution": [[[[[0, [7, 32, 9, 10, 50, 13, 38, 15, 12, 42, 46, 37, 31, 39, 30, 6]], [12, []], [49, [49, 17, 21, 4]], [17, []], [21, []], [4, []], [10, []], [37, []], [31, []], [39, []], [46, []], [50, []], [9, []], [32, []], [7, []], [30, []], [6, []], [13, []], [38, []], [42, []], [15, []]], [[0, [48, 3, 19, 35, 43, 18, 5, 34, 24, 28, 29, 23, 41, 20]], [24, []], [18, []], [43, []], [16, [16, 26, 27, 36, 1, 22, 8]], [26, []], [34, []], [8, []], [36, []], [25, [25, 33, 40, 11, 14, 47, 45, 44, 2]], [23, []], [40, []], [29, []], [35, []], [48, []], [11, []], [5, []], [27, []], [14, []], [47, []], [3, []], [1, []], [45, []], [19, []], [22, []], [44, []], [33, []], [41, []], [2, []], [28, []], [20, []]]], [[[16, [16, 26, 27, 36, 1, 22, 8]]], [[25, [25, 33, 40, 11, 14, 47, 45, 44, 2]]], [[49, [49, 17, 21, 4]]]]]], "Numrun": 5, "all_fitness": [407.03999999999996]}
{"file_name": "U_50_0", "number_of_trucks": 2, "drone_capacity": 10, "number_of_drones": 2, "iteration": 2, "best_fitness": 414.6259730086332, "runtime": 132.2701358795166, "best_solution": [[[[0, [27]], [43, [43, 34]], [34, []], [35, [35, 29, 23, 50, 37, 31, 39, 5]], [29, []], [23, []], [50, []], [37, []], [31, []], [39, []], [46, [46, 48, 11, 40, 9, 32, 16, 15]], [48, []], [11, []], [5, []], [14, [14, 26, 8, 36, 25]], [27, []], [26, []], [8, []], [36, []], [25, []], [40, []], [9, []], [32, []], [16, []], [15, []]], [[0, []], [28, [28, 24, 18, 21]], [24, [22, 19, 20]], [18, []], [21, []], [22, []], [19, []], [47, [47, 3, 1, 45, 30, 13, 6, 33, 38]], [3, []], [1, []], [45, []], [30, []], [13, []], [6, []], [33, []], [38, []], [20, []], [41, [41, 2, 42, 44, 7, 10, 4, 17, 49, 12]], [2, []], [42, []], [44, []], [7, []], [10, []], [4, []], [17, []], [49, []], [12, []]]], [[[43, [43, 34]]], [[28, [28, 24, 18, 21]]], [[24, [22, 19, 20]]], [[35, [35, 29, 23, 50, 37, 31, 39, 5]]], [[47, [47, 3, 1, 45, 30, 13, 6, 33, 38]]], [[46, [46, 48, 11, 40, 9, 32, 16, 15]]], [[14, [14, 26, 8, 36, 25]]], [[41, [41, 2, 42, 44, 7, 10, 4, 17, 49, 12]]]]], "all_solution": [[[[[0, [7, 32, 9, 10, 50, 13, 38, 15, 12, 42, 46, 37, 31, 39, 30, 6]], [12, []], [49, [49, 17, 21, 4]], [17, []], [21, []], [4, []], [10, []], [37, []], [31, []], [39, []], [46, []], [50, []], [9, []], [32, []], [7, []], [30, []], [6, []], [13, []], [38, []], [42, []], [15, []]], [[0, [48, 3, 19, 35, 43, 18, 5, 34, 24, 28, 29, 23, 41, 20]], [24, []], [18, []], [43, []], [16, [16, 26, 27, 36, 1, 22, 8]], [26, []], [34, []], [8, []], [36, []], [25, [25, 33, 40, 11, 14, 47, 45, 44, 2]], [23, []], [40, []], [29, []], [35, []], [48, []], [11, []], [5, []], [27, []], [14, []], [47, []], [3, []], [1, []], [45, []], [19, []], [22, []], [44, []], [33, []], [41, []], [2, []], [28, []], [20, []]]], [[[16, [16, 26, 27, 36, 1, 22, 8]]], [[25, [25, 33, 40, 11, 14, 47, 45, 44, 2]]], [[49, [49, 17, 21, 4]]]]], [[[[0, [27]], [43, [43, 34]], [34, []], [35, [35, 29, 23, 50, 37, 31, 39, 5]], [29, []], [23, []], [50, []], [37, []], [31, []], [39, []], [46, [46, 48, 11, 40, 9, 32, 16, 15]], [48, []], [11, []], [5, []], [14, [14, 26, 8, 36, 25]], [27, []], [26, []], [8, []], [36, []], [25, []], [40, []], [9, []], [32, []], [16, []], [15, []]], [[0, []], [28, [28, 24, 18, 21]], [24, [22, 19, 20]], [18, []], [21, []], [22, []], [19, []], [47, [47, 3, 1, 45, 30, 13, 6, 33, 38]], [3, []], [1, []], [45, []], [30, []], [13, []], [6, []], [33, []], [38, []], [20, []], [41, [41, 2, 42, 44, 7, 10, 4, 17, 49, 12]], [2, []], [42, []], [44, []], [7, []], [10, []], [4, []], [17, []], [49, []], [12, []]]], [[[43, [43, 34]]], [[28, [28, 24, 18, 21]]], [[24, [22, 19, 20]]], [[35, [35, 29, 23, 50, 37, 31, 39, 5]]], [[47, [47, 3, 1, 45, 30, 13, 6, 33, 38]]], [[46, [46, 48, 11, 40, 9, 32, 16, 15]]], [[14, [14, 26, 8, 36, 25]]], [[41, [41, 2, 42, 44, 7, 10, 4, 17, 49, 12]]]]]], "Numrun": 5, "all_fitness": [407.03999999999996, 414.6259730086332]}
{"file_name": "U_50_0", "number_of_trucks": 2, "drone_capacity": 10, "number_of_drones": 2, "iteration": 3, "best_fitness": 511.08, "runtime": 100.95536684989929, "best_solution": [[[[0, [27, 34, 1, 35, 29, 50, 46, 31, 39, 37, 23, 25, 36, 8, 48, 11, 5, 14, 47, 3, 45, 26, 30, 33, 38, 42]], [27, []], [34, []], [1, []], [35, []], [29, []], [50, []], [46, []], [31, []], [39, []], [37, []], [23, []], [25, []], [36, []], [8, []], [48, []], [11, []], [5, []], [14, []], [47, []], [3, []], [45, []], [26, []], [30, []], [33, []], [38, []], [42, []]], [[0, [18, 24, 19, 22, 15, 20, 2, 28, 41, 13, 6, 44, 43, 16, 32, 9, 40, 7, 10, 4, 21, 17, 49, 12]], [18, []], [24, []], [19, []], [22, []], [15, []], [20, []], [2, []], [28, []], [41, []], [13, []], [6, []], [44, []], [43, []], [16, []], [32, []], [9, []], [40, []], [7, []], [10, []], [4, []], [21, []], [17, []], [49, []], [12, []]]], []],