{"file_name": "U_50_0", "number_of_trucks": 2, "drone_capacity": 10, "number_of_drones": 2, "iteration": 1, "best_fitness": 385.35999999999996, "runtime": 3738.8755044937134, "best_solution": [[[[0, [27]], [35, [35, 18, 12, 9, 33, 11]], [2, [2, 4, 20, 16, 38, 50, 29]], [29, []], [4, []], [20, []], [16, []], [38, []], [9, []], [3, [3, 34, 17, 19, 14, 1, 36, 42, 8]], [50, []], [17, []], [19, []], [34, []], [8, []], [33, []], [11, []], [39, [39, 7]], [14, []], [18, []], [1, []], [36, []], [12, []], [27, []], [42, []], [7, []]], [[0, []], [43, [43, 15]], [15, []], [47, [47, 25, 48, 41, 10, 45]], [24, [24, 49, 37, 6, 31, 30]], [30, []], [49, []], [37, []], [6, []], [48, []], [21, [21, 23, 22, 40, 46, 13, 28, 5, 32, 44]], [32, []], [44, []], [25, []], [23, []], [45, []], [31, []], [22, []], [40, []], [46, []], [41, []], [13, []], [10, []], [28, []], [5, []], [26, [26]]]], [[[43, [43, 15]]], [[35, [35, 18, 12, 9, 33, 11]]], [[2, [2, 4, 20, 16, 38, 50, 29]]], [[47, [47, 25, 48, 41, 10, 45]]], [[24, [24, 49, 37, 6, 31, 30]]], [[3, [3, 34, 17, 19, 14, 1, 36, 42, 8]]], [[21, [21, 23, 22, 40, 46, 13, 28, 5, 32, 44]]], [[39, [39, 7]]], [[26, [26]]]]], "all_solution": [[[[[0, [27]], [35, [35, 18, 12, 9, 33, 11]], [2, [2, 4, 20, 16, 38, 50, 29]], [29, []], [4, []], [20, []], [16, []], [38, []], [9, []], [3, [3, 34, 17, 19, 14, 1, 36, 42, 8]], [50, []], [17, []], [19, []], [34, []], [8, []], [33, []], [11, []], [39, [39, 7]], [14, []], [18, []], [1, []], [36, []], [12, []], [27, []], [42, []], [7, []]], [[0, []], [43, [43, 15]], [15, []], [47, [47, 25, 48, 41, 10, 45]], [24, [24, 49, 37, 6, 31, 30]], [30, []], [49, []], [37, []], [6, []], [48, []], [21, [21, 23, 22, 40, 46, 13, 28, 5, 32, 44]], [32, []], [44, []], [25, []], [23, []], [45, []], [31, []], [22, []], [40, []], [46, []], [41, []], [13, []], [10, []], [28, []], [5, []], [26, [26]]]], [[[43, [43, 15]]], [[35, [35, 18, 12, 9, 33, 11]]], [[2, [2, 4, 20, 16, 38, 50, 29]]], [[47, [47, 25, 48, 41, 10, 45]]], [[24, [24, 49, 37, 6, 31, 30]]], [[3, [3, 34, 17, 19, 14, 1, 36, 42, 8]]], [[21, [21, 23, 22, 40, 46, 13, 28, 5, 32, 44]]], [[39, [39, 7]]], [[26, [26]]]]]], "Numrun": 5, "all_fitness": [385.35999999999996]}
{"file_name": "U_50_0", "number_of_trucks": 2, "drone_capacity": 10, "number_of_drones": 2, "iteration": 2, "best_fitness": 431.3323897375666, "runtime": 113.54649448394775, "best_solution": [[[[0, [2, 35, 15, 9, 38, 20, 16, 43, 29, 4, 50]], [2, []], [35, [3, 17, 19]], [15, []], [9, []], [38, []], [20, []], [16, []], [43, []], [29, []], [4, []], [50, []], [3, []], [17, []], [19, []], [34, [34, 24, 26, 30, 49, 47, 1, 36, 42, 7]], [24, []], [26, []], [30, []], [49, []], [47, []], [1, []], [36, []], [42, []], [7, []]], [[0, [27, 11, 12, 48, 18, 25]], [27, []], [11, []], [12, []], [48, []], [18, []], [25, []], [21, [21, 6, 41, 37, 5, 28, 10, 13, 46, 32]], [6, []], [41, []], [37, []], [5, []], [28, []], [10, []], [13, []], [46, []], [32, []], [22, [22, 40, 31, 45, 23, 44, 39, 14, 33, 8]], [40, []], [31, []], [45, []], [23, []], [44, []], [39, []], [14, []], [33, []], [8, []]]], [[[35, [3, 17, 19]]], [[34, [34, 24, 26, 30, 49, 47, 1, 36, 42, 7]]], [[21, [21, 6, 41, 37, 5, 28, 10, 13, 46, 32]]], [[22, [22, 40, 31, 45, 23, 44, 39, 14, 33, 8]]]]], "all_solution": [[[[[0, [27]], [35, [35, 18, 12, 9, 33, 11]], [2, [2, 4, 20, 16, 38, 50, 29]], [29, []], [4, []], [20, []], [16, []], [38, []], [9, []], [3, [3, 34, 17, 19, 14, 1, 36, 42, 8]], [50, []], [17, []], [19, []], [34, []], [8, []], [33, []], [11, []], [39, [39, 7]], [14, []], [18, []], [1, []], [36, []], [12, []], [27, []], [42, []], [7, []]], [[0, []], [43, [43, 15]], [15, []], [47, [47, 25, 48, 41, 10, 45]], [24, [24, 49, 37, 6, 31, 30]], [30, []], [49, []], [37, []], [6, []], [48, []], [21, [21, 23, 22, 40, 46, 13, 28, 5, 32, 44]], [32, []], [44, []], [25, []], [23, []], [45, []], [31, []], [22, []], [40, []], [46, []], [41, []], [13, []], [10, []], [28, []], [5, []], [26, [26]]]], [[[43, [43, 15]]], [[35, [35, 18, 12, 9, 33, 11]]], [[2, [2, 4, 20, 16, 38, 50, 29]]], [[47, [47, 25, 48, 41, 10, 45]]], [[24, [24, 49, 37, 6, 31, 30]]], [[3, [3, 34, 17, 19, 14, 1, 36, 42, 8]]], [[21, [21, 23, 22, 40, 46, 13, 28, 5, 32, 44]]], [[39, [39, 7]]], [[26, [26]]]]], [[[[0, [2, 35, 15, 9, 38, 20, 16, 43, 29, 4, 50]], [2, []], [35, [3, 17, 19]], [15, []], [9, []], [38, []], [20, []], [16, []], [43, []], [29, []], [4, []], [50, []], [3, []], [17, []], [19, []], [34, [34, 24, 26, 30, 49, 47, 1, 36, 42, 7]], [24, []], [26, []], [30, []], [49, []], [47, []], [1, []], [36, []], [42, []], [7, []]], [[0, [27, 11, 12, 48, 18, 25]], [27, []], [11, []], [12, []], [48, []], [18, []], [25, []], [21, [21, 6, 41, 37, 5, 28, 10, 13, 46, 32]], [6, []], [41, []], [37, []], [5, []], [28, []], [10, []], [13, []], [46, []], [32, []], [22, [22, 40, 31, 45, 23, 44, 39, 14, 33, 8]], [40, []], [31, []], [45, []], [23, []], [44, []], [39, []], [14, []], [33, []], [8, []]]], [[[35, [3, 17, 19]]], [[34, [34, 24, 26, 30, 49, 47, 1, 36, 42, 7]]], [[21, [21, 6, 41, 37, 5, 28, 10, 13, 46, 32]]], [[22, [22, 40, 31, 45, 23, 44, 39, 14, 33, 8]]]]]], "Numrun": 5, "all_fitness": [385.35999999999996, 431.3323897375666]}
{"file_name": "U_50_0", "number_of_trucks": 2, "drone_capacity": 10, "number_of_drones": 2, "iteration": 3, "best_fitness": 416.6053789908868, "runtime": 125.43730449676514, "best_solution": [[[[0, [35]], [35, []], [2, [2]], [43, [43, 47, 42, 8, 27, 12, 1, 36, 33]], [47, []], [42, []], [8, []], [27, []], [12, []], [1, []], [36, []], [33, []], [44, [44, 23, 25, 18, 39, 14, 26, 19, 34, 24]], [23, []], [25, []], [18, []], [39, []], [14, []], [26, []], [19, []], [34, []], [24, []]], [[0, []], [11, [11, 48, 41]], [48, []], [41, [20, 16, 38, 50, 4, 29]], [20, []], [16, []], [38, []], [50, []], [4, []], [29, []], [17, [17, 3, 15, 9, 5, 28, 10, 13, 46, 32]], [3, []], [15, []], [9, []], [5, []], [28, []], [10, []], [13, []], [46, []], [32, []], [45, [45, 22, 40, 31, 21, 6, 37, 49, 30, 7]], [22, []], [40, []], [31, []], [21, []], [6, []], [37, []], [49, []], [30, []], [7, []]]], [[[11, [11, 48, 41]]], [[2, [2]]], [[41, [20, 16, 38, 50, 4, 29]]], [[43, [43, 47, 42, 8, 27, 12, 1, 36, 33]]], [[17, [17, 3, 15, 9, 5, 28, 10, 13, 46, 32]]], [[44, [44, 23, 25, 18, 39, 14, 26, 19, 34, 24]]], [[45, [45, 22, 40, 31, 21, 6, 37, 49, 30, 7]]]]],