{"file_name": "U_50_0", "number_of_trucks": 2, "drone_capacity": 10, "number_of_drones": 2, "iteration": 1, "best_fitness": 375.3758768407346, "runtime": 3912.422157764435, "best_solution": [[[[0, [23, 33, 2]], [19, [19, 9, 41]], [23, []], [9, []], [31, [31, 11, 37, 5, 14]], [11, []], [37, []], [42, [42, 12]], [41, []], [43, [25, 26, 18, 50, 43, 32, 40, 46, 22]], [12, []], [40, []], [5, []], [25, []], [46, []], [26, []], [33, []], [18, []], [2, []], [50, []], [8, [8, 6, 36, 24]], [14, []], [24, []], [32, []], [22, []], [36, []], [6, []]], [[0, [13, 10]], [29, [47, 49, 29, 7, 44, 15, 28, 17]], [7, []], [44, []], [47, []], [13, []], [17, []], [49, []], [15, []], [28, []], [3, [3, 16, 39, 1, 45]], [45, []], [30, [30, 38, 35, 48, 4, 27, 34, 20, 21]], [16, []], [35, []], [39, []], [38, []], [10, []], [1, []], [48, []], [4, []], [27, []], [21, []], [34, []], [20, []]]], [[[19, [19, 9, 41]]], [[31, [31, 11, 37, 5, 14]]], [[29, [47, 49, 29, 7, 44, 15, 28, 17]]], [[42, [42, 12]]], [[43, [25, 26, 18, 50, 43, 32, 40, 46, 22]]], [[3, [3, 16, 39, 1, 45]]], [[30, [30, 38, 35, 48, 4, 27, 34, 20, 21]]], [[8, [8, 6, 36, 24]]]]], "all_solution": [[[[[0, [23, 33, 2]], [19, [19, 9, 41]], [23, []], [9, []], [31, [31, 11, 37, 5, 14]], [11, []], [37, []], [42, [42, 12]], [41, []], [43, [25, 26, 18, 50, 43, 32, 40, 46, 22]], [12, []], [40, []], [5, []], [25, []], [46, []], [26, []], [33, []], [18, []], [2, []], [50, []], [8, [8, 6, 36, 24]], [14, []], [24, []], [32, []], [22, []], [36, []], [6, []]], [[0, [13, 10]], [29, [47, 49, 29, 7, 44, 15, 28, 17]], [7, []], [44, []], [47, []], [13, []], [17, []], [49, []], [15, []], [28, []], [3, [3, 16, 39, 1, 45]], [45, []], [30, [30, 38, 35, 48, 4, 27, 34, 20, 21]], [16, []], [35, []], [39, []], [38, []], [10, []], [1, []], [48, []], [4, []], [27, []], [21, []], [34, []], [20, []]]], [[[19, [19, 9, 41]]], [[31, [31, 11, 37, 5, 14]]], [[29, [47, 49, 29, 7, 44, 15, 28, 17]]], [[42, [42, 12]]], [[43, [25, 26, 18, 50, 43, 32, 40, 46, 22]]], [[3, [3, 16, 39, 1, 45]]], [[30, [30, 38, 35, 48, 4, 27, 34, 20, 21]]], [[8, [8, 6, 36, 24]]]]]], "Numrun": 5, "all_fitness": [375.3758768407346]}
{"file_name": "U_50_0", "number_of_trucks": 2, "drone_capacity": 10, "number_of_drones": 2, "iteration": 2, "best_fitness": 527.5999999999999, "runtime": 108.19497346878052, "best_solution": [[[[0, [23, 33, 2, 50, 32, 31, 11, 37, 43, 42, 41, 34, 12, 24, 20, 9, 21, 40, 27, 4, 5, 1, 45, 48, 10, 22, 36, 6]], [23, []], [33, []], [2, []], [50, []], [32, []], [31, []], [11, []], [37, []], [43, []], [42, []], [41, []], [34, []], [12, []], [24, []], [20, []], [9, []], [21, []], [40, []], [27, []], [4, []], [5, []], [1, []], [45, []], [48, []], [10, []], [22, []], [36, []], [6, []]], [[0, [29, 44, 47, 13, 35, 39, 49, 17, 28, 3, 15, 38, 46, 26, 8, 14, 18, 25, 16, 30, 7, 19]], [29, []], [44, []], [47, []], [13, []], [35, []], [39, []], [49, []], [17, []], [28, []], [3, []], [15, []], [38, []], [46, []], [26, []], [8, []], [14, []], [18, []], [25, []], [16, []], [30, []], [7, []], [19, []]]], []], "all_solution": [[[[[0, [23, 33, 2]], [19, [19, 9, 41]], [23, []], [9, []], [31, [31, 11, 37, 5, 14]], [11, []], [37, []], [42, [42, 12]], [41, []], [43, [25, 26, 18, 50, 43, 32, 40, 46, 22]], [12, []], [40, []], [5, []], [25, []], [46, []], [26, []], [33, []], [18, []], [2, []], [50, []], [8, [8, 6, 36, 24]], [14, []], [24, []], [32, []], [22, []], [36, []], [6, []]], [[0, [13, 10]], [29, [47, 49, 29, 7, 44, 15, 28, 17]], [7, []], [44, []], [47, []], [13, []], [17, []], [49, []], [15, []], [28, []], [3, [3, 16, 39, 1, 45]], [45, []], [30, [30, 38, 35, 48, 4, 27, 34, 20, 21]], [16, []], [35, []], [39, []], [38, []], [10, []], [1, []], [48, []], [4, []], [27, []], [21, []], [34, []], [20, []]]], [[[19, [19, 9, 41]]], [[31, [31, 11, 37, 5, 14]]], [[29, [47, 49, 29, 7, 44, 15, 28, 17]]], [[42, [42, 12]]], [[43, [25, 26, 18, 50, 43, 32, 40, 46, 22]]], [[3, [3, 16, 39, 1, 45]]], [[30, [30, 38, 35, 48, 4, 27, 34, 20, 21]]], [[8, [8, 6, 36, 24]]]]], [[[[0, [23, 33, 2, 50, 32, 31, 11, 37, 43, 42, 41, 34, 12, 24, 20, 9, 21, 40, 27, 4, 5, 1, 45, 48, 10, 22, 36, 6]], [23, []], [33, []], [2, []], [50, []], [32, []], [31, []], [11, []], [37, []], [43, []], [42, []], [41, []], [34, []], [12, []], [24, []], [20, []], [9, []], [21, []], [40, []], [27, []], [4, []], [5, []], [1, []], [45, []], [48, []], [10, []], [22, []], [36, []], [6, []]], [[0, [29, 44, 47, 13, 35, 39, 49, 17, 28, 3, 15, 38, 46, 26, 8, 14, 18, 25, 16, 30, 7, 19]], [29, []], [44, []], [47, []], [13, []], [35, []], [39, []], [49, []], [17, []], [28, []], [3, []], [15, []], [38, []], [46, []], [26, []], [8, []], [14, []], [18, []], [25, []], [16, []], [30, []], [7, []], [19, []]]], []]], "Numrun": 5, "all_fitness": [375.3758768407346, 527.5999999999999]}
{"file_name": "U_50_0", "number_of_trucks": 2, "drone_capacity": 10, "number_of_drones": 2, "iteration": 3, "best_fitness": 484.4, "runtime": 112.72130703926086, "best_solution": [[[[0, [29, 19, 7, 17, 28, 45, 15, 3, 22, 26, 33, 2, 50, 14]], [29, []], [19, [8, 18, 21, 40, 12, 32, 9, 34, 20, 36]], [7, []], [17, []], [28, []], [45, []], [15, []], [3, []], [22, []], [26, []], [33, []], [2, []], [50, []], [14, []], [8, []], [18, []], [21, []], [40, []], [12, []], [32, []], [9, []], [34, []], [20, []], [36, []]], [[0, [23, 44, 47, 13, 49, 39, 35, 46, 25, 16, 30, 38, 10, 48, 1, 5, 4, 27, 24, 41, 42, 43, 37, 11, 31, 6]], [23, []], [44, []], [47, []], [13, []], [49, []], [39, []], [35, []], [46, []], [25, []], [16, []], [30, []], [38, []], [10, []], [48, []], [1, []], [5, []], [4, []], [27, []], [24, []], [41, []], [42, []], [43, []], [37, []], [11, []], [31, []], [6, []]]], [[[19, [8, 18, 21, 40, 12, 32, 9, 34, 20, 36]]]]],