{"file_name": "U_50_0", "number_of_trucks": 2, "drone_capacity": 10, "number_of_drones": 2, "iteration": 1, "best_fitness": 384.4401081914276, "runtime": 4149.218207120895, "best_solution": [[[[0, [47, 24, 37, 21]], [37, []], [21, []], [47, []], [14, [14, 48, 44, 30, 25]], [48, []], [24, []], [44, []], [30, []], [18, [18, 39, 16, 27, 5, 20, 31, 33]], [39, []], [16, []], [27, []], [5, []], [20, []], [25, []], [31, []], [33, []], [42, [42, 32, 11, 45, 28, 23, 4, 15, 3]], [32, []], [11, []], [45, []], [28, []], [23, []], [4, []], [15, []], [3, []]], [[0, []], [34, [34]], [26, [26, 7, 29]], [7, []], [29, []], [22, [22, 12, 1, 35, 2]], [12, []], [1, []], [35, []], [2, []], [49, [49, 40, 9, 13, 46]], [40, []], [9, []], [13, []], [46, []], [6, [6, 10, 41, 17, 38, 19, 50, 36, 43, 8]], [10, []], [41, []], [17, []], [38, []], [19, []], [50, []], [36, []], [43, []], [8, []]]], [[[34, [34]]], [[26, [26, 7, 29]]], [[14, [14, 48, 44, 30, 25]]], [[22, [22, 12, 1, 35, 2]]], [[18, [18, 39, 16, 27, 5, 20, 31, 33]]], [[49, [49, 40, 9, 13, 46]]], [[42, [42, 32, 11, 45, 28, 23, 4, 15, 3]]], [[6, [6, 10, 41, 17, 38, 19, 50, 36, 43, 8]]]]], "all_solution": [[[[[0, [47, 24, 37, 21]], [37, []], [21, []], [47, []], [14, [14, 48, 44, 30, 25]], [48, []], [24, []], [44, []], [30, []], [18, [18, 39, 16, 27, 5, 20, 31, 33]], [39, []], [16, []], [27, []], [5, []], [20, []], [25, []], [31, []], [33, []], [42, [42, 32, 11, 45, 28, 23, 4, 15, 3]], [32, []], [11, []], [45, []], [28, []], [23, []], [4, []], [15, []], [3, []]], [[0, []], [34, [34]], [26, [26, 7, 29]], [7, []], [29, []], [22, [22, 12, 1, 35, 2]], [12, []], [1, []], [35, []], [2, []], [49, [49, 40, 9, 13, 46]], [40, []], [9, []], [13, []], [46, []], [6, [6, 10, 41, 17, 38, 19, 50, 36, 43, 8]], [10, []], [41, []], [17, []], [38, []], [19, []], [50, []], [36, []], [43, []], [8, []]]], [[[34, [34]]], [[26, [26, 7, 29]]], [[14, [14, 48, 44, 30, 25]]], [[22, [22, 12, 1, 35, 2]]], [[18, [18, 39, 16, 27, 5, 20, 31, 33]]], [[49, [49, 40, 9, 13, 46]]], [[42, [42, 32, 11, 45, 28, 23, 4, 15, 3]]], [[6, [6, 10, 41, 17, 38, 19, 50, 36, 43, 8]]]]]], "Numrun": 5, "all_fitness": [384.4401081914276]}
{"file_name": "U_50_0", "number_of_trucks": 2, "drone_capacity": 10, "number_of_drones": 2, "iteration": 2, "best_fitness": 422.9985282646543, "runtime": 120.55966806411743, "best_solution": [[[[0, [34]], [34, []], [46, [46, 5, 14, 48, 26]], [5, []], [14, []], [48, []], [26, []], [44, [44, 39, 7, 18, 30, 13, 49, 9, 2, 12]], [39, []], [7, []], [18, []], [30, []], [13, []], [49, []], [9, []], [2, []], [12, []], [35, [35, 1, 11, 32, 45, 42, 28, 33, 31, 3]], [1, []], [11, []], [32, []], [45, []], [42, []], [28, []], [33, []], [31, []], [3, []]], [[0, [20, 21, 37, 15]], [20, []], [21, []], [37, []], [15, []], [47, [47, 29, 22, 40, 4]], [29, []], [22, []], [40, [23, 25, 24, 16, 6]], [4, []], [23, []], [25, []], [24, []], [16, []], [6, []], [10, [10, 41, 17, 38, 27, 19, 50, 36, 43, 8]], [41, []], [17, []], [38, []], [27, []], [19, []], [50, []], [36, []], [43, []], [8, []]]], [[[47, [47, 29, 22, 40, 4]]], [[46, [46, 5, 14, 48, 26]]], [[44, [44, 39, 7, 18, 30, 13, 49, 9, 2, 12]]], [[40, [23, 25, 24, 16, 6]]], [[10, [10, 41, 17, 38, 27, 19, 50, 36, 43, 8]]], [[35, [35, 1, 11, 32, 45, 42, 28, 33, 31, 3]]]]], "all_solution": [[[[[0, [47, 24, 37, 21]], [37, []], [21, []], [47, []], [14, [14, 48, 44, 30, 25]], [48, []], [24, []], [44, []], [30, []], [18, [18, 39, 16, 27, 5, 20, 31, 33]], [39, []], [16, []], [27, []], [5, []], [20, []], [25, []], [31, []], [33, []], [42, [42, 32, 11, 45, 28, 23, 4, 15, 3]], [32, []], [11, []], [45, []], [28, []], [23, []], [4, []], [15, []], [3, []]], [[0, []], [34, [34]], [26, [26, 7, 29]], [7, []], [29, []], [22, [22, 12, 1, 35, 2]], [12, []], [1, []], [35, []], [2, []], [49, [49, 40, 9, 13, 46]], [40, []], [9, []], [13, []], [46, []], [6, [6, 10, 41, 17, 38, 19, 50, 36, 43, 8]], [10, []], [41, []], [17, []], [38, []], [19, []], [50, []], [36, []], [43, []], [8, []]]], [[[34, [34]]], [[26, [26, 7, 29]]], [[14, [14, 48, 44, 30, 25]]], [[22, [22, 12, 1, 35, 2]]], [[18, [18, 39, 16, 27, 5, 20, 31, 33]]], [[49, [49, 40, 9, 13, 46]]], [[42, [42, 32, 11, 45, 28, 23, 4, 15, 3]]], [[6, [6, 10, 41, 17, 38, 19, 50, 36, 43, 8]]]]], [[[[0, [34]], [34, []], [46, [46, 5, 14, 48, 26]], [5, []], [14, []], [48, []], [26, []], [44, [44, 39, 7, 18, 30, 13, 49, 9, 2, 12]], [39, []], [7, []], [18, []], [30, []], [13, []], [49, []], [9, []], [2, []], [12, []], [35, [35, 1, 11, 32, 45, 42, 28, 33, 31, 3]], [1, []], [11, []], [32, []], [45, []], [42, []], [28, []], [33, []], [31, []], [3, []]], [[0, [20, 21, 37, 15]], [20, []], [21, []], [37, []], [15, []], [47, [47, 29, 22, 40, 4]], [29, []], [22, []], [40, [23, 25, 24, 16, 6]], [4, []], [23, []], [25, []], [24, []], [16, []], [6, []], [10, [10, 41, 17, 38, 27, 19, 50, 36, 43, 8]], [41, []], [17, []], [38, []], [27, []], [19, []], [50, []], [36, []], [43, []], [8, []]]], [[[47, [47, 29, 22, 40, 4]]], [[46, [46, 5, 14, 48, 26]]], [[44, [44, 39, 7, 18, 30, 13, 49, 9, 2, 12]]], [[40, [23, 25, 24, 16, 6]]], [[10, [10, 41, 17, 38, 27, 19, 50, 36, 43, 8]]], [[35, [35, 1, 11, 32, 45, 42, 28, 33, 31, 3]]]]]], "Numrun": 5, "all_fitness": [384.4401081914276, 422.9985282646543]}
{"file_name": "U_50_0", "number_of_trucks": 2, "drone_capacity": 10, "number_of_drones": 2, "iteration": 3, "best_fitness": 427.5994276865436, "runtime": 129.99841976165771, "best_solution": [[[[0, []], [34, [34, 33, 26, 7, 46]], [33, []], [26, []], [7, []], [46, []], [12, [12, 35, 1]], [35, []], [1, []], [29, [29, 32, 18, 30, 44, 39, 16, 27, 19, 24]], [32, []], [18, []], [30, []], [44, []], [39, []], [16, []], [27, []], [19, []], [24, []], [14, [14, 48, 31, 4, 23, 25, 20, 5, 43, 8]], [48, []], [31, []], [4, []], [23, []], [25, []], [20, []], [5, []], [43, []], [8, []]], [[0, [21, 37]], [21, []], [37, []], [47, [47]], [3, [3, 15, 40, 49, 2, 22, 9, 42, 28]], [15, []], [40, []], [49, []], [2, []], [22, []], [9, []], [42, []], [28, []], [45, [45, 13, 11, 6, 10, 41, 17, 38, 50, 36]], [13, []], [11, []], [6, []], [10, []], [41, []], [17, []], [38, []], [50, []], [36, []]]], [[[47, [47]]], [[34, [34, 33, 26, 7, 46]]], [[12, [12, 35, 1]]], [[3, [3, 15, 40, 49, 2, 22, 9, 42, 28]]], [[29, [29, 32, 18, 30, 44, 39, 16, 27, 19, 24]]], [[14, [14, 48, 31, 4, 23, 25, 20, 5, 43, 8]]], [[45, [45, 13, 11, 6, 10, 41, 17, 38, 50, 36]]]]],