{"file_name": "U_50_1", "number_of_trucks": 2, "drone_capacity": 10, "number_of_drones": 2, "iteration": 1, "best_fitness": 477.535993327654, "runtime": 3864.197885274887, "best_solution": [[[[0, [49, 17, 39, 31, 33, 44, 45, 2, 34, 20, 12, 15, 38]], [15, []], [38, []], [44, []], [45, []], [12, []], [2, []], [39, []], [34, []], [31, []], [33, []], [20, []], [49, []], [17, []], [41, [50, 8, 42, 41, 35, 28]], [50, []], [8, []], [35, []], [42, []], [28, []], [26, [26, 10, 24, 48, 46]], [48, []], [10, []], [46, []], [24, []]], [[0, []], [25, [13, 25, 18, 43, 22]], [22, []], [43, []], [18, []], [13, [47, 40, 5, 14, 23, 4]], [47, []], [40, []], [5, []], [14, []], [23, []], [4, []], [16, [16, 1, 7, 21, 37, 11]], [11, []], [7, []], [1, []], [21, []], [27, [27, 36, 29, 30, 32, 3, 19, 6, 9]], [29, []], [30, []], [36, []], [32, []], [37, []], [9, []], [3, []], [19, []], [6, []]]], [[[25, [13, 25, 18, 43, 22]]], [[13, [47, 40, 5, 14, 23, 4]]], [[16, [16, 1, 7, 21, 37, 11]]], [[41, [50, 8, 42, 41, 35, 28]]], [[27, [27, 36, 29, 30, 32, 3, 19, 6, 9]]], [[26, [26, 10, 24, 48, 46]]]]], "all_solution": [[[[[0, [49, 17, 39, 31, 33, 44, 45, 2, 34, 20, 12, 15, 38]], [15, []], [38, []], [44, []], [45, []], [12, []], [2, []], [39, []], [34, []], [31, []], [33, []], [20, []], [49, []], [17, []], [41, [50, 8, 42, 41, 35, 28]], [50, []], [8, []], [35, []], [42, []], [28, []], [26, [26, 10, 24, 48, 46]], [48, []], [10, []], [46, []], [24, []]], [[0, []], [25, [13, 25, 18, 43, 22]], [22, []], [43, []], [18, []], [13, [47, 40, 5, 14, 23, 4]], [47, []], [40, []], [5, []], [14, []], [23, []], [4, []], [16, [16, 1, 7, 21, 37, 11]], [11, []], [7, []], [1, []], [21, []], [27, [27, 36, 29, 30, 32, 3, 19, 6, 9]], [29, []], [30, []], [36, []], [32, []], [37, []], [9, []], [3, []], [19, []], [6, []]]], [[[25, [13, 25, 18, 43, 22]]], [[13, [47, 40, 5, 14, 23, 4]]], [[16, [16, 1, 7, 21, 37, 11]]], [[41, [50, 8, 42, 41, 35, 28]]], [[27, [27, 36, 29, 30, 32, 3, 19, 6, 9]]], [[26, [26, 10, 24, 48, 46]]]]]], "Numrun": 5, "all_fitness": [477.535993327654]}
{"file_name": "U_50_1", "number_of_trucks": 2, "drone_capacity": 10, "number_of_drones": 2, "iteration": 2, "best_fitness": 550.4983116801286, "runtime": 123.5416316986084, "best_solution": [[[[0, [49, 22, 13, 34]], [49, []], [22, []], [13, []], [34, []], [39, [39, 45, 11, 14, 35, 5, 47, 41, 20, 31]], [45, []], [11, []], [14, []], [35, []], [5, []], [47, []], [41, []], [20, []], [31, []], [21, [21, 30, 50, 8, 19, 7, 26, 48, 10, 46]], [30, []], [50, []], [8, []], [19, []], [7, []], [26, []], [48, []], [10, []], [46, []]], [[0, [18, 4, 23, 40, 43]], [18, []], [4, [15, 2, 44]], [23, []], [40, []], [43, []], [15, []], [2, []], [44, []], [12, [12, 28, 17, 37, 33, 9, 16, 42]], [28, []], [17, []], [37, []], [33, []], [9, []], [16, []], [42, []], [3, [3, 32, 36, 29, 27, 38, 1, 25, 6, 24]], [32, []], [36, []], [29, []], [27, []], [38, []], [1, []], [25, []], [6, []], [24, []]]], [[[39, [39, 45, 11, 14, 35, 5, 47, 41, 20, 31]]], [[4, [15, 2, 44]]], [[12, [12, 28, 17, 37, 33, 9, 16, 42]]], [[21, [21, 30, 50, 8, 19, 7, 26, 48, 10, 46]]], [[3, [3, 32, 36, 29, 27, 38, 1, 25, 6, 24]]]]], "all_solution": [[[[[0, [49, 17, 39, 31, 33, 44, 45, 2, 34, 20, 12, 15, 38]], [15, []], [38, []], [44, []], [45, []], [12, []], [2, []], [39, []], [34, []], [31, []], [33, []], [20, []], [49, []], [17, []], [41, [50, 8, 42, 41, 35, 28]], [50, []], [8, []], [35, []], [42, []], [28, []], [26, [26, 10, 24, 48, 46]], [48, []], [10, []], [46, []], [24, []]], [[0, []], [25, [13, 25, 18, 43, 22]], [22, []], [43, []], [18, []], [13, [47, 40, 5, 14, 23, 4]], [47, []], [40, []], [5, []], [14, []], [23, []], [4, []], [16, [16, 1, 7, 21, 37, 11]], [11, []], [7, []], [1, []], [21, []], [27, [27, 36, 29, 30, 32, 3, 19, 6, 9]], [29, []], [30, []], [36, []], [32, []], [37, []], [9, []], [3, []], [19, []], [6, []]]], [[[25, [13, 25, 18, 43, 22]]], [[13, [47, 40, 5, 14, 23, 4]]], [[16, [16, 1, 7, 21, 37, 11]]], [[41, [50, 8, 42, 41, 35, 28]]], [[27, [27, 36, 29, 30, 32, 3, 19, 6, 9]]], [[26, [26, 10, 24, 48, 46]]]]], [[[[0, [49, 22, 13, 34]], [49, []], [22, []], [13, []], [34, []], [39, [39, 45, 11, 14, 35, 5, 47, 41, 20, 31]], [45, []], [11, []], [14, []], [35, []], [5, []], [47, []], [41, []], [20, []], [31, []], [21, [21, 30, 50, 8, 19, 7, 26, 48, 10, 46]], [30, []], [50, []], [8, []], [19, []], [7, []], [26, []], [48, []], [10, []], [46, []]], [[0, [18, 4, 23, 40, 43]], [18, []], [4, [15, 2, 44]], [23, []], [40, []], [43, []], [15, []], [2, []], [44, []], [12, [12, 28, 17, 37, 33, 9, 16, 42]], [28, []], [17, []], [37, []], [33, []], [9, []], [16, []], [42, []], [3, [3, 32, 36, 29, 27, 38, 1, 25, 6, 24]], [32, []], [36, []], [29, []], [27, []], [38, []], [1, []], [25, []], [6, []], [24, []]]], [[[39, [39, 45, 11, 14, 35, 5, 47, 41, 20, 31]]], [[4, [15, 2, 44]]], [[12, [12, 28, 17, 37, 33, 9, 16, 42]]], [[21, [21, 30, 50, 8, 19, 7, 26, 48, 10, 46]]], [[3, [3, 32, 36, 29, 27, 38, 1, 25, 6, 24]]]]]], "Numrun": 5, "all_fitness": [477.535993327654, 550.4983116801286]}
{"file_name": "U_50_1", "number_of_trucks": 2, "drone_capacity": 10, "number_of_drones": 2, "iteration": 3, "best_fitness": 575.5309838591429, "runtime": 127.67987442016602, "best_solution": [[[[0, [18, 14]], [18, []], [14, []], [44, [44, 11, 5, 35, 12, 1, 34, 22, 33, 20]], [11, []], [5, []], [35, []], [12, []], [1, []], [34, []], [22, []], [33, []], [20, []], [37, [37, 31, 41, 50, 3, 8, 48, 26, 10, 46]], [31, []], [41, []], [50, []], [3, []], [8, []], [48, []], [26, []], [10, []], [46, []]], [[0, []], [13, [13, 49, 39, 15, 2, 45]], [49, []], [39, [47, 28, 17]], [15, []], [2, []], [45, []], [47, []], [28, []], [17, []], [40, [40, 7, 4, 23, 16, 42, 43, 9, 32]], [7, []], [4, []], [23, []], [16, []], [42, []], [43, []], [9, []], [32, []], [30, [30, 36, 29, 21, 38, 19, 27, 25, 6, 24]], [36, []], [29, []], [21, []], [38, []], [19, []], [27, []], [25, []], [6, []], [24, []]]], [[[13, [13, 49, 39, 15, 2, 45]]], [[39, [47, 28, 17]]], [[44, [44, 11, 5, 35, 12, 1, 34, 22, 33, 20]]], [[40, [40, 7, 4, 23, 16, 42, 43, 9, 32]]], [[30, [30, 36, 29, 21, 38, 19, 27, 25, 6, 24]]], [[37, [37, 31, 41, 50, 3, 8, 48, 26, 10, 46]]]]],