{"file_name": "U_50_0", "number_of_trucks": 2, "drone_capacity": 10, "number_of_drones": 2, "iteration": 1, "best_fitness": 403.88000000000005, "runtime": 3808.016820669174, "best_solution": [[[[0, []], [21, [21, 20]], [45, [45, 11, 41, 50, 33]], [11, []], [19, [19, 39, 2, 9, 13, 49, 36, 27, 32, 1]], [39, []], [2, []], [29, [29, 34, 17, 31, 25, 38, 22, 37, 30]], [32, []], [34, []], [22, []], [9, []], [13, []], [49, []], [20, []], [37, []], [17, []], [41, []], [50, []], [33, []], [31, []], [36, []], [30, []], [27, []], [25, []], [38, []], [1, []]], [[0, [8, 24, 6, 46, 10, 44, 7, 3, 43, 18, 28, 5, 26, 14, 40, 35, 16, 15]], [24, []], [6, []], [46, []], [10, []], [44, []], [7, []], [3, [42, 47, 48, 23, 4, 12]], [43, []], [18, []], [8, []], [28, []], [14, []], [35, []], [5, []], [16, []], [40, []], [42, []], [47, []], [26, []], [48, []], [23, []], [4, []], [12, []], [15, []]]], [[[21, [21, 20]]], [[45, [45, 11, 41, 50, 33]]], [[19, [19, 39, 2, 9, 13, 49, 36, 27, 32, 1]]], [[29, [29, 34, 17, 31, 25, 38, 22, 37, 30]]], [[3, [42, 47, 48, 23, 4, 12]]]]], "all_solution": [[[[[0, []], [21, [21, 20]], [45, [45, 11, 41, 50, 33]], [11, []], [19, [19, 39, 2, 9, 13, 49, 36, 27, 32, 1]], [39, []], [2, []], [29, [29, 34, 17, 31, 25, 38, 22, 37, 30]], [32, []], [34, []], [22, []], [9, []], [13, []], [49, []], [20, []], [37, []], [17, []], [41, []], [50, []], [33, []], [31, []], [36, []], [30, []], [27, []], [25, []], [38, []], [1, []]], [[0, [8, 24, 6, 46, 10, 44, 7, 3, 43, 18, 28, 5, 26, 14, 40, 35, 16, 15]], [24, []], [6, []], [46, []], [10, []], [44, []], [7, []], [3, [42, 47, 48, 23, 4, 12]], [43, []], [18, []], [8, []], [28, []], [14, []], [35, []], [5, []], [16, []], [40, []], [42, []], [47, []], [26, []], [48, []], [23, []], [4, []], [12, []], [15, []]]], [[[21, [21, 20]]], [[45, [45, 11, 41, 50, 33]]], [[19, [19, 39, 2, 9, 13, 49, 36, 27, 32, 1]]], [[29, [29, 34, 17, 31, 25, 38, 22, 37, 30]]], [[3, [42, 47, 48, 23, 4, 12]]]]]], "Numrun": 5, "all_fitness": [403.88000000000005]}
{"file_name": "U_50_0", "number_of_trucks": 2, "drone_capacity": 10, "number_of_drones": 2, "iteration": 2, "best_fitness": 520.6400000000001, "runtime": 98.63987159729004, "best_solution": [[[[0, [18, 43, 3, 8, 20, 9, 33, 41, 50, 49, 32, 27, 21, 36, 30, 29, 31, 22, 34, 19, 39, 45, 12, 2, 38, 25, 6, 24]], [18, []], [43, []], [3, []], [8, []], [20, []], [9, []], [33, []], [41, []], [50, []], [49, []], [32, []], [27, []], [21, []], [36, []], [30, []], [29, []], [31, []], [22, []], [34, []], [19, []], [39, []], [45, []], [12, []], [2, []], [38, []], [25, []], [6, []], [24, []]], [[0, [10, 44, 26, 11, 16, 14, 35, 5, 40, 13, 37, 17, 28, 47, 42, 4, 23, 48, 7, 46, 15, 1]], [10, []], [44, []], [26, []], [11, []], [16, []], [14, []], [35, []], [5, []], [40, []], [13, []], [37, []], [17, []], [28, []], [47, []], [42, []], [4, []], [23, []], [48, []], [7, []], [46, []], [15, []], [1, []]]], []], "all_solution": [[[[[0, []], [21, [21, 20]], [45, [45, 11, 41, 50, 33]], [11, []], [19, [19, 39, 2, 9, 13, 49, 36, 27, 32, 1]], [39, []], [2, []], [29, [29, 34, 17, 31, 25, 38, 22, 37, 30]], [32, []], [34, []], [22, []], [9, []], [13, []], [49, []], [20, []], [37, []], [17, []], [41, []], [50, []], [33, []], [31, []], [36, []], [30, []], [27, []], [25, []], [38, []], [1, []]], [[0, [8, 24, 6, 46, 10, 44, 7, 3, 43, 18, 28, 5, 26, 14, 40, 35, 16, 15]], [24, []], [6, []], [46, []], [10, []], [44, []], [7, []], [3, [42, 47, 48, 23, 4, 12]], [43, []], [18, []], [8, []], [28, []], [14, []], [35, []], [5, []], [16, []], [40, []], [42, []], [47, []], [26, []], [48, []], [23, []], [4, []], [12, []], [15, []]]], [[[21, [21, 20]]], [[45, [45, 11, 41, 50, 33]]], [[19, [19, 39, 2, 9, 13, 49, 36, 27, 32, 1]]], [[29, [29, 34, 17, 31, 25, 38, 22, 37, 30]]], [[3, [42, 47, 48, 23, 4, 12]]]]], [[[[0, [18, 43, 3, 8, 20, 9, 33, 41, 50, 49, 32, 27, 21, 36, 30, 29, 31, 22, 34, 19, 39, 45, 12, 2, 38, 25, 6, 24]], [18, []], [43, []], [3, []], [8, []], [20, []], [9, []], [33, []], [41, []], [50, []], [49, []], [32, []], [27, []], [21, []], [36, []], [30, []], [29, []], [31, []], [22, []], [34, []], [19, []], [39, []], [45, []], [12, []], [2, []], [38, []], [25, []], [6, []], [24, []]], [[0, [10, 44, 26, 11, 16, 14, 35, 5, 40, 13, 37, 17, 28, 47, 42, 4, 23, 48, 7, 46, 15, 1]], [10, []], [44, []], [26, []], [11, []], [16, []], [14, []], [35, []], [5, []], [40, []], [13, []], [37, []], [17, []], [28, []], [47, []], [42, []], [4, []], [23, []], [48, []], [7, []], [46, []], [15, []], [1, []]]], []]], "Numrun": 5, "all_fitness": [403.88000000000005, 520.6400000000001]}
{"file_name": "U_50_0", "number_of_trucks": 2, "drone_capacity": 10, "number_of_drones": 2, "iteration": 3, "best_fitness": 384.8035189109886, "runtime": 130.261394739151, "best_solution": [[[[0, [16]], [16, []], [11, [11, 10, 44, 46]], [10, []], [44, []], [46, []], [6, [6, 24, 1, 15, 38, 34, 22, 9, 20, 49]], [24, []], [1, []], [15, []], [38, []], [34, []], [22, []], [9, []], [20, []], [49, []], [17, [17, 37, 31, 36, 30, 32, 27, 29, 21, 25]], [37, []], [31, []], [36, []], [30, []], [32, []], [27, []], [29, []], [21, []], [25, []]], [[0, []], [33, [33, 41, 50, 8, 26]], [41, []], [50, []], [8, []], [26, []], [35, [35, 5, 14, 40, 28, 39, 2]], [5, []], [14, []], [40, []], [28, []], [13, [13, 18, 3, 43, 4]], [18, []], [3, []], [43, []], [4, []], [23, [23, 42, 47, 48, 7, 45, 12, 19]], [42, []], [47, []], [48, []], [7, []], [45, []], [12, []], [19, []], [39, []], [2, []]]], [[[33, [33, 41, 50, 8, 26]]], [[11, [11, 10, 44, 46]]], [[35, [35, 5, 14, 40, 28, 39, 2]]], [[6, [6, 24, 1, 15, 38, 34, 22, 9, 20, 49]]], [[13, [13, 18, 3, 43, 4]]], [[17, [17, 37, 31, 36, 30, 32, 27, 29, 21, 25]]], [[23, [23, 42, 47, 48, 7, 45, 12, 19]]]]],