{"file_name": "U_50_0", "number_of_trucks": 2, "drone_capacity": 10, "number_of_drones": 2, "iteration": 1, "best_fitness": 413.9200000000001, "runtime": 4216.991711616516, "best_solution": [[[[0, [14, 16, 27, 23, 39, 7, 42, 43, 15, 37, 13, 1, 33, 18, 22, 32, 49, 4, 45, 38, 44, 25, 31, 47, 5, 3]], [13, []], [22, []], [1, []], [33, []], [18, []], [4, []], [38, []], [45, []], [23, []], [15, []], [37, []], [42, []], [43, []], [39, []], [7, []], [14, []], [31, []], [47, []], [5, []], [16, []], [3, []], [27, []], [32, []], [49, []], [44, []], [25, []]], [[0, [8]], [19, [19, 6, 29]], [8, []], [50, [50, 41, 24, 12, 20]], [6, []], [12, []], [24, []], [29, []], [10, [10, 34, 2, 46, 26, 35, 17]], [48, [48, 9, 40, 28, 30, 36, 21, 11]], [9, []], [40, []], [41, []], [30, []], [34, []], [17, []], [2, []], [46, []], [26, []], [35, []], [28, []], [21, []], [20, []], [11, []], [36, []]]], [[[19, [19, 6, 29]]], [[50, [50, 41, 24, 12, 20]]], [[10, [10, 34, 2, 46, 26, 35, 17]]], [[48, [48, 9, 40, 28, 30, 36, 21, 11]]]]], "all_solution": [[[[[0, [14, 16, 27, 23, 39, 7, 42, 43, 15, 37, 13, 1, 33, 18, 22, 32, 49, 4, 45, 38, 44, 25, 31, 47, 5, 3]], [13, []], [22, []], [1, []], [33, []], [18, []], [4, []], [38, []], [45, []], [23, []], [15, []], [37, []], [42, []], [43, []], [39, []], [7, []], [14, []], [31, []], [47, []], [5, []], [16, []], [3, []], [27, []], [32, []], [49, []], [44, []], [25, []]], [[0, [8]], [19, [19, 6, 29]], [8, []], [50, [50, 41, 24, 12, 20]], [6, []], [12, []], [24, []], [29, []], [10, [10, 34, 2, 46, 26, 35, 17]], [48, [48, 9, 40, 28, 30, 36, 21, 11]], [9, []], [40, []], [41, []], [30, []], [34, []], [17, []], [2, []], [46, []], [26, []], [35, []], [28, []], [21, []], [20, []], [11, []], [36, []]]], [[[19, [19, 6, 29]]], [[50, [50, 41, 24, 12, 20]]], [[10, [10, 34, 2, 46, 26, 35, 17]]], [[48, [48, 9, 40, 28, 30, 36, 21, 11]]]]]], "Numrun": 5, "all_fitness": [413.9200000000001]}
{"file_name": "U_50_0", "number_of_trucks": 2, "drone_capacity": 10, "number_of_drones": 2, "iteration": 2, "best_fitness": 534.4, "runtime": 101.61328506469727, "best_solution": [[[[0, [6, 16, 41, 50, 12, 24, 42, 10, 35, 26, 28, 21, 11, 38, 45, 22, 13, 1, 23, 15, 37, 43, 7, 39, 14, 36]], [6, []], [16, []], [41, []], [50, []], [12, []], [24, []], [42, []], [10, []], [35, []], [26, []], [28, []], [21, []], [11, []], [38, []], [45, []], [22, []], [13, []], [1, []], [23, []], [15, []], [37, []], [43, []], [7, []], [39, []], [14, []], [36, []]], [[0, [33, 19, 8, 4, 20, 29, 17, 46, 2, 30, 34, 48, 9, 40, 31, 47, 5, 3, 27, 32, 49, 44, 25, 18]], [33, []], [19, []], [8, []], [4, []], [20, []], [29, []], [17, []], [46, []], [2, []], [30, []], [34, []], [48, []], [9, []], [40, []], [31, []], [47, []], [5, []], [3, []], [27, []], [32, []], [49, []], [44, []], [25, []], [18, []]]], []], "all_solution": [[[[[0, [14, 16, 27, 23, 39, 7, 42, 43, 15, 37, 13, 1, 33, 18, 22, 32, 49, 4, 45, 38, 44, 25, 31, 47, 5, 3]], [13, []], [22, []], [1, []], [33, []], [18, []], [4, []], [38, []], [45, []], [23, []], [15, []], [37, []], [42, []], [43, []], [39, []], [7, []], [14, []], [31, []], [47, []], [5, []], [16, []], [3, []], [27, []], [32, []], [49, []], [44, []], [25, []]], [[0, [8]], [19, [19, 6, 29]], [8, []], [50, [50, 41, 24, 12, 20]], [6, []], [12, []], [24, []], [29, []], [10, [10, 34, 2, 46, 26, 35, 17]], [48, [48, 9, 40, 28, 30, 36, 21, 11]], [9, []], [40, []], [41, []], [30, []], [34, []], [17, []], [2, []], [46, []], [26, []], [35, []], [28, []], [21, []], [20, []], [11, []], [36, []]]], [[[19, [19, 6, 29]]], [[50, [50, 41, 24, 12, 20]]], [[10, [10, 34, 2, 46, 26, 35, 17]]], [[48, [48, 9, 40, 28, 30, 36, 21, 11]]]]], [[[[0, [6, 16, 41, 50, 12, 24, 42, 10, 35, 26, 28, 21, 11, 38, 45, 22, 13, 1, 23, 15, 37, 43, 7, 39, 14, 36]], [6, []], [16, []], [41, []], [50, []], [12, []], [24, []], [42, []], [10, []], [35, []], [26, []], [28, []], [21, []], [11, []], [38, []], [45, []], [22, []], [13, []], [1, []], [23, []], [15, []], [37, []], [43, []], [7, []], [39, []], [14, []], [36, []]], [[0, [33, 19, 8, 4, 20, 29, 17, 46, 2, 30, 34, 48, 9, 40, 31, 47, 5, 3, 27, 32, 49, 44, 25, 18]], [33, []], [19, []], [8, []], [4, []], [20, []], [29, []], [17, []], [46, []], [2, []], [30, []], [34, []], [48, []], [9, []], [40, []], [31, []], [47, []], [5, []], [3, []], [27, []], [32, []], [49, []], [44, []], [25, []], [18, []]]], []]], "Numrun": 5, "all_fitness": [413.9200000000001, 534.4]}
{"file_name": "U_50_0", "number_of_trucks": 2, "drone_capacity": 10, "number_of_drones": 2, "iteration": 3, "best_fitness": 536.8000000000001, "runtime": 101.45464038848877, "best_solution": [[[[0, [22, 29, 19, 18, 4, 11, 21, 20, 10, 17, 34, 30, 41, 2, 46, 26, 35, 28, 24, 43, 42]], [22, []], [29, []], [19, []], [18, []], [4, []], [11, []], [21, []], [20, []], [10, []], [17, []], [34, []], [30, []], [41, []], [2, []], [46, []], [26, []], [35, []], [28, []], [24, []], [43, []], [42, []]], [[0, [33, 8, 37, 50, 16, 32, 27, 49, 25, 36, 44, 3, 5, 47, 31, 40, 48, 12, 6, 9, 39, 14, 7, 15, 13, 38, 45, 23, 1]], [33, []], [8, []], [37, []], [50, []], [16, []], [32, []], [27, []], [49, []], [25, []], [36, []], [44, []], [3, []], [5, []], [47, []], [31, []], [40, []], [48, []], [12, []], [6, []], [9, []], [39, []], [14, []], [7, []], [15, []], [13, []], [38, []], [45, []], [23, []], [1, []]]], []], "all_solution": [[[[[0, [14, 16, 27, 23, 39, 7, 42, 43, 15, 37, 13, 1, 33, 18, 22, 32, 49, 4, 45, 38, 44, 25, 31, 47, 5, 3]], [13, []], [22, []], [1, []], [33, []], [18, []], [4, []], [38, []], [45, []], [23, []], [15, []], [37, []], [42, []], [43, []], [39, []], [7, []], [14, []], [31, []], [47, []], [5, []], [16, []], [3, []], [27, []], [32, []], [49, []], [44, []], [25, []]], [[0, [8]], [19, [19, 6, 29]], [8, []], [50, [50, 41, 24, 12, 20]], [6, []], [12, []], [24, []], [29, []], [10, [10, 34, 2, 46, 26, 35, 17]], [48, [48, 9, 40, 28, 30, 36, 21, 11]], [9, []], [40, []], [41, []], [30, []], [34, []], [17, []], [2, []], [46, []], [26, []], [35, []], [28, []], [21, []], [20, []], [11, []], [36, []]]], [[[19, [19, 6, 29]]], [[50, [50, 41, 24, 12, 20]]], [[10, [10, 34, 2, 46, 26, 35, 17]]], [[48, [48, 9, 40, 28, 30, 36, 21, 11]]]]], [[[[0, [6, 16, 41, 50, 12, 24, 42, 10, 35, 26, 28, 21, 11, 38, 45, 22, 13, 1, 23, 15, 37, 43, 7, 39, 14, 36]], [6, []], [16, []], [41, []], [50, []], [12, []], [24, []], [42, []], [10, []], [35, []], [26, []], [28, []], [21, []], [11, []], [38, []], [45, []], [22, []], [13, []], [1, []], [23, []], [15, []], [37, []], [43, []], [7, []], [39, []], [14, []], [36, []]], [[0, [33, 19, 8, 4, 20, 29, 17, 46, 2, 30, 34, 48, 9, 40, 31, 47, 5, 3, 27, 32, 49, 44, 25, 18]], [33, []], [19, []], [8, []], [4, []], [20, []], [29, []], [17, []], [46, []], [2, []], [30, []], [34, []], [48, []], [9, []], [40, []], [31, []], [47, []], [5, []], [3, []], [27, []], [32, []], [49, []], [44, []], [25, []], [18, []]]], []], [[[[0, [22, 29, 19, 18, 4, 11, 21, 20, 10, 17, 34, 30, 41, 2, 46, 26, 35, 28, 24, 43, 42]], [22, []], [29, []], [19, []], [18, []], [4, []], [11, []], [21, []], [20, []], [10, []], [17, []], [34, []], [30, []], [41, []], [2, []], [46, []], [26, []], [35, []], [28, []], [24, []], [43, []], [42, []]], [[0, [33, 8, 37, 50, 16, 32, 27, 49, 25, 36, 44, 3, 5, 47, 31, 40, 48, 12, 6, 9, 39, 14, 7, 15, 13, 38, 45, 23, 1]], [33, []], [8, []], [37, []], [50, []], [16, []], [32, []], [27, []], [49, []], [25, []], [36, []], [44, []], [3, []], [5, []], [47, []], [31, []], [40, []], [48, []], [12, []], [6, []], [9, []], [39, []], [14, []], [7, []], [15, []], [13, []], [38, []], [45, []], [23, []], [1, []]]], []]], "Numrun": 5, "all_fitness": [413.9200000000001, 534.4, 536.8000000000001]}
{"file_name": "U_50_0", "number_of_trucks": 2, "drone_capacity": 10, "number_of_drones": 2, "iteration": 4, "best_fitness": 542.1999999999999, "runtime": 101.17843198776245,