{"file_name": "U_50_0", "number_of_trucks": 2, "drone_capacity": 10, "number_of_drones": 2, "iteration": 1, "best_fitness": 391.466471245077, "runtime": 3851.250515460968, "best_solution": [[[[0, [24, 5, 31]], [5, []], [24, [19, 37, 32, 16, 12, 3]], [31, []], [19, []], [37, []], [7, [7, 6, 43, 4, 27, 30]], [4, []], [32, []], [8, [8, 44, 9, 45, 1, 28, 41, 25, 2, 36]], [45, []], [44, []], [9, []], [41, []], [25, []], [6, []], [1, []], [43, []], [28, []], [27, []], [36, []], [16, []], [12, []], [30, []], [2, []], [3, []]], [[0, [18, 23, 15, 33, 48, 35]], [18, []], [35, []], [23, []], [11, [34, 11, 14, 26]], [34, []], [14, []], [15, []], [29, [29, 17, 50, 10, 22, 21, 47, 49]], [17, []], [26, []], [22, []], [46, [46, 42, 13, 39, 20]], [42, []], [20, []], [39, []], [47, []], [21, []], [13, []], [50, []], [10, []], [33, []], [48, []], [38, [38, 40]], [40, []], [49, []]]], [[[11, [34, 11, 14, 26]]], [[24, [19, 37, 32, 16, 12, 3]]], [[7, [7, 6, 43, 4, 27, 30]]], [[29, [29, 17, 50, 10, 22, 21, 47, 49]]], [[8, [8, 44, 9, 45, 1, 28, 41, 25, 2, 36]]], [[46, [46, 42, 13, 39, 20]]], [[38, [38, 40]]]]], "all_solution": [[[[[0, [24, 5, 31]], [5, []], [24, [19, 37, 32, 16, 12, 3]], [31, []], [19, []], [37, []], [7, [7, 6, 43, 4, 27, 30]], [4, []], [32, []], [8, [8, 44, 9, 45, 1, 28, 41, 25, 2, 36]], [45, []], [44, []], [9, []], [41, []], [25, []], [6, []], [1, []], [43, []], [28, []], [27, []], [36, []], [16, []], [12, []], [30, []], [2, []], [3, []]], [[0, [18, 23, 15, 33, 48, 35]], [18, []], [35, []], [23, []], [11, [34, 11, 14, 26]], [34, []], [14, []], [15, []], [29, [29, 17, 50, 10, 22, 21, 47, 49]], [17, []], [26, []], [22, []], [46, [46, 42, 13, 39, 20]], [42, []], [20, []], [39, []], [47, []], [21, []], [13, []], [50, []], [10, []], [33, []], [48, []], [38, [38, 40]], [40, []], [49, []]]], [[[11, [34, 11, 14, 26]]], [[24, [19, 37, 32, 16, 12, 3]]], [[7, [7, 6, 43, 4, 27, 30]]], [[29, [29, 17, 50, 10, 22, 21, 47, 49]]], [[8, [8, 44, 9, 45, 1, 28, 41, 25, 2, 36]]], [[46, [46, 42, 13, 39, 20]]], [[38, [38, 40]]]]]], "Numrun": 5, "all_fitness": [391.466471245077]}
{"file_name": "U_50_0", "number_of_trucks": 2, "drone_capacity": 10, "number_of_drones": 2, "iteration": 2, "best_fitness": 523.24, "runtime": 99.0619912147522, "best_solution": [[[[0, [5, 3, 16, 12, 30, 48, 33, 19, 4, 31, 44, 45, 8, 32, 20, 37, 7, 22, 43]], [5, [36, 2, 38, 40, 49]], [3, []], [16, []], [12, []], [30, []], [48, []], [33, []], [19, []], [4, []], [31, []], [44, []], [45, []], [8, []], [32, []], [20, []], [37, []], [7, []], [22, []], [43, []], [36, []], [2, []], [38, []], [40, []], [49, []]], [[0, [18, 11, 23, 15, 14, 34, 35, 26, 42, 24, 47, 39, 21, 13, 50, 10, 46, 27, 28, 1, 6, 25, 9, 41, 29, 17]], [18, []], [11, []], [23, []], [15, []], [14, []], [34, []], [35, []], [26, []], [42, []], [24, []], [47, []], [39, []], [21, []], [13, []], [50, []], [10, []], [46, []], [27, []], [28, []], [1, []], [6, []], [25, []], [9, []], [41, []], [29, []], [17, []]]], [[[5, [36, 2, 38, 40, 49]]]]], "all_solution": [[[[[0, [24, 5, 31]], [5, []], [24, [19, 37, 32, 16, 12, 3]], [31, []], [19, []], [37, []], [7, [7, 6, 43, 4, 27, 30]], [4, []], [32, []], [8, [8, 44, 9, 45, 1, 28, 41, 25, 2, 36]], [45, []], [44, []], [9, []], [41, []], [25, []], [6, []], [1, []], [43, []], [28, []], [27, []], [36, []], [16, []], [12, []], [30, []], [2, []], [3, []]], [[0, [18, 23, 15, 33, 48, 35]], [18, []], [35, []], [23, []], [11, [34, 11, 14, 26]], [34, []], [14, []], [15, []], [29, [29, 17, 50, 10, 22, 21, 47, 49]], [17, []], [26, []], [22, []], [46, [46, 42, 13, 39, 20]], [42, []], [20, []], [39, []], [47, []], [21, []], [13, []], [50, []], [10, []], [33, []], [48, []], [38, [38, 40]], [40, []], [49, []]]], [[[11, [34, 11, 14, 26]]], [[24, [19, 37, 32, 16, 12, 3]]], [[7, [7, 6, 43, 4, 27, 30]]], [[29, [29, 17, 50, 10, 22, 21, 47, 49]]], [[8, [8, 44, 9, 45, 1, 28, 41, 25, 2, 36]]], [[46, [46, 42, 13, 39, 20]]], [[38, [38, 40]]]]], [[[[0, [5, 3, 16, 12, 30, 48, 33, 19, 4, 31, 44, 45, 8, 32, 20, 37, 7, 22, 43]], [5, [36, 2, 38, 40, 49]], [3, []], [16, []], [12, []], [30, []], [48, []], [33, []], [19, []], [4, []], [31, []], [44, []], [45, []], [8, []], [32, []], [20, []], [37, []], [7, []], [22, []], [43, []], [36, []], [2, []], [38, []], [40, []], [49, []]], [[0, [18, 11, 23, 15, 14, 34, 35, 26, 42, 24, 47, 39, 21, 13, 50, 10, 46, 27, 28, 1, 6, 25, 9, 41, 29, 17]], [18, []], [11, []], [23, []], [15, []], [14, []], [34, []], [35, []], [26, []], [42, []], [24, []], [47, []], [39, []], [21, []], [13, []], [50, []], [10, []], [46, []], [27, []], [28, []], [1, []], [6, []], [25, []], [9, []], [41, []], [29, []], [17, []]]], [[[5, [36, 2, 38, 40, 49]]]]]], "Numrun": 5, "all_fitness": [391.466471245077, 523.24]}
{"file_name": "U_50_0", "number_of_trucks": 2, "drone_capacity": 10, "number_of_drones": 2, "iteration": 3, "best_fitness": 499.8799999999998, "runtime": 99.4728889465332, "best_solution": [[[[0, [23, 35, 18, 14, 34, 11, 15, 41, 26, 17, 29, 25, 9, 44, 31, 45]], [23, [8, 32, 24, 20, 37, 27, 38, 2, 3]], [35, []], [18, []], [14, []], [34, []], [11, []], [15, []], [41, []], [26, []], [17, []], [29, []], [25, []], [9, []], [44, []], [31, []], [45, []], [8, []], [32, []], [24, []], [20, []], [37, []], [27, []], [38, []], [2, []], [3, []]], [[0, [5, 12, 30, 16, 48, 33, 19, 42, 46, 47, 39, 21, 13, 50, 10, 36, 28, 43, 22, 7, 4, 6, 1, 40, 49]], [5, []], [12, []], [30, []], [16, []], [48, []], [33, []], [19, []], [42, []], [46, []], [47, []], [39, []], [21, []], [13, []], [50, []], [10, []], [36, []], [28, []], [43, []], [22, []], [7, []], [4, []], [6, []], [1, []], [40, []], [49, []]]], [[[23, [8, 32, 24, 20, 37, 27, 38, 2, 3]]]]],