{"file_name": "U_50_1", "number_of_trucks": 2, "drone_capacity": 10, "number_of_drones": 2, "iteration": 1, "best_fitness": 563.7820660177129, "runtime": 3921.823967695236, "best_solution": [[[[0, [42, 50, 32, 23, 7, 35, 6, 38, 36, 17, 18]], [6, []], [38, []], [17, []], [40, [40, 20, 31, 25]], [20, []], [23, []], [36, []], [7, []], [35, []], [32, []], [18, []], [42, []], [50, []], [34, [34, 14, 41]], [25, []], [31, []], [41, []], [29, [29, 13]], [14, []], [13, []], [11, [11]]], [[0, [19, 21, 30, 47, 9, 5, 3]], [21, []], [30, []], [47, []], [9, []], [2, [2, 48]], [5, []], [3, []], [48, []], [33, [33, 26, 27]], [26, [10, 22, 46, 28, 39, 16, 4, 24]], [10, []], [22, []], [46, []], [28, []], [39, []], [27, []], [43, [43, 44, 15]], [16, []], [4, []], [15, []], [45, [45, 1, 37, 12]], [1, []], [37, []], [44, []], [24, []], [19, []], [8, [8, 49]], [12, []], [49, []]]], [[[40, [40, 20, 31, 25]]], [[2, [2, 48]]], [[33, [33, 26, 27]]], [[26, [10, 22, 46, 28, 39, 16, 4, 24]]], [[43, [43, 44, 15]]], [[34, [34, 14, 41]]], [[29, [29, 13]]], [[45, [45, 1, 37, 12]]], [[8, [8, 49]]], [[11, [11]]]]], "all_solution": [[[[[0, [42, 50, 32, 23, 7, 35, 6, 38, 36, 17, 18]], [6, []], [38, []], [17, []], [40, [40, 20, 31, 25]], [20, []], [23, []], [36, []], [7, []], [35, []], [32, []], [18, []], [42, []], [50, []], [34, [34, 14, 41]], [25, []], [31, []], [41, []], [29, [29, 13]], [14, []], [13, []], [11, [11]]], [[0, [19, 21, 30, 47, 9, 5, 3]], [21, []], [30, []], [47, []], [9, []], [2, [2, 48]], [5, []], [3, []], [48, []], [33, [33, 26, 27]], [26, [10, 22, 46, 28, 39, 16, 4, 24]], [10, []], [22, []], [46, []], [28, []], [39, []], [27, []], [43, [43, 44, 15]], [16, []], [4, []], [15, []], [45, [45, 1, 37, 12]], [1, []], [37, []], [44, []], [24, []], [19, []], [8, [8, 49]], [12, []], [49, []]]], [[[40, [40, 20, 31, 25]]], [[2, [2, 48]]], [[33, [33, 26, 27]]], [[26, [10, 22, 46, 28, 39, 16, 4, 24]]], [[43, [43, 44, 15]]], [[34, [34, 14, 41]]], [[29, [29, 13]]], [[45, [45, 1, 37, 12]]], [[8, [8, 49]]], [[11, [11]]]]]], "Numrun": 5, "all_fitness": [563.7820660177129]}
{"file_name": "U_50_1", "number_of_trucks": 2, "drone_capacity": 10, "number_of_drones": 2, "iteration": 2, "best_fitness": 677.8440937200523, "runtime": 132.40361380577087, "best_solution": [[[[0, [9]], [9, []], [25, [25, 50, 21, 36, 7]], [50, []], [21, []], [36, []], [7, [47, 32, 19, 2, 31]], [47, []], [32, []], [19, []], [2, []], [31, []], [46, [46, 20, 16, 23, 43, 28, 44, 18]], [20, []], [16, []], [23, []], [43, []], [28, []], [44, []], [18, []], [34, [34, 37, 24, 29, 45, 13, 11]], [37, []], [24, []], [29, []], [45, []], [13, []], [11, []]], [[0, [30, 27, 5, 35]], [30, []], [27, []], [5, []], [35, []], [42, [42, 48, 33, 22, 38, 10, 40, 17, 39, 4]], [48, []], [33, []], [22, []], [38, []], [10, []], [40, []], [17, []], [39, []], [4, []], [15, [15, 1, 41, 49, 3, 6, 26, 14, 12, 8]], [1, []], [41, []], [49, []], [3, []], [6, []], [26, []], [14, []], [12, []], [8, []]]], [[[25, [25, 50, 21, 36, 7]]], [[7, [47, 32, 19, 2, 31]]], [[46, [46, 20, 16, 23, 43, 28, 44, 18]]], [[42, [42, 48, 33, 22, 38, 10, 40, 17, 39, 4]]], [[15, [15, 1, 41, 49, 3, 6, 26, 14, 12, 8]]], [[34, [34, 37, 24, 29, 45, 13, 11]]]]], "all_solution": [[[[[0, [42, 50, 32, 23, 7, 35, 6, 38, 36, 17, 18]], [6, []], [38, []], [17, []], [40, [40, 20, 31, 25]], [20, []], [23, []], [36, []], [7, []], [35, []], [32, []], [18, []], [42, []], [50, []], [34, [34, 14, 41]], [25, []], [31, []], [41, []], [29, [29, 13]], [14, []], [13, []], [11, [11]]], [[0, [19, 21, 30, 47, 9, 5, 3]], [21, []], [30, []], [47, []], [9, []], [2, [2, 48]], [5, []], [3, []], [48, []], [33, [33, 26, 27]], [26, [10, 22, 46, 28, 39, 16, 4, 24]], [10, []], [22, []], [46, []], [28, []], [39, []], [27, []], [43, [43, 44, 15]], [16, []], [4, []], [15, []], [45, [45, 1, 37, 12]], [1, []], [37, []], [44, []], [24, []], [19, []], [8, [8, 49]], [12, []], [49, []]]], [[[40, [40, 20, 31, 25]]], [[2, [2, 48]]], [[33, [33, 26, 27]]], [[26, [10, 22, 46, 28, 39, 16, 4, 24]]], [[43, [43, 44, 15]]], [[34, [34, 14, 41]]], [[29, [29, 13]]], [[45, [45, 1, 37, 12]]], [[8, [8, 49]]], [[11, [11]]]]], [[[[0, [9]], [9, []], [25, [25, 50, 21, 36, 7]], [50, []], [21, []], [36, []], [7, [47, 32, 19, 2, 31]], [47, []], [32, []], [19, []], [2, []], [31, []], [46, [46, 20, 16, 23, 43, 28, 44, 18]], [20, []], [16, []], [23, []], [43, []], [28, []], [44, []], [18, []], [34, [34, 37, 24, 29, 45, 13, 11]], [37, []], [24, []], [29, []], [45, []], [13, []], [11, []]], [[0, [30, 27, 5, 35]], [30, []], [27, []], [5, []], [35, []], [42, [42, 48, 33, 22, 38, 10, 40, 17, 39, 4]], [48, []], [33, []], [22, []], [38, []], [10, []], [40, []], [17, []], [39, []], [4, []], [15, [15, 1, 41, 49, 3, 6, 26, 14, 12, 8]], [1, []], [41, []], [49, []], [3, []], [6, []], [26, []], [14, []], [12, []], [8, []]]], [[[25, [25, 50, 21, 36, 7]]], [[7, [47, 32, 19, 2, 31]]], [[46, [46, 20, 16, 23, 43, 28, 44, 18]]], [[42, [42, 48, 33, 22, 38, 10, 40, 17, 39, 4]]], [[15, [15, 1, 41, 49, 3, 6, 26, 14, 12, 8]]], [[34, [34, 37, 24, 29, 45, 13, 11]]]]]], "Numrun": 5, "all_fitness": [563.7820660177129, 677.8440937200523]}
{"file_name": "U_50_1", "number_of_trucks": 2, "drone_capacity": 10, "number_of_drones": 2, "iteration": 3, "best_fitness": 724.91386454715, "runtime": 120.69470930099487, "best_solution": [[[[0, [9, 50, 5, 25, 42, 48]], [9, []], [50, []], [5, []], [25, []], [42, []], [48, []], [32, [32, 47, 6, 33, 2, 31, 46, 20, 16, 17]], [47, []], [6, []], [33, []], [2, []], [31, []], [46, []], [20, []], [16, []], [17, []], [22, [22, 43, 39, 4, 15, 28, 29, 45, 13, 11]], [43, []], [39, []], [4, []], [15, []], [28, []], [29, []], [45, []], [13, []], [11, []]], [[0, [18, 19, 30, 21]], [18, []], [19, []], [30, []], [21, []], [27, [27, 36, 35, 7, 23, 38, 10, 40, 26]], [36, [14]], [35, []], [7, []], [23, []], [38, []], [10, []], [40, []], [26, []], [14, []], [34, [34, 44, 41, 24, 1, 37, 3, 49, 12, 8]], [44, []], [41, []], [24, []], [1, []], [37, []], [3, []], [49, []], [12, []], [8, []]]], [[[27, [27, 36, 35, 7, 23, 38, 10, 40, 26]]], [[32, [32, 47, 6, 33, 2, 31, 46, 20, 16, 17]]], [[36, [14]]], [[34, [34, 44, 41, 24, 1, 37, 3, 49, 12, 8]]], [[22, [22, 43, 39, 4, 15, 28, 29, 45, 13, 11]]]]],