{"file_name": "U_15_1", "number_of_trucks": 2, "drone_capacity": 2, "number_of_drones": 2, "iteration": 1, "best_fitness": 347.5932743562683, "runtime": 34.93611693382263, "best_solution": [[[[0, []], [3, [3, 12]], [12, []], [13, [13, 7]], [7, []], [1, [1, 4]], [4, []]], [[0, [11, 5, 14]], [11, []], [5, []], [14, []], [9, [9, 6]], [6, []], [8, [8, 10]], [10, []], [15, [15, 2]], [2, []]]], [[[9, [9, 6]]], [[3, [3, 12]]], [[13, [13, 7]]], [[8, [8, 10]]], [[1, [1, 4]]], [[15, [15, 2]]]]]}
{"file_name": "U_15_1", "number_of_trucks": 2, "drone_capacity": 2, "number_of_drones": 2, "iteration": 2, "best_fitness": 347.22917612822425, "runtime": 53.22002935409546, "best_solution": [[[[0, [5, 11]], [11, []], [3, [3]], [5, []], [13, [13, 9]], [9, []], [1, [1, 2]], [4, [4]], [2, []], [0, []]], [[0, [14]], [14, [12]], [6, [6, 7]], [12, []], [8, [8, 10]], [7, []], [10, []], [15, [15]]]], [[[3, [3]]], [[14, [12]]], [[13, [13, 9]]], [[6, [6, 7]]], [[8, [8, 10]]], [[1, [1, 2]]], [[4, [4]]], [[15, [15]]]]]}
{"file_name": "U_15_1", "number_of_trucks": 2, "drone_capacity": 2, "number_of_drones": 2, "iteration": 3, "best_fitness": 347.5932743562683, "runtime": 36.997976541519165, "best_solution": [[[[0, []], [5, [5, 14]], [14, []], [12, [12, 3]], [3, []], [13, [13]], [7, [7]], [1, [1, 4]], [4, []]], [[0, []], [11, [11]], [9, [9, 6]], [6, []], [8, [8, 10]], [10, []], [15, [15, 2]], [2, []]]], [[[5, [5, 14]]], [[11, [11]]], [[12, [12, 3]]], [[13, [13]]], [[9, [9, 6]]], [[7, [7]]], [[8, [8, 10]]], [[1, [1, 4]]], [[15, [15, 2]]]]]}
