{"file_name": "U_15_1", "number_of_trucks": 2, "drone_capacity": 2, "number_of_drones": 2, "iteration": 1, "best_fitness": 322.3377615661444, "runtime": 55.87604570388794, "best_solution": [[[[0, []], [10, [10]], [2, [2, 3]], [3, []], [8, [8, 11]], [11, []]], [[0, []], [6, [6]], [13, [13, 5]], [14, [14, 9]], [15, [15, 12]], [12, []], [9, []], [5, []], [7, [7, 1]], [1, []], [4, [4]]]], [[[6, [6]]], [[10, [10]]], [[13, [13, 5]]], [[14, [14, 9]]], [[15, [15, 12]]], [[2, [2, 3]]], [[8, [8, 11]]], [[7, [7, 1]]], [[4, [4]]]]]}
{"file_name": "U_15_1", "number_of_trucks": 2, "drone_capacity": 2, "number_of_drones": 2, "iteration": 2, "best_fitness": 318.8946595032987, "runtime": 81.04842805862427, "best_solution": [[[[0, [6]], [6, []], [0, []], [2, [2]], [3, [3]], [8, [8, 11]], [11, []], [7, [7, 1]], [1, []], [0, []]], [[0, [14, 10, 13, 9, 5, 12, 15]], [14, []], [10, []], [9, []], [5, []], [12, []], [15, []], [13, []], [4, [4]]]], [[[2, [2]]], [[3, [3]]], [[8, [8, 11]]], [[7, [7, 1]]], [[4, [4]]]]]}
{"file_name": "U_15_1", "number_of_trucks": 2, "drone_capacity": 2, "number_of_drones": 2, "iteration": 3, "best_fitness": 329.47524448244496, "runtime": 48.99117040634155, "best_solution": [[[[0, []], [14, [14, 13, 9, 5]], [13, []], [9, []], [12, [12, 15]], [15, []], [5, []], [8, [8, 11]], [11, []]], [[0, []], [6, [6]], [2, [2, 10]], [3, [3, 1]], [1, []], [7, [7, 4]], [10, []], [4, []]]], [[[6, [6]]], [[14, [9, 5]]], [[14, [14, 13]]], [[2, [2, 10]]], [[12, [12, 15]]], [[3, [3, 1]]], [[7, [7, 4]]], [[8, [8, 11]]]]]}
