{"file_name": "U_15_1", "number_of_trucks": 2, "drone_capacity": 2, "number_of_drones": 2, "iteration": 1, "best_fitness": 383.73221758442077, "runtime": 34.96745991706848, "best_solution": [[[[0, [1, 15, 7, 12]], [1, []], [15, []], [7, []], [4, [4]], [12, []], [2, [2]]], [[0, [3]], [11, [11]], [9, [9]], [8, [8]], [3, []], [5, [5, 13]], [13, []], [10, [10, 14]], [14, []], [6, [6]]]], [[[11, [11]]], [[9, [9]]], [[8, [8]]], [[5, [5, 13]]], [[4, [4]]], [[10, [10, 14]]], [[2, [2]]], [[6, [6]]]]]}
{"file_name": "U_15_1", "number_of_trucks": 2, "drone_capacity": 2, "number_of_drones": 2, "iteration": 2, "best_fitness": 383.73221758442077, "runtime": 30.767476558685303, "best_solution": [[[[0, [1]], [1, []], [0, [15, 7, 9]], [15, []], [7, []], [9, []], [4, [4, 10]], [10, []], [14, [14, 6]], [6, []]], [[0, []], [11, [3, 11]], [3, [5, 12]], [8, [8]], [5, []], [13, [13]], [12, []], [2, [2]]]], [[[11, [3, 11]]], [[3, [5, 12]]], [[8, [8]]], [[13, [13]]], [[4, [4, 10]]], [[14, [14, 6]]], [[2, [2]]]]]}
{"file_name": "U_15_1", "number_of_trucks": 2, "drone_capacity": 2, "number_of_drones": 2, "iteration": 3, "best_fitness": 383.73221758442077, "runtime": 30.424184799194336, "best_solution": [[[[0, [11]], [11, []], [15, [15]], [7, [7]], [12, [12, 9]], [9, []], [4, [4, 10]], [10, []], [14, [14]]], [[0, [1]], [1, []], [0, [3]], [8, [8, 5]], [3, []], [5, []], [6, [6, 13]], [13, []], [2, [2]]]], [[[15, [15]]], [[7, [7]]], [[12, [12, 9]]], [[8, [8, 5]]], [[6, [6, 13]]], [[4, [4, 10]]], [[14, [14]]], [[2, [2]]]]]}
