{"file_name": "U_15_1", "number_of_trucks": 2, "drone_capacity": 2, "number_of_drones": 2, "iteration": 1, "best_fitness": 306.7433167536995, "runtime": 47.883270025253296, "best_solution": [[[[0, [12, 5, 10]], [5, []], [10, []], [2, [2, 15]], [15, []], [4, [4, 9]], [12, []], [9, []], [7, [7]]], [[0, []], [11, [11]], [0, []], [1, [1, 14]], [6, [6, 13]], [13, []], [14, []], [3, [3, 8]], [8, []]]], [[[11, [11]]], [[2, [2, 15]]], [[1, [1, 14]]], [[6, [6, 13]]], [[4, [4, 9]]], [[7, [7]]], [[3, [3, 8]]]]]}
{"file_name": "U_15_1", "number_of_trucks": 2, "drone_capacity": 2, "number_of_drones": 2, "iteration": 2, "best_fitness": 292.90242250513086, "runtime": 60.81100606918335, "best_solution": [[[[0, []], [5, [5, 10, 12]], [10, []], [15, [15, 2]], [2, []], [12, []], [4, [4, 7]], [7, []], [9, [9, 6]], [6, []]], [[0, []], [11, [11]], [1, [1]], [13, [13, 14]], [14, []], [3, [3, 8]], [8, []]]], [[[5, [12]]], [[5, [5, 10]]], [[11, [11]]], [[15, [15, 2]]], [[1, [1]]], [[4, [4, 7]]], [[13, [13, 14]]], [[9, [9, 6]]], [[3, [3, 8]]]]]}
{"file_name": "U_15_1", "number_of_trucks": 2, "drone_capacity": 2, "number_of_drones": 2, "iteration": 3, "best_fitness": 309.1283922440049, "runtime": 59.34062337875366, "best_solution": [[[[0, []], [12, [12, 10]], [15, [15, 2]], [2, []], [10, []], [13, [13]], [8, [8, 3]], [3, []], [6, [6]], [0, []]], [[0, []], [5, [5, 11]], [11, []], [14, [14]], [7, [7, 4]], [4, []], [9, [9, 1]], [1, []]]], [[[5, [5, 11]]], [[12, [12, 10]]], [[15, [15, 2]]], [[14, [14]]], [[7, [7, 4]]], [[13, [13]]], [[8, [8, 3]]], [[9, [9, 1]]], [[6, [6]]]]]}
