{"file_name": "U_15_1", "number_of_trucks": 2, "drone_capacity": 2, "number_of_drones": 2, "iteration": 1, "best_fitness": 359.2895791651548, "runtime": 35.83833837509155, "best_solution": [[[[0, [13, 10, 6, 12]], [12, []], [6, []], [13, []], [10, []], [4, [4, 3]], [3, []]], [[0, [7]], [5, [5, 2]], [2, []], [1, [1, 8]], [11, [11, 14]], [8, []], [15, [15, 9]], [14, []], [9, []], [7, []]]], [[[5, [5]]], [[5, [2]]], [[1, [1, 8]]], [[11, [11, 14]]], [[4, [4, 3]]], [[15, [15, 9]]]]]}
{"file_name": "U_15_1", "number_of_trucks": 2, "drone_capacity": 2, "number_of_drones": 2, "iteration": 2, "best_fitness": 354.2895791651548, "runtime": 45.975231885910034, "best_solution": [[[[0, [2, 5]], [9, [9, 1, 7]], [7, []], [2, []], [5, []], [14, [14, 15]], [15, []], [1, []], [3, [3, 11]], [11, []]], [[0, []], [12, [12]], [13, [13, 10]], [10, []], [6, [6, 8]], [8, []], [4, [4]]]], [[[12, [12]]], [[9, [7]]], [[13, [13, 10]]], [[9, [9, 1]]], [[6, [6, 8]]], [[4, [4]]], [[14, [14, 15]]], [[3, [3, 11]]]]]}
{"file_name": "U_15_1", "number_of_trucks": 2, "drone_capacity": 2, "number_of_drones": 2, "iteration": 3, "best_fitness": 354.2895791651548, "runtime": 32.487741231918335, "best_solution": [[[[0, [2]], [2, [7]], [7, []], [13, [13, 10]], [10, []], [6, [6, 8]], [8, []], [14, [14, 11]], [11, []], [3, [3, 15]], [15, []]], [[0, []], [12, [12]], [0, []], [5, [5]], [9, [9, 1]], [1, []], [4, [4]]]], [[[12, [12]]], [[2, [7]]], [[5, [5]]], [[13, [13, 10]]], [[9, [9, 1]]], [[6, [6, 8]]], [[4, [4]]], [[14, [14, 11]]], [[3, [3, 15]]]]]}
