{"file_name": "U_15_0", "number_of_trucks": 2, "drone_capacity": 2, "number_of_drones": 2, "iteration": 1, "best_fitness": 230.3932743562683, "runtime": 41.23645281791687, "best_solution": [[[[0, [3, 10, 5, 6, 12]], [3, []], [6, []], [12, []], [11, [11, 7]], [7, []], [10, []], [5, []]], [[0, [2, 13, 14, 8]], [2, []], [13, []], [8, []], [15, [15, 9]], [9, []], [1, [1, 4]], [14, []], [4, []]]], [[[15, [15, 9]]], [[11, [11, 7]]], [[1, [1, 4]]]]]}
{"file_name": "U_15_0", "number_of_trucks": 2, "drone_capacity": 2, "number_of_drones": 2, "iteration": 2, "best_fitness": 230.37721349873613, "runtime": 53.30601716041565, "best_solution": [[[[0, [2, 13, 8, 14]], [2, []], [13, []], [8, []], [12, [12, 9]], [1, [1, 4]], [14, []], [9, []], [4, []]], [[0, [3, 10]], [3, []], [6, [6, 7]], [10, []], [7, []], [11, [11, 15]], [15, []], [5, [5]]]], [[[6, [6, 7]]], [[12, [12, 9]]], [[1, [1, 4]]], [[11, [11, 15]]], [[5, [5]]]]]}
{"file_name": "U_15_0", "number_of_trucks": 2, "drone_capacity": 2, "number_of_drones": 2, "iteration": 3, "best_fitness": 231.11224141446098, "runtime": 42.529053926467896, "best_solution": [[[[0, [3, 2, 12, 10, 8, 5]], [5, []], [10, []], [11, [11, 7]], [7, []], [8, []], [12, []], [3, []], [2, []]], [[0, [14, 13]], [13, []], [6, [6, 9]], [15, [15]], [14, []], [1, [1, 4]], [9, []], [4, []]]], [[[6, [6, 9]]], [[15, [15]]], [[11, [11, 7]]], [[1, [1, 4]]]]]}
