{"file_name": "U_15_1", "number_of_trucks": 2, "drone_capacity": 2, "number_of_drones": 2, "iteration": 1, "best_fitness": 361.5669658528997, "runtime": 48.800687313079834, "best_solution": [[[[0, [6, 3, 5]], [6, []], [2, [2, 7]], [3, []], [8, [8]], [7, []], [5, []], [11, [11]]], [[0, [1, 13, 15]], [1, []], [10, [10, 9]], [9, []], [13, []], [15, []], [4, [4]], [12, [12, 14]], [14, []]]], [[[10, [10, 9]]], [[2, [2, 7]]], [[4, [4]]], [[8, [8]]], [[12, [12, 14]]], [[11, [11]]]]]}
{"file_name": "U_15_1", "number_of_trucks": 2, "drone_capacity": 2, "number_of_drones": 2, "iteration": 2, "best_fitness": 361.5669658528997, "runtime": 40.95617341995239, "best_solution": [[[[0, [15]], [15, [1]], [1, []], [9, [9, 10]], [10, []], [2, [2, 4]], [4, []], [11, [11]]], [[0, [3, 5, 6, 13]], [6, []], [13, []], [3, []], [8, [8, 7]], [7, []], [5, []], [12, [12, 14]], [14, []]]], [[[15, [1]]], [[9, [9, 10]]], [[2, [2, 4]]], [[8, [8, 7]]], [[12, [12, 14]]], [[11, [11]]]]]}
{"file_name": "U_15_1", "number_of_trucks": 2, "drone_capacity": 2, "number_of_drones": 2, "iteration": 3, "best_fitness": 361.9599999999999, "runtime": 24.56375288963318, "best_solution": [[[[0, [15, 3]], [15, []], [3, []], [2, [2, 4]], [4, []], [11, [11]]], [[0, [10, 6, 13, 5, 1, 9]], [6, []], [13, []], [5, []], [8, [8, 7]], [7, []], [1, []], [9, []], [10, []], [12, [12, 14]], [14, []]]], [[[2, [2, 4]]], [[8, [8, 7]]], [[12, [12, 14]]], [[11, [11]]]]]}
