{"file_name": "U_15_1", "number_of_trucks": 2, "drone_capacity": 2, "number_of_drones": 2, "iteration": 1, "best_fitness": 273.6, "runtime": 39.62258291244507, "best_solution": [[[[0, []], [12, [7, 8, 12]], [8, [9]], [9, []], [7, []], [1, [1, 2, 5]], [2, []], [5, [14, 15]], [15, []], [14, []]], [[0, [11, 6, 3, 10, 4, 13]], [11, []], [3, []], [10, []], [4, []], [13, []], [6, []]]], [[[12, [8, 12]]], [[12, [7]]], [[8, [9]]], [[1, [1, 2]]], [[1, [5]]], [[5, [14, 15]]]]]}
{"file_name": "U_15_1", "number_of_trucks": 2, "drone_capacity": 2, "number_of_drones": 2, "iteration": 2, "best_fitness": 270.65665841073144, "runtime": 46.02233338356018, "best_solution": [[[[0, [11]], [11, []], [0, [8, 9, 7]], [8, []], [14, [14, 5]], [5, []], [7, []], [9, []], [2, [2, 15]], [15, []]], [[0, []], [12, [12, 6]], [6, [4, 10]], [13, [13, 3]], [4, []], [10, []], [3, []], [1, [1]]]], [[[12, [12, 6]]], [[6, [4, 10]]], [[13, [13, 3]]], [[14, [14, 5]]], [[1, [1]]], [[2, [2, 15]]]]]}
{"file_name": "U_15_1", "number_of_trucks": 2, "drone_capacity": 2, "number_of_drones": 2, "iteration": 3, "best_fitness": 270.65665841073144, "runtime": 44.437368869781494, "best_solution": [[[[0, [12, 6]], [12, []], [6, []], [13, [13, 10, 3, 4]], [4, []], [10, []], [3, []], [1, [1]]], [[0, [9, 8, 11, 7]], [11, []], [7, []], [9, []], [8, []], [2, [2, 5]], [5, []], [15, [15, 14]], [14, []]]], [[[13, [10, 3]]], [[13, [13, 4]]], [[1, [1]]], [[2, [2, 5]]], [[15, [15, 14]]]]]}
