{"file_name": "U_15_1", "number_of_trucks": 2, "drone_capacity": 2, "number_of_drones": 2, "iteration": 1, "best_fitness": 306.43020907003154, "runtime": 40.44040393829346, "best_solution": [[[[0, [2]], [8, [6, 8]], [2, []], [6, []], [11, [11, 7]], [7, []], [14, [14, 1]], [1, []]], [[0, []], [9, [9]], [4, [4, 15]], [12, [12]], [15, []], [13, [13, 10]], [10, []], [5, [5, 3]], [3, []]]], [[[9, [9]]], [[8, [6, 8]]], [[4, [4, 15]]], [[12, [12]]], [[11, [11, 7]]], [[13, [13, 10]]], [[14, [14, 1]]], [[5, [5, 3]]]]]}
{"file_name": "U_15_1", "number_of_trucks": 2, "drone_capacity": 2, "number_of_drones": 2, "iteration": 2, "best_fitness": 296.1788369746117, "runtime": 44.64871025085449, "best_solution": [[[[0, [9]], [4, [4, 8]], [9, []], [5, [5, 12]], [12, []], [8, []], [13, [13, 10]], [10, []], [3, [3]]], [[0, [2, 6]], [2, [15]], [6, []], [15, []], [11, [11, 7]], [7, []], [14, [14, 1]], [1, []]]], [[[4, [4, 8]]], [[2, [15]]], [[5, [5, 12]]], [[11, [11, 7]]], [[13, [13, 10]]], [[14, [14, 1]]], [[3, [3]]]]]}
{"file_name": "U_15_1", "number_of_trucks": 2, "drone_capacity": 2, "number_of_drones": 2, "iteration": 3, "best_fitness": 296.1788369746117, "runtime": 49.46786451339722, "best_solution": [[[[0, [2, 6]], [2, [15]], [6, []], [15, []], [11, [11, 7]], [7, []], [14, [14, 1]], [1, []]], [[0, [9, 8]], [4, [4]], [9, []], [5, [5]], [8, []], [13, [13, 10]], [10, []], [12, [12, 3]], [3, []]]], [[[4, [4]]], [[2, [15]]], [[5, [5]]], [[11, [11, 7]]], [[13, [13, 10]]], [[14, [14, 1]]], [[12, [12, 3]]]]]}
