{"file_name": "U_15_1", "number_of_trucks": 2, "drone_capacity": 2, "number_of_drones": 2, "iteration": 1, "best_fitness": 247.59619853626003, "runtime": 53.400771141052246, "best_solution": [[[[0, [9, 6, 2]], [2, []], [9, []], [4, [4, 1]], [11, [11, 3]], [1, []], [3, []], [6, []]], [[0, [7, 14]], [15, [15, 10]], [5, [5, 8]], [10, []], [8, []], [7, []], [14, []], [13, [13, 12]], [12, []]]], [[[15, [15, 10]]], [[5, [5, 8]]], [[4, [4, 1]]], [[11, [11, 3]]], [[13, [13, 12]]]]]}
{"file_name": "U_15_1", "number_of_trucks": 2, "drone_capacity": 2, "number_of_drones": 2, "iteration": 2, "best_fitness": 248.42176113476515, "runtime": 54.42060041427612, "best_solution": [[[[0, [7]], [7, []], [3, [3, 15]], [1, [1, 4]], [4, []], [15, []], [11, [11]]], [[0, [14, 6, 9]], [6, [10, 2]], [9, []], [2, []], [10, []], [14, []], [8, [8, 5]], [13, [13, 12]], [12, []], [5, []]]], [[[6, [10, 2]]], [[3, [3, 15]]], [[1, [1, 4]]], [[8, [8, 5]]], [[13, [13, 12]]], [[11, [11]]]]]}
{"file_name": "U_15_1", "number_of_trucks": 2, "drone_capacity": 2, "number_of_drones": 2, "iteration": 3, "best_fitness": 240.95895763867554, "runtime": 76.8057873249054, "best_solution": [[[[0, []], [6, [6, 2, 9]], [9, []], [2, []], [8, [8, 4]], [4, []], [3, [3, 1]], [1, []], [11, [11]]], [[0, [14]], [15, [15, 10]], [5, [5, 7]], [10, []], [7, []], [14, []], [13, [13, 12]], [12, []]]], [[[6, [9]]], [[6, [6, 2]]], [[15, [15, 10]]], [[5, [5, 7]]], [[8, [8, 4]]], [[3, [3, 1]]], [[13, [13, 12]]], [[11, [11]]]]]}
