{"file_name": "U_15_1", "number_of_trucks": 2, "drone_capacity": 2, "number_of_drones": 2, "iteration": 1, "best_fitness": 314.4163467792325, "runtime": 31.97593355178833, "best_solution": [[[[0, [2, 12]], [12, []], [2, []], [13, [13, 9]], [9, []], [10, [10, 7]], [7, []], [8, [8, 14]], [14, []]], [[0, [11, 5, 1]], [11, []], [5, [6]], [1, []], [15, [15, 4]], [4, []], [3, [3]], [6, []]]], [[[5, [6]]], [[13, [13, 9]]], [[15, [15, 4]]], [[10, [10, 7]]], [[8, [8, 14]]], [[3, [3]]]]]}
{"file_name": "U_15_1", "number_of_trucks": 2, "drone_capacity": 2, "number_of_drones": 2, "iteration": 2, "best_fitness": 314.2667248920832, "runtime": 37.36139512062073, "best_solution": [[[[0, [2, 12, 5]], [5, []], [12, []], [2, []], [4, [4, 6]], [15, [15]], [6, []], [3, [3]]], [[0, [1, 11]], [1, []], [11, []], [13, [13, 9]], [9, []], [10, [10, 7]], [7, []], [14, [14, 8]], [8, []]]], [[[13, [13, 9]]], [[4, [4, 6]]], [[15, [15]]], [[10, [10, 7]]], [[14, [14, 8]]], [[3, [3]]]]]}
{"file_name": "U_15_1", "number_of_trucks": 2, "drone_capacity": 2, "number_of_drones": 2, "iteration": 3, "best_fitness": 308.2500699367885, "runtime": 41.14938020706177, "best_solution": [[[[0, [12, 2, 11]], [11, []], [6, [6, 13]], [13, []], [12, []], [2, []], [8, [8, 7]], [7, []], [14, [14, 10]], [10, []]], [[0, []], [1, [1, 5]], [5, []], [9, [9]], [4, [4]], [15, [15]], [3, [3]]]], [[[1, [1, 5]]], [[9, [9]]], [[6, [6, 13]]], [[4, [4]]], [[15, [15]]], [[8, [8, 7]]], [[14, [14, 10]]], [[3, [3]]]]]}
