{"file_name": "U_20_1", "number_of_trucks": 2, "drone_capacity": 10, "number_of_drones": 2, "iteration": 1, "best_fitness": 327.16884940921096, "runtime": 214.12062621116638, "best_solution": [[[[0, [11, 3]], [12, [12, 5]], [11, []], [3, []], [9, [9, 10, 20]], [5, []], [10, []], [20, []], [14, [14, 16]], [16, []]], [[0, [13, 7]], [7, []], [13, []], [1, [1, 6, 8]], [19, [19, 15, 17]], [15, []], [6, []], [8, []], [17, []], [18, [18, 4]], [4, []], [2, [2]]]], [[[1, [1, 6, 8]]], [[19, [19, 15, 17]]], [[12, [12, 5]]], [[18, [18, 4]]], [[9, [9, 10, 20]]], [[14, [14, 16]]], [[2, [2]]]]], "all_solution": [[[[[0, [11, 3]], [12, [12, 5]], [11, []], [3, []], [9, [9, 10, 20]], [5, []], [10, []], [20, []], [14, [14, 16]], [16, []]], [[0, [13, 7]], [7, []], [13, []], [1, [1, 6, 8]], [19, [19, 15, 17]], [15, []], [6, []], [8, []], [17, []], [18, [18, 4]], [4, []], [2, [2]]]], [[[1, [1, 6, 8]]], [[19, [19, 15, 17]]], [[12, [12, 5]]], [[18, [18, 4]]], [[9, [9, 10, 20]]], [[14, [14, 16]]], [[2, [2]]]]]], "Numrun": 5, "all_fitness": [327.16884940921096]}
{"file_name": "U_20_1", "number_of_trucks": 2, "drone_capacity": 10, "number_of_drones": 2, "iteration": 2, "best_fitness": 323.043589209627, "runtime": 179.69342255592346, "best_solution": [[[[0, []], [8, [8, 1, 6, 15, 19]], [1, []], [6, []], [17, [17]], [15, []], [19, []], [4, [4, 18]], [18, []], [2, [2]]], [[0, [13, 7, 11]], [7, []], [13, []], [12, [12, 3]], [11, []], [5, [5, 9]], [3, []], [9, []], [20, [20, 10]], [10, []], [16, [16, 14]], [14, []]]], [[[8, [8, 1, 6, 15, 19]]], [[12, [12, 3]]], [[5, [5, 9]]], [[17, [17]]], [[20, [20, 10]]], [[4, [4, 18]]], [[16, [16, 14]]], [[2, [2]]]]], "all_solution": [[[[[0, [11, 3]], [12, [12, 5]], [11, []], [3, []], [9, [9, 10, 20]], [5, []], [10, []], [20, []], [14, [14, 16]], [16, []]], [[0, [13, 7]], [7, []], [13, []], [1, [1, 6, 8]], [19, [19, 15, 17]], [15, []], [6, []], [8, []], [17, []], [18, [18, 4]], [4, []], [2, [2]]]], [[[1, [1, 6, 8]]], [[19, [19, 15, 17]]], [[12, [12, 5]]], [[18, [18, 4]]], [[9, [9, 10, 20]]], [[14, [14, 16]]], [[2, [2]]]]], [[[[0, []], [8, [8, 1, 6, 15, 19]], [1, []], [6, []], [17, [17]], [15, []], [19, []], [4, [4, 18]], [18, []], [2, [2]]], [[0, [13, 7, 11]], [7, []], [13, []], [12, [12, 3]], [11, []], [5, [5, 9]], [3, []], [9, []], [20, [20, 10]], [10, []], [16, [16, 14]], [14, []]]], [[[8, [8, 1, 6, 15, 19]]], [[12, [12, 3]]], [[5, [5, 9]]], [[17, [17]]], [[20, [20, 10]]], [[4, [4, 18]]], [[16, [16, 14]]], [[2, [2]]]]]], "Numrun": 5, "all_fitness": [327.16884940921096, 323.043589209627]}
{"file_name": "U_20_1", "number_of_trucks": 2, "drone_capacity": 10, "number_of_drones": 2, "iteration": 3, "best_fitness": 323.608849409211, "runtime": 178.01631665229797, "best_solution": [[[[0, []], [1, [1, 8]], [8, []], [3, [3, 12, 19, 5]], [5, []], [12, []], [4, [4, 18]], [19, []], [18, []], [2, [2]]], [[0, [13, 7]], [11, [11]], [13, []], [7, []], [6, [6, 15, 17]], [15, []], [17, []], [9, [9, 20, 10]], [20, []], [10, []], [14, [14, 16]], [16, []]]], [[[11, [11]]], [[1, [1, 8]]], [[3, [3, 12, 19, 5]]], [[6, [6, 15, 17]]], [[4, [4, 18]]], [[9, [9, 20, 10]]], [[14, [14, 16]]], [[2, [2]]]]], "all_solution": [[[[[0, [11, 3]], [12, [12, 5]], [11, []], [3, []], [9, [9, 10, 20]], [5, []], [10, []], [20, []], [14, [14, 16]], [16, []]], [[0, [13, 7]], [7, []], [13, []], [1, [1, 6, 8]], [19, [19, 15, 17]], [15, []], [6, []], [8, []], [17, []], [18, [18, 4]], [4, []], [2, [2]]]], [[[1, [1, 6, 8]]], [[19, [19, 15, 17]]], [[12, [12, 5]]], [[18, [18, 4]]], [[9, [9, 10, 20]]], [[14, [14, 16]]], [[2, [2]]]]], [[[[0, []], [8, [8, 1, 6, 15, 19]], [1, []], [6, []], [17, [17]], [15, []], [19, []], [4, [4, 18]], [18, []], [2, [2]]], [[0, [13, 7, 11]], [7, []], [13, []], [12, [12, 3]], [11, []], [5, [5, 9]], [3, []], [9, []], [20, [20, 10]], [10, []], [16, [16, 14]], [14, []]]], [[[8, [8, 1, 6, 15, 19]]], [[12, [12, 3]]], [[5, [5, 9]]], [[17, [17]]], [[20, [20, 10]]], [[4, [4, 18]]], [[16, [16, 14]]], [[2, [2]]]]], [[[[0, []], [1, [1, 8]], [8, []], [3, [3, 12, 19, 5]], [5, []], [12, []], [4, [4, 18]], [19, []], [18, []], [2, [2]]], [[0, [13, 7]], [11, [11]], [13, []], [7, []], [6, [6, 15, 17]], [15, []], [17, []], [9, [9, 20, 10]], [20, []], [10, []], [14, [14, 16]], [16, []]]], [[[11, [11]]], [[1, [1, 8]]], [[3, [3, 12, 19, 5]]], [[6, [6, 15, 17]]], [[4, [4, 18]]], [[9, [9, 20, 10]]], [[14, [14, 16]]], [[2, [2]]]]]], "Numrun": 5, "all_fitness": [327.16884940921096, 323.043589209627, 323.608849409211]}
{"file_name": "U_20_1", "number_of_trucks": 2, "drone_capacity": 10, "number_of_drones": 2, "iteration": 4, "best_fitness": 323.043589209627, "runtime": 166.70718002319336, "best_solution": [[[[0, []], [1, [1, 15, 6, 8, 19]], [17, [17]], [15, []], [6, []], [8, []], [19, []], [18, [18, 4]], [4, []], [2, [2]]], [[0, [7, 13]], [7, []], [13, []], [12, [11, 12]], [11, []], [9, [9, 3, 5]], [3, []], [5, []], [10, [10, 20]], [20, []], [14, [14, 16]], [16, []]]], [[[1, [1, 15, 6, 8, 19]]], [[12, [11, 12]]], [[17, [17]]], [[9, [9, 3, 5]]], [[10, [10, 20]]], [[18, [18, 4]]], [[14, [14, 16]]], [[2, [2]]]]], "all_solution": [[[[[0, [11, 3]], [12, [12, 5]], [11, []], [3, []], [9, [9, 10, 20]], [5, []], [10, []], [20, []], [14, [14, 16]], [16, []]], [[0, [13, 7]], [7, []], [13, []], [1, [1, 6, 8]], [19, [19, 15, 17]], [15, []], [6, []], [8, []], [17, []], [18, [18, 4]], [4, []], [2, [2]]]], [[[1, [1, 6, 8]]], [[19, [19, 15, 17]]], [[12, [12, 5]]], [[18, [18, 4]]], [[9, [9, 10, 20]]], [[14, [14, 16]]], [[2, [2]]]]], [[[[0, []], [8, [8, 1, 6, 15, 19]], [1, []], [6, []], [17, [17]], [15, []], [19, []], [4, [4, 18]], [18, []], [2, [2]]], [[0, [13, 7, 11]], [7, []], [13, []], [12, [12, 3]], [11, []], [5, [5, 9]], [3, []], [9, []], [20, [20, 10]], [10, []], [16, [16, 14]], [14, []]]], [[[8, [8, 1, 6, 15, 19]]], [[12, [12, 3]]], [[5, [5, 9]]], [[17, [17]]], [[20, [20, 10]]], [[4, [4, 18]]], [[16, [16, 14]]], [[2, [2]]]]], [[[[0, []], [1, [1, 8]], [8, []], [3, [3, 12, 19, 5]], [5, []], [12, []], [4, [4, 18]], [19, []], [18, []], [2, [2]]], [[0, [13, 7]], [11, [11]], [13, []], [7, []], [6, [6, 15, 17]], [15, []], [17, []], [9, [9, 20, 10]], [20, []], [10, []], [14, [14, 16]], [16, []]]], [[[11, [11]]], [[1, [1, 8]]], [[3, [3, 12, 19, 5]]], [[6, [6, 15, 17]]], [[4, [4, 18]]], [[9, [9, 20, 10]]], [[14, [14, 16]]], [[2, [2]]]]], [[[[0, []], [1, [1, 15, 6, 8, 19]], [17, [17]], [15, []], [6, []], [8, []], [19, []], [18, [18, 4]], [4, []], [2, [2]]], [[0, [7, 13]], [7, []], [13, []], [12, [11, 12]], [11, []], [9, [9, 3, 5]], [3, []], [5, []], [10, [10, 20]], [20, []], [14, [14, 16]], [16, []]]], [[[1, [1, 15, 6, 8, 19]]], [[12, [11, 12]]], [[17, [17]]], [[9, [9, 3, 5]]], [[10, [10, 20]]], [[18, [18, 4]]], [[14, [14, 16]]], [[2, [2]]]]]], "Numrun": 5, "all_fitness": [327.16884940921096, 323.043589209627, 323.608849409211, 323.043589209627]}
{"file_name": "U_20_1", "number_of_trucks": 2, "drone_capacity": 10, "number_of_drones": 2, "iteration": 5, "best_fitness": 323.043589209627, "runtime": 211.02416563034058, "best_solution": [[[[0, [7]], [7, []], [11, [11, 12, 3]], [12, []], [3, []], [5, [5, 9]], [9, []], [20, [20, 10]], [10, []], [14, [14, 16]], [16, []]], [[0, [8, 6, 1, 13, 19]], [6, []], [1, []], [8, []], [15, [15, 17]], [17, []], [13, []], [4, [4, 18]], [19, []], [18, []], [2, [2]]]], [[[11, [11, 12, 3]]], [[5, [5, 9]]], [[15, [15, 17]]], [[4, [4, 18]]], [[20, [20, 10]]], [[14, [14, 16]]], [[2, [2]]]]],