{"file_name": "U_20_0", "number_of_trucks": 2, "drone_capacity": 10, "number_of_drones": 2, "iteration": 1, "best_fitness": 203.70103409851708, "runtime": 276.15788650512695, "best_solution": [[[[0, []], [17, [13, 14, 17, 3, 4]], [3, []], [4, []], [20, [20, 5, 7]], [5, []], [13, []], [14, []], [12, [12, 6]], [6, []], [7, []]], [[0, [15, 9, 10, 19]], [15, []], [9, [16, 11]], [10, []], [19, []], [16, []], [11, []], [1, [1, 8, 2, 18]], [8, []], [18, []], [2, []]]], [[[17, [13, 14, 17, 3, 4]]], [[9, [16, 11]]], [[20, [20, 5, 7]]], [[1, [1, 8, 2, 18]]], [[12, [12, 6]]]]], "all_solution": [[[[[0, []], [17, [13, 14, 17, 3, 4]], [3, []], [4, []], [20, [20, 5, 7]], [5, []], [13, []], [14, []], [12, [12, 6]], [6, []], [7, []]], [[0, [15, 9, 10, 19]], [15, []], [9, [16, 11]], [10, []], [19, []], [16, []], [11, []], [1, [1, 8, 2, 18]], [8, []], [18, []], [2, []]]], [[[17, [13, 14, 17, 3, 4]]], [[9, [16, 11]]], [[20, [20, 5, 7]]], [[1, [1, 8, 2, 18]]], [[12, [12, 6]]]]]], "Numrun": 5, "all_fitness": [203.70103409851708]}
{"file_name": "U_20_0", "number_of_trucks": 2, "drone_capacity": 10, "number_of_drones": 2, "iteration": 2, "best_fitness": 200.5555492397403, "runtime": 193.95936918258667, "best_solution": [[[[0, [19, 15, 9, 10]], [15, []], [9, []], [19, []], [10, []], [11, [11, 16, 18, 2, 1, 8]], [16, []], [1, []], [8, []], [18, []], [2, []]], [[0, []], [14, [14, 3, 17, 4]], [3, []], [17, []], [4, []], [20, [20, 5, 13, 7]], [5, []], [13, []], [12, [12, 6]], [6, []], [7, []]]], [[[14, [14, 3, 17, 4]]], [[20, [20, 5, 13, 7]]], [[11, [11, 16, 18, 2, 1, 8]]], [[12, [12, 6]]]]], "all_solution": [[[[[0, []], [17, [13, 14, 17, 3, 4]], [3, []], [4, []], [20, [20, 5, 7]], [5, []], [13, []], [14, []], [12, [12, 6]], [6, []], [7, []]], [[0, [15, 9, 10, 19]], [15, []], [9, [16, 11]], [10, []], [19, []], [16, []], [11, []], [1, [1, 8, 2, 18]], [8, []], [18, []], [2, []]]], [[[17, [13, 14, 17, 3, 4]]], [[9, [16, 11]]], [[20, [20, 5, 7]]], [[1, [1, 8, 2, 18]]], [[12, [12, 6]]]]], [[[[0, [19, 15, 9, 10]], [15, []], [9, []], [19, []], [10, []], [11, [11, 16, 18, 2, 1, 8]], [16, []], [1, []], [8, []], [18, []], [2, []]], [[0, []], [14, [14, 3, 17, 4]], [3, []], [17, []], [4, []], [20, [20, 5, 13, 7]], [5, []], [13, []], [12, [12, 6]], [6, []], [7, []]]], [[[14, [14, 3, 17, 4]]], [[20, [20, 5, 13, 7]]], [[11, [11, 16, 18, 2, 1, 8]]], [[12, [12, 6]]]]]], "Numrun": 5, "all_fitness": [203.70103409851708, 200.5555492397403]}
{"file_name": "U_20_0", "number_of_trucks": 2, "drone_capacity": 10, "number_of_drones": 2, "iteration": 3, "best_fitness": 206.16671801503074, "runtime": 343.2213525772095, "best_solution": [[[[0, [3]], [17, [13, 14, 17, 4]], [3, []], [4, []], [20, [20, 5, 7]], [5, []], [13, []], [14, []], [12, [12, 6]], [6, []], [7, []]], [[0, [10]], [9, [9]], [19, [19, 11, 16, 15]], [10, []], [11, []], [16, []], [1, [1, 8, 2, 18]], [8, []], [18, []], [2, []], [15, []]]], [[[9, [9]]], [[17, [13, 14, 17, 4]]], [[19, [19, 11, 16, 15]]], [[20, [20, 5, 7]]], [[1, [1, 8, 2, 18]]], [[12, [12, 6]]]]], "all_solution": [[[[[0, []], [17, [13, 14, 17, 3, 4]], [3, []], [4, []], [20, [20, 5, 7]], [5, []], [13, []], [14, []], [12, [12, 6]], [6, []], [7, []]], [[0, [15, 9, 10, 19]], [15, []], [9, [16, 11]], [10, []], [19, []], [16, []], [11, []], [1, [1, 8, 2, 18]], [8, []], [18, []], [2, []]]], [[[17, [13, 14, 17, 3, 4]]], [[9, [16, 11]]], [[20, [20, 5, 7]]], [[1, [1, 8, 2, 18]]], [[12, [12, 6]]]]], [[[[0, [19, 15, 9, 10]], [15, []], [9, []], [19, []], [10, []], [11, [11, 16, 18, 2, 1, 8]], [16, []], [1, []], [8, []], [18, []], [2, []]], [[0, []], [14, [14, 3, 17, 4]], [3, []], [17, []], [4, []], [20, [20, 5, 13, 7]], [5, []], [13, []], [12, [12, 6]], [6, []], [7, []]]], [[[14, [14, 3, 17, 4]]], [[20, [20, 5, 13, 7]]], [[11, [11, 16, 18, 2, 1, 8]]], [[12, [12, 6]]]]], [[[[0, [3]], [17, [13, 14, 17, 4]], [3, []], [4, []], [20, [20, 5, 7]], [5, []], [13, []], [14, []], [12, [12, 6]], [6, []], [7, []]], [[0, [10]], [9, [9]], [19, [19, 11, 16, 15]], [10, []], [11, []], [16, []], [1, [1, 8, 2, 18]], [8, []], [18, []], [2, []], [15, []]]], [[[9, [9]]], [[17, [13, 14, 17, 4]]], [[19, [19, 11, 16, 15]]], [[20, [20, 5, 7]]], [[1, [1, 8, 2, 18]]], [[12, [12, 6]]]]]], "Numrun": 5, "all_fitness": [203.70103409851708, 200.5555492397403, 206.16671801503074]}
{"file_name": "U_20_0", "number_of_trucks": 2, "drone_capacity": 10, "number_of_drones": 2, "iteration": 4, "best_fitness": 204.48, "runtime": 356.2346861362457, "best_solution": [[[[0, [17, 3, 4]], [14, [14, 13]], [13, []], [17, []], [3, []], [4, []], [20, [20, 5, 6, 7]], [5, []], [6, []], [7, []]], [[0, [9, 10]], [9, []], [10, [11, 19, 16]], [19, []], [16, []], [11, []], [1, [1, 8, 18, 15, 12, 2]], [8, []], [18, []], [12, []], [2, []], [15, []]]], [[[14, [14, 13]]], [[10, [11, 19, 16]]], [[20, [20, 5, 6, 7]]], [[1, [1, 8, 18, 15, 12, 2]]]]], "all_solution": [[[[[0, []], [17, [13, 14, 17, 3, 4]], [3, []], [4, []], [20, [20, 5, 7]], [5, []], [13, []], [14, []], [12, [12, 6]], [6, []], [7, []]], [[0, [15, 9, 10, 19]], [15, []], [9, [16, 11]], [10, []], [19, []], [16, []], [11, []], [1, [1, 8, 2, 18]], [8, []], [18, []], [2, []]]], [[[17, [13, 14, 17, 3, 4]]], [[9, [16, 11]]], [[20, [20, 5, 7]]], [[1, [1, 8, 2, 18]]], [[12, [12, 6]]]]], [[[[0, [19, 15, 9, 10]], [15, []], [9, []], [19, []], [10, []], [11, [11, 16, 18, 2, 1, 8]], [16, []], [1, []], [8, []], [18, []], [2, []]], [[0, []], [14, [14, 3, 17, 4]], [3, []], [17, []], [4, []], [20, [20, 5, 13, 7]], [5, []], [13, []], [12, [12, 6]], [6, []], [7, []]]], [[[14, [14, 3, 17, 4]]], [[20, [20, 5, 13, 7]]], [[11, [11, 16, 18, 2, 1, 8]]], [[12, [12, 6]]]]], [[[[0, [3]], [17, [13, 14, 17, 4]], [3, []], [4, []], [20, [20, 5, 7]], [5, []], [13, []], [14, []], [12, [12, 6]], [6, []], [7, []]], [[0, [10]], [9, [9]], [19, [19, 11, 16, 15]], [10, []], [11, []], [16, []], [1, [1, 8, 2, 18]], [8, []], [18, []], [2, []], [15, []]]], [[[9, [9]]], [[17, [13, 14, 17, 4]]], [[19, [19, 11, 16, 15]]], [[20, [20, 5, 7]]], [[1, [1, 8, 2, 18]]], [[12, [12, 6]]]]], [[[[0, [17, 3, 4]], [14, [14, 13]], [13, []], [17, []], [3, []], [4, []], [20, [20, 5, 6, 7]], [5, []], [6, []], [7, []]], [[0, [9, 10]], [9, []], [10, [11, 19, 16]], [19, []], [16, []], [11, []], [1, [1, 8, 18, 15, 12, 2]], [8, []], [18, []], [12, []], [2, []], [15, []]]], [[[14, [14, 13]]], [[10, [11, 19, 16]]], [[20, [20, 5, 6, 7]]], [[1, [1, 8, 18, 15, 12, 2]]]]]], "Numrun": 5, "all_fitness": [203.70103409851708, 200.5555492397403, 206.16671801503074, 204.48]}
{"file_name": "U_20_0", "number_of_trucks": 2, "drone_capacity": 10, "number_of_drones": 2, "iteration": 5, "best_fitness": 209.04875534352524, "runtime": 193.8399097919464, "best_solution": [[[[0, [4, 3, 17]], [17, []], [4, []], [3, []], [5, [5, 20, 11, 15, 16]], [20, []], [11, []], [16, []], [1, [1, 8]], [8, []], [15, []]], [[0, [10]], [9, [9, 14, 19, 13]], [18, [18]], [10, []], [19, []], [13, []], [14, []], [12, [12, 2, 6, 7]], [2, []], [6, []], [7, []]]], [[[5, [5, 20, 11, 15, 16]]], [[9, [9, 14, 19, 13]]], [[18, [18]]], [[12, [12, 2, 6, 7]]], [[1, [1, 8]]]]],