{"file_name": "U_20_1", "number_of_trucks": 2, "drone_capacity": 10, "number_of_drones": 2, "iteration": 1, "best_fitness": 389.52700685529993, "runtime": 148.37252807617188, "best_solution": [[[[0, [3]], [3, []], [5, [5]], [9, [9, 16, 13]], [13, []], [16, []], [6, [6, 7, 11]], [7, []], [11, []], [8, [8, 20, 19]], [20, []], [19, []]], [[0, [10, 1]], [10, []], [1, []], [15, [15, 18, 17]], [18, []], [17, []], [2, [2, 14]], [14, []], [4, [4, 12]], [12, []]]], [[[15, [15, 18, 17]]], [[5, [5]]], [[9, [9, 16, 13]]], [[6, [6, 7, 11]]], [[2, [2, 14]]], [[8, [8, 20, 19]]], [[4, [4, 12]]]]], "all_solution": [[[[[0, [3]], [3, []], [5, [5]], [9, [9, 16, 13]], [13, []], [16, []], [6, [6, 7, 11]], [7, []], [11, []], [8, [8, 20, 19]], [20, []], [19, []]], [[0, [10, 1]], [10, []], [1, []], [15, [15, 18, 17]], [18, []], [17, []], [2, [2, 14]], [14, []], [4, [4, 12]], [12, []]]], [[[15, [15, 18, 17]]], [[5, [5]]], [[9, [9, 16, 13]]], [[6, [6, 7, 11]]], [[2, [2, 14]]], [[8, [8, 20, 19]]], [[4, [4, 12]]]]]], "Numrun": 5, "all_fitness": [389.52700685529993]}
{"file_name": "U_20_1", "number_of_trucks": 2, "drone_capacity": 10, "number_of_drones": 2, "iteration": 2, "best_fitness": 389.52700685529993, "runtime": 190.33463668823242, "best_solution": [[[[0, [5, 17, 18]], [17, []], [5, []], [18, []], [11, [11, 6, 7]], [6, []], [7, []], [8, [8, 20]], [20, []]], [[0, [3, 1, 10]], [3, []], [15, [15, 13]], [13, []], [9, [9, 16]], [10, []], [19, [19]], [2, [2, 14]], [16, []], [1, []], [14, []], [4, [4, 12]], [12, []]]], [[[15, [15, 13]]], [[9, [9, 16]]], [[19, [19]]], [[2, [2, 14]]], [[11, [11, 6, 7]]], [[8, [8, 20]]], [[4, [4, 12]]]]], "all_solution": [[[[[0, [3]], [3, []], [5, [5]], [9, [9, 16, 13]], [13, []], [16, []], [6, [6, 7, 11]], [7, []], [11, []], [8, [8, 20, 19]], [20, []], [19, []]], [[0, [10, 1]], [10, []], [1, []], [15, [15, 18, 17]], [18, []], [17, []], [2, [2, 14]], [14, []], [4, [4, 12]], [12, []]]], [[[15, [15, 18, 17]]], [[5, [5]]], [[9, [9, 16, 13]]], [[6, [6, 7, 11]]], [[2, [2, 14]]], [[8, [8, 20, 19]]], [[4, [4, 12]]]]], [[[[0, [5, 17, 18]], [17, []], [5, []], [18, []], [11, [11, 6, 7]], [6, []], [7, []], [8, [8, 20]], [20, []]], [[0, [3, 1, 10]], [3, []], [15, [15, 13]], [13, []], [9, [9, 16]], [10, []], [19, [19]], [2, [2, 14]], [16, []], [1, []], [14, []], [4, [4, 12]], [12, []]]], [[[15, [15, 13]]], [[9, [9, 16]]], [[19, [19]]], [[2, [2, 14]]], [[11, [11, 6, 7]]], [[8, [8, 20]]], [[4, [4, 12]]]]]], "Numrun": 5, "all_fitness": [389.52700685529993, 389.52700685529993]}
{"file_name": "U_20_1", "number_of_trucks": 2, "drone_capacity": 10, "number_of_drones": 2, "iteration": 3, "best_fitness": 389.52700685529993, "runtime": 189.63039469718933, "best_solution": [[[[0, [3, 10, 1, 16]], [10, []], [9, [9, 13]], [13, []], [1, []], [14, [14, 2]], [16, []], [2, []], [3, []], [4, [4, 12]], [12, []]], [[0, [15, 5, 17, 18]], [15, []], [5, []], [17, []], [18, []], [6, [6, 7, 11]], [7, []], [11, []], [8, [8, 20, 19]], [20, []], [19, []]]], [[[9, [9, 13]]], [[6, [6, 7, 11]]], [[14, [14, 2]]], [[8, [8, 20, 19]]], [[4, [4, 12]]]]], "all_solution": [[[[[0, [3]], [3, []], [5, [5]], [9, [9, 16, 13]], [13, []], [16, []], [6, [6, 7, 11]], [7, []], [11, []], [8, [8, 20, 19]], [20, []], [19, []]], [[0, [10, 1]], [10, []], [1, []], [15, [15, 18, 17]], [18, []], [17, []], [2, [2, 14]], [14, []], [4, [4, 12]], [12, []]]], [[[15, [15, 18, 17]]], [[5, [5]]], [[9, [9, 16, 13]]], [[6, [6, 7, 11]]], [[2, [2, 14]]], [[8, [8, 20, 19]]], [[4, [4, 12]]]]], [[[[0, [5, 17, 18]], [17, []], [5, []], [18, []], [11, [11, 6, 7]], [6, []], [7, []], [8, [8, 20]], [20, []]], [[0, [3, 1, 10]], [3, []], [15, [15, 13]], [13, []], [9, [9, 16]], [10, []], [19, [19]], [2, [2, 14]], [16, []], [1, []], [14, []], [4, [4, 12]], [12, []]]], [[[15, [15, 13]]], [[9, [9, 16]]], [[19, [19]]], [[2, [2, 14]]], [[11, [11, 6, 7]]], [[8, [8, 20]]], [[4, [4, 12]]]]], [[[[0, [3, 10, 1, 16]], [10, []], [9, [9, 13]], [13, []], [1, []], [14, [14, 2]], [16, []], [2, []], [3, []], [4, [4, 12]], [12, []]], [[0, [15, 5, 17, 18]], [15, []], [5, []], [17, []], [18, []], [6, [6, 7, 11]], [7, []], [11, []], [8, [8, 20, 19]], [20, []], [19, []]]], [[[9, [9, 13]]], [[6, [6, 7, 11]]], [[14, [14, 2]]], [[8, [8, 20, 19]]], [[4, [4, 12]]]]]], "Numrun": 5, "all_fitness": [389.52700685529993, 389.52700685529993, 389.52700685529993]}
{"file_name": "U_20_1", "number_of_trucks": 2, "drone_capacity": 10, "number_of_drones": 2, "iteration": 4, "best_fitness": 389.52700685529993, "runtime": 163.77505111694336, "best_solution": [[[[0, [10, 5, 9]], [10, []], [5, []], [19, [19]], [9, []], [11, [11, 7, 6]], [7, []], [6, []], [8, [8, 20]], [20, []]], [[0, [18, 17, 1, 3, 15]], [3, [13, 16]], [15, []], [13, []], [16, []], [18, []], [17, []], [14, [14, 2]], [1, []], [2, []], [4, [4, 12]], [12, []]]], [[[3, [13, 16]]], [[19, [19]]], [[14, [14, 2]]], [[11, [11, 7, 6]]], [[8, [8, 20]]], [[4, [4, 12]]]]], "all_solution": [[[[[0, [3]], [3, []], [5, [5]], [9, [9, 16, 13]], [13, []], [16, []], [6, [6, 7, 11]], [7, []], [11, []], [8, [8, 20, 19]], [20, []], [19, []]], [[0, [10, 1]], [10, []], [1, []], [15, [15, 18, 17]], [18, []], [17, []], [2, [2, 14]], [14, []], [4, [4, 12]], [12, []]]], [[[15, [15, 18, 17]]], [[5, [5]]], [[9, [9, 16, 13]]], [[6, [6, 7, 11]]], [[2, [2, 14]]], [[8, [8, 20, 19]]], [[4, [4, 12]]]]], [[[[0, [5, 17, 18]], [17, []], [5, []], [18, []], [11, [11, 6, 7]], [6, []], [7, []], [8, [8, 20]], [20, []]], [[0, [3, 1, 10]], [3, []], [15, [15, 13]], [13, []], [9, [9, 16]], [10, []], [19, [19]], [2, [2, 14]], [16, []], [1, []], [14, []], [4, [4, 12]], [12, []]]], [[[15, [15, 13]]], [[9, [9, 16]]], [[19, [19]]], [[2, [2, 14]]], [[11, [11, 6, 7]]], [[8, [8, 20]]], [[4, [4, 12]]]]], [[[[0, [3, 10, 1, 16]], [10, []], [9, [9, 13]], [13, []], [1, []], [14, [14, 2]], [16, []], [2, []], [3, []], [4, [4, 12]], [12, []]], [[0, [15, 5, 17, 18]], [15, []], [5, []], [17, []], [18, []], [6, [6, 7, 11]], [7, []], [11, []], [8, [8, 20, 19]], [20, []], [19, []]]], [[[9, [9, 13]]], [[6, [6, 7, 11]]], [[14, [14, 2]]], [[8, [8, 20, 19]]], [[4, [4, 12]]]]], [[[[0, [10, 5, 9]], [10, []], [5, []], [19, [19]], [9, []], [11, [11, 7, 6]], [7, []], [6, []], [8, [8, 20]], [20, []]], [[0, [18, 17, 1, 3, 15]], [3, [13, 16]], [15, []], [13, []], [16, []], [18, []], [17, []], [14, [14, 2]], [1, []], [2, []], [4, [4, 12]], [12, []]]], [[[3, [13, 16]]], [[19, [19]]], [[14, [14, 2]]], [[11, [11, 7, 6]]], [[8, [8, 20]]], [[4, [4, 12]]]]]], "Numrun": 5, "all_fitness": [389.52700685529993, 389.52700685529993, 389.52700685529993, 389.52700685529993]}
{"file_name": "U_20_1", "number_of_trucks": 2, "drone_capacity": 10, "number_of_drones": 2, "iteration": 5, "best_fitness": 389.52700685529993, "runtime": 176.5274384021759, "best_solution": [[[[0, [10, 18, 17, 9, 13, 16, 1]], [10, []], [9, []], [13, []], [16, []], [1, []], [18, []], [17, []], [6, [6, 11, 7]], [7, []], [11, []], [8, [8, 20]], [20, []]], [[0, [3, 5, 15]], [5, []], [15, []], [19, [19]], [14, [14, 2]], [3, []], [2, []], [4, [4, 12]], [12, []]]], [[[19, [19]]], [[6, [6, 11, 7]]], [[14, [14, 2]]], [[8, [8, 20]]], [[4, [4, 12]]]]],