{"file_name": "U_20_1", "number_of_trucks": 2, "drone_capacity": 10, "number_of_drones": 2, "iteration": 1, "best_fitness": 375.890769649339, "runtime": 192.73655581474304, "best_solution": [[[[0, [19, 1, 16]], [16, []], [19, []], [1, []], [8, [8, 4]], [4, []], [20, [20, 12]], [12, []]], [[0, [14, 11, 15, 13]], [6, [6]], [14, []], [13, []], [9, [9]], [15, []], [11, []], [18, [18, 2, 5]], [5, []], [2, []], [17, [17, 10]], [10, []], [3, [3, 7]], [7, []]]], [[[6, [6]]], [[9, [9]]], [[8, [8, 4]]], [[18, [18, 2, 5]]], [[17, [17, 10]]], [[20, [20, 12]]], [[3, [3, 7]]]]], "all_solution": [[[[[0, [19, 1, 16]], [16, []], [19, []], [1, []], [8, [8, 4]], [4, []], [20, [20, 12]], [12, []]], [[0, [14, 11, 15, 13]], [6, [6]], [14, []], [13, []], [9, [9]], [15, []], [11, []], [18, [18, 2, 5]], [5, []], [2, []], [17, [17, 10]], [10, []], [3, [3, 7]], [7, []]]], [[[6, [6]]], [[9, [9]]], [[8, [8, 4]]], [[18, [18, 2, 5]]], [[17, [17, 10]]], [[20, [20, 12]]], [[3, [3, 7]]]]]], "Numrun": 5, "all_fitness": [375.890769649339]}
{"file_name": "U_20_1", "number_of_trucks": 2, "drone_capacity": 10, "number_of_drones": 2, "iteration": 2, "best_fitness": 375.890769649339, "runtime": 197.80129480361938, "best_solution": [[[[0, [15, 11, 16, 6, 1]], [1, []], [6, []], [16, []], [11, []], [15, []], [4, [4, 8]], [8, []], [12, [12, 20]], [20, []]], [[0, [13, 19, 14]], [18, [18]], [14, []], [13, []], [19, []], [9, [9, 5, 2]], [5, []], [2, []], [10, [10, 17]], [17, []], [3, [3, 7]], [7, []]]], [[[18, [18]]], [[4, [4, 8]]], [[9, [9, 5, 2]]], [[10, [10, 17]]], [[12, [12, 20]]], [[3, [3, 7]]]]], "all_solution": [[[[[0, [19, 1, 16]], [16, []], [19, []], [1, []], [8, [8, 4]], [4, []], [20, [20, 12]], [12, []]], [[0, [14, 11, 15, 13]], [6, [6]], [14, []], [13, []], [9, [9]], [15, []], [11, []], [18, [18, 2, 5]], [5, []], [2, []], [17, [17, 10]], [10, []], [3, [3, 7]], [7, []]]], [[[6, [6]]], [[9, [9]]], [[8, [8, 4]]], [[18, [18, 2, 5]]], [[17, [17, 10]]], [[20, [20, 12]]], [[3, [3, 7]]]]], [[[[0, [15, 11, 16, 6, 1]], [1, []], [6, []], [16, []], [11, []], [15, []], [4, [4, 8]], [8, []], [12, [12, 20]], [20, []]], [[0, [13, 19, 14]], [18, [18]], [14, []], [13, []], [19, []], [9, [9, 5, 2]], [5, []], [2, []], [10, [10, 17]], [17, []], [3, [3, 7]], [7, []]]], [[[18, [18]]], [[4, [4, 8]]], [[9, [9, 5, 2]]], [[10, [10, 17]]], [[12, [12, 20]]], [[3, [3, 7]]]]]], "Numrun": 5, "all_fitness": [375.890769649339, 375.890769649339]}
{"file_name": "U_20_1", "number_of_trucks": 2, "drone_capacity": 10, "number_of_drones": 2, "iteration": 3, "best_fitness": 375.890769649339, "runtime": 171.8417830467224, "best_solution": [[[[0, [16, 13, 14, 1]], [14, []], [13, []], [1, []], [16, []], [4, [4]], [10, [10, 2, 8]], [2, []], [17, [17]], [8, [20]], [20, []]], [[0, [6, 19, 11, 15]], [18, [18]], [6, []], [9, [9, 5]], [19, []], [5, []], [11, []], [15, []], [12, [12]], [3, [3, 7]], [7, []]]], [[[18, [18]]], [[4, [4]]], [[9, [9, 5]]], [[10, [10, 2, 8]]], [[17, [17]]], [[12, [12]]], [[3, [3, 7]]], [[8, [20]]]]], "all_solution": [[[[[0, [19, 1, 16]], [16, []], [19, []], [1, []], [8, [8, 4]], [4, []], [20, [20, 12]], [12, []]], [[0, [14, 11, 15, 13]], [6, [6]], [14, []], [13, []], [9, [9]], [15, []], [11, []], [18, [18, 2, 5]], [5, []], [2, []], [17, [17, 10]], [10, []], [3, [3, 7]], [7, []]]], [[[6, [6]]], [[9, [9]]], [[8, [8, 4]]], [[18, [18, 2, 5]]], [[17, [17, 10]]], [[20, [20, 12]]], [[3, [3, 7]]]]], [[[[0, [15, 11, 16, 6, 1]], [1, []], [6, []], [16, []], [11, []], [15, []], [4, [4, 8]], [8, []], [12, [12, 20]], [20, []]], [[0, [13, 19, 14]], [18, [18]], [14, []], [13, []], [19, []], [9, [9, 5, 2]], [5, []], [2, []], [10, [10, 17]], [17, []], [3, [3, 7]], [7, []]]], [[[18, [18]]], [[4, [4, 8]]], [[9, [9, 5, 2]]], [[10, [10, 17]]], [[12, [12, 20]]], [[3, [3, 7]]]]], [[[[0, [16, 13, 14, 1]], [14, []], [13, []], [1, []], [16, []], [4, [4]], [10, [10, 2, 8]], [2, []], [17, [17]], [8, [20]], [20, []]], [[0, [6, 19, 11, 15]], [18, [18]], [6, []], [9, [9, 5]], [19, []], [5, []], [11, []], [15, []], [12, [12]], [3, [3, 7]], [7, []]]], [[[18, [18]]], [[4, [4]]], [[9, [9, 5]]], [[10, [10, 2, 8]]], [[17, [17]]], [[12, [12]]], [[3, [3, 7]]], [[8, [20]]]]]], "Numrun": 5, "all_fitness": [375.890769649339, 375.890769649339, 375.890769649339]}
{"file_name": "U_20_1", "number_of_trucks": 2, "drone_capacity": 10, "number_of_drones": 2, "iteration": 4, "best_fitness": 375.890769649339, "runtime": 144.91688013076782, "best_solution": [[[[0, [6]], [6, []], [15, [15, 11]], [11, []], [19, [19]], [9, [9, 5, 8]], [2, [2]], [5, []], [12, [12, 20]], [8, []], [20, []]], [[0, []], [14, [14, 13]], [13, []], [16, [16]], [1, [1, 18]], [18, []], [4, [4]], [17, [17, 10]], [10, []], [3, [3, 7]], [7, []]]], [[[14, [14, 13]]], [[15, [15, 11]]], [[19, [19]]], [[16, [16]]], [[1, [1, 18]]], [[4, [4]]], [[9, [9, 5, 8]]], [[17, [17, 10]]], [[2, [2]]], [[12, [12, 20]]], [[3, [3, 7]]]]], "all_solution": [[[[[0, [19, 1, 16]], [16, []], [19, []], [1, []], [8, [8, 4]], [4, []], [20, [20, 12]], [12, []]], [[0, [14, 11, 15, 13]], [6, [6]], [14, []], [13, []], [9, [9]], [15, []], [11, []], [18, [18, 2, 5]], [5, []], [2, []], [17, [17, 10]], [10, []], [3, [3, 7]], [7, []]]], [[[6, [6]]], [[9, [9]]], [[8, [8, 4]]], [[18, [18, 2, 5]]], [[17, [17, 10]]], [[20, [20, 12]]], [[3, [3, 7]]]]], [[[[0, [15, 11, 16, 6, 1]], [1, []], [6, []], [16, []], [11, []], [15, []], [4, [4, 8]], [8, []], [12, [12, 20]], [20, []]], [[0, [13, 19, 14]], [18, [18]], [14, []], [13, []], [19, []], [9, [9, 5, 2]], [5, []], [2, []], [10, [10, 17]], [17, []], [3, [3, 7]], [7, []]]], [[[18, [18]]], [[4, [4, 8]]], [[9, [9, 5, 2]]], [[10, [10, 17]]], [[12, [12, 20]]], [[3, [3, 7]]]]], [[[[0, [16, 13, 14, 1]], [14, []], [13, []], [1, []], [16, []], [4, [4]], [10, [10, 2, 8]], [2, []], [17, [17]], [8, [20]], [20, []]], [[0, [6, 19, 11, 15]], [18, [18]], [6, []], [9, [9, 5]], [19, []], [5, []], [11, []], [15, []], [12, [12]], [3, [3, 7]], [7, []]]], [[[18, [18]]], [[4, [4]]], [[9, [9, 5]]], [[10, [10, 2, 8]]], [[17, [17]]], [[12, [12]]], [[3, [3, 7]]], [[8, [20]]]]], [[[[0, [6]], [6, []], [15, [15, 11]], [11, []], [19, [19]], [9, [9, 5, 8]], [2, [2]], [5, []], [12, [12, 20]], [8, []], [20, []]], [[0, []], [14, [14, 13]], [13, []], [16, [16]], [1, [1, 18]], [18, []], [4, [4]], [17, [17, 10]], [10, []], [3, [3, 7]], [7, []]]], [[[14, [14, 13]]], [[15, [15, 11]]], [[19, [19]]], [[16, [16]]], [[1, [1, 18]]], [[4, [4]]], [[9, [9, 5, 8]]], [[17, [17, 10]]], [[2, [2]]], [[12, [12, 20]]], [[3, [3, 7]]]]]], "Numrun": 5, "all_fitness": [375.890769649339, 375.890769649339, 375.890769649339, 375.890769649339]}
{"file_name": "U_20_1", "number_of_trucks": 2, "drone_capacity": 10, "number_of_drones": 2, "iteration": 5, "best_fitness": 375.890769649339, "runtime": 207.98282837867737, "best_solution": [[[[0, [16, 13, 11, 1]], [1, []], [16, []], [13, []], [11, []], [2, [2]], [4, [4, 10]], [17, [17]], [10, []], [3, [3, 7]], [7, []]], [[0, [6, 14, 15]], [6, []], [14, [19, 18]], [19, []], [9, [9, 5, 8]], [5, []], [15, []], [18, []], [12, [12]], [8, []], [20, [20]]]], [[[14, [19, 18]]], [[2, [2]]], [[9, [9, 5, 8]]], [[4, [4, 10]]], [[17, [17]]], [[12, [12]]], [[3, [3, 7]]], [[20, [20]]]]],