{"file_name": "U_20_1", "number_of_trucks": 2, "drone_capacity": 10, "number_of_drones": 2, "iteration": 1, "best_fitness": 360.8650166908482, "runtime": 167.5621030330658, "best_solution": [[[[0, [13, 18, 5, 6, 12, 14]], [14, []], [12, []], [5, []], [13, []], [18, []], [6, []], [7, [7]], [17, [17, 3]], [3, []]], [[0, [4, 16]], [4, []], [16, []], [20, [20, 11, 15]], [11, []], [15, []], [9, [9, 19, 1, 2]], [19, []], [1, []], [8, [8, 10]], [10, []], [2, []]]], [[[20, [20, 11, 15]]], [[9, [9, 19, 1, 2]]], [[7, [7]]], [[8, [8, 10]]], [[17, [17, 3]]]]], "all_solution": [[[[[0, [13, 18, 5, 6, 12, 14]], [14, []], [12, []], [5, []], [13, []], [18, []], [6, []], [7, [7]], [17, [17, 3]], [3, []]], [[0, [4, 16]], [4, []], [16, []], [20, [20, 11, 15]], [11, []], [15, []], [9, [9, 19, 1, 2]], [19, []], [1, []], [8, [8, 10]], [10, []], [2, []]]], [[[20, [20, 11, 15]]], [[9, [9, 19, 1, 2]]], [[7, [7]]], [[8, [8, 10]]], [[17, [17, 3]]]]]], "Numrun": 5, "all_fitness": [360.8650166908482]}
{"file_name": "U_20_1", "number_of_trucks": 2, "drone_capacity": 10, "number_of_drones": 2, "iteration": 2, "best_fitness": 360.8650166908483, "runtime": 298.3781318664551, "best_solution": [[[[0, [20, 12, 18, 16, 4, 6, 14]], [18, []], [12, []], [16, []], [20, []], [4, []], [6, []], [7, [7]], [14, []], [3, [17, 3]], [17, []]], [[0, []], [15, [15, 13, 5]], [13, [11]], [5, []], [11, []], [2, [2, 1, 19]], [19, []], [1, []], [8, [8, 10, 9]], [10, []], [9, []]]], [[[7, [7]]], [[15, [15, 13, 5]]], [[13, [11]]], [[2, [2, 1, 19]]], [[8, [8, 10, 9]]], [[3, [17, 3]]]]], "all_solution": [[[[[0, [13, 18, 5, 6, 12, 14]], [14, []], [12, []], [5, []], [13, []], [18, []], [6, []], [7, [7]], [17, [17, 3]], [3, []]], [[0, [4, 16]], [4, []], [16, []], [20, [20, 11, 15]], [11, []], [15, []], [9, [9, 19, 1, 2]], [19, []], [1, []], [8, [8, 10]], [10, []], [2, []]]], [[[20, [20, 11, 15]]], [[9, [9, 19, 1, 2]]], [[7, [7]]], [[8, [8, 10]]], [[17, [17, 3]]]]], [[[[0, [20, 12, 18, 16, 4, 6, 14]], [18, []], [12, []], [16, []], [20, []], [4, []], [6, []], [7, [7]], [14, []], [3, [17, 3]], [17, []]], [[0, []], [15, [15, 13, 5]], [13, [11]], [5, []], [11, []], [2, [2, 1, 19]], [19, []], [1, []], [8, [8, 10, 9]], [10, []], [9, []]]], [[[7, [7]]], [[15, [15, 13, 5]]], [[13, [11]]], [[2, [2, 1, 19]]], [[8, [8, 10, 9]]], [[3, [17, 3]]]]]], "Numrun": 5, "all_fitness": [360.8650166908482, 360.8650166908483]}
{"file_name": "U_20_1", "number_of_trucks": 2, "drone_capacity": 10, "number_of_drones": 2, "iteration": 3, "best_fitness": 359.58893724073016, "runtime": 188.96147322654724, "best_solution": [[[[0, [13, 12, 14, 20, 4]], [4, []], [20, []], [13, []], [14, []], [12, []], [9, [9, 1]], [8, [8, 19]], [1, []], [19, []], [10, [10, 2]], [2, []]], [[0, [6, 16]], [6, []], [18, [18]], [16, []], [11, [11, 5, 15]], [5, []], [15, []], [7, [7]], [17, [17, 3]], [3, []]]], [[[18, [18]]], [[11, [11, 5, 15]]], [[9, [9, 1]]], [[8, [8, 19]]], [[7, [7]]], [[17, [17, 3]]], [[10, [10, 2]]]]], "all_solution": [[[[[0, [13, 18, 5, 6, 12, 14]], [14, []], [12, []], [5, []], [13, []], [18, []], [6, []], [7, [7]], [17, [17, 3]], [3, []]], [[0, [4, 16]], [4, []], [16, []], [20, [20, 11, 15]], [11, []], [15, []], [9, [9, 19, 1, 2]], [19, []], [1, []], [8, [8, 10]], [10, []], [2, []]]], [[[20, [20, 11, 15]]], [[9, [9, 19, 1, 2]]], [[7, [7]]], [[8, [8, 10]]], [[17, [17, 3]]]]], [[[[0, [20, 12, 18, 16, 4, 6, 14]], [18, []], [12, []], [16, []], [20, []], [4, []], [6, []], [7, [7]], [14, []], [3, [17, 3]], [17, []]], [[0, []], [15, [15, 13, 5]], [13, [11]], [5, []], [11, []], [2, [2, 1, 19]], [19, []], [1, []], [8, [8, 10, 9]], [10, []], [9, []]]], [[[7, [7]]], [[15, [15, 13, 5]]], [[13, [11]]], [[2, [2, 1, 19]]], [[8, [8, 10, 9]]], [[3, [17, 3]]]]], [[[[0, [13, 12, 14, 20, 4]], [4, []], [20, []], [13, []], [14, []], [12, []], [9, [9, 1]], [8, [8, 19]], [1, []], [19, []], [10, [10, 2]], [2, []]], [[0, [6, 16]], [6, []], [18, [18]], [16, []], [11, [11, 5, 15]], [5, []], [15, []], [7, [7]], [17, [17, 3]], [3, []]]], [[[18, [18]]], [[11, [11, 5, 15]]], [[9, [9, 1]]], [[8, [8, 19]]], [[7, [7]]], [[17, [17, 3]]], [[10, [10, 2]]]]]], "Numrun": 5, "all_fitness": [360.8650166908482, 360.8650166908483, 359.58893724073016]}
{"file_name": "U_20_1", "number_of_trucks": 2, "drone_capacity": 10, "number_of_drones": 2, "iteration": 4, "best_fitness": 360.8650166908482, "runtime": 199.97543787956238, "best_solution": [[[[0, [16, 13]], [15, [15]], [16, []], [9, [9]], [7, [7]], [3, [3, 17]], [17, []], [13, []]], [[0, [6, 4, 20, 5, 14, 12, 18]], [6, []], [4, [11]], [20, []], [5, []], [14, []], [12, []], [18, []], [19, [19, 1]], [1, []], [11, []], [8, [8, 10, 2]], [10, []], [2, []]]], [[[15, [15]]], [[4, [11]]], [[19, [19, 1]]], [[9, [9]]], [[7, [7]]], [[3, [3, 17]]], [[8, [8, 10, 2]]]]], "all_solution": [[[[[0, [13, 18, 5, 6, 12, 14]], [14, []], [12, []], [5, []], [13, []], [18, []], [6, []], [7, [7]], [17, [17, 3]], [3, []]], [[0, [4, 16]], [4, []], [16, []], [20, [20, 11, 15]], [11, []], [15, []], [9, [9, 19, 1, 2]], [19, []], [1, []], [8, [8, 10]], [10, []], [2, []]]], [[[20, [20, 11, 15]]], [[9, [9, 19, 1, 2]]], [[7, [7]]], [[8, [8, 10]]], [[17, [17, 3]]]]], [[[[0, [20, 12, 18, 16, 4, 6, 14]], [18, []], [12, []], [16, []], [20, []], [4, []], [6, []], [7, [7]], [14, []], [3, [17, 3]], [17, []]], [[0, []], [15, [15, 13, 5]], [13, [11]], [5, []], [11, []], [2, [2, 1, 19]], [19, []], [1, []], [8, [8, 10, 9]], [10, []], [9, []]]], [[[7, [7]]], [[15, [15, 13, 5]]], [[13, [11]]], [[2, [2, 1, 19]]], [[8, [8, 10, 9]]], [[3, [17, 3]]]]], [[[[0, [13, 12, 14, 20, 4]], [4, []], [20, []], [13, []], [14, []], [12, []], [9, [9, 1]], [8, [8, 19]], [1, []], [19, []], [10, [10, 2]], [2, []]], [[0, [6, 16]], [6, []], [18, [18]], [16, []], [11, [11, 5, 15]], [5, []], [15, []], [7, [7]], [17, [17, 3]], [3, []]]], [[[18, [18]]], [[11, [11, 5, 15]]], [[9, [9, 1]]], [[8, [8, 19]]], [[7, [7]]], [[17, [17, 3]]], [[10, [10, 2]]]]], [[[[0, [16, 13]], [15, [15]], [16, []], [9, [9]], [7, [7]], [3, [3, 17]], [17, []], [13, []]], [[0, [6, 4, 20, 5, 14, 12, 18]], [6, []], [4, [11]], [20, []], [5, []], [14, []], [12, []], [18, []], [19, [19, 1]], [1, []], [11, []], [8, [8, 10, 2]], [10, []], [2, []]]], [[[15, [15]]], [[4, [11]]], [[19, [19, 1]]], [[9, [9]]], [[7, [7]]], [[3, [3, 17]]], [[8, [8, 10, 2]]]]]], "Numrun": 5, "all_fitness": [360.8650166908482, 360.8650166908483, 359.58893724073016, 360.8650166908482]}
{"file_name": "U_20_1", "number_of_trucks": 2, "drone_capacity": 10, "number_of_drones": 2, "iteration": 5, "best_fitness": 360.8650166908482, "runtime": 178.17859888076782, "best_solution": [[[[0, [12, 16]], [4, [4, 14, 18]], [14, []], [18, []], [12, []], [9, [9, 11]], [16, []], [19, [19, 1]], [11, []], [1, []], [8, [8, 10, 2]], [10, []], [2, []]], [[0, [20, 5, 13]], [13, []], [5, []], [20, []], [15, [15]], [6, [6]], [7, [7]], [17, [17, 3]], [3, []]]], [[[4, [4, 14, 18]]], [[15, [15]]], [[9, [9, 11]]], [[6, [6]]], [[19, [19, 1]]], [[7, [7]]], [[17, [17, 3]]], [[8, [8, 10, 2]]]]],