{"file_name": "U_20_1", "number_of_trucks": 2, "drone_capacity": 10, "number_of_drones": 2, "iteration": 1, "best_fitness": 303.14564468184085, "runtime": 181.90031695365906, "best_solution": [[[[0, [10, 18, 15, 6]], [10, []], [15, []], [20, [20, 1]], [1, []], [18, []], [17, [17, 7, 5]], [6, []], [7, []], [5, []]], [[0, [11]], [11, []], [8, [8, 4, 16, 14, 13]], [13, []], [14, []], [4, []], [16, []], [2, [2, 3, 12, 9, 19]], [3, []], [12, []], [9, []], [19, []]]], [[[20, [20, 1]]], [[8, [8, 4, 16, 14, 13]]], [[2, [2, 3, 12, 9, 19]]], [[17, [17, 7, 5]]]]], "all_solution": [[[[[0, [10, 18, 15, 6]], [10, []], [15, []], [20, [20, 1]], [1, []], [18, []], [17, [17, 7, 5]], [6, []], [7, []], [5, []]], [[0, [11]], [11, []], [8, [8, 4, 16, 14, 13]], [13, []], [14, []], [4, []], [16, []], [2, [2, 3, 12, 9, 19]], [3, []], [12, []], [9, []], [19, []]]], [[[20, [20, 1]]], [[8, [8, 4, 16, 14, 13]]], [[2, [2, 3, 12, 9, 19]]], [[17, [17, 7, 5]]]]]], "Numrun": 5, "all_fitness": [303.14564468184085]}
{"file_name": "U_20_1", "number_of_trucks": 2, "drone_capacity": 10, "number_of_drones": 2, "iteration": 2, "best_fitness": 299.82564468184086, "runtime": 305.80997586250305, "best_solution": [[[[0, [10, 18]], [10, []], [15, [15, 13, 4, 8]], [13, []], [8, []], [4, []], [18, []], [17, [17, 7, 5, 19]], [7, []], [5, []], [19, []]], [[0, []], [6, [6, 11]], [11, []], [20, [20, 14, 1, 16]], [14, []], [1, []], [16, []], [2, [2, 3, 12, 9]], [3, []], [12, []], [9, []]]], [[[15, [15, 13, 4, 8]]], [[6, [6, 11]]], [[20, [20, 14, 1, 16]]], [[17, [17, 7, 5, 19]]], [[2, [2, 3, 12, 9]]]]], "all_solution": [[[[[0, [10, 18, 15, 6]], [10, []], [15, []], [20, [20, 1]], [1, []], [18, []], [17, [17, 7, 5]], [6, []], [7, []], [5, []]], [[0, [11]], [11, []], [8, [8, 4, 16, 14, 13]], [13, []], [14, []], [4, []], [16, []], [2, [2, 3, 12, 9, 19]], [3, []], [12, []], [9, []], [19, []]]], [[[20, [20, 1]]], [[8, [8, 4, 16, 14, 13]]], [[2, [2, 3, 12, 9, 19]]], [[17, [17, 7, 5]]]]], [[[[0, [10, 18]], [10, []], [15, [15, 13, 4, 8]], [13, []], [8, []], [4, []], [18, []], [17, [17, 7, 5, 19]], [7, []], [5, []], [19, []]], [[0, []], [6, [6, 11]], [11, []], [20, [20, 14, 1, 16]], [14, []], [1, []], [16, []], [2, [2, 3, 12, 9]], [3, []], [12, []], [9, []]]], [[[15, [15, 13, 4, 8]]], [[6, [6, 11]]], [[20, [20, 14, 1, 16]]], [[17, [17, 7, 5, 19]]], [[2, [2, 3, 12, 9]]]]]], "Numrun": 5, "all_fitness": [303.14564468184085, 299.82564468184086]}
{"file_name": "U_20_1", "number_of_trucks": 2, "drone_capacity": 10, "number_of_drones": 2, "iteration": 3, "best_fitness": 300.14564468184085, "runtime": 208.00658679008484, "best_solution": [[[[0, []], [10, [10]], [8, [8, 4]], [20, [20, 16, 1]], [4, []], [1, []], [16, []], [2, [12, 2, 3, 19]], [3, []], [12, []], [19, []]], [[0, [18]], [15, [11, 6, 15]], [6, []], [11, []], [9, [9, 13, 14]], [13, []], [14, []], [18, []], [17, [17, 5, 7]], [7, []], [5, []]]], [[[10, [10]]], [[15, [11, 6, 15]]], [[8, [8, 4]]], [[20, [20, 16, 1]]], [[9, [9, 13, 14]]], [[17, [17, 5, 7]]], [[2, [12, 2, 3, 19]]]]], "all_solution": [[[[[0, [10, 18, 15, 6]], [10, []], [15, []], [20, [20, 1]], [1, []], [18, []], [17, [17, 7, 5]], [6, []], [7, []], [5, []]], [[0, [11]], [11, []], [8, [8, 4, 16, 14, 13]], [13, []], [14, []], [4, []], [16, []], [2, [2, 3, 12, 9, 19]], [3, []], [12, []], [9, []], [19, []]]], [[[20, [20, 1]]], [[8, [8, 4, 16, 14, 13]]], [[2, [2, 3, 12, 9, 19]]], [[17, [17, 7, 5]]]]], [[[[0, [10, 18]], [10, []], [15, [15, 13, 4, 8]], [13, []], [8, []], [4, []], [18, []], [17, [17, 7, 5, 19]], [7, []], [5, []], [19, []]], [[0, []], [6, [6, 11]], [11, []], [20, [20, 14, 1, 16]], [14, []], [1, []], [16, []], [2, [2, 3, 12, 9]], [3, []], [12, []], [9, []]]], [[[15, [15, 13, 4, 8]]], [[6, [6, 11]]], [[20, [20, 14, 1, 16]]], [[17, [17, 7, 5, 19]]], [[2, [2, 3, 12, 9]]]]], [[[[0, []], [10, [10]], [8, [8, 4]], [20, [20, 16, 1]], [4, []], [1, []], [16, []], [2, [12, 2, 3, 19]], [3, []], [12, []], [19, []]], [[0, [18]], [15, [11, 6, 15]], [6, []], [11, []], [9, [9, 13, 14]], [13, []], [14, []], [18, []], [17, [17, 5, 7]], [7, []], [5, []]]], [[[10, [10]]], [[15, [11, 6, 15]]], [[8, [8, 4]]], [[20, [20, 16, 1]]], [[9, [9, 13, 14]]], [[17, [17, 5, 7]]], [[2, [12, 2, 3, 19]]]]]], "Numrun": 5, "all_fitness": [303.14564468184085, 299.82564468184086, 300.14564468184085]}
{"file_name": "U_20_1", "number_of_trucks": 2, "drone_capacity": 10, "number_of_drones": 2, "iteration": 4, "best_fitness": 299.82564468184086, "runtime": 173.66899991035461, "best_solution": [[[[0, []], [20, [20, 4, 16, 8]], [8, []], [4, []], [16, []], [2, [2, 3, 9, 12]], [3, []], [12, []], [9, []]], [[0, [18]], [10, [10, 11]], [11, [6, 15]], [6, []], [15, []], [13, [13, 14, 1]], [14, []], [1, []], [18, []], [17, [17, 7, 5, 19]], [7, []], [5, []], [19, []]]], [[[10, [10, 11]]], [[11, [6, 15]]], [[20, [20, 4, 16, 8]]], [[13, [13, 14, 1]]], [[17, [17, 7, 5, 19]]], [[2, [2, 3, 9, 12]]]]], "all_solution": [[[[[0, [10, 18, 15, 6]], [10, []], [15, []], [20, [20, 1]], [1, []], [18, []], [17, [17, 7, 5]], [6, []], [7, []], [5, []]], [[0, [11]], [11, []], [8, [8, 4, 16, 14, 13]], [13, []], [14, []], [4, []], [16, []], [2, [2, 3, 12, 9, 19]], [3, []], [12, []], [9, []], [19, []]]], [[[20, [20, 1]]], [[8, [8, 4, 16, 14, 13]]], [[2, [2, 3, 12, 9, 19]]], [[17, [17, 7, 5]]]]], [[[[0, [10, 18]], [10, []], [15, [15, 13, 4, 8]], [13, []], [8, []], [4, []], [18, []], [17, [17, 7, 5, 19]], [7, []], [5, []], [19, []]], [[0, []], [6, [6, 11]], [11, []], [20, [20, 14, 1, 16]], [14, []], [1, []], [16, []], [2, [2, 3, 12, 9]], [3, []], [12, []], [9, []]]], [[[15, [15, 13, 4, 8]]], [[6, [6, 11]]], [[20, [20, 14, 1, 16]]], [[17, [17, 7, 5, 19]]], [[2, [2, 3, 12, 9]]]]], [[[[0, []], [10, [10]], [8, [8, 4]], [20, [20, 16, 1]], [4, []], [1, []], [16, []], [2, [12, 2, 3, 19]], [3, []], [12, []], [19, []]], [[0, [18]], [15, [11, 6, 15]], [6, []], [11, []], [9, [9, 13, 14]], [13, []], [14, []], [18, []], [17, [17, 5, 7]], [7, []], [5, []]]], [[[10, [10]]], [[15, [11, 6, 15]]], [[8, [8, 4]]], [[20, [20, 16, 1]]], [[9, [9, 13, 14]]], [[17, [17, 5, 7]]], [[2, [12, 2, 3, 19]]]]], [[[[0, []], [20, [20, 4, 16, 8]], [8, []], [4, []], [16, []], [2, [2, 3, 9, 12]], [3, []], [12, []], [9, []]], [[0, [18]], [10, [10, 11]], [11, [6, 15]], [6, []], [15, []], [13, [13, 14, 1]], [14, []], [1, []], [18, []], [17, [17, 7, 5, 19]], [7, []], [5, []], [19, []]]], [[[10, [10, 11]]], [[11, [6, 15]]], [[20, [20, 4, 16, 8]]], [[13, [13, 14, 1]]], [[17, [17, 7, 5, 19]]], [[2, [2, 3, 9, 12]]]]]], "Numrun": 5, "all_fitness": [303.14564468184085, 299.82564468184086, 300.14564468184085, 299.82564468184086]}
{"file_name": "U_20_1", "number_of_trucks": 2, "drone_capacity": 10, "number_of_drones": 2, "iteration": 5, "best_fitness": 300.7724294217469, "runtime": 210.79734206199646, "best_solution": [[[[0, [6, 18, 11, 13, 15]], [13, []], [15, []], [11, []], [6, []], [18, []], [17, [17, 5, 7, 19]], [7, []], [5, []], [19, []]], [[0, [10]], [10, []], [8, [8]], [20, [20, 4, 16, 14, 1]], [16, []], [14, []], [1, []], [4, []], [2, [2, 3, 12, 9]], [3, []], [12, []], [9, []]]], [[[8, [8]]], [[20, [20, 4, 16, 14, 1]]], [[17, [17, 5, 7, 19]]], [[2, [2, 3, 12, 9]]]]],