{"file_name": "U_20_1", "number_of_trucks": 2, "drone_capacity": 10, "number_of_drones": 2, "iteration": 1, "best_fitness": 357.0281223736881, "runtime": 151.6835732460022, "best_solution": [[[[0, [16, 19, 11, 15]], [11, []], [16, []], [19, []], [15, []], [8, [8, 4]], [4, []], [20, [20, 12]], [12, []]], [[0, []], [14, [14, 13, 6]], [13, []], [6, []], [1, [1, 9, 18]], [9, []], [18, []], [5, [5, 2, 10]], [2, []], [10, []], [17, [17]], [3, [3, 7]], [7, []]]], [[[14, [14, 13, 6]]], [[1, [1, 9, 18]]], [[5, [5, 2, 10]]], [[8, [8, 4]]], [[17, [17]]], [[20, [20, 12]]], [[3, [3, 7]]]]], "all_solution": [[[[[0, [16, 19, 11, 15]], [11, []], [16, []], [19, []], [15, []], [8, [8, 4]], [4, []], [20, [20, 12]], [12, []]], [[0, []], [14, [14, 13, 6]], [13, []], [6, []], [1, [1, 9, 18]], [9, []], [18, []], [5, [5, 2, 10]], [2, []], [10, []], [17, [17]], [3, [3, 7]], [7, []]]], [[[14, [14, 13, 6]]], [[1, [1, 9, 18]]], [[5, [5, 2, 10]]], [[8, [8, 4]]], [[17, [17]]], [[20, [20, 12]]], [[3, [3, 7]]]]]], "Numrun": 5, "all_fitness": [357.0281223736881]}
{"file_name": "U_20_1", "number_of_trucks": 2, "drone_capacity": 10, "number_of_drones": 2, "iteration": 2, "best_fitness": 357.0281223736881, "runtime": 183.4901943206787, "best_solution": [[[[0, [16, 14, 1, 6, 15]], [15, []], [1, []], [14, []], [16, []], [2, [2]], [5, [5, 8]], [6, []], [8, []], [20, [20, 12]], [12, []]], [[0, [13, 19]], [13, []], [19, []], [9, [9, 11, 18]], [18, []], [11, []], [4, [4, 10]], [10, []], [17, [17]], [3, [3, 7]], [7, []]]], [[[9, [9, 11, 18]]], [[2, [2]]], [[5, [5, 8]]], [[4, [4, 10]]], [[17, [17]]], [[20, [20, 12]]], [[3, [3, 7]]]]], "all_solution": [[[[[0, [16, 19, 11, 15]], [11, []], [16, []], [19, []], [15, []], [8, [8, 4]], [4, []], [20, [20, 12]], [12, []]], [[0, []], [14, [14, 13, 6]], [13, []], [6, []], [1, [1, 9, 18]], [9, []], [18, []], [5, [5, 2, 10]], [2, []], [10, []], [17, [17]], [3, [3, 7]], [7, []]]], [[[14, [14, 13, 6]]], [[1, [1, 9, 18]]], [[5, [5, 2, 10]]], [[8, [8, 4]]], [[17, [17]]], [[20, [20, 12]]], [[3, [3, 7]]]]], [[[[0, [16, 14, 1, 6, 15]], [15, []], [1, []], [14, []], [16, []], [2, [2]], [5, [5, 8]], [6, []], [8, []], [20, [20, 12]], [12, []]], [[0, [13, 19]], [13, []], [19, []], [9, [9, 11, 18]], [18, []], [11, []], [4, [4, 10]], [10, []], [17, [17]], [3, [3, 7]], [7, []]]], [[[9, [9, 11, 18]]], [[2, [2]]], [[5, [5, 8]]], [[4, [4, 10]]], [[17, [17]]], [[20, [20, 12]]], [[3, [3, 7]]]]]], "Numrun": 5, "all_fitness": [357.0281223736881, 357.0281223736881]}
{"file_name": "U_20_1", "number_of_trucks": 2, "drone_capacity": 10, "number_of_drones": 2, "iteration": 3, "best_fitness": 360.97780842596876, "runtime": 148.54858541488647, "best_solution": [[[[0, [13, 11, 15, 19]], [19, []], [15, []], [11, []], [13, []], [8, [8, 4]], [4, []], [20, [20, 12]], [12, []]], [[0, [6]], [14, [14]], [6, []], [18, [18]], [16, [16, 1]], [1, []], [9, [9, 5, 2]], [5, []], [2, []], [10, [10, 17]], [17, []], [3, [3, 7]], [7, []]]], [[[14, [14]]], [[18, [18]]], [[16, [16, 1]]], [[9, [9, 5, 2]]], [[8, [8, 4]]], [[10, [10, 17]]], [[20, [20, 12]]], [[3, [3, 7]]]]], "all_solution": [[[[[0, [16, 19, 11, 15]], [11, []], [16, []], [19, []], [15, []], [8, [8, 4]], [4, []], [20, [20, 12]], [12, []]], [[0, []], [14, [14, 13, 6]], [13, []], [6, []], [1, [1, 9, 18]], [9, []], [18, []], [5, [5, 2, 10]], [2, []], [10, []], [17, [17]], [3, [3, 7]], [7, []]]], [[[14, [14, 13, 6]]], [[1, [1, 9, 18]]], [[5, [5, 2, 10]]], [[8, [8, 4]]], [[17, [17]]], [[20, [20, 12]]], [[3, [3, 7]]]]], [[[[0, [16, 14, 1, 6, 15]], [15, []], [1, []], [14, []], [16, []], [2, [2]], [5, [5, 8]], [6, []], [8, []], [20, [20, 12]], [12, []]], [[0, [13, 19]], [13, []], [19, []], [9, [9, 11, 18]], [18, []], [11, []], [4, [4, 10]], [10, []], [17, [17]], [3, [3, 7]], [7, []]]], [[[9, [9, 11, 18]]], [[2, [2]]], [[5, [5, 8]]], [[4, [4, 10]]], [[17, [17]]], [[20, [20, 12]]], [[3, [3, 7]]]]], [[[[0, [13, 11, 15, 19]], [19, []], [15, []], [11, []], [13, []], [8, [8, 4]], [4, []], [20, [20, 12]], [12, []]], [[0, [6]], [14, [14]], [6, []], [18, [18]], [16, [16, 1]], [1, []], [9, [9, 5, 2]], [5, []], [2, []], [10, [10, 17]], [17, []], [3, [3, 7]], [7, []]]], [[[14, [14]]], [[18, [18]]], [[16, [16, 1]]], [[9, [9, 5, 2]]], [[8, [8, 4]]], [[10, [10, 17]]], [[20, [20, 12]]], [[3, [3, 7]]]]]], "Numrun": 5, "all_fitness": [357.0281223736881, 357.0281223736881, 360.97780842596876]}
{"file_name": "U_20_1", "number_of_trucks": 2, "drone_capacity": 10, "number_of_drones": 2, "iteration": 4, "best_fitness": 357.0281223736881, "runtime": 211.64539790153503, "best_solution": [[[[0, [11, 1, 14, 19, 16, 6]], [19, []], [16, []], [6, []], [11, []], [14, []], [1, []], [5, [5]], [4, [4, 8]], [8, []], [20, [20, 12]], [12, []]], [[0, [15, 13]], [18, [18]], [15, []], [13, []], [9, [9, 2]], [10, [10]], [2, []], [17, [17]], [3, [3, 7]], [7, []]]], [[[18, [18]]], [[9, [9, 2]]], [[5, [5]]], [[10, [10]]], [[4, [4, 8]]], [[17, [17]]], [[20, [20, 12]]], [[3, [3, 7]]]]], "all_solution": [[[[[0, [16, 19, 11, 15]], [11, []], [16, []], [19, []], [15, []], [8, [8, 4]], [4, []], [20, [20, 12]], [12, []]], [[0, []], [14, [14, 13, 6]], [13, []], [6, []], [1, [1, 9, 18]], [9, []], [18, []], [5, [5, 2, 10]], [2, []], [10, []], [17, [17]], [3, [3, 7]], [7, []]]], [[[14, [14, 13, 6]]], [[1, [1, 9, 18]]], [[5, [5, 2, 10]]], [[8, [8, 4]]], [[17, [17]]], [[20, [20, 12]]], [[3, [3, 7]]]]], [[[[0, [16, 14, 1, 6, 15]], [15, []], [1, []], [14, []], [16, []], [2, [2]], [5, [5, 8]], [6, []], [8, []], [20, [20, 12]], [12, []]], [[0, [13, 19]], [13, []], [19, []], [9, [9, 11, 18]], [18, []], [11, []], [4, [4, 10]], [10, []], [17, [17]], [3, [3, 7]], [7, []]]], [[[9, [9, 11, 18]]], [[2, [2]]], [[5, [5, 8]]], [[4, [4, 10]]], [[17, [17]]], [[20, [20, 12]]], [[3, [3, 7]]]]], [[[[0, [13, 11, 15, 19]], [19, []], [15, []], [11, []], [13, []], [8, [8, 4]], [4, []], [20, [20, 12]], [12, []]], [[0, [6]], [14, [14]], [6, []], [18, [18]], [16, [16, 1]], [1, []], [9, [9, 5, 2]], [5, []], [2, []], [10, [10, 17]], [17, []], [3, [3, 7]], [7, []]]], [[[14, [14]]], [[18, [18]]], [[16, [16, 1]]], [[9, [9, 5, 2]]], [[8, [8, 4]]], [[10, [10, 17]]], [[20, [20, 12]]], [[3, [3, 7]]]]], [[[[0, [11, 1, 14, 19, 16, 6]], [19, []], [16, []], [6, []], [11, []], [14, []], [1, []], [5, [5]], [4, [4, 8]], [8, []], [20, [20, 12]], [12, []]], [[0, [15, 13]], [18, [18]], [15, []], [13, []], [9, [9, 2]], [10, [10]], [2, []], [17, [17]], [3, [3, 7]], [7, []]]], [[[18, [18]]], [[9, [9, 2]]], [[5, [5]]], [[10, [10]]], [[4, [4, 8]]], [[17, [17]]], [[20, [20, 12]]], [[3, [3, 7]]]]]], "Numrun": 5, "all_fitness": [357.0281223736881, 357.0281223736881, 360.97780842596876, 357.0281223736881]}
{"file_name": "U_20_1", "number_of_trucks": 2, "drone_capacity": 10, "number_of_drones": 2, "iteration": 5, "best_fitness": 358.7588703813684, "runtime": 175.17806434631348, "best_solution": [[[[0, []], [18, [18, 9]], [9, []], [4, [4]], [8, [8]], [20, [20, 12]], [12, []]], [[0, [15, 6, 14]], [14, []], [13, [1, 19, 16, 13, 11]], [11, []], [15, []], [6, []], [1, []], [19, []], [5, [5, 2]], [16, []], [2, []], [17, [17, 10]], [10, []], [3, [7, 3]], [7, []]]], [[[13, [1, 19, 16, 13, 11]]], [[18, [18, 9]]], [[5, [5, 2]]], [[4, [4]]], [[8, [8]]], [[17, [17, 10]]], [[20, [20, 12]]], [[3, [7, 3]]]]],