{"file_name": "U_20_1", "number_of_trucks": 2, "drone_capacity": 10, "number_of_drones": 2, "iteration": 1, "best_fitness": 317.06257309284894, "runtime": 202.08049273490906, "best_solution": [[[[0, [10, 18, 14, 2]], [10, []], [2, []], [18, []], [14, []], [12, [12, 11, 13, 16]], [11, []], [13, []], [3, [3, 9, 19]], [19, []], [9, []], [16, []]], [[0, [15]], [15, []], [4, [4, 1, 8]], [1, []], [5, [5, 7]], [7, []], [17, [17, 6, 20]], [6, []], [8, []], [20, []]]], [[[4, [4, 1, 8]]], [[5, [5, 7]]], [[12, [12, 11, 13, 16]]], [[17, [17, 6, 20]]], [[3, [3, 9, 19]]]]], "all_solution": [[[[[0, [10, 18, 14, 2]], [10, []], [2, []], [18, []], [14, []], [12, [12, 11, 13, 16]], [11, []], [13, []], [3, [3, 9, 19]], [19, []], [9, []], [16, []]], [[0, [15]], [15, []], [4, [4, 1, 8]], [1, []], [5, [5, 7]], [7, []], [17, [17, 6, 20]], [6, []], [8, []], [20, []]]], [[[4, [4, 1, 8]]], [[5, [5, 7]]], [[12, [12, 11, 13, 16]]], [[17, [17, 6, 20]]], [[3, [3, 9, 19]]]]]], "Numrun": 5, "all_fitness": [317.06257309284894]}
{"file_name": "U_20_1", "number_of_trucks": 2, "drone_capacity": 10, "number_of_drones": 2, "iteration": 2, "best_fitness": 319.04176494668604, "runtime": 269.58853936195374, "best_solution": [[[[0, [2, 10, 15]], [15, []], [2, []], [10, []], [7, [7, 5, 1, 13, 4]], [5, []], [1, []], [13, []], [19, [19, 3, 17]], [3, []], [17, []], [4, []]], [[0, [14, 18]], [18, []], [14, []], [8, [8]], [11, [11, 12, 16]], [12, []], [16, []], [9, [9, 6, 20]], [6, []], [20, []]]], [[[8, [8]]], [[7, [7, 5, 1, 13, 4]]], [[11, [11, 12, 16]]], [[9, [9, 6, 20]]], [[19, [19, 3, 17]]]]], "all_solution": [[[[[0, [10, 18, 14, 2]], [10, []], [2, []], [18, []], [14, []], [12, [12, 11, 13, 16]], [11, []], [13, []], [3, [3, 9, 19]], [19, []], [9, []], [16, []]], [[0, [15]], [15, []], [4, [4, 1, 8]], [1, []], [5, [5, 7]], [7, []], [17, [17, 6, 20]], [6, []], [8, []], [20, []]]], [[[4, [4, 1, 8]]], [[5, [5, 7]]], [[12, [12, 11, 13, 16]]], [[17, [17, 6, 20]]], [[3, [3, 9, 19]]]]], [[[[0, [2, 10, 15]], [15, []], [2, []], [10, []], [7, [7, 5, 1, 13, 4]], [5, []], [1, []], [13, []], [19, [19, 3, 17]], [3, []], [17, []], [4, []]], [[0, [14, 18]], [18, []], [14, []], [8, [8]], [11, [11, 12, 16]], [12, []], [16, []], [9, [9, 6, 20]], [6, []], [20, []]]], [[[8, [8]]], [[7, [7, 5, 1, 13, 4]]], [[11, [11, 12, 16]]], [[9, [9, 6, 20]]], [[19, [19, 3, 17]]]]]], "Numrun": 5, "all_fitness": [317.06257309284894, 319.04176494668604]}
{"file_name": "U_20_1", "number_of_trucks": 2, "drone_capacity": 10, "number_of_drones": 2, "iteration": 3, "best_fitness": 317.13076964933896, "runtime": 212.08704352378845, "best_solution": [[[[0, [15, 18, 14]], [18, [2]], [14, []], [15, []], [2, []], [5, [5, 7]], [7, []], [17, [17, 6, 20, 8]], [6, []], [8, []], [20, []]], [[0, [10]], [10, []], [4, [4]], [1, [1, 13, 16]], [16, []], [13, []], [3, [3, 9, 11, 19, 12]], [19, []], [9, []], [11, []], [12, []]]], [[[18, [2]]], [[4, [4]]], [[1, [1, 13, 16]]], [[5, [5, 7]]], [[17, [17, 6, 20, 8]]], [[3, [3, 9, 11, 19, 12]]]]], "all_solution": [[[[[0, [10, 18, 14, 2]], [10, []], [2, []], [18, []], [14, []], [12, [12, 11, 13, 16]], [11, []], [13, []], [3, [3, 9, 19]], [19, []], [9, []], [16, []]], [[0, [15]], [15, []], [4, [4, 1, 8]], [1, []], [5, [5, 7]], [7, []], [17, [17, 6, 20]], [6, []], [8, []], [20, []]]], [[[4, [4, 1, 8]]], [[5, [5, 7]]], [[12, [12, 11, 13, 16]]], [[17, [17, 6, 20]]], [[3, [3, 9, 19]]]]], [[[[0, [2, 10, 15]], [15, []], [2, []], [10, []], [7, [7, 5, 1, 13, 4]], [5, []], [1, []], [13, []], [19, [19, 3, 17]], [3, []], [17, []], [4, []]], [[0, [14, 18]], [18, []], [14, []], [8, [8]], [11, [11, 12, 16]], [12, []], [16, []], [9, [9, 6, 20]], [6, []], [20, []]]], [[[8, [8]]], [[7, [7, 5, 1, 13, 4]]], [[11, [11, 12, 16]]], [[9, [9, 6, 20]]], [[19, [19, 3, 17]]]]], [[[[0, [15, 18, 14]], [18, [2]], [14, []], [15, []], [2, []], [5, [5, 7]], [7, []], [17, [17, 6, 20, 8]], [6, []], [8, []], [20, []]], [[0, [10]], [10, []], [4, [4]], [1, [1, 13, 16]], [16, []], [13, []], [3, [3, 9, 11, 19, 12]], [19, []], [9, []], [11, []], [12, []]]], [[[18, [2]]], [[4, [4]]], [[1, [1, 13, 16]]], [[5, [5, 7]]], [[17, [17, 6, 20, 8]]], [[3, [3, 9, 11, 19, 12]]]]]], "Numrun": 5, "all_fitness": [317.06257309284894, 319.04176494668604, 317.13076964933896]}
{"file_name": "U_20_1", "number_of_trucks": 2, "drone_capacity": 10, "number_of_drones": 2, "iteration": 4, "best_fitness": 318.33076964933895, "runtime": 228.39259266853333, "best_solution": [[[[0, [10, 15, 18, 14]], [10, []], [15, []], [18, []], [14, []], [11, [11, 5, 13, 12, 16]], [12, []], [5, []], [3, [3, 19, 9]], [19, []], [13, []], [9, []], [16, []]], [[0, [2]], [2, []], [1, [1]], [4, [4, 8, 7]], [7, []], [17, [17, 20, 6]], [6, []], [8, []], [20, []]]], [[[1, [1]]], [[4, [4, 8, 7]]], [[11, [11, 5, 13, 12, 16]]], [[17, [17, 20, 6]]], [[3, [3, 19, 9]]]]], "all_solution": [[[[[0, [10, 18, 14, 2]], [10, []], [2, []], [18, []], [14, []], [12, [12, 11, 13, 16]], [11, []], [13, []], [3, [3, 9, 19]], [19, []], [9, []], [16, []]], [[0, [15]], [15, []], [4, [4, 1, 8]], [1, []], [5, [5, 7]], [7, []], [17, [17, 6, 20]], [6, []], [8, []], [20, []]]], [[[4, [4, 1, 8]]], [[5, [5, 7]]], [[12, [12, 11, 13, 16]]], [[17, [17, 6, 20]]], [[3, [3, 9, 19]]]]], [[[[0, [2, 10, 15]], [15, []], [2, []], [10, []], [7, [7, 5, 1, 13, 4]], [5, []], [1, []], [13, []], [19, [19, 3, 17]], [3, []], [17, []], [4, []]], [[0, [14, 18]], [18, []], [14, []], [8, [8]], [11, [11, 12, 16]], [12, []], [16, []], [9, [9, 6, 20]], [6, []], [20, []]]], [[[8, [8]]], [[7, [7, 5, 1, 13, 4]]], [[11, [11, 12, 16]]], [[9, [9, 6, 20]]], [[19, [19, 3, 17]]]]], [[[[0, [15, 18, 14]], [18, [2]], [14, []], [15, []], [2, []], [5, [5, 7]], [7, []], [17, [17, 6, 20, 8]], [6, []], [8, []], [20, []]], [[0, [10]], [10, []], [4, [4]], [1, [1, 13, 16]], [16, []], [13, []], [3, [3, 9, 11, 19, 12]], [19, []], [9, []], [11, []], [12, []]]], [[[18, [2]]], [[4, [4]]], [[1, [1, 13, 16]]], [[5, [5, 7]]], [[17, [17, 6, 20, 8]]], [[3, [3, 9, 11, 19, 12]]]]], [[[[0, [10, 15, 18, 14]], [10, []], [15, []], [18, []], [14, []], [11, [11, 5, 13, 12, 16]], [12, []], [5, []], [3, [3, 19, 9]], [19, []], [13, []], [9, []], [16, []]], [[0, [2]], [2, []], [1, [1]], [4, [4, 8, 7]], [7, []], [17, [17, 20, 6]], [6, []], [8, []], [20, []]]], [[[1, [1]]], [[4, [4, 8, 7]]], [[11, [11, 5, 13, 12, 16]]], [[17, [17, 20, 6]]], [[3, [3, 19, 9]]]]]], "Numrun": 5, "all_fitness": [317.06257309284894, 319.04176494668604, 317.13076964933896, 318.33076964933895]}
{"file_name": "U_20_1", "number_of_trucks": 2, "drone_capacity": 10, "number_of_drones": 2, "iteration": 5, "best_fitness": 318.7449536081587, "runtime": 186.1031835079193, "best_solution": [[[[0, [10, 2]], [10, []], [2, []], [4, [4, 1, 8]], [1, []], [17, [17, 7, 6, 20]], [7, []], [6, []], [8, []], [20, []]], [[0, [14, 15, 18]], [14, []], [15, []], [18, []], [16, [16]], [12, [12, 11, 5, 13]], [11, []], [5, []], [3, [3, 19, 9]], [19, []], [13, []], [9, []]]], [[[4, [4, 1, 8]]], [[16, [16]]], [[12, [12, 11, 5, 13]]], [[17, [17, 7, 6, 20]]], [[3, [3, 19, 9]]]]],