{"file_name": "U_20_1", "number_of_trucks": 2, "drone_capacity": 10, "number_of_drones": 2, "iteration": 1, "best_fitness": 310.3723869180648, "runtime": 223.5280282497406, "best_solution": [[[[0, [2, 14]], [2, []], [14, []], [5, [5, 8, 4, 7]], [7, []], [8, []], [20, [20, 6]], [4, []], [6, []]], [[0, [18, 15]], [10, [10]], [18, []], [15, []], [1, [1]], [13, [13]], [12, [12, 16, 11]], [16, []], [11, []], [9, [9, 19, 3, 17]], [19, []], [3, []], [17, []]]], [[[10, [10]]], [[1, [1]]], [[13, [13]]], [[5, [5, 8, 4, 7]]], [[12, [12, 16, 11]]], [[20, [20, 6]]], [[9, [9, 19, 3, 17]]]]], "all_solution": [[[[[0, [2, 14]], [2, []], [14, []], [5, [5, 8, 4, 7]], [7, []], [8, []], [20, [20, 6]], [4, []], [6, []]], [[0, [18, 15]], [10, [10]], [18, []], [15, []], [1, [1]], [13, [13]], [12, [12, 16, 11]], [16, []], [11, []], [9, [9, 19, 3, 17]], [19, []], [3, []], [17, []]]], [[[10, [10]]], [[1, [1]]], [[13, [13]]], [[5, [5, 8, 4, 7]]], [[12, [12, 16, 11]]], [[20, [20, 6]]], [[9, [9, 19, 3, 17]]]]]], "Numrun": 5, "all_fitness": [310.3723869180648]}
{"file_name": "U_20_1", "number_of_trucks": 2, "drone_capacity": 10, "number_of_drones": 2, "iteration": 2, "best_fitness": 308.38812237368813, "runtime": 206.7521369457245, "best_solution": [[[[0, [2, 10, 15]], [10, []], [2, []], [15, []], [1, [1, 4, 8]], [4, []], [8, []], [20, [20, 7, 5, 6]], [6, []], [7, []], [5, []]], [[0, [18, 14]], [18, []], [14, []], [13, [13]], [16, [16, 11, 12]], [11, []], [12, []], [9, [9, 19, 3, 17]], [19, []], [3, []], [17, []]]], [[[1, [1, 4, 8]]], [[13, [13]]], [[16, [16, 11, 12]]], [[9, [9, 19, 3, 17]]], [[20, [20, 7, 5, 6]]]]], "all_solution": [[[[[0, [2, 14]], [2, []], [14, []], [5, [5, 8, 4, 7]], [7, []], [8, []], [20, [20, 6]], [4, []], [6, []]], [[0, [18, 15]], [10, [10]], [18, []], [15, []], [1, [1]], [13, [13]], [12, [12, 16, 11]], [16, []], [11, []], [9, [9, 19, 3, 17]], [19, []], [3, []], [17, []]]], [[[10, [10]]], [[1, [1]]], [[13, [13]]], [[5, [5, 8, 4, 7]]], [[12, [12, 16, 11]]], [[20, [20, 6]]], [[9, [9, 19, 3, 17]]]]], [[[[0, [2, 10, 15]], [10, []], [2, []], [15, []], [1, [1, 4, 8]], [4, []], [8, []], [20, [20, 7, 5, 6]], [6, []], [7, []], [5, []]], [[0, [18, 14]], [18, []], [14, []], [13, [13]], [16, [16, 11, 12]], [11, []], [12, []], [9, [9, 19, 3, 17]], [19, []], [3, []], [17, []]]], [[[1, [1, 4, 8]]], [[13, [13]]], [[16, [16, 11, 12]]], [[9, [9, 19, 3, 17]]], [[20, [20, 7, 5, 6]]]]]], "Numrun": 5, "all_fitness": [310.3723869180648, 308.38812237368813]}
{"file_name": "U_20_1", "number_of_trucks": 2, "drone_capacity": 10, "number_of_drones": 2, "iteration": 3, "best_fitness": 309.69031186144286, "runtime": 193.69494438171387, "best_solution": [[[[0, [2, 10]], [10, []], [2, []], [4, [4, 8]], [1, [1, 16, 11, 12]], [16, []], [11, []], [12, []], [20, [20, 6]], [8, []], [6, []]], [[0, [18, 14, 15]], [18, []], [14, []], [15, []], [13, [13]], [5, [5, 7]], [7, []], [17, [17, 3, 19, 9]], [3, []], [19, []], [9, []]]], [[[4, [4, 8]]], [[1, [1, 16, 11, 12]]], [[13, [13]]], [[5, [5, 7]]], [[20, [20, 6]]], [[17, [17, 3, 19, 9]]]]], "all_solution": [[[[[0, [2, 14]], [2, []], [14, []], [5, [5, 8, 4, 7]], [7, []], [8, []], [20, [20, 6]], [4, []], [6, []]], [[0, [18, 15]], [10, [10]], [18, []], [15, []], [1, [1]], [13, [13]], [12, [12, 16, 11]], [16, []], [11, []], [9, [9, 19, 3, 17]], [19, []], [3, []], [17, []]]], [[[10, [10]]], [[1, [1]]], [[13, [13]]], [[5, [5, 8, 4, 7]]], [[12, [12, 16, 11]]], [[20, [20, 6]]], [[9, [9, 19, 3, 17]]]]], [[[[0, [2, 10, 15]], [10, []], [2, []], [15, []], [1, [1, 4, 8]], [4, []], [8, []], [20, [20, 7, 5, 6]], [6, []], [7, []], [5, []]], [[0, [18, 14]], [18, []], [14, []], [13, [13]], [16, [16, 11, 12]], [11, []], [12, []], [9, [9, 19, 3, 17]], [19, []], [3, []], [17, []]]], [[[1, [1, 4, 8]]], [[13, [13]]], [[16, [16, 11, 12]]], [[9, [9, 19, 3, 17]]], [[20, [20, 7, 5, 6]]]]], [[[[0, [2, 10]], [10, []], [2, []], [4, [4, 8]], [1, [1, 16, 11, 12]], [16, []], [11, []], [12, []], [20, [20, 6]], [8, []], [6, []]], [[0, [18, 14, 15]], [18, []], [14, []], [15, []], [13, [13]], [5, [5, 7]], [7, []], [17, [17, 3, 19, 9]], [3, []], [19, []], [9, []]]], [[[4, [4, 8]]], [[1, [1, 16, 11, 12]]], [[13, [13]]], [[5, [5, 7]]], [[20, [20, 6]]], [[17, [17, 3, 19, 9]]]]]], "Numrun": 5, "all_fitness": [310.3723869180648, 308.38812237368813, 309.69031186144286]}
{"file_name": "U_20_1", "number_of_trucks": 2, "drone_capacity": 10, "number_of_drones": 2, "iteration": 4, "best_fitness": 306.82812237368813, "runtime": 219.6589639186859, "best_solution": [[[[0, [18, 14]], [18, []], [14, []], [1, [1, 4, 8]], [4, []], [8, []], [20, [20, 9, 11]], [11, []], [9, []]], [[0, [15, 2, 10]], [2, []], [10, []], [15, []], [16, [16]], [5, [5, 13, 7, 12]], [12, []], [13, []], [19, [19, 3, 17, 6]], [3, []], [17, []], [7, []], [6, []]]], [[[1, [1, 4, 8]]], [[16, [16]]], [[5, [5, 13, 7, 12]]], [[19, [19, 3, 17, 6]]], [[20, [20, 9, 11]]]]], "all_solution": [[[[[0, [2, 14]], [2, []], [14, []], [5, [5, 8, 4, 7]], [7, []], [8, []], [20, [20, 6]], [4, []], [6, []]], [[0, [18, 15]], [10, [10]], [18, []], [15, []], [1, [1]], [13, [13]], [12, [12, 16, 11]], [16, []], [11, []], [9, [9, 19, 3, 17]], [19, []], [3, []], [17, []]]], [[[10, [10]]], [[1, [1]]], [[13, [13]]], [[5, [5, 8, 4, 7]]], [[12, [12, 16, 11]]], [[20, [20, 6]]], [[9, [9, 19, 3, 17]]]]], [[[[0, [2, 10, 15]], [10, []], [2, []], [15, []], [1, [1, 4, 8]], [4, []], [8, []], [20, [20, 7, 5, 6]], [6, []], [7, []], [5, []]], [[0, [18, 14]], [18, []], [14, []], [13, [13]], [16, [16, 11, 12]], [11, []], [12, []], [9, [9, 19, 3, 17]], [19, []], [3, []], [17, []]]], [[[1, [1, 4, 8]]], [[13, [13]]], [[16, [16, 11, 12]]], [[9, [9, 19, 3, 17]]], [[20, [20, 7, 5, 6]]]]], [[[[0, [2, 10]], [10, []], [2, []], [4, [4, 8]], [1, [1, 16, 11, 12]], [16, []], [11, []], [12, []], [20, [20, 6]], [8, []], [6, []]], [[0, [18, 14, 15]], [18, []], [14, []], [15, []], [13, [13]], [5, [5, 7]], [7, []], [17, [17, 3, 19, 9]], [3, []], [19, []], [9, []]]], [[[4, [4, 8]]], [[1, [1, 16, 11, 12]]], [[13, [13]]], [[5, [5, 7]]], [[20, [20, 6]]], [[17, [17, 3, 19, 9]]]]], [[[[0, [18, 14]], [18, []], [14, []], [1, [1, 4, 8]], [4, []], [8, []], [20, [20, 9, 11]], [11, []], [9, []]], [[0, [15, 2, 10]], [2, []], [10, []], [15, []], [16, [16]], [5, [5, 13, 7, 12]], [12, []], [13, []], [19, [19, 3, 17, 6]], [3, []], [17, []], [7, []], [6, []]]], [[[1, [1, 4, 8]]], [[16, [16]]], [[5, [5, 13, 7, 12]]], [[19, [19, 3, 17, 6]]], [[20, [20, 9, 11]]]]]], "Numrun": 5, "all_fitness": [310.3723869180648, 308.38812237368813, 309.69031186144286, 306.82812237368813]}
{"file_name": "U_20_1", "number_of_trucks": 2, "drone_capacity": 10, "number_of_drones": 2, "iteration": 5, "best_fitness": 306.82812237368813, "runtime": 179.43652200698853, "best_solution": [[[[0, [15, 10]], [15, []], [10, []], [1, [1, 4, 8]], [4, []], [8, []], [20, [20, 11, 9]], [11, []], [9, []]], [[0, [2, 18, 14]], [2, []], [18, []], [14, []], [16, [16]], [12, [12, 5, 7, 13]], [5, []], [13, []], [19, [19, 3, 17, 6]], [3, []], [17, []], [7, []], [6, []]]], [[[1, [1, 4, 8]]], [[16, [16]]], [[12, [12, 5, 7, 13]]], [[19, [19, 3, 17, 6]]], [[20, [20, 11, 9]]]]],