{"file_name": "U_20_0", "number_of_trucks": 2, "drone_capacity": 10, "number_of_drones": 2, "iteration": 1, "best_fitness": 221.91302442054132, "runtime": 211.51701641082764, "best_solution": [[[[0, [4, 16]], [16, []], [4, []], [14, [14, 1, 18]], [1, []], [18, []], [17, [17, 6, 7, 11, 9, 19]], [6, []], [7, []], [11, []], [9, []], [19, []]], [[0, []], [10, [10]], [5, [5, 20, 3, 2]], [20, []], [8, [8, 12, 15, 13]], [3, []], [2, []], [12, []], [15, []], [13, []]]], [[[14, [14, 1, 18]]], [[10, [10]]], [[5, [5, 20, 3, 2]]], [[8, [8, 12, 15, 13]]], [[17, [17, 6, 7, 11, 9, 19]]]]], "all_solution": [[[[[0, [4, 16]], [16, []], [4, []], [14, [14, 1, 18]], [1, []], [18, []], [17, [17, 6, 7, 11, 9, 19]], [6, []], [7, []], [11, []], [9, []], [19, []]], [[0, []], [10, [10]], [5, [5, 20, 3, 2]], [20, []], [8, [8, 12, 15, 13]], [3, []], [2, []], [12, []], [15, []], [13, []]]], [[[14, [14, 1, 18]]], [[10, [10]]], [[5, [5, 20, 3, 2]]], [[8, [8, 12, 15, 13]]], [[17, [17, 6, 7, 11, 9, 19]]]]]], "Numrun": 5, "all_fitness": [221.91302442054132]}
{"file_name": "U_20_0", "number_of_trucks": 2, "drone_capacity": 10, "number_of_drones": 2, "iteration": 2, "best_fitness": 221.13844516724436, "runtime": 303.0493097305298, "best_solution": [[[[0, []], [10, [10]], [5, [5]], [11, [11, 18, 6]], [7, [7, 17, 14, 15, 1]], [6, []], [17, []], [18, []], [1, []], [14, []], [15, []]], [[0, [16, 4, 3, 2]], [20, [20]], [3, []], [2, []], [8, [8, 12, 19, 9, 13]], [4, []], [16, []], [12, []], [13, []], [9, []], [19, []]]], [[[20, [20]]], [[10, [10]]], [[5, [5]]], [[11, [11, 18, 6]]], [[7, [7, 17, 14, 15, 1]]], [[8, [8, 12, 19, 9, 13]]]]], "all_solution": [[[[[0, [4, 16]], [16, []], [4, []], [14, [14, 1, 18]], [1, []], [18, []], [17, [17, 6, 7, 11, 9, 19]], [6, []], [7, []], [11, []], [9, []], [19, []]], [[0, []], [10, [10]], [5, [5, 20, 3, 2]], [20, []], [8, [8, 12, 15, 13]], [3, []], [2, []], [12, []], [15, []], [13, []]]], [[[14, [14, 1, 18]]], [[10, [10]]], [[5, [5, 20, 3, 2]]], [[8, [8, 12, 15, 13]]], [[17, [17, 6, 7, 11, 9, 19]]]]], [[[[0, []], [10, [10]], [5, [5]], [11, [11, 18, 6]], [7, [7, 17, 14, 15, 1]], [6, []], [17, []], [18, []], [1, []], [14, []], [15, []]], [[0, [16, 4, 3, 2]], [20, [20]], [3, []], [2, []], [8, [8, 12, 19, 9, 13]], [4, []], [16, []], [12, []], [13, []], [9, []], [19, []]]], [[[20, [20]]], [[10, [10]]], [[5, [5]]], [[11, [11, 18, 6]]], [[7, [7, 17, 14, 15, 1]]], [[8, [8, 12, 19, 9, 13]]]]]], "Numrun": 5, "all_fitness": [221.91302442054132, 221.13844516724436]}
{"file_name": "U_20_0", "number_of_trucks": 2, "drone_capacity": 10, "number_of_drones": 2, "iteration": 3, "best_fitness": 220.8735311174458, "runtime": 295.3508298397064, "best_solution": [[[[0, [10]], [10, []], [5, [5, 11, 18]], [7, [7, 17, 6, 19, 15, 13]], [18, []], [17, []], [6, []], [11, []], [15, []], [13, []], [19, []]], [[0, [4]], [16, [16, 2]], [2, []], [4, []], [1, [1, 14, 3, 20]], [14, []], [12, [12, 8, 9]], [3, []], [8, []], [20, []], [9, []]]], [[[16, [16, 2]]], [[5, [5, 11, 18]]], [[1, [1, 14, 3, 20]]], [[7, [7, 17, 6, 19, 15, 13]]], [[12, [12, 8, 9]]]]], "all_solution": [[[[[0, [4, 16]], [16, []], [4, []], [14, [14, 1, 18]], [1, []], [18, []], [17, [17, 6, 7, 11, 9, 19]], [6, []], [7, []], [11, []], [9, []], [19, []]], [[0, []], [10, [10]], [5, [5, 20, 3, 2]], [20, []], [8, [8, 12, 15, 13]], [3, []], [2, []], [12, []], [15, []], [13, []]]], [[[14, [14, 1, 18]]], [[10, [10]]], [[5, [5, 20, 3, 2]]], [[8, [8, 12, 15, 13]]], [[17, [17, 6, 7, 11, 9, 19]]]]], [[[[0, []], [10, [10]], [5, [5]], [11, [11, 18, 6]], [7, [7, 17, 14, 15, 1]], [6, []], [17, []], [18, []], [1, []], [14, []], [15, []]], [[0, [16, 4, 3, 2]], [20, [20]], [3, []], [2, []], [8, [8, 12, 19, 9, 13]], [4, []], [16, []], [12, []], [13, []], [9, []], [19, []]]], [[[20, [20]]], [[10, [10]]], [[5, [5]]], [[11, [11, 18, 6]]], [[7, [7, 17, 14, 15, 1]]], [[8, [8, 12, 19, 9, 13]]]]], [[[[0, [10]], [10, []], [5, [5, 11, 18]], [7, [7, 17, 6, 19, 15, 13]], [18, []], [17, []], [6, []], [11, []], [15, []], [13, []], [19, []]], [[0, [4]], [16, [16, 2]], [2, []], [4, []], [1, [1, 14, 3, 20]], [14, []], [12, [12, 8, 9]], [3, []], [8, []], [20, []], [9, []]]], [[[16, [16, 2]]], [[5, [5, 11, 18]]], [[1, [1, 14, 3, 20]]], [[7, [7, 17, 6, 19, 15, 13]]], [[12, [12, 8, 9]]]]]], "Numrun": 5, "all_fitness": [221.91302442054132, 221.13844516724436, 220.8735311174458]}
{"file_name": "U_20_0", "number_of_trucks": 2, "drone_capacity": 10, "number_of_drones": 2, "iteration": 4, "best_fitness": 218.45738372991354, "runtime": 234.79277420043945, "best_solution": [[[[0, []], [5, [5]], [11, [11, 18]], [6, [6, 7, 17, 15, 13, 19, 14]], [7, []], [17, []], [18, []], [14, []], [15, []], [13, []], [19, []]], [[0, [10]], [10, []], [20, [20, 3, 2, 4]], [3, []], [2, []], [8, [8, 1, 12, 16, 9]], [4, []], [1, []], [16, []], [12, []], [9, []]]], [[[20, [20, 3, 2, 4]]], [[5, [5]]], [[11, [11, 18]]], [[6, [6, 7, 17, 15, 13, 19, 14]]], [[8, [8, 1, 12, 16, 9]]]]], "all_solution": [[[[[0, [4, 16]], [16, []], [4, []], [14, [14, 1, 18]], [1, []], [18, []], [17, [17, 6, 7, 11, 9, 19]], [6, []], [7, []], [11, []], [9, []], [19, []]], [[0, []], [10, [10]], [5, [5, 20, 3, 2]], [20, []], [8, [8, 12, 15, 13]], [3, []], [2, []], [12, []], [15, []], [13, []]]], [[[14, [14, 1, 18]]], [[10, [10]]], [[5, [5, 20, 3, 2]]], [[8, [8, 12, 15, 13]]], [[17, [17, 6, 7, 11, 9, 19]]]]], [[[[0, []], [10, [10]], [5, [5]], [11, [11, 18, 6]], [7, [7, 17, 14, 15, 1]], [6, []], [17, []], [18, []], [1, []], [14, []], [15, []]], [[0, [16, 4, 3, 2]], [20, [20]], [3, []], [2, []], [8, [8, 12, 19, 9, 13]], [4, []], [16, []], [12, []], [13, []], [9, []], [19, []]]], [[[20, [20]]], [[10, [10]]], [[5, [5]]], [[11, [11, 18, 6]]], [[7, [7, 17, 14, 15, 1]]], [[8, [8, 12, 19, 9, 13]]]]], [[[[0, [10]], [10, []], [5, [5, 11, 18]], [7, [7, 17, 6, 19, 15, 13]], [18, []], [17, []], [6, []], [11, []], [15, []], [13, []], [19, []]], [[0, [4]], [16, [16, 2]], [2, []], [4, []], [1, [1, 14, 3, 20]], [14, []], [12, [12, 8, 9]], [3, []], [8, []], [20, []], [9, []]]], [[[16, [16, 2]]], [[5, [5, 11, 18]]], [[1, [1, 14, 3, 20]]], [[7, [7, 17, 6, 19, 15, 13]]], [[12, [12, 8, 9]]]]], [[[[0, []], [5, [5]], [11, [11, 18]], [6, [6, 7, 17, 15, 13, 19, 14]], [7, []], [17, []], [18, []], [14, []], [15, []], [13, []], [19, []]], [[0, [10]], [10, []], [20, [20, 3, 2, 4]], [3, []], [2, []], [8, [8, 1, 12, 16, 9]], [4, []], [1, []], [16, []], [12, []], [9, []]]], [[[20, [20, 3, 2, 4]]], [[5, [5]]], [[11, [11, 18]]], [[6, [6, 7, 17, 15, 13, 19, 14]]], [[8, [8, 1, 12, 16, 9]]]]]], "Numrun": 5, "all_fitness": [221.91302442054132, 221.13844516724436, 220.8735311174458, 218.45738372991354]}
{"file_name": "U_20_0", "number_of_trucks": 2, "drone_capacity": 10, "number_of_drones": 2, "iteration": 5, "best_fitness": 221.74334060341522, "runtime": 245.76412653923035, "best_solution": [[[[0, [10]], [10, []], [5, [5]], [19, [19, 15, 13, 12, 3, 20]], [15, []], [13, []], [8, [8]], [3, []], [12, []], [20, []]], [[0, []], [16, [2, 16, 4]], [2, []], [4, []], [1, [1, 14, 18]], [14, []], [18, []], [17, [17, 11, 7, 9, 6]], [6, []], [7, []], [11, []], [9, []]]], [[[5, [5]]], [[16, [2, 16, 4]]], [[19, [19, 15, 13, 12, 3, 20]]], [[1, [1, 14, 18]]], [[17, [17, 11, 7, 9, 6]]], [[8, [8]]]]],