{"file_name": "U_20_1", "number_of_trucks": 2, "drone_capacity": 10, "number_of_drones": 2, "iteration": 1, "best_fitness": 316.59677253788163, "runtime": 185.06811451911926, "best_solution": [[[[0, [12]], [15, [15, 4]], [4, []], [7, [7, 6, 14, 13, 10, 18]], [6, []], [12, []], [14, []], [13, []], [10, []], [18, []]], [[0, [16, 9, 19, 8, 17]], [9, []], [19, []], [8, []], [17, []], [16, []], [1, [1, 11]], [11, []], [20, [20, 5, 3, 2]], [3, []], [5, []], [2, []]]], [[[15, [15, 4]]], [[7, [7, 6, 14, 13, 10, 18]]], [[1, [1, 11]]], [[20, [20, 5, 3, 2]]]]], "all_solution": [[[[[0, [12]], [15, [15, 4]], [4, []], [7, [7, 6, 14, 13, 10, 18]], [6, []], [12, []], [14, []], [13, []], [10, []], [18, []]], [[0, [16, 9, 19, 8, 17]], [9, []], [19, []], [8, []], [17, []], [16, []], [1, [1, 11]], [11, []], [20, [20, 5, 3, 2]], [3, []], [5, []], [2, []]]], [[[15, [15, 4]]], [[7, [7, 6, 14, 13, 10, 18]]], [[1, [1, 11]]], [[20, [20, 5, 3, 2]]]]]], "Numrun": 5, "all_fitness": [316.59677253788163]}
{"file_name": "U_20_1", "number_of_trucks": 2, "drone_capacity": 10, "number_of_drones": 2, "iteration": 2, "best_fitness": 316.59677253788163, "runtime": 207.449378490448, "best_solution": [[[[0, [17, 4, 12]], [12, []], [17, []], [4, []], [7, [7, 14, 6, 18, 10, 13]], [6, []], [14, []], [13, []], [18, []], [10, []]], [[0, [8, 16, 19, 15, 9]], [15, []], [9, []], [19, []], [8, []], [16, []], [1, [1, 11]], [11, []], [20, [20, 5, 2, 3]], [3, []], [5, []], [2, []]]], [[[7, [7, 14, 6, 18, 10, 13]]], [[1, [1, 11]]], [[20, [20, 5, 2, 3]]]]], "all_solution": [[[[[0, [12]], [15, [15, 4]], [4, []], [7, [7, 6, 14, 13, 10, 18]], [6, []], [12, []], [14, []], [13, []], [10, []], [18, []]], [[0, [16, 9, 19, 8, 17]], [9, []], [19, []], [8, []], [17, []], [16, []], [1, [1, 11]], [11, []], [20, [20, 5, 3, 2]], [3, []], [5, []], [2, []]]], [[[15, [15, 4]]], [[7, [7, 6, 14, 13, 10, 18]]], [[1, [1, 11]]], [[20, [20, 5, 3, 2]]]]], [[[[0, [17, 4, 12]], [12, []], [17, []], [4, []], [7, [7, 14, 6, 18, 10, 13]], [6, []], [14, []], [13, []], [18, []], [10, []]], [[0, [8, 16, 19, 15, 9]], [15, []], [9, []], [19, []], [8, []], [16, []], [1, [1, 11]], [11, []], [20, [20, 5, 2, 3]], [3, []], [5, []], [2, []]]], [[[7, [7, 14, 6, 18, 10, 13]]], [[1, [1, 11]]], [[20, [20, 5, 2, 3]]]]]], "Numrun": 5, "all_fitness": [316.59677253788163, 316.59677253788163]}
{"file_name": "U_20_1", "number_of_trucks": 2, "drone_capacity": 10, "number_of_drones": 2, "iteration": 3, "best_fitness": 310.8760474499786, "runtime": 212.1351137161255, "best_solution": [[[[0, [9]], [9, []], [15, [15, 12, 17]], [12, []], [17, []], [7, [7, 14, 6]], [6, []], [14, []], [3, [3, 2, 5, 13]], [5, []], [13, []], [2, []]], [[0, [8, 16]], [4, [4, 19]], [16, []], [19, []], [8, []], [18, [18, 10, 11, 1, 20]], [10, []], [1, []], [11, []], [20, []]]], [[[4, [4, 19]]], [[15, [15, 12, 17]]], [[18, [18, 10, 11, 1, 20]]], [[7, [7, 14, 6]]], [[3, [3, 2, 5, 13]]]]], "all_solution": [[[[[0, [12]], [15, [15, 4]], [4, []], [7, [7, 6, 14, 13, 10, 18]], [6, []], [12, []], [14, []], [13, []], [10, []], [18, []]], [[0, [16, 9, 19, 8, 17]], [9, []], [19, []], [8, []], [17, []], [16, []], [1, [1, 11]], [11, []], [20, [20, 5, 3, 2]], [3, []], [5, []], [2, []]]], [[[15, [15, 4]]], [[7, [7, 6, 14, 13, 10, 18]]], [[1, [1, 11]]], [[20, [20, 5, 3, 2]]]]], [[[[0, [17, 4, 12]], [12, []], [17, []], [4, []], [7, [7, 14, 6, 18, 10, 13]], [6, []], [14, []], [13, []], [18, []], [10, []]], [[0, [8, 16, 19, 15, 9]], [15, []], [9, []], [19, []], [8, []], [16, []], [1, [1, 11]], [11, []], [20, [20, 5, 2, 3]], [3, []], [5, []], [2, []]]], [[[7, [7, 14, 6, 18, 10, 13]]], [[1, [1, 11]]], [[20, [20, 5, 2, 3]]]]], [[[[0, [9]], [9, []], [15, [15, 12, 17]], [12, []], [17, []], [7, [7, 14, 6]], [6, []], [14, []], [3, [3, 2, 5, 13]], [5, []], [13, []], [2, []]], [[0, [8, 16]], [4, [4, 19]], [16, []], [19, []], [8, []], [18, [18, 10, 11, 1, 20]], [10, []], [1, []], [11, []], [20, []]]], [[[4, [4, 19]]], [[15, [15, 12, 17]]], [[18, [18, 10, 11, 1, 20]]], [[7, [7, 14, 6]]], [[3, [3, 2, 5, 13]]]]]], "Numrun": 5, "all_fitness": [316.59677253788163, 316.59677253788163, 310.8760474499786]}
{"file_name": "U_20_1", "number_of_trucks": 2, "drone_capacity": 10, "number_of_drones": 2, "iteration": 4, "best_fitness": 316.59677253788163, "runtime": 159.15819835662842, "best_solution": [[[[0, [9, 19, 8, 16]], [9, []], [15, [15]], [16, []], [19, []], [8, []], [1, [1, 5, 11]], [11, []], [20, [20, 2, 3]], [3, []], [5, []], [2, []]], [[0, []], [12, [12]], [4, [4, 17]], [17, []], [7, [7, 6, 10, 14, 13, 18]], [6, []], [14, []], [13, []], [10, []], [18, []]]], [[[12, [12]]], [[4, [4, 17]]], [[15, [15]]], [[1, [1, 5, 11]]], [[7, [7, 6, 10, 14, 13, 18]]], [[20, [20, 2, 3]]]]], "all_solution": [[[[[0, [12]], [15, [15, 4]], [4, []], [7, [7, 6, 14, 13, 10, 18]], [6, []], [12, []], [14, []], [13, []], [10, []], [18, []]], [[0, [16, 9, 19, 8, 17]], [9, []], [19, []], [8, []], [17, []], [16, []], [1, [1, 11]], [11, []], [20, [20, 5, 3, 2]], [3, []], [5, []], [2, []]]], [[[15, [15, 4]]], [[7, [7, 6, 14, 13, 10, 18]]], [[1, [1, 11]]], [[20, [20, 5, 3, 2]]]]], [[[[0, [17, 4, 12]], [12, []], [17, []], [4, []], [7, [7, 14, 6, 18, 10, 13]], [6, []], [14, []], [13, []], [18, []], [10, []]], [[0, [8, 16, 19, 15, 9]], [15, []], [9, []], [19, []], [8, []], [16, []], [1, [1, 11]], [11, []], [20, [20, 5, 2, 3]], [3, []], [5, []], [2, []]]], [[[7, [7, 14, 6, 18, 10, 13]]], [[1, [1, 11]]], [[20, [20, 5, 2, 3]]]]], [[[[0, [9]], [9, []], [15, [15, 12, 17]], [12, []], [17, []], [7, [7, 14, 6]], [6, []], [14, []], [3, [3, 2, 5, 13]], [5, []], [13, []], [2, []]], [[0, [8, 16]], [4, [4, 19]], [16, []], [19, []], [8, []], [18, [18, 10, 11, 1, 20]], [10, []], [1, []], [11, []], [20, []]]], [[[4, [4, 19]]], [[15, [15, 12, 17]]], [[18, [18, 10, 11, 1, 20]]], [[7, [7, 14, 6]]], [[3, [3, 2, 5, 13]]]]], [[[[0, [9, 19, 8, 16]], [9, []], [15, [15]], [16, []], [19, []], [8, []], [1, [1, 5, 11]], [11, []], [20, [20, 2, 3]], [3, []], [5, []], [2, []]], [[0, []], [12, [12]], [4, [4, 17]], [17, []], [7, [7, 6, 10, 14, 13, 18]], [6, []], [14, []], [13, []], [10, []], [18, []]]], [[[12, [12]]], [[4, [4, 17]]], [[15, [15]]], [[1, [1, 5, 11]]], [[7, [7, 6, 10, 14, 13, 18]]], [[20, [20, 2, 3]]]]]], "Numrun": 5, "all_fitness": [316.59677253788163, 316.59677253788163, 310.8760474499786, 316.59677253788163]}
{"file_name": "U_20_1", "number_of_trucks": 2, "drone_capacity": 10, "number_of_drones": 2, "iteration": 5, "best_fitness": 313.8630111575666, "runtime": 244.48210668563843, "best_solution": [[[[0, [15, 9, 12]], [15, []], [9, []], [12, []], [7, [7, 14, 6]], [6, []], [14, []], [3, [3, 2, 5, 13]], [5, []], [13, []], [2, []]], [[0, [16, 8]], [4, [4, 17]], [17, []], [16, []], [8, []], [18, [18, 10, 1, 11, 19, 20]], [10, []], [19, []], [1, []], [11, []], [20, []]]], [[[4, [4, 17]]], [[7, [7, 14, 6]]], [[18, [18, 10, 1, 11, 19, 20]]], [[3, [3, 2, 5, 13]]]]],