{"file_name": "U_20_0", "number_of_trucks": 2, "drone_capacity": 10, "number_of_drones": 2, "iteration": 1, "best_fitness": 196.08, "runtime": 186.9252278804779, "best_solution": [[[[0, [3, 4, 13]], [3, []], [4, []], [13, []], [12, [12, 5, 18]], [1, [1, 14, 11, 16, 10]], [14, []], [5, []], [16, []], [11, []], [18, []], [10, []]], [[0, [20, 15]], [20, []], [15, []], [7, [2, 9, 7]], [9, []], [2, []], [19, [19, 6, 8, 17]], [6, []], [8, []], [17, []]]], [[[7, [2, 9, 7]]], [[12, [12, 5, 18]]], [[1, [1, 14, 11, 16, 10]]], [[19, [19, 6, 8, 17]]]]], "all_solution": [[[[[0, [3, 4, 13]], [3, []], [4, []], [13, []], [12, [12, 5, 18]], [1, [1, 14, 11, 16, 10]], [14, []], [5, []], [16, []], [11, []], [18, []], [10, []]], [[0, [20, 15]], [20, []], [15, []], [7, [2, 9, 7]], [9, []], [2, []], [19, [19, 6, 8, 17]], [6, []], [8, []], [17, []]]], [[[7, [2, 9, 7]]], [[12, [12, 5, 18]]], [[1, [1, 14, 11, 16, 10]]], [[19, [19, 6, 8, 17]]]]]], "Numrun": 5, "all_fitness": [196.08]}
{"file_name": "U_20_0", "number_of_trucks": 2, "drone_capacity": 10, "number_of_drones": 2, "iteration": 2, "best_fitness": 195.74465565189064, "runtime": 202.29780793190002, "best_solution": [[[[0, [7, 9, 15]], [15, []], [7, [2, 8, 20]], [9, []], [2, []], [19, [19, 17, 6, 10]], [6, []], [8, []], [17, []], [20, []], [10, []]], [[0, [13, 4, 3]], [13, []], [4, []], [12, [12, 18]], [3, [14, 16, 1, 11, 5]], [14, []], [5, []], [16, []], [11, []], [1, []], [18, []]]], [[[7, [2, 8, 20]]], [[12, [12, 18]]], [[3, [14, 16, 1, 11, 5]]], [[19, [19, 17, 6, 10]]]]], "all_solution": [[[[[0, [3, 4, 13]], [3, []], [4, []], [13, []], [12, [12, 5, 18]], [1, [1, 14, 11, 16, 10]], [14, []], [5, []], [16, []], [11, []], [18, []], [10, []]], [[0, [20, 15]], [20, []], [15, []], [7, [2, 9, 7]], [9, []], [2, []], [19, [19, 6, 8, 17]], [6, []], [8, []], [17, []]]], [[[7, [2, 9, 7]]], [[12, [12, 5, 18]]], [[1, [1, 14, 11, 16, 10]]], [[19, [19, 6, 8, 17]]]]], [[[[0, [7, 9, 15]], [15, []], [7, [2, 8, 20]], [9, []], [2, []], [19, [19, 17, 6, 10]], [6, []], [8, []], [17, []], [20, []], [10, []]], [[0, [13, 4, 3]], [13, []], [4, []], [12, [12, 18]], [3, [14, 16, 1, 11, 5]], [14, []], [5, []], [16, []], [11, []], [1, []], [18, []]]], [[[7, [2, 8, 20]]], [[12, [12, 18]]], [[3, [14, 16, 1, 11, 5]]], [[19, [19, 17, 6, 10]]]]]], "Numrun": 5, "all_fitness": [196.08, 195.74465565189064]}
{"file_name": "U_20_0", "number_of_trucks": 2, "drone_capacity": 10, "number_of_drones": 2, "iteration": 3, "best_fitness": 195.74465565189064, "runtime": 203.45525121688843, "best_solution": [[[[0, []], [15, [15, 7, 9]], [7, []], [2, [2]], [9, []], [19, [19, 6, 8, 20, 17, 10]], [6, []], [8, []], [17, []], [20, []], [10, []]], [[0, []], [3, [3, 4, 13]], [4, []], [12, [12, 18]], [13, []], [16, [16, 14, 5, 11, 1]], [14, []], [5, []], [11, []], [1, []], [18, []]]], [[[3, [3, 4, 13]]], [[15, [15, 7, 9]]], [[2, [2]]], [[12, [12, 18]]], [[19, [19, 6, 8, 20, 17, 10]]], [[16, [16, 14, 5, 11, 1]]]]], "all_solution": [[[[[0, [3, 4, 13]], [3, []], [4, []], [13, []], [12, [12, 5, 18]], [1, [1, 14, 11, 16, 10]], [14, []], [5, []], [16, []], [11, []], [18, []], [10, []]], [[0, [20, 15]], [20, []], [15, []], [7, [2, 9, 7]], [9, []], [2, []], [19, [19, 6, 8, 17]], [6, []], [8, []], [17, []]]], [[[7, [2, 9, 7]]], [[12, [12, 5, 18]]], [[1, [1, 14, 11, 16, 10]]], [[19, [19, 6, 8, 17]]]]], [[[[0, [7, 9, 15]], [15, []], [7, [2, 8, 20]], [9, []], [2, []], [19, [19, 17, 6, 10]], [6, []], [8, []], [17, []], [20, []], [10, []]], [[0, [13, 4, 3]], [13, []], [4, []], [12, [12, 18]], [3, [14, 16, 1, 11, 5]], [14, []], [5, []], [16, []], [11, []], [1, []], [18, []]]], [[[7, [2, 8, 20]]], [[12, [12, 18]]], [[3, [14, 16, 1, 11, 5]]], [[19, [19, 17, 6, 10]]]]], [[[[0, []], [15, [15, 7, 9]], [7, []], [2, [2]], [9, []], [19, [19, 6, 8, 20, 17, 10]], [6, []], [8, []], [17, []], [20, []], [10, []]], [[0, []], [3, [3, 4, 13]], [4, []], [12, [12, 18]], [13, []], [16, [16, 14, 5, 11, 1]], [14, []], [5, []], [11, []], [1, []], [18, []]]], [[[3, [3, 4, 13]]], [[15, [15, 7, 9]]], [[2, [2]]], [[12, [12, 18]]], [[19, [19, 6, 8, 20, 17, 10]]], [[16, [16, 14, 5, 11, 1]]]]]], "Numrun": 5, "all_fitness": [196.08, 195.74465565189064, 195.74465565189064]}
{"file_name": "U_20_0", "number_of_trucks": 2, "drone_capacity": 10, "number_of_drones": 2, "iteration": 4, "best_fitness": 204.2439623509333, "runtime": 253.28280067443848, "best_solution": [[[[0, []], [13, [13, 3, 4]], [3, []], [4, []], [12, [12, 8]], [17, [17, 10, 6, 2, 19]], [8, []], [2, []], [19, []], [6, []], [10, []]], [[0, [20]], [20, []], [15, [5, 15, 9, 7, 14]], [9, []], [7, []], [14, []], [5, []], [16, [16, 11, 1, 18]], [11, []], [1, []], [18, []]]], [[[13, [13, 3, 4]]], [[12, [12, 8]]], [[15, [5, 15, 9, 7, 14]]], [[16, [16, 11, 1, 18]]], [[17, [17, 10, 6, 2, 19]]]]], "all_solution": [[[[[0, [3, 4, 13]], [3, []], [4, []], [13, []], [12, [12, 5, 18]], [1, [1, 14, 11, 16, 10]], [14, []], [5, []], [16, []], [11, []], [18, []], [10, []]], [[0, [20, 15]], [20, []], [15, []], [7, [2, 9, 7]], [9, []], [2, []], [19, [19, 6, 8, 17]], [6, []], [8, []], [17, []]]], [[[7, [2, 9, 7]]], [[12, [12, 5, 18]]], [[1, [1, 14, 11, 16, 10]]], [[19, [19, 6, 8, 17]]]]], [[[[0, [7, 9, 15]], [15, []], [7, [2, 8, 20]], [9, []], [2, []], [19, [19, 17, 6, 10]], [6, []], [8, []], [17, []], [20, []], [10, []]], [[0, [13, 4, 3]], [13, []], [4, []], [12, [12, 18]], [3, [14, 16, 1, 11, 5]], [14, []], [5, []], [16, []], [11, []], [1, []], [18, []]]], [[[7, [2, 8, 20]]], [[12, [12, 18]]], [[3, [14, 16, 1, 11, 5]]], [[19, [19, 17, 6, 10]]]]], [[[[0, []], [15, [15, 7, 9]], [7, []], [2, [2]], [9, []], [19, [19, 6, 8, 20, 17, 10]], [6, []], [8, []], [17, []], [20, []], [10, []]], [[0, []], [3, [3, 4, 13]], [4, []], [12, [12, 18]], [13, []], [16, [16, 14, 5, 11, 1]], [14, []], [5, []], [11, []], [1, []], [18, []]]], [[[3, [3, 4, 13]]], [[15, [15, 7, 9]]], [[2, [2]]], [[12, [12, 18]]], [[19, [19, 6, 8, 20, 17, 10]]], [[16, [16, 14, 5, 11, 1]]]]], [[[[0, []], [13, [13, 3, 4]], [3, []], [4, []], [12, [12, 8]], [17, [17, 10, 6, 2, 19]], [8, []], [2, []], [19, []], [6, []], [10, []]], [[0, [20]], [20, []], [15, [5, 15, 9, 7, 14]], [9, []], [7, []], [14, []], [5, []], [16, [16, 11, 1, 18]], [11, []], [1, []], [18, []]]], [[[13, [13, 3, 4]]], [[12, [12, 8]]], [[15, [5, 15, 9, 7, 14]]], [[16, [16, 11, 1, 18]]], [[17, [17, 10, 6, 2, 19]]]]]], "Numrun": 5, "all_fitness": [196.08, 195.74465565189064, 195.74465565189064, 204.2439623509333]}
{"file_name": "U_20_0", "number_of_trucks": 2, "drone_capacity": 10, "number_of_drones": 2, "iteration": 5, "best_fitness": 208.69466365782984, "runtime": 211.27394270896912, "best_solution": [[[[0, []], [13, [13, 4, 3]], [4, []], [3, []], [16, [16, 8]], [11, [11, 12, 17, 20, 10]], [12, []], [8, []], [17, []], [20, []], [10, []]], [[0, []], [14, [14, 5, 15]], [5, []], [15, []], [6, [6, 2, 19, 1, 9, 7, 18]], [2, []], [9, []], [19, []], [7, []], [1, []], [18, []]]], [[[14, [14, 5, 15]]], [[13, [13, 4, 3]]], [[16, [16, 8]]], [[11, [11, 12, 17, 20, 10]]], [[6, [6, 2, 19, 1, 9, 7, 18]]]]],