{"file_name": "U_20_0", "number_of_trucks": 2, "drone_capacity": 10, "number_of_drones": 2, "iteration": 1, "best_fitness": 183.0560926805594, "runtime": 368.9365487098694, "best_solution": [[[[0, [17, 3, 4, 10, 14]], [14, []], [17, []], [3, []], [4, []], [20, [20, 11, 16, 18]], [11, []], [16, []], [1, [1, 8, 19]], [8, []], [10, []], [19, []], [18, []]], [[0, []], [9, [9]], [15, [15, 7, 13]], [7, []], [6, [6, 5, 2]], [12, [12]], [13, []], [5, []], [2, []]]], [[[9, [9]]], [[15, [15, 7, 13]]], [[20, [20, 11, 16, 18]]], [[6, [6, 5, 2]]], [[12, [12]]], [[1, [1, 8, 19]]]]], "all_solution": [[[[[0, [17, 3, 4, 10, 14]], [14, []], [17, []], [3, []], [4, []], [20, [20, 11, 16, 18]], [11, []], [16, []], [1, [1, 8, 19]], [8, []], [10, []], [19, []], [18, []]], [[0, []], [9, [9]], [15, [15, 7, 13]], [7, []], [6, [6, 5, 2]], [12, [12]], [13, []], [5, []], [2, []]]], [[[9, [9]]], [[15, [15, 7, 13]]], [[20, [20, 11, 16, 18]]], [[6, [6, 5, 2]]], [[12, [12]]], [[1, [1, 8, 19]]]]]], "Numrun": 5, "all_fitness": [183.0560926805594]}
{"file_name": "U_20_0", "number_of_trucks": 2, "drone_capacity": 10, "number_of_drones": 2, "iteration": 2, "best_fitness": 186.95879381350747, "runtime": 296.07688069343567, "best_solution": [[[[0, [4, 3, 17, 10]], [4, []], [3, []], [17, []], [5, [5, 20, 16, 11, 19]], [20, []], [11, [1, 8, 18]], [16, []], [1, []], [8, []], [19, []], [10, []], [18, []]], [[0, [13, 9, 15, 7, 14]], [9, []], [15, []], [7, []], [6, [6, 2, 12]], [2, []], [13, []], [14, []], [12, []]]], [[[5, [5, 20, 16, 11, 19]]], [[6, [6, 2, 12]]], [[11, [1, 8, 18]]]]], "all_solution": [[[[[0, [17, 3, 4, 10, 14]], [14, []], [17, []], [3, []], [4, []], [20, [20, 11, 16, 18]], [11, []], [16, []], [1, [1, 8, 19]], [8, []], [10, []], [19, []], [18, []]], [[0, []], [9, [9]], [15, [15, 7, 13]], [7, []], [6, [6, 5, 2]], [12, [12]], [13, []], [5, []], [2, []]]], [[[9, [9]]], [[15, [15, 7, 13]]], [[20, [20, 11, 16, 18]]], [[6, [6, 5, 2]]], [[12, [12]]], [[1, [1, 8, 19]]]]], [[[[0, [4, 3, 17, 10]], [4, []], [3, []], [17, []], [5, [5, 20, 16, 11, 19]], [20, []], [11, [1, 8, 18]], [16, []], [1, []], [8, []], [19, []], [10, []], [18, []]], [[0, [13, 9, 15, 7, 14]], [9, []], [15, []], [7, []], [6, [6, 2, 12]], [2, []], [13, []], [14, []], [12, []]]], [[[5, [5, 20, 16, 11, 19]]], [[6, [6, 2, 12]]], [[11, [1, 8, 18]]]]]], "Numrun": 5, "all_fitness": [183.0560926805594, 186.95879381350747]}
{"file_name": "U_20_0", "number_of_trucks": 2, "drone_capacity": 10, "number_of_drones": 2, "iteration": 3, "best_fitness": 187.23999999999995, "runtime": 309.7373945713043, "best_solution": [[[[0, [17, 3, 4, 14, 10]], [14, []], [3, []], [4, []], [17, []], [5, [5, 20, 11, 16]], [20, []], [11, []], [16, []], [1, [1, 2, 8]], [8, []], [10, []], [2, []]], [[0, [13]], [13, []], [19, [19, 9, 15, 7, 18]], [18, []], [9, []], [15, []], [7, []], [6, [6, 12]], [12, []]]], [[[19, [19, 9, 15, 7, 18]]], [[5, [5, 20, 11, 16]]], [[1, [1, 2, 8]]], [[6, [6, 12]]]]], "all_solution": [[[[[0, [17, 3, 4, 10, 14]], [14, []], [17, []], [3, []], [4, []], [20, [20, 11, 16, 18]], [11, []], [16, []], [1, [1, 8, 19]], [8, []], [10, []], [19, []], [18, []]], [[0, []], [9, [9]], [15, [15, 7, 13]], [7, []], [6, [6, 5, 2]], [12, [12]], [13, []], [5, []], [2, []]]], [[[9, [9]]], [[15, [15, 7, 13]]], [[20, [20, 11, 16, 18]]], [[6, [6, 5, 2]]], [[12, [12]]], [[1, [1, 8, 19]]]]], [[[[0, [4, 3, 17, 10]], [4, []], [3, []], [17, []], [5, [5, 20, 16, 11, 19]], [20, []], [11, [1, 8, 18]], [16, []], [1, []], [8, []], [19, []], [10, []], [18, []]], [[0, [13, 9, 15, 7, 14]], [9, []], [15, []], [7, []], [6, [6, 2, 12]], [2, []], [13, []], [14, []], [12, []]]], [[[5, [5, 20, 16, 11, 19]]], [[6, [6, 2, 12]]], [[11, [1, 8, 18]]]]], [[[[0, [17, 3, 4, 14, 10]], [14, []], [3, []], [4, []], [17, []], [5, [5, 20, 11, 16]], [20, []], [11, []], [16, []], [1, [1, 2, 8]], [8, []], [10, []], [2, []]], [[0, [13]], [13, []], [19, [19, 9, 15, 7, 18]], [18, []], [9, []], [15, []], [7, []], [6, [6, 12]], [12, []]]], [[[19, [19, 9, 15, 7, 18]]], [[5, [5, 20, 11, 16]]], [[1, [1, 2, 8]]], [[6, [6, 12]]]]]], "Numrun": 5, "all_fitness": [183.0560926805594, 186.95879381350747, 187.23999999999995]}
{"file_name": "U_20_0", "number_of_trucks": 2, "drone_capacity": 10, "number_of_drones": 2, "iteration": 4, "best_fitness": 186.95879381350747, "runtime": 234.84913754463196, "best_solution": [[[[0, [14]], [14, []], [13, [13, 7, 9, 15]], [7, []], [6, [6, 2, 12]], [9, []], [15, []], [2, []], [12, []]], [[0, [17, 3, 4]], [4, []], [3, []], [17, []], [5, [5, 20, 11, 16, 19]], [20, []], [11, []], [16, []], [1, [1, 8, 18, 10]], [8, []], [19, []], [10, []], [18, []]]], [[[13, [13, 7, 9, 15]]], [[6, [6, 2, 12]]], [[5, [5, 20, 11, 16, 19]]], [[1, [1, 8, 18, 10]]]]], "all_solution": [[[[[0, [17, 3, 4, 10, 14]], [14, []], [17, []], [3, []], [4, []], [20, [20, 11, 16, 18]], [11, []], [16, []], [1, [1, 8, 19]], [8, []], [10, []], [19, []], [18, []]], [[0, []], [9, [9]], [15, [15, 7, 13]], [7, []], [6, [6, 5, 2]], [12, [12]], [13, []], [5, []], [2, []]]], [[[9, [9]]], [[15, [15, 7, 13]]], [[20, [20, 11, 16, 18]]], [[6, [6, 5, 2]]], [[12, [12]]], [[1, [1, 8, 19]]]]], [[[[0, [4, 3, 17, 10]], [4, []], [3, []], [17, []], [5, [5, 20, 16, 11, 19]], [20, []], [11, [1, 8, 18]], [16, []], [1, []], [8, []], [19, []], [10, []], [18, []]], [[0, [13, 9, 15, 7, 14]], [9, []], [15, []], [7, []], [6, [6, 2, 12]], [2, []], [13, []], [14, []], [12, []]]], [[[5, [5, 20, 16, 11, 19]]], [[6, [6, 2, 12]]], [[11, [1, 8, 18]]]]], [[[[0, [17, 3, 4, 14, 10]], [14, []], [3, []], [4, []], [17, []], [5, [5, 20, 11, 16]], [20, []], [11, []], [16, []], [1, [1, 2, 8]], [8, []], [10, []], [2, []]], [[0, [13]], [13, []], [19, [19, 9, 15, 7, 18]], [18, []], [9, []], [15, []], [7, []], [6, [6, 12]], [12, []]]], [[[19, [19, 9, 15, 7, 18]]], [[5, [5, 20, 11, 16]]], [[1, [1, 2, 8]]], [[6, [6, 12]]]]], [[[[0, [14]], [14, []], [13, [13, 7, 9, 15]], [7, []], [6, [6, 2, 12]], [9, []], [15, []], [2, []], [12, []]], [[0, [17, 3, 4]], [4, []], [3, []], [17, []], [5, [5, 20, 11, 16, 19]], [20, []], [11, []], [16, []], [1, [1, 8, 18, 10]], [8, []], [19, []], [10, []], [18, []]]], [[[13, [13, 7, 9, 15]]], [[6, [6, 2, 12]]], [[5, [5, 20, 11, 16, 19]]], [[1, [1, 8, 18, 10]]]]]], "Numrun": 5, "all_fitness": [183.0560926805594, 186.95879381350747, 187.23999999999995, 186.95879381350747]}
{"file_name": "U_20_0", "number_of_trucks": 2, "drone_capacity": 10, "number_of_drones": 2, "iteration": 5, "best_fitness": 183.05609268055935, "runtime": 277.31528401374817, "best_solution": [[[[0, []], [9, [9, 15, 7, 13]], [15, []], [7, []], [6, [6, 2, 12, 5]], [12, []], [13, []], [5, []], [2, []]], [[0, [3, 17, 4, 14]], [14, []], [3, []], [17, []], [4, []], [20, [20, 11, 16, 19, 10]], [11, []], [16, []], [1, [1, 8, 18]], [8, []], [19, []], [10, []], [18, []]]], [[[9, [9, 15, 7, 13]]], [[6, [6, 2, 12, 5]]], [[20, [20, 11, 16, 19, 10]]], [[1, [1, 8, 18]]]]],