{"file_name": "U_20_0", "number_of_trucks": 2, "drone_capacity": 10, "number_of_drones": 2, "iteration": 1, "best_fitness": 232.78155880229014, "runtime": 274.1071546077728, "best_solution": [[[[0, []], [14, [14, 15, 7, 9]], [15, [2]], [7, []], [9, []], [2, []], [6, [6, 19, 1, 11]], [19, []], [1, []], [11, []]], [[0, []], [3, [3, 13, 20, 4]], [4, []], [13, []], [12, [12, 8, 5, 18]], [8, []], [17, [17, 10, 16]], [20, []], [10, []], [18, []], [16, []], [5, []]]], [[[3, [3, 13, 20, 4]]], [[14, [14, 15, 7, 9]]], [[15, [2]]], [[12, [12, 8, 5, 18]]], [[17, [17, 10, 16]]], [[6, [6, 19, 1, 11]]]]], "all_solution": [[[[[0, []], [14, [14, 15, 7, 9]], [15, [2]], [7, []], [9, []], [2, []], [6, [6, 19, 1, 11]], [19, []], [1, []], [11, []]], [[0, []], [3, [3, 13, 20, 4]], [4, []], [13, []], [12, [12, 8, 5, 18]], [8, []], [17, [17, 10, 16]], [20, []], [10, []], [18, []], [16, []], [5, []]]], [[[3, [3, 13, 20, 4]]], [[14, [14, 15, 7, 9]]], [[15, [2]]], [[12, [12, 8, 5, 18]]], [[17, [17, 10, 16]]], [[6, [6, 19, 1, 11]]]]]], "Numrun": 5, "all_fitness": [232.78155880229014]}
{"file_name": "U_20_0", "number_of_trucks": 2, "drone_capacity": 10, "number_of_drones": 2, "iteration": 2, "best_fitness": 232.56542673728228, "runtime": 282.02251505851746, "best_solution": [[[[0, [4, 3, 13]], [4, []], [3, []], [13, []], [12, [12, 8, 20]], [8, []], [17, [17, 1, 11, 10]], [20, []], [10, []], [1, []], [11, []]], [[0, [15]], [14, [14, 7, 5, 9]], [7, []], [9, []], [19, [19, 6, 18, 16, 2]], [2, []], [6, []], [15, []], [18, []], [16, []], [5, []]]], [[[14, [14, 7, 5, 9]]], [[12, [12, 8, 20]]], [[19, [19, 6, 18, 16, 2]]], [[17, [17, 1, 11, 10]]]]], "all_solution": [[[[[0, []], [14, [14, 15, 7, 9]], [15, [2]], [7, []], [9, []], [2, []], [6, [6, 19, 1, 11]], [19, []], [1, []], [11, []]], [[0, []], [3, [3, 13, 20, 4]], [4, []], [13, []], [12, [12, 8, 5, 18]], [8, []], [17, [17, 10, 16]], [20, []], [10, []], [18, []], [16, []], [5, []]]], [[[3, [3, 13, 20, 4]]], [[14, [14, 15, 7, 9]]], [[15, [2]]], [[12, [12, 8, 5, 18]]], [[17, [17, 10, 16]]], [[6, [6, 19, 1, 11]]]]], [[[[0, [4, 3, 13]], [4, []], [3, []], [13, []], [12, [12, 8, 20]], [8, []], [17, [17, 1, 11, 10]], [20, []], [10, []], [1, []], [11, []]], [[0, [15]], [14, [14, 7, 5, 9]], [7, []], [9, []], [19, [19, 6, 18, 16, 2]], [2, []], [6, []], [15, []], [18, []], [16, []], [5, []]]], [[[14, [14, 7, 5, 9]]], [[12, [12, 8, 20]]], [[19, [19, 6, 18, 16, 2]]], [[17, [17, 1, 11, 10]]]]]], "Numrun": 5, "all_fitness": [232.78155880229014, 232.56542673728228]}
{"file_name": "U_20_0", "number_of_trucks": 2, "drone_capacity": 10, "number_of_drones": 2, "iteration": 3, "best_fitness": 230.59396723939807, "runtime": 198.45893931388855, "best_solution": [[[[0, [9, 7, 15]], [14, [14, 2, 5]], [7, []], [9, []], [2, []], [19, [19, 6, 16]], [6, []], [15, []], [16, []], [5, []]], [[0, [3, 13, 4, 20]], [3, []], [4, []], [13, []], [12, [12, 8, 18]], [8, []], [17, [17, 10, 1, 11]], [20, []], [10, []], [18, []], [1, []], [11, []]]], [[[14, [14, 2, 5]]], [[12, [12, 8, 18]]], [[17, [17, 10, 1, 11]]], [[19, [19, 6, 16]]]]], "all_solution": [[[[[0, []], [14, [14, 15, 7, 9]], [15, [2]], [7, []], [9, []], [2, []], [6, [6, 19, 1, 11]], [19, []], [1, []], [11, []]], [[0, []], [3, [3, 13, 20, 4]], [4, []], [13, []], [12, [12, 8, 5, 18]], [8, []], [17, [17, 10, 16]], [20, []], [10, []], [18, []], [16, []], [5, []]]], [[[3, [3, 13, 20, 4]]], [[14, [14, 15, 7, 9]]], [[15, [2]]], [[12, [12, 8, 5, 18]]], [[17, [17, 10, 16]]], [[6, [6, 19, 1, 11]]]]], [[[[0, [4, 3, 13]], [4, []], [3, []], [13, []], [12, [12, 8, 20]], [8, []], [17, [17, 1, 11, 10]], [20, []], [10, []], [1, []], [11, []]], [[0, [15]], [14, [14, 7, 5, 9]], [7, []], [9, []], [19, [19, 6, 18, 16, 2]], [2, []], [6, []], [15, []], [18, []], [16, []], [5, []]]], [[[14, [14, 7, 5, 9]]], [[12, [12, 8, 20]]], [[19, [19, 6, 18, 16, 2]]], [[17, [17, 1, 11, 10]]]]], [[[[0, [9, 7, 15]], [14, [14, 2, 5]], [7, []], [9, []], [2, []], [19, [19, 6, 16]], [6, []], [15, []], [16, []], [5, []]], [[0, [3, 13, 4, 20]], [3, []], [4, []], [13, []], [12, [12, 8, 18]], [8, []], [17, [17, 10, 1, 11]], [20, []], [10, []], [18, []], [1, []], [11, []]]], [[[14, [14, 2, 5]]], [[12, [12, 8, 18]]], [[17, [17, 10, 1, 11]]], [[19, [19, 6, 16]]]]]], "Numrun": 5, "all_fitness": [232.78155880229014, 232.56542673728228, 230.59396723939807]}
{"file_name": "U_20_0", "number_of_trucks": 2, "drone_capacity": 10, "number_of_drones": 2, "iteration": 4, "best_fitness": 232.33298007235686, "runtime": 270.417519569397, "best_solution": [[[[0, [9]], [14, [14, 15, 7]], [18, [18, 2]], [15, []], [7, []], [9, []], [2, []], [19, [19, 6, 16]], [6, []], [16, []]], [[0, []], [3, [3, 13, 4, 20]], [13, []], [4, []], [12, [12, 8, 5]], [8, []], [17, [17, 10, 11, 1]], [20, []], [10, []], [1, []], [11, []], [5, []]]], [[[14, [14, 15, 7]]], [[3, [3, 13, 4, 20]]], [[18, [18, 2]]], [[12, [12, 8, 5]]], [[17, [17, 10, 11, 1]]], [[19, [19, 6, 16]]]]], "all_solution": [[[[[0, []], [14, [14, 15, 7, 9]], [15, [2]], [7, []], [9, []], [2, []], [6, [6, 19, 1, 11]], [19, []], [1, []], [11, []]], [[0, []], [3, [3, 13, 20, 4]], [4, []], [13, []], [12, [12, 8, 5, 18]], [8, []], [17, [17, 10, 16]], [20, []], [10, []], [18, []], [16, []], [5, []]]], [[[3, [3, 13, 20, 4]]], [[14, [14, 15, 7, 9]]], [[15, [2]]], [[12, [12, 8, 5, 18]]], [[17, [17, 10, 16]]], [[6, [6, 19, 1, 11]]]]], [[[[0, [4, 3, 13]], [4, []], [3, []], [13, []], [12, [12, 8, 20]], [8, []], [17, [17, 1, 11, 10]], [20, []], [10, []], [1, []], [11, []]], [[0, [15]], [14, [14, 7, 5, 9]], [7, []], [9, []], [19, [19, 6, 18, 16, 2]], [2, []], [6, []], [15, []], [18, []], [16, []], [5, []]]], [[[14, [14, 7, 5, 9]]], [[12, [12, 8, 20]]], [[19, [19, 6, 18, 16, 2]]], [[17, [17, 1, 11, 10]]]]], [[[[0, [9, 7, 15]], [14, [14, 2, 5]], [7, []], [9, []], [2, []], [19, [19, 6, 16]], [6, []], [15, []], [16, []], [5, []]], [[0, [3, 13, 4, 20]], [3, []], [4, []], [13, []], [12, [12, 8, 18]], [8, []], [17, [17, 10, 1, 11]], [20, []], [10, []], [18, []], [1, []], [11, []]]], [[[14, [14, 2, 5]]], [[12, [12, 8, 18]]], [[17, [17, 10, 1, 11]]], [[19, [19, 6, 16]]]]], [[[[0, [9]], [14, [14, 15, 7]], [18, [18, 2]], [15, []], [7, []], [9, []], [2, []], [19, [19, 6, 16]], [6, []], [16, []]], [[0, []], [3, [3, 13, 4, 20]], [13, []], [4, []], [12, [12, 8, 5]], [8, []], [17, [17, 10, 11, 1]], [20, []], [10, []], [1, []], [11, []], [5, []]]], [[[14, [14, 15, 7]]], [[3, [3, 13, 4, 20]]], [[18, [18, 2]]], [[12, [12, 8, 5]]], [[17, [17, 10, 11, 1]]], [[19, [19, 6, 16]]]]]], "Numrun": 5, "all_fitness": [232.78155880229014, 232.56542673728228, 230.59396723939807, 232.33298007235686]}
{"file_name": "U_20_0", "number_of_trucks": 2, "drone_capacity": 10, "number_of_drones": 2, "iteration": 5, "best_fitness": 233.56054240235727, "runtime": 190.21469640731812, "best_solution": [[[[0, []], [14, [14, 15, 7, 9]], [5, [5, 2]], [15, []], [7, []], [9, []], [2, []], [19, [19, 6, 1, 18]], [6, []], [18, []], [1, []]], [[0, [3, 13, 4, 20]], [3, []], [4, []], [13, []], [12, [12, 8]], [8, []], [17, [17, 10, 11, 16]], [20, []], [10, []], [11, []], [16, []]]], [[[14, [14, 15, 7, 9]]], [[5, [5, 2]]], [[12, [12, 8]]], [[17, [17, 10, 11, 16]]], [[19, [19, 6, 1, 18]]]]],