{"file_name": "U_20_1", "number_of_trucks": 2, "drone_capacity": 10, "number_of_drones": 2, "iteration": 1, "best_fitness": 296.9529150099831, "runtime": 313.89816761016846, "best_solution": [[[[0, [4, 3, 16, 12]], [3, []], [12, []], [4, []], [16, [11, 13]], [11, []], [13, []], [8, [8, 17, 10]], [17, []], [10, []]], [[0, [19, 20]], [20, []], [7, [7, 2]], [19, []], [14, [14, 5, 15, 18]], [5, []], [18, []], [15, []], [2, []], [9, [9, 6, 1]], [6, []], [1, []]]], [[[7, [7, 2]]], [[14, [14, 5, 15, 18]]], [[16, [11, 13]]], [[8, [8, 17, 10]]], [[9, [9, 6, 1]]]]], "all_solution": [[[[[0, [4, 3, 16, 12]], [3, []], [12, []], [4, []], [16, [11, 13]], [11, []], [13, []], [8, [8, 17, 10]], [17, []], [10, []]], [[0, [19, 20]], [20, []], [7, [7, 2]], [19, []], [14, [14, 5, 15, 18]], [5, []], [18, []], [15, []], [2, []], [9, [9, 6, 1]], [6, []], [1, []]]], [[[7, [7, 2]]], [[14, [14, 5, 15, 18]]], [[16, [11, 13]]], [[8, [8, 17, 10]]], [[9, [9, 6, 1]]]]]], "Numrun": 5, "all_fitness": [296.9529150099831]}
{"file_name": "U_20_1", "number_of_trucks": 2, "drone_capacity": 10, "number_of_drones": 2, "iteration": 2, "best_fitness": 294.4453450747143, "runtime": 174.23370242118835, "best_solution": [[[[0, [20]], [19, [19, 2]], [2, []], [5, [5, 11, 12, 13, 16]], [16, []], [11, []], [13, []], [12, []], [8, [8, 17, 10]], [17, []], [20, []], [10, []]], [[0, []], [4, [4]], [3, [3]], [14, [14, 18, 15, 7]], [18, []], [15, []], [1, [1]], [7, []], [9, [9, 6]], [6, []]]], [[[19, [19, 2]]], [[4, [4]]], [[3, [3]]], [[5, [5, 11, 12, 13, 16]]], [[14, [14, 18, 15, 7]]], [[1, [1]]], [[8, [8, 17, 10]]], [[9, [9, 6]]]]], "all_solution": [[[[[0, [4, 3, 16, 12]], [3, []], [12, []], [4, []], [16, [11, 13]], [11, []], [13, []], [8, [8, 17, 10]], [17, []], [10, []]], [[0, [19, 20]], [20, []], [7, [7, 2]], [19, []], [14, [14, 5, 15, 18]], [5, []], [18, []], [15, []], [2, []], [9, [9, 6, 1]], [6, []], [1, []]]], [[[7, [7, 2]]], [[14, [14, 5, 15, 18]]], [[16, [11, 13]]], [[8, [8, 17, 10]]], [[9, [9, 6, 1]]]]], [[[[0, [20]], [19, [19, 2]], [2, []], [5, [5, 11, 12, 13, 16]], [16, []], [11, []], [13, []], [12, []], [8, [8, 17, 10]], [17, []], [20, []], [10, []]], [[0, []], [4, [4]], [3, [3]], [14, [14, 18, 15, 7]], [18, []], [15, []], [1, [1]], [7, []], [9, [9, 6]], [6, []]]], [[[19, [19, 2]]], [[4, [4]]], [[3, [3]]], [[5, [5, 11, 12, 13, 16]]], [[14, [14, 18, 15, 7]]], [[1, [1]]], [[8, [8, 17, 10]]], [[9, [9, 6]]]]]], "Numrun": 5, "all_fitness": [296.9529150099831, 294.4453450747143]}
{"file_name": "U_20_1", "number_of_trucks": 2, "drone_capacity": 10, "number_of_drones": 2, "iteration": 3, "best_fitness": 295.84534507471426, "runtime": 186.5191192626953, "best_solution": [[[[0, [12, 2, 19, 7, 16]], [16, []], [2, []], [19, []], [7, []], [10, [10, 17, 13]], [17, []], [8, [8]], [12, []], [13, []]], [[0, [20, 4]], [20, []], [4, []], [3, [3]], [14, [14, 11, 15, 5, 18]], [5, []], [11, []], [1, [1]], [18, []], [15, []], [9, [9, 6]], [6, []]]], [[[3, [3]]], [[14, [14, 11, 15, 5, 18]]], [[1, [1]]], [[10, [10, 17, 13]]], [[8, [8]]], [[9, [9, 6]]]]], "all_solution": [[[[[0, [4, 3, 16, 12]], [3, []], [12, []], [4, []], [16, [11, 13]], [11, []], [13, []], [8, [8, 17, 10]], [17, []], [10, []]], [[0, [19, 20]], [20, []], [7, [7, 2]], [19, []], [14, [14, 5, 15, 18]], [5, []], [18, []], [15, []], [2, []], [9, [9, 6, 1]], [6, []], [1, []]]], [[[7, [7, 2]]], [[14, [14, 5, 15, 18]]], [[16, [11, 13]]], [[8, [8, 17, 10]]], [[9, [9, 6, 1]]]]], [[[[0, [20]], [19, [19, 2]], [2, []], [5, [5, 11, 12, 13, 16]], [16, []], [11, []], [13, []], [12, []], [8, [8, 17, 10]], [17, []], [20, []], [10, []]], [[0, []], [4, [4]], [3, [3]], [14, [14, 18, 15, 7]], [18, []], [15, []], [1, [1]], [7, []], [9, [9, 6]], [6, []]]], [[[19, [19, 2]]], [[4, [4]]], [[3, [3]]], [[5, [5, 11, 12, 13, 16]]], [[14, [14, 18, 15, 7]]], [[1, [1]]], [[8, [8, 17, 10]]], [[9, [9, 6]]]]], [[[[0, [12, 2, 19, 7, 16]], [16, []], [2, []], [19, []], [7, []], [10, [10, 17, 13]], [17, []], [8, [8]], [12, []], [13, []]], [[0, [20, 4]], [20, []], [4, []], [3, [3]], [14, [14, 11, 15, 5, 18]], [5, []], [11, []], [1, [1]], [18, []], [15, []], [9, [9, 6]], [6, []]]], [[[3, [3]]], [[14, [14, 11, 15, 5, 18]]], [[1, [1]]], [[10, [10, 17, 13]]], [[8, [8]]], [[9, [9, 6]]]]]], "Numrun": 5, "all_fitness": [296.9529150099831, 294.4453450747143, 295.84534507471426]}
{"file_name": "U_20_1", "number_of_trucks": 2, "drone_capacity": 10, "number_of_drones": 2, "iteration": 4, "best_fitness": 296.9529150099831, "runtime": 177.4849236011505, "best_solution": [[[[0, [12]], [12, []], [16, [18, 15, 7, 2, 19, 11, 16]], [11, []], [18, []], [15, []], [7, []], [2, []], [19, []], [9, [9, 6, 1]], [6, []], [1, []]], [[0, [14, 3, 4]], [14, []], [5, [5, 13, 10]], [3, []], [4, []], [13, []], [8, [8, 17, 20]], [17, []], [20, []], [10, []]]], [[[16, [18, 15, 7, 2, 19, 11, 16]]], [[5, [5, 13, 10]]], [[8, [8, 17, 20]]], [[9, [9, 6, 1]]]]], "all_solution": [[[[[0, [4, 3, 16, 12]], [3, []], [12, []], [4, []], [16, [11, 13]], [11, []], [13, []], [8, [8, 17, 10]], [17, []], [10, []]], [[0, [19, 20]], [20, []], [7, [7, 2]], [19, []], [14, [14, 5, 15, 18]], [5, []], [18, []], [15, []], [2, []], [9, [9, 6, 1]], [6, []], [1, []]]], [[[7, [7, 2]]], [[14, [14, 5, 15, 18]]], [[16, [11, 13]]], [[8, [8, 17, 10]]], [[9, [9, 6, 1]]]]], [[[[0, [20]], [19, [19, 2]], [2, []], [5, [5, 11, 12, 13, 16]], [16, []], [11, []], [13, []], [12, []], [8, [8, 17, 10]], [17, []], [20, []], [10, []]], [[0, []], [4, [4]], [3, [3]], [14, [14, 18, 15, 7]], [18, []], [15, []], [1, [1]], [7, []], [9, [9, 6]], [6, []]]], [[[19, [19, 2]]], [[4, [4]]], [[3, [3]]], [[5, [5, 11, 12, 13, 16]]], [[14, [14, 18, 15, 7]]], [[1, [1]]], [[8, [8, 17, 10]]], [[9, [9, 6]]]]], [[[[0, [12, 2, 19, 7, 16]], [16, []], [2, []], [19, []], [7, []], [10, [10, 17, 13]], [17, []], [8, [8]], [12, []], [13, []]], [[0, [20, 4]], [20, []], [4, []], [3, [3]], [14, [14, 11, 15, 5, 18]], [5, []], [11, []], [1, [1]], [18, []], [15, []], [9, [9, 6]], [6, []]]], [[[3, [3]]], [[14, [14, 11, 15, 5, 18]]], [[1, [1]]], [[10, [10, 17, 13]]], [[8, [8]]], [[9, [9, 6]]]]], [[[[0, [12]], [12, []], [16, [18, 15, 7, 2, 19, 11, 16]], [11, []], [18, []], [15, []], [7, []], [2, []], [19, []], [9, [9, 6, 1]], [6, []], [1, []]], [[0, [14, 3, 4]], [14, []], [5, [5, 13, 10]], [3, []], [4, []], [13, []], [8, [8, 17, 20]], [17, []], [20, []], [10, []]]], [[[16, [18, 15, 7, 2, 19, 11, 16]]], [[5, [5, 13, 10]]], [[8, [8, 17, 20]]], [[9, [9, 6, 1]]]]]], "Numrun": 5, "all_fitness": [296.9529150099831, 294.4453450747143, 295.84534507471426, 296.9529150099831]}
{"file_name": "U_20_1", "number_of_trucks": 2, "drone_capacity": 10, "number_of_drones": 2, "iteration": 5, "best_fitness": 296.9529150099831, "runtime": 237.37287020683289, "best_solution": [[[[0, [20, 4, 12, 3]], [20, []], [12, []], [3, []], [4, []], [13, [13, 17, 10]], [8, [8]], [17, []], [10, []]], [[0, [19, 16, 2]], [16, []], [14, [14]], [5, [5, 11, 15, 7, 18]], [11, []], [18, []], [15, []], [7, []], [19, []], [2, []], [9, [6, 9, 1]], [6, []], [1, []]]], [[[14, [14]]], [[5, [5, 11, 15, 7, 18]]], [[13, [13, 17, 10]]], [[8, [8]]], [[9, [6, 9, 1]]]]],