{"file_name": "U_20_0", "number_of_trucks": 2, "drone_capacity": 10, "number_of_drones": 2, "iteration": 1, "best_fitness": 196.0463456900497, "runtime": 232.63867735862732, "best_solution": [[[[0, [6, 3, 20, 5, 18, 1, 17, 15]], [6, []], [15, []], [1, []], [17, []], [9, [9, 10]], [3, []], [10, []], [5, []], [20, []], [18, []]], [[0, [19, 2]], [19, []], [2, []], [13, [13, 4, 12, 11]], [4, []], [12, []], [11, []], [16, [16, 14, 7, 8]], [14, []], [7, []], [8, []]]], [[[9, [9, 10]]], [[13, [13, 4, 12, 11]]], [[16, [16, 14, 7, 8]]]]], "all_solution": [[[[[0, [6, 3, 20, 5, 18, 1, 17, 15]], [6, []], [15, []], [1, []], [17, []], [9, [9, 10]], [3, []], [10, []], [5, []], [20, []], [18, []]], [[0, [19, 2]], [19, []], [2, []], [13, [13, 4, 12, 11]], [4, []], [12, []], [11, []], [16, [16, 14, 7, 8]], [14, []], [7, []], [8, []]]], [[[9, [9, 10]]], [[13, [13, 4, 12, 11]]], [[16, [16, 14, 7, 8]]]]]], "Numrun": 5, "all_fitness": [196.0463456900497]}
{"file_name": "U_20_0", "number_of_trucks": 2, "drone_capacity": 10, "number_of_drones": 2, "iteration": 2, "best_fitness": 196.0463456900497, "runtime": 190.92135047912598, "best_solution": [[[[0, [1, 3]], [1, []], [15, [15, 18, 20, 5, 6]], [18, []], [20, []], [5, []], [10, [10, 9, 17]], [3, []], [9, []], [17, []], [6, []]], [[0, [2, 19]], [19, []], [2, []], [13, [13, 4, 11, 12]], [4, []], [11, []], [12, []], [16, [16, 14, 8, 7]], [14, []], [7, []], [8, []]]], [[[15, [15, 18, 20, 5, 6]]], [[13, [13, 4, 11, 12]]], [[10, [10, 9, 17]]], [[16, [16, 14, 8, 7]]]]], "all_solution": [[[[[0, [6, 3, 20, 5, 18, 1, 17, 15]], [6, []], [15, []], [1, []], [17, []], [9, [9, 10]], [3, []], [10, []], [5, []], [20, []], [18, []]], [[0, [19, 2]], [19, []], [2, []], [13, [13, 4, 12, 11]], [4, []], [12, []], [11, []], [16, [16, 14, 7, 8]], [14, []], [7, []], [8, []]]], [[[9, [9, 10]]], [[13, [13, 4, 12, 11]]], [[16, [16, 14, 7, 8]]]]], [[[[0, [1, 3]], [1, []], [15, [15, 18, 20, 5, 6]], [18, []], [20, []], [5, []], [10, [10, 9, 17]], [3, []], [9, []], [17, []], [6, []]], [[0, [2, 19]], [19, []], [2, []], [13, [13, 4, 11, 12]], [4, []], [11, []], [12, []], [16, [16, 14, 8, 7]], [14, []], [7, []], [8, []]]], [[[15, [15, 18, 20, 5, 6]]], [[13, [13, 4, 11, 12]]], [[10, [10, 9, 17]]], [[16, [16, 14, 8, 7]]]]]], "Numrun": 5, "all_fitness": [196.0463456900497, 196.0463456900497]}
{"file_name": "U_20_0", "number_of_trucks": 2, "drone_capacity": 10, "number_of_drones": 2, "iteration": 3, "best_fitness": 195.9263456900497, "runtime": 350.57561683654785, "best_solution": [[[[0, [3, 18, 17, 20, 1]], [18, []], [5, [5, 10, 9]], [3, []], [10, []], [20, []], [9, []], [17, []], [8, [8]], [1, []]], [[0, [19, 2, 15, 6]], [19, []], [2, []], [13, [13, 4, 11, 12]], [4, []], [11, []], [12, []], [16, [16, 14, 7]], [14, []], [7, []], [15, []], [6, []]]], [[[13, [13, 4, 11, 12]]], [[5, [5, 10, 9]]], [[8, [8]]], [[16, [16, 14, 7]]]]], "all_solution": [[[[[0, [6, 3, 20, 5, 18, 1, 17, 15]], [6, []], [15, []], [1, []], [17, []], [9, [9, 10]], [3, []], [10, []], [5, []], [20, []], [18, []]], [[0, [19, 2]], [19, []], [2, []], [13, [13, 4, 12, 11]], [4, []], [12, []], [11, []], [16, [16, 14, 7, 8]], [14, []], [7, []], [8, []]]], [[[9, [9, 10]]], [[13, [13, 4, 12, 11]]], [[16, [16, 14, 7, 8]]]]], [[[[0, [1, 3]], [1, []], [15, [15, 18, 20, 5, 6]], [18, []], [20, []], [5, []], [10, [10, 9, 17]], [3, []], [9, []], [17, []], [6, []]], [[0, [2, 19]], [19, []], [2, []], [13, [13, 4, 11, 12]], [4, []], [11, []], [12, []], [16, [16, 14, 8, 7]], [14, []], [7, []], [8, []]]], [[[15, [15, 18, 20, 5, 6]]], [[13, [13, 4, 11, 12]]], [[10, [10, 9, 17]]], [[16, [16, 14, 8, 7]]]]], [[[[0, [3, 18, 17, 20, 1]], [18, []], [5, [5, 10, 9]], [3, []], [10, []], [20, []], [9, []], [17, []], [8, [8]], [1, []]], [[0, [19, 2, 15, 6]], [19, []], [2, []], [13, [13, 4, 11, 12]], [4, []], [11, []], [12, []], [16, [16, 14, 7]], [14, []], [7, []], [15, []], [6, []]]], [[[13, [13, 4, 11, 12]]], [[5, [5, 10, 9]]], [[8, [8]]], [[16, [16, 14, 7]]]]]], "Numrun": 5, "all_fitness": [196.0463456900497, 196.0463456900497, 195.9263456900497]}
{"file_name": "U_20_0", "number_of_trucks": 2, "drone_capacity": 10, "number_of_drones": 2, "iteration": 4, "best_fitness": 191.96615386157424, "runtime": 356.94934821128845, "best_solution": [[[[0, [20, 3, 1, 6]], [20, []], [3, []], [10, [10, 5, 9, 17, 15]], [5, []], [9, []], [17, []], [15, []], [1, []], [8, [8]], [6, []]], [[0, [2, 19]], [19, []], [2, []], [13, [13, 4, 11, 12, 18]], [4, []], [11, []], [12, []], [16, [16, 14, 7]], [14, []], [7, []], [18, []]]], [[[13, [13, 4, 11, 12, 18]]], [[10, [10, 5, 9, 17, 15]]], [[8, [8]]], [[16, [16, 14, 7]]]]], "all_solution": [[[[[0, [6, 3, 20, 5, 18, 1, 17, 15]], [6, []], [15, []], [1, []], [17, []], [9, [9, 10]], [3, []], [10, []], [5, []], [20, []], [18, []]], [[0, [19, 2]], [19, []], [2, []], [13, [13, 4, 12, 11]], [4, []], [12, []], [11, []], [16, [16, 14, 7, 8]], [14, []], [7, []], [8, []]]], [[[9, [9, 10]]], [[13, [13, 4, 12, 11]]], [[16, [16, 14, 7, 8]]]]], [[[[0, [1, 3]], [1, []], [15, [15, 18, 20, 5, 6]], [18, []], [20, []], [5, []], [10, [10, 9, 17]], [3, []], [9, []], [17, []], [6, []]], [[0, [2, 19]], [19, []], [2, []], [13, [13, 4, 11, 12]], [4, []], [11, []], [12, []], [16, [16, 14, 8, 7]], [14, []], [7, []], [8, []]]], [[[15, [15, 18, 20, 5, 6]]], [[13, [13, 4, 11, 12]]], [[10, [10, 9, 17]]], [[16, [16, 14, 8, 7]]]]], [[[[0, [3, 18, 17, 20, 1]], [18, []], [5, [5, 10, 9]], [3, []], [10, []], [20, []], [9, []], [17, []], [8, [8]], [1, []]], [[0, [19, 2, 15, 6]], [19, []], [2, []], [13, [13, 4, 11, 12]], [4, []], [11, []], [12, []], [16, [16, 14, 7]], [14, []], [7, []], [15, []], [6, []]]], [[[13, [13, 4, 11, 12]]], [[5, [5, 10, 9]]], [[8, [8]]], [[16, [16, 14, 7]]]]], [[[[0, [20, 3, 1, 6]], [20, []], [3, []], [10, [10, 5, 9, 17, 15]], [5, []], [9, []], [17, []], [15, []], [1, []], [8, [8]], [6, []]], [[0, [2, 19]], [19, []], [2, []], [13, [13, 4, 11, 12, 18]], [4, []], [11, []], [12, []], [16, [16, 14, 7]], [14, []], [7, []], [18, []]]], [[[13, [13, 4, 11, 12, 18]]], [[10, [10, 5, 9, 17, 15]]], [[8, [8]]], [[16, [16, 14, 7]]]]]], "Numrun": 5, "all_fitness": [196.0463456900497, 196.0463456900497, 195.9263456900497, 191.96615386157424]}
{"file_name": "U_20_0", "number_of_trucks": 2, "drone_capacity": 10, "number_of_drones": 2, "iteration": 5, "best_fitness": 203.28000000000003, "runtime": 310.8660135269165, "best_solution": [[[[0, [19, 3]], [19, []], [3, []], [9, [9, 10, 12, 13, 2, 4, 11]], [10, []], [12, []], [11, []], [4, []], [13, []], [2, []]], [[0, [1, 6]], [1, []], [6, []], [18, [18, 5, 20]], [5, []], [20, []], [16, [16, 14, 8, 7, 15, 17]], [14, []], [7, []], [15, []], [17, []], [8, []]]], [[[9, [9, 10, 12, 13, 2, 4, 11]]], [[18, [18, 5, 20]]], [[16, [16, 14, 8, 7, 15, 17]]]]],