{"file_name": "U_20_1", "number_of_trucks": 2, "drone_capacity": 10, "number_of_drones": 2, "iteration": 1, "best_fitness": 282.47027397054626, "runtime": 262.9942104816437, "best_solution": [[[[0, [12, 4, 17, 15]], [15, []], [12, []], [4, []], [17, []], [18, [18, 10, 14, 6, 7, 13]], [10, []], [13, []], [14, []], [6, []], [7, []]], [[0, [8, 9, 16]], [19, [19]], [9, []], [8, [11]], [11, []], [16, []], [1, [1]], [20, [20, 3, 5, 2]], [3, []], [5, []], [2, []]]], [[[19, [19]]], [[8, [11]]], [[18, [18, 10, 14, 6, 7, 13]]], [[1, [1]]], [[20, [20, 3, 5, 2]]]]], "all_solution": [[[[[0, [12, 4, 17, 15]], [15, []], [12, []], [4, []], [17, []], [18, [18, 10, 14, 6, 7, 13]], [10, []], [13, []], [14, []], [6, []], [7, []]], [[0, [8, 9, 16]], [19, [19]], [9, []], [8, [11]], [11, []], [16, []], [1, [1]], [20, [20, 3, 5, 2]], [3, []], [5, []], [2, []]]], [[[19, [19]]], [[8, [11]]], [[18, [18, 10, 14, 6, 7, 13]]], [[1, [1]]], [[20, [20, 3, 5, 2]]]]]], "Numrun": 5, "all_fitness": [282.47027397054626]}
{"file_name": "U_20_1", "number_of_trucks": 2, "drone_capacity": 10, "number_of_drones": 2, "iteration": 2, "best_fitness": 281.26103409851703, "runtime": 259.45072078704834, "best_solution": [[[[0, [16, 12]], [12, []], [4, [4, 17]], [17, []], [16, []], [18, [18]], [20, [20, 5, 13, 14, 6, 7]], [5, []], [13, []], [14, []], [6, []], [7, []]], [[0, [8, 19]], [15, [15, 9]], [9, []], [8, []], [11, [11]], [19, []], [10, [10, 1]], [1, []], [3, [3, 2]], [2, []]]], [[[15, [15, 9]]], [[4, [4, 17]]], [[11, [11]]], [[18, [18]]], [[20, [20, 5, 13, 14, 6, 7]]], [[10, [10, 1]]], [[3, [3, 2]]]]], "all_solution": [[[[[0, [12, 4, 17, 15]], [15, []], [12, []], [4, []], [17, []], [18, [18, 10, 14, 6, 7, 13]], [10, []], [13, []], [14, []], [6, []], [7, []]], [[0, [8, 9, 16]], [19, [19]], [9, []], [8, [11]], [11, []], [16, []], [1, [1]], [20, [20, 3, 5, 2]], [3, []], [5, []], [2, []]]], [[[19, [19]]], [[8, [11]]], [[18, [18, 10, 14, 6, 7, 13]]], [[1, [1]]], [[20, [20, 3, 5, 2]]]]], [[[[0, [16, 12]], [12, []], [4, [4, 17]], [17, []], [16, []], [18, [18]], [20, [20, 5, 13, 14, 6, 7]], [5, []], [13, []], [14, []], [6, []], [7, []]], [[0, [8, 19]], [15, [15, 9]], [9, []], [8, []], [11, [11]], [19, []], [10, [10, 1]], [1, []], [3, [3, 2]], [2, []]]], [[[15, [15, 9]]], [[4, [4, 17]]], [[11, [11]]], [[18, [18]]], [[20, [20, 5, 13, 14, 6, 7]]], [[10, [10, 1]]], [[3, [3, 2]]]]]], "Numrun": 5, "all_fitness": [282.47027397054626, 281.26103409851703]}
{"file_name": "U_20_1", "number_of_trucks": 2, "drone_capacity": 10, "number_of_drones": 2, "iteration": 3, "best_fitness": 282.47027397054626, "runtime": 220.9267339706421, "best_solution": [[[[0, [4, 17, 12, 16]], [16, []], [4, []], [17, []], [18, [18, 13, 14, 6, 7, 10]], [10, []], [13, []], [14, []], [12, []], [6, []], [7, []]], [[0, [19, 8, 9, 15]], [9, []], [15, []], [19, []], [8, [11]], [11, []], [1, [1, 5]], [5, []], [3, [3, 20, 2]], [20, []], [2, []]]], [[[8, [11]]], [[18, [18, 13, 14, 6, 7, 10]]], [[1, [1, 5]]], [[3, [3, 20, 2]]]]], "all_solution": [[[[[0, [12, 4, 17, 15]], [15, []], [12, []], [4, []], [17, []], [18, [18, 10, 14, 6, 7, 13]], [10, []], [13, []], [14, []], [6, []], [7, []]], [[0, [8, 9, 16]], [19, [19]], [9, []], [8, [11]], [11, []], [16, []], [1, [1]], [20, [20, 3, 5, 2]], [3, []], [5, []], [2, []]]], [[[19, [19]]], [[8, [11]]], [[18, [18, 10, 14, 6, 7, 13]]], [[1, [1]]], [[20, [20, 3, 5, 2]]]]], [[[[0, [16, 12]], [12, []], [4, [4, 17]], [17, []], [16, []], [18, [18]], [20, [20, 5, 13, 14, 6, 7]], [5, []], [13, []], [14, []], [6, []], [7, []]], [[0, [8, 19]], [15, [15, 9]], [9, []], [8, []], [11, [11]], [19, []], [10, [10, 1]], [1, []], [3, [3, 2]], [2, []]]], [[[15, [15, 9]]], [[4, [4, 17]]], [[11, [11]]], [[18, [18]]], [[20, [20, 5, 13, 14, 6, 7]]], [[10, [10, 1]]], [[3, [3, 2]]]]], [[[[0, [4, 17, 12, 16]], [16, []], [4, []], [17, []], [18, [18, 13, 14, 6, 7, 10]], [10, []], [13, []], [14, []], [12, []], [6, []], [7, []]], [[0, [19, 8, 9, 15]], [9, []], [15, []], [19, []], [8, [11]], [11, []], [1, [1, 5]], [5, []], [3, [3, 20, 2]], [20, []], [2, []]]], [[[8, [11]]], [[18, [18, 13, 14, 6, 7, 10]]], [[1, [1, 5]]], [[3, [3, 20, 2]]]]]], "Numrun": 5, "all_fitness": [282.47027397054626, 281.26103409851703, 282.47027397054626]}
{"file_name": "U_20_1", "number_of_trucks": 2, "drone_capacity": 10, "number_of_drones": 2, "iteration": 4, "best_fitness": 283.3013724500268, "runtime": 204.1578962802887, "best_solution": [[[[0, [9, 19, 15, 12]], [15, []], [9, []], [19, []], [12, []], [7, [7, 6, 14, 13, 10, 18]], [6, []], [14, []], [13, []], [10, []], [18, []]], [[0, [16, 17, 4]], [17, []], [4, []], [11, [11, 8]], [16, []], [8, []], [1, [1, 5]], [20, [3, 20, 2]], [3, []], [5, []], [2, []]]], [[[7, [7, 6, 14, 13, 10, 18]]], [[11, [11, 8]]], [[1, [1, 5]]], [[20, [3, 20, 2]]]]], "all_solution": [[[[[0, [12, 4, 17, 15]], [15, []], [12, []], [4, []], [17, []], [18, [18, 10, 14, 6, 7, 13]], [10, []], [13, []], [14, []], [6, []], [7, []]], [[0, [8, 9, 16]], [19, [19]], [9, []], [8, [11]], [11, []], [16, []], [1, [1]], [20, [20, 3, 5, 2]], [3, []], [5, []], [2, []]]], [[[19, [19]]], [[8, [11]]], [[18, [18, 10, 14, 6, 7, 13]]], [[1, [1]]], [[20, [20, 3, 5, 2]]]]], [[[[0, [16, 12]], [12, []], [4, [4, 17]], [17, []], [16, []], [18, [18]], [20, [20, 5, 13, 14, 6, 7]], [5, []], [13, []], [14, []], [6, []], [7, []]], [[0, [8, 19]], [15, [15, 9]], [9, []], [8, []], [11, [11]], [19, []], [10, [10, 1]], [1, []], [3, [3, 2]], [2, []]]], [[[15, [15, 9]]], [[4, [4, 17]]], [[11, [11]]], [[18, [18]]], [[20, [20, 5, 13, 14, 6, 7]]], [[10, [10, 1]]], [[3, [3, 2]]]]], [[[[0, [4, 17, 12, 16]], [16, []], [4, []], [17, []], [18, [18, 13, 14, 6, 7, 10]], [10, []], [13, []], [14, []], [12, []], [6, []], [7, []]], [[0, [19, 8, 9, 15]], [9, []], [15, []], [19, []], [8, [11]], [11, []], [1, [1, 5]], [5, []], [3, [3, 20, 2]], [20, []], [2, []]]], [[[8, [11]]], [[18, [18, 13, 14, 6, 7, 10]]], [[1, [1, 5]]], [[3, [3, 20, 2]]]]], [[[[0, [9, 19, 15, 12]], [15, []], [9, []], [19, []], [12, []], [7, [7, 6, 14, 13, 10, 18]], [6, []], [14, []], [13, []], [10, []], [18, []]], [[0, [16, 17, 4]], [17, []], [4, []], [11, [11, 8]], [16, []], [8, []], [1, [1, 5]], [20, [3, 20, 2]], [3, []], [5, []], [2, []]]], [[[7, [7, 6, 14, 13, 10, 18]]], [[11, [11, 8]]], [[1, [1, 5]]], [[20, [3, 20, 2]]]]]], "Numrun": 5, "all_fitness": [282.47027397054626, 281.26103409851703, 282.47027397054626, 283.3013724500268]}
{"file_name": "U_20_1", "number_of_trucks": 2, "drone_capacity": 10, "number_of_drones": 2, "iteration": 5, "best_fitness": 281.14893724073016, "runtime": 174.44152545928955, "best_solution": [[[[0, [19, 8, 16, 15, 9]], [15, []], [9, []], [8, []], [11, [11]], [16, []], [19, []], [18, [18, 10, 1, 5, 20]], [10, []], [1, []], [20, []], [5, []]], [[0, [12]], [12, []], [17, [17, 4]], [4, []], [7, [7, 6, 14]], [6, []], [14, [3, 13, 2]], [3, []], [13, []], [2, []]]], [[[17, [17, 4]]], [[11, [11]]], [[7, [7, 6, 14]]], [[18, [18, 10, 1, 5, 20]]], [[14, [3, 13, 2]]]]],