{"file_name": "U_20_1", "number_of_trucks": 2, "drone_capacity": 10, "number_of_drones": 2, "iteration": 1, "best_fitness": 296.80798761563426, "runtime": 180.01864504814148, "best_solution": [[[[0, [15, 18, 14, 3]], [18, []], [15, []], [1, [1, 8, 10, 9]], [8, []], [9, []], [3, []], [10, []], [14, []], [7, [7, 17, 6]], [17, []], [6, []]], [[0, [2, 16]], [2, []], [12, [12, 11]], [11, []], [16, []], [13, [13, 20, 4]], [4, []], [20, []], [5, [5, 19]], [19, []]]], [[[1, [1, 8, 10, 9]]], [[12, [12, 11]]], [[13, [13, 20, 4]]], [[7, [7, 17, 6]]], [[5, [5, 19]]]]], "all_solution": [[[[[0, [15, 18, 14, 3]], [18, []], [15, []], [1, [1, 8, 10, 9]], [8, []], [9, []], [3, []], [10, []], [14, []], [7, [7, 17, 6]], [17, []], [6, []]], [[0, [2, 16]], [2, []], [12, [12, 11]], [11, []], [16, []], [13, [13, 20, 4]], [4, []], [20, []], [5, [5, 19]], [19, []]]], [[[1, [1, 8, 10, 9]]], [[12, [12, 11]]], [[13, [13, 20, 4]]], [[7, [7, 17, 6]]], [[5, [5, 19]]]]]], "Numrun": 5, "all_fitness": [296.80798761563426]}
{"file_name": "U_20_1", "number_of_trucks": 2, "drone_capacity": 10, "number_of_drones": 2, "iteration": 2, "best_fitness": 296.80798761563426, "runtime": 177.5549087524414, "best_solution": [[[[0, [16, 14]], [16, []], [14, []], [4, [4, 20, 12, 13, 11]], [13, []], [11, []], [12, []], [20, []], [5, [5, 19]], [19, []]], [[0, [2, 18, 3, 15]], [2, []], [18, []], [8, [8, 1, 9, 10]], [1, []], [15, []], [10, []], [3, []], [9, []], [7, [7, 17, 6]], [17, []], [6, []]]], [[[4, [4, 20, 12, 13, 11]]], [[8, [8, 1, 9, 10]]], [[7, [7, 17, 6]]], [[5, [5, 19]]]]], "all_solution": [[[[[0, [15, 18, 14, 3]], [18, []], [15, []], [1, [1, 8, 10, 9]], [8, []], [9, []], [3, []], [10, []], [14, []], [7, [7, 17, 6]], [17, []], [6, []]], [[0, [2, 16]], [2, []], [12, [12, 11]], [11, []], [16, []], [13, [13, 20, 4]], [4, []], [20, []], [5, [5, 19]], [19, []]]], [[[1, [1, 8, 10, 9]]], [[12, [12, 11]]], [[13, [13, 20, 4]]], [[7, [7, 17, 6]]], [[5, [5, 19]]]]], [[[[0, [16, 14]], [16, []], [14, []], [4, [4, 20, 12, 13, 11]], [13, []], [11, []], [12, []], [20, []], [5, [5, 19]], [19, []]], [[0, [2, 18, 3, 15]], [2, []], [18, []], [8, [8, 1, 9, 10]], [1, []], [15, []], [10, []], [3, []], [9, []], [7, [7, 17, 6]], [17, []], [6, []]]], [[[4, [4, 20, 12, 13, 11]]], [[8, [8, 1, 9, 10]]], [[7, [7, 17, 6]]], [[5, [5, 19]]]]]], "Numrun": 5, "all_fitness": [296.80798761563426, 296.80798761563426]}
{"file_name": "U_20_1", "number_of_trucks": 2, "drone_capacity": 10, "number_of_drones": 2, "iteration": 3, "best_fitness": 296.80798761563426, "runtime": 232.65246033668518, "best_solution": [[[[0, [2, 3, 15, 18]], [2, []], [15, []], [1, [1, 8, 10, 9]], [8, []], [9, []], [3, []], [10, []], [7, [7, 17, 6]], [17, []], [6, []], [18, []]], [[0, [16]], [11, [11, 12, 14]], [12, []], [16, []], [4, [4, 13, 20]], [13, []], [14, []], [20, []], [5, [5, 19]], [19, []]]], [[[11, [11, 12, 14]]], [[1, [1, 8, 10, 9]]], [[4, [4, 13, 20]]], [[7, [7, 17, 6]]], [[5, [5, 19]]]]], "all_solution": [[[[[0, [15, 18, 14, 3]], [18, []], [15, []], [1, [1, 8, 10, 9]], [8, []], [9, []], [3, []], [10, []], [14, []], [7, [7, 17, 6]], [17, []], [6, []]], [[0, [2, 16]], [2, []], [12, [12, 11]], [11, []], [16, []], [13, [13, 20, 4]], [4, []], [20, []], [5, [5, 19]], [19, []]]], [[[1, [1, 8, 10, 9]]], [[12, [12, 11]]], [[13, [13, 20, 4]]], [[7, [7, 17, 6]]], [[5, [5, 19]]]]], [[[[0, [16, 14]], [16, []], [14, []], [4, [4, 20, 12, 13, 11]], [13, []], [11, []], [12, []], [20, []], [5, [5, 19]], [19, []]], [[0, [2, 18, 3, 15]], [2, []], [18, []], [8, [8, 1, 9, 10]], [1, []], [15, []], [10, []], [3, []], [9, []], [7, [7, 17, 6]], [17, []], [6, []]]], [[[4, [4, 20, 12, 13, 11]]], [[8, [8, 1, 9, 10]]], [[7, [7, 17, 6]]], [[5, [5, 19]]]]], [[[[0, [2, 3, 15, 18]], [2, []], [15, []], [1, [1, 8, 10, 9]], [8, []], [9, []], [3, []], [10, []], [7, [7, 17, 6]], [17, []], [6, []], [18, []]], [[0, [16]], [11, [11, 12, 14]], [12, []], [16, []], [4, [4, 13, 20]], [13, []], [14, []], [20, []], [5, [5, 19]], [19, []]]], [[[11, [11, 12, 14]]], [[1, [1, 8, 10, 9]]], [[4, [4, 13, 20]]], [[7, [7, 17, 6]]], [[5, [5, 19]]]]]], "Numrun": 5, "all_fitness": [296.80798761563426, 296.80798761563426, 296.80798761563426]}
{"file_name": "U_20_1", "number_of_trucks": 2, "drone_capacity": 10, "number_of_drones": 2, "iteration": 4, "best_fitness": 296.80798761563426, "runtime": 166.60244607925415, "best_solution": [[[[0, [2, 3, 18]], [18, []], [2, []], [16, [16, 12, 11]], [12, []], [11, []], [10, [10, 9, 20]], [9, []], [3, []], [20, []], [5, [5, 19]], [19, []]], [[0, [15]], [1, [1]], [15, []], [4, [4, 13, 14, 8]], [13, []], [14, []], [7, [7, 17, 6]], [17, []], [8, []], [6, []]]], [[[16, [16, 12, 11]]], [[1, [1]]], [[4, [4, 13, 14, 8]]], [[10, [10, 9, 20]]], [[5, [5, 19]]], [[7, [7, 17, 6]]]]], "all_solution": [[[[[0, [15, 18, 14, 3]], [18, []], [15, []], [1, [1, 8, 10, 9]], [8, []], [9, []], [3, []], [10, []], [14, []], [7, [7, 17, 6]], [17, []], [6, []]], [[0, [2, 16]], [2, []], [12, [12, 11]], [11, []], [16, []], [13, [13, 20, 4]], [4, []], [20, []], [5, [5, 19]], [19, []]]], [[[1, [1, 8, 10, 9]]], [[12, [12, 11]]], [[13, [13, 20, 4]]], [[7, [7, 17, 6]]], [[5, [5, 19]]]]], [[[[0, [16, 14]], [16, []], [14, []], [4, [4, 20, 12, 13, 11]], [13, []], [11, []], [12, []], [20, []], [5, [5, 19]], [19, []]], [[0, [2, 18, 3, 15]], [2, []], [18, []], [8, [8, 1, 9, 10]], [1, []], [15, []], [10, []], [3, []], [9, []], [7, [7, 17, 6]], [17, []], [6, []]]], [[[4, [4, 20, 12, 13, 11]]], [[8, [8, 1, 9, 10]]], [[7, [7, 17, 6]]], [[5, [5, 19]]]]], [[[[0, [2, 3, 15, 18]], [2, []], [15, []], [1, [1, 8, 10, 9]], [8, []], [9, []], [3, []], [10, []], [7, [7, 17, 6]], [17, []], [6, []], [18, []]], [[0, [16]], [11, [11, 12, 14]], [12, []], [16, []], [4, [4, 13, 20]], [13, []], [14, []], [20, []], [5, [5, 19]], [19, []]]], [[[11, [11, 12, 14]]], [[1, [1, 8, 10, 9]]], [[4, [4, 13, 20]]], [[7, [7, 17, 6]]], [[5, [5, 19]]]]], [[[[0, [2, 3, 18]], [18, []], [2, []], [16, [16, 12, 11]], [12, []], [11, []], [10, [10, 9, 20]], [9, []], [3, []], [20, []], [5, [5, 19]], [19, []]], [[0, [15]], [1, [1]], [15, []], [4, [4, 13, 14, 8]], [13, []], [14, []], [7, [7, 17, 6]], [17, []], [8, []], [6, []]]], [[[16, [16, 12, 11]]], [[1, [1]]], [[4, [4, 13, 14, 8]]], [[10, [10, 9, 20]]], [[5, [5, 19]]], [[7, [7, 17, 6]]]]]], "Numrun": 5, "all_fitness": [296.80798761563426, 296.80798761563426, 296.80798761563426, 296.80798761563426]}
{"file_name": "U_20_1", "number_of_trucks": 2, "drone_capacity": 10, "number_of_drones": 2, "iteration": 5, "best_fitness": 296.80798761563426, "runtime": 185.5194821357727, "best_solution": [[[[0, [14, 3, 15, 2, 18]], [2, []], [15, []], [18, []], [14, [20, 10, 9]], [20, []], [10, []], [9, []], [3, []], [5, [5, 19]], [19, []]], [[0, []], [16, [16, 11, 12]], [12, []], [11, []], [13, [13, 8, 4, 1]], [4, []], [7, [7, 17, 6]], [17, []], [1, []], [8, []], [6, []]]], [[[14, [20, 10, 9]]], [[16, [16, 11, 12]]], [[13, [13, 8, 4, 1]]], [[7, [7, 17, 6]]], [[5, [5, 19]]]]],