{"file_name": "U_20_1", "number_of_trucks": 2, "drone_capacity": 10, "number_of_drones": 2, "iteration": 1, "best_fitness": 419.34377108426247, "runtime": 161.76234078407288, "best_solution": [[[[0, [10]], [10, [5]], [5, []], [9, [9, 19]], [19, []], [11, [11, 6, 7]], [6, []], [7, []], [8, [8, 20]], [20, []]], [[0, [17, 3, 15, 18, 1]], [13, [16, 13]], [16, []], [15, []], [17, []], [18, []], [1, []], [14, [14, 2]], [2, []], [3, []], [4, [4, 12]], [12, []]]], [[[10, [5]]], [[13, [16, 13]]], [[9, [9, 19]]], [[14, [14, 2]]], [[11, [11, 6, 7]]], [[4, [4, 12]]], [[8, [8, 20]]]]], "all_solution": [[[[[0, [10]], [10, [5]], [5, []], [9, [9, 19]], [19, []], [11, [11, 6, 7]], [6, []], [7, []], [8, [8, 20]], [20, []]], [[0, [17, 3, 15, 18, 1]], [13, [16, 13]], [16, []], [15, []], [17, []], [18, []], [1, []], [14, [14, 2]], [2, []], [3, []], [4, [4, 12]], [12, []]]], [[[10, [5]]], [[13, [16, 13]]], [[9, [9, 19]]], [[14, [14, 2]]], [[11, [11, 6, 7]]], [[4, [4, 12]]], [[8, [8, 20]]]]]], "Numrun": 5, "all_fitness": [419.34377108426247]}
{"file_name": "U_20_1", "number_of_trucks": 2, "drone_capacity": 10, "number_of_drones": 2, "iteration": 2, "best_fitness": 419.34377108426247, "runtime": 145.66372561454773, "best_solution": [[[[0, [3, 1, 15, 16]], [15, []], [9, [9]], [16, []], [3, []], [2, [2, 14]], [1, []], [14, []], [4, [4, 12]], [12, []]], [[0, []], [10, [10, 18]], [18, []], [17, [17, 5, 13]], [5, []], [13, []], [6, [6, 7, 11]], [7, []], [11, []], [8, [8, 20, 19]], [20, []], [19, []]]], [[[10, [10, 18]]], [[17, [17, 5, 13]]], [[9, [9]]], [[6, [6, 7, 11]]], [[2, [2, 14]]], [[4, [4, 12]]], [[8, [8, 20, 19]]]]], "all_solution": [[[[[0, [10]], [10, [5]], [5, []], [9, [9, 19]], [19, []], [11, [11, 6, 7]], [6, []], [7, []], [8, [8, 20]], [20, []]], [[0, [17, 3, 15, 18, 1]], [13, [16, 13]], [16, []], [15, []], [17, []], [18, []], [1, []], [14, [14, 2]], [2, []], [3, []], [4, [4, 12]], [12, []]]], [[[10, [5]]], [[13, [16, 13]]], [[9, [9, 19]]], [[14, [14, 2]]], [[11, [11, 6, 7]]], [[4, [4, 12]]], [[8, [8, 20]]]]], [[[[0, [3, 1, 15, 16]], [15, []], [9, [9]], [16, []], [3, []], [2, [2, 14]], [1, []], [14, []], [4, [4, 12]], [12, []]], [[0, []], [10, [10, 18]], [18, []], [17, [17, 5, 13]], [5, []], [13, []], [6, [6, 7, 11]], [7, []], [11, []], [8, [8, 20, 19]], [20, []], [19, []]]], [[[10, [10, 18]]], [[17, [17, 5, 13]]], [[9, [9]]], [[6, [6, 7, 11]]], [[2, [2, 14]]], [[4, [4, 12]]], [[8, [8, 20, 19]]]]]], "Numrun": 5, "all_fitness": [419.34377108426247, 419.34377108426247]}
{"file_name": "U_20_1", "number_of_trucks": 2, "drone_capacity": 10, "number_of_drones": 2, "iteration": 3, "best_fitness": 419.34377108426247, "runtime": 172.30560898780823, "best_solution": [[[[0, []], [17, [17, 1, 3]], [1, []], [3, []], [9, [9]], [19, [19, 14, 2]], [14, []], [2, []], [4, [4, 12]], [12, []]], [[0, [18]], [10, [10, 5]], [5, []], [13, [13, 16, 15]], [16, []], [15, []], [18, []], [7, [7, 6, 11]], [6, []], [11, []], [8, [8, 20]], [20, []]]], [[[17, [17, 1, 3]]], [[10, [10, 5]]], [[13, [13, 16, 15]]], [[9, [9]]], [[19, [19, 14, 2]]], [[7, [7, 6, 11]]], [[4, [4, 12]]], [[8, [8, 20]]]]], "all_solution": [[[[[0, [10]], [10, [5]], [5, []], [9, [9, 19]], [19, []], [11, [11, 6, 7]], [6, []], [7, []], [8, [8, 20]], [20, []]], [[0, [17, 3, 15, 18, 1]], [13, [16, 13]], [16, []], [15, []], [17, []], [18, []], [1, []], [14, [14, 2]], [2, []], [3, []], [4, [4, 12]], [12, []]]], [[[10, [5]]], [[13, [16, 13]]], [[9, [9, 19]]], [[14, [14, 2]]], [[11, [11, 6, 7]]], [[4, [4, 12]]], [[8, [8, 20]]]]], [[[[0, [3, 1, 15, 16]], [15, []], [9, [9]], [16, []], [3, []], [2, [2, 14]], [1, []], [14, []], [4, [4, 12]], [12, []]], [[0, []], [10, [10, 18]], [18, []], [17, [17, 5, 13]], [5, []], [13, []], [6, [6, 7, 11]], [7, []], [11, []], [8, [8, 20, 19]], [20, []], [19, []]]], [[[10, [10, 18]]], [[17, [17, 5, 13]]], [[9, [9]]], [[6, [6, 7, 11]]], [[2, [2, 14]]], [[4, [4, 12]]], [[8, [8, 20, 19]]]]], [[[[0, []], [17, [17, 1, 3]], [1, []], [3, []], [9, [9]], [19, [19, 14, 2]], [14, []], [2, []], [4, [4, 12]], [12, []]], [[0, [18]], [10, [10, 5]], [5, []], [13, [13, 16, 15]], [16, []], [15, []], [18, []], [7, [7, 6, 11]], [6, []], [11, []], [8, [8, 20]], [20, []]]], [[[17, [17, 1, 3]]], [[10, [10, 5]]], [[13, [13, 16, 15]]], [[9, [9]]], [[19, [19, 14, 2]]], [[7, [7, 6, 11]]], [[4, [4, 12]]], [[8, [8, 20]]]]]], "Numrun": 5, "all_fitness": [419.34377108426247, 419.34377108426247, 419.34377108426247]}
{"file_name": "U_20_1", "number_of_trucks": 2, "drone_capacity": 10, "number_of_drones": 2, "iteration": 4, "best_fitness": 419.34377108426247, "runtime": 181.0780167579651, "best_solution": [[[[0, [10, 3]], [3, []], [10, []], [9, [9, 13, 16]], [13, []], [19, [19, 14, 2]], [14, []], [16, []], [2, []], [4, [4, 12]], [12, []]], [[0, []], [1, [1, 18, 17, 5, 15]], [18, []], [17, []], [15, []], [5, []], [11, [11, 7, 6]], [7, []], [6, []], [8, [8, 20]], [20, []]]], [[[1, [1, 18, 17, 5, 15]]], [[9, [9, 13, 16]]], [[11, [11, 7, 6]]], [[19, [19, 14, 2]]], [[4, [4, 12]]], [[8, [8, 20]]]]], "all_solution": [[[[[0, [10]], [10, [5]], [5, []], [9, [9, 19]], [19, []], [11, [11, 6, 7]], [6, []], [7, []], [8, [8, 20]], [20, []]], [[0, [17, 3, 15, 18, 1]], [13, [16, 13]], [16, []], [15, []], [17, []], [18, []], [1, []], [14, [14, 2]], [2, []], [3, []], [4, [4, 12]], [12, []]]], [[[10, [5]]], [[13, [16, 13]]], [[9, [9, 19]]], [[14, [14, 2]]], [[11, [11, 6, 7]]], [[4, [4, 12]]], [[8, [8, 20]]]]], [[[[0, [3, 1, 15, 16]], [15, []], [9, [9]], [16, []], [3, []], [2, [2, 14]], [1, []], [14, []], [4, [4, 12]], [12, []]], [[0, []], [10, [10, 18]], [18, []], [17, [17, 5, 13]], [5, []], [13, []], [6, [6, 7, 11]], [7, []], [11, []], [8, [8, 20, 19]], [20, []], [19, []]]], [[[10, [10, 18]]], [[17, [17, 5, 13]]], [[9, [9]]], [[6, [6, 7, 11]]], [[2, [2, 14]]], [[4, [4, 12]]], [[8, [8, 20, 19]]]]], [[[[0, []], [17, [17, 1, 3]], [1, []], [3, []], [9, [9]], [19, [19, 14, 2]], [14, []], [2, []], [4, [4, 12]], [12, []]], [[0, [18]], [10, [10, 5]], [5, []], [13, [13, 16, 15]], [16, []], [15, []], [18, []], [7, [7, 6, 11]], [6, []], [11, []], [8, [8, 20]], [20, []]]], [[[17, [17, 1, 3]]], [[10, [10, 5]]], [[13, [13, 16, 15]]], [[9, [9]]], [[19, [19, 14, 2]]], [[7, [7, 6, 11]]], [[4, [4, 12]]], [[8, [8, 20]]]]], [[[[0, [10, 3]], [3, []], [10, []], [9, [9, 13, 16]], [13, []], [19, [19, 14, 2]], [14, []], [16, []], [2, []], [4, [4, 12]], [12, []]], [[0, []], [1, [1, 18, 17, 5, 15]], [18, []], [17, []], [15, []], [5, []], [11, [11, 7, 6]], [7, []], [6, []], [8, [8, 20]], [20, []]]], [[[1, [1, 18, 17, 5, 15]]], [[9, [9, 13, 16]]], [[11, [11, 7, 6]]], [[19, [19, 14, 2]]], [[4, [4, 12]]], [[8, [8, 20]]]]]], "Numrun": 5, "all_fitness": [419.34377108426247, 419.34377108426247, 419.34377108426247, 419.34377108426247]}
{"file_name": "U_20_1", "number_of_trucks": 2, "drone_capacity": 10, "number_of_drones": 2, "iteration": 5, "best_fitness": 419.34377108426247, "runtime": 154.79063892364502, "best_solution": [[[[0, [10]], [10, []], [18, [18, 17, 1, 5]], [17, []], [1, []], [9, [9]], [5, []], [6, [6, 7, 11, 19]], [7, []], [11, []], [8, [8, 20]], [20, []], [19, []]], [[0, [15, 16, 13]], [13, []], [3, [3]], [15, []], [16, []], [2, [2, 14]], [14, []], [4, [4, 12]], [12, []]]], [[[3, [3]]], [[18, [18, 17, 1, 5]]], [[9, [9]]], [[2, [2, 14]]], [[6, [6, 7, 11, 19]]], [[4, [4, 12]]], [[8, [8, 20]]]]],