{"file_name": "U_20_0", "number_of_trucks": 2, "drone_capacity": 10, "number_of_drones": 2, "iteration": 1, "best_fitness": 188.35822215575567, "runtime": 236.25437235832214, "best_solution": [[[[0, [20, 3, 11, 5]], [5, []], [20, []], [9, [9, 10, 12]], [3, []], [10, []], [11, []], [12, []], [16, [16, 14]], [14, []]], [[0, [19, 2, 18, 15, 6, 17]], [4, [13, 4]], [13, []], [2, []], [19, []], [18, []], [15, []], [17, []], [8, [8, 1, 7]], [1, []], [6, []], [7, []]]], [[[9, [9, 10, 12]]], [[4, [13, 4]]], [[16, [16, 14]]], [[8, [8, 1, 7]]]]], "all_solution": [[[[[0, [20, 3, 11, 5]], [5, []], [20, []], [9, [9, 10, 12]], [3, []], [10, []], [11, []], [12, []], [16, [16, 14]], [14, []]], [[0, [19, 2, 18, 15, 6, 17]], [4, [13, 4]], [13, []], [2, []], [19, []], [18, []], [15, []], [17, []], [8, [8, 1, 7]], [1, []], [6, []], [7, []]]], [[[9, [9, 10, 12]]], [[4, [13, 4]]], [[16, [16, 14]]], [[8, [8, 1, 7]]]]]], "Numrun": 5, "all_fitness": [188.35822215575567]}
{"file_name": "U_20_0", "number_of_trucks": 2, "drone_capacity": 10, "number_of_drones": 2, "iteration": 2, "best_fitness": 184.83429105522941, "runtime": 263.24415588378906, "best_solution": [[[[0, []], [2, [2, 19, 1]], [19, [17, 6, 15, 18]], [18, []], [15, []], [17, []], [6, []], [1, []], [8, [8, 14, 7, 16]], [7, []], [14, []], [16, []]], [[0, [20]], [20, []], [5, [5]], [9, [9, 10, 12, 11, 13, 3, 4]], [3, []], [10, []], [12, []], [11, []], [13, []], [4, []]]], [[[2, [2, 19, 1]]], [[5, [5]]], [[19, [17, 6, 15, 18]]], [[8, [8, 14, 7, 16]]], [[9, [9, 10, 12, 11, 13, 3, 4]]]]], "all_solution": [[[[[0, [20, 3, 11, 5]], [5, []], [20, []], [9, [9, 10, 12]], [3, []], [10, []], [11, []], [12, []], [16, [16, 14]], [14, []]], [[0, [19, 2, 18, 15, 6, 17]], [4, [13, 4]], [13, []], [2, []], [19, []], [18, []], [15, []], [17, []], [8, [8, 1, 7]], [1, []], [6, []], [7, []]]], [[[9, [9, 10, 12]]], [[4, [13, 4]]], [[16, [16, 14]]], [[8, [8, 1, 7]]]]], [[[[0, []], [2, [2, 19, 1]], [19, [17, 6, 15, 18]], [18, []], [15, []], [17, []], [6, []], [1, []], [8, [8, 14, 7, 16]], [7, []], [14, []], [16, []]], [[0, [20]], [20, []], [5, [5]], [9, [9, 10, 12, 11, 13, 3, 4]], [3, []], [10, []], [12, []], [11, []], [13, []], [4, []]]], [[[2, [2, 19, 1]]], [[5, [5]]], [[19, [17, 6, 15, 18]]], [[8, [8, 14, 7, 16]]], [[9, [9, 10, 12, 11, 13, 3, 4]]]]]], "Numrun": 5, "all_fitness": [188.35822215575567, 184.83429105522941]}
{"file_name": "U_20_0", "number_of_trucks": 2, "drone_capacity": 10, "number_of_drones": 2, "iteration": 3, "best_fitness": 188.5142910552294, "runtime": 213.7142357826233, "best_solution": [[[[0, [2, 19, 18, 15, 6, 1, 17]], [2, []], [19, []], [18, []], [17, []], [15, []], [6, []], [1, []], [8, [8, 16, 14, 7]], [7, []], [16, []], [14, []]], [[0, []], [20, [20, 4, 5]], [5, []], [9, [9, 3, 10, 11, 12, 13]], [3, []], [10, []], [11, []], [12, []], [13, []], [4, []]]], [[[20, [20, 4, 5]]], [[9, [9, 3, 10, 11, 12, 13]]], [[8, [8, 16, 14, 7]]]]], "all_solution": [[[[[0, [20, 3, 11, 5]], [5, []], [20, []], [9, [9, 10, 12]], [3, []], [10, []], [11, []], [12, []], [16, [16, 14]], [14, []]], [[0, [19, 2, 18, 15, 6, 17]], [4, [13, 4]], [13, []], [2, []], [19, []], [18, []], [15, []], [17, []], [8, [8, 1, 7]], [1, []], [6, []], [7, []]]], [[[9, [9, 10, 12]]], [[4, [13, 4]]], [[16, [16, 14]]], [[8, [8, 1, 7]]]]], [[[[0, []], [2, [2, 19, 1]], [19, [17, 6, 15, 18]], [18, []], [15, []], [17, []], [6, []], [1, []], [8, [8, 14, 7, 16]], [7, []], [14, []], [16, []]], [[0, [20]], [20, []], [5, [5]], [9, [9, 10, 12, 11, 13, 3, 4]], [3, []], [10, []], [12, []], [11, []], [13, []], [4, []]]], [[[2, [2, 19, 1]]], [[5, [5]]], [[19, [17, 6, 15, 18]]], [[8, [8, 14, 7, 16]]], [[9, [9, 10, 12, 11, 13, 3, 4]]]]], [[[[0, [2, 19, 18, 15, 6, 1, 17]], [2, []], [19, []], [18, []], [17, []], [15, []], [6, []], [1, []], [8, [8, 16, 14, 7]], [7, []], [16, []], [14, []]], [[0, []], [20, [20, 4, 5]], [5, []], [9, [9, 3, 10, 11, 12, 13]], [3, []], [10, []], [11, []], [12, []], [13, []], [4, []]]], [[[20, [20, 4, 5]]], [[9, [9, 3, 10, 11, 12, 13]]], [[8, [8, 16, 14, 7]]]]]], "Numrun": 5, "all_fitness": [188.35822215575567, 184.83429105522941, 188.5142910552294]}
{"file_name": "U_20_0", "number_of_trucks": 2, "drone_capacity": 10, "number_of_drones": 2, "iteration": 4, "best_fitness": 192.83429105522941, "runtime": 261.5727081298828, "best_solution": [[[[0, [4, 20]], [20, []], [9, [9, 5, 3, 10, 12, 11, 13]], [5, []], [3, []], [10, []], [12, []], [11, []], [13, []], [4, []]], [[0, []], [2, [19, 2]], [19, [18, 6, 1, 15, 17]], [18, []], [6, []], [1, []], [15, []], [17, []], [8, [8, 7]], [7, []], [14, [14, 16]], [16, []]]], [[[2, [19, 2]]], [[19, [18, 6, 1, 15, 17]]], [[9, [9, 5, 3, 10, 12, 11, 13]]], [[8, [8, 7]]], [[14, [14, 16]]]]], "all_solution": [[[[[0, [20, 3, 11, 5]], [5, []], [20, []], [9, [9, 10, 12]], [3, []], [10, []], [11, []], [12, []], [16, [16, 14]], [14, []]], [[0, [19, 2, 18, 15, 6, 17]], [4, [13, 4]], [13, []], [2, []], [19, []], [18, []], [15, []], [17, []], [8, [8, 1, 7]], [1, []], [6, []], [7, []]]], [[[9, [9, 10, 12]]], [[4, [13, 4]]], [[16, [16, 14]]], [[8, [8, 1, 7]]]]], [[[[0, []], [2, [2, 19, 1]], [19, [17, 6, 15, 18]], [18, []], [15, []], [17, []], [6, []], [1, []], [8, [8, 14, 7, 16]], [7, []], [14, []], [16, []]], [[0, [20]], [20, []], [5, [5]], [9, [9, 10, 12, 11, 13, 3, 4]], [3, []], [10, []], [12, []], [11, []], [13, []], [4, []]]], [[[2, [2, 19, 1]]], [[5, [5]]], [[19, [17, 6, 15, 18]]], [[8, [8, 14, 7, 16]]], [[9, [9, 10, 12, 11, 13, 3, 4]]]]], [[[[0, [2, 19, 18, 15, 6, 1, 17]], [2, []], [19, []], [18, []], [17, []], [15, []], [6, []], [1, []], [8, [8, 16, 14, 7]], [7, []], [16, []], [14, []]], [[0, []], [20, [20, 4, 5]], [5, []], [9, [9, 3, 10, 11, 12, 13]], [3, []], [10, []], [11, []], [12, []], [13, []], [4, []]]], [[[20, [20, 4, 5]]], [[9, [9, 3, 10, 11, 12, 13]]], [[8, [8, 16, 14, 7]]]]], [[[[0, [4, 20]], [20, []], [9, [9, 5, 3, 10, 12, 11, 13]], [5, []], [3, []], [10, []], [12, []], [11, []], [13, []], [4, []]], [[0, []], [2, [19, 2]], [19, [18, 6, 1, 15, 17]], [18, []], [6, []], [1, []], [15, []], [17, []], [8, [8, 7]], [7, []], [14, [14, 16]], [16, []]]], [[[2, [19, 2]]], [[19, [18, 6, 1, 15, 17]]], [[9, [9, 5, 3, 10, 12, 11, 13]]], [[8, [8, 7]]], [[14, [14, 16]]]]]], "Numrun": 5, "all_fitness": [188.35822215575567, 184.83429105522941, 188.5142910552294, 192.83429105522941]}
{"file_name": "U_20_0", "number_of_trucks": 2, "drone_capacity": 10, "number_of_drones": 2, "iteration": 5, "best_fitness": 191.36884940921098, "runtime": 245.71883916854858, "best_solution": [[[[0, [19, 2]], [19, []], [2, []], [13, [13, 4, 7, 17, 1, 6, 18, 15]], [4, []], [7, []], [15, []], [17, []], [8, [8]], [1, []], [6, []], [18, []]], [[0, [5, 11, 20]], [20, []], [9, [9, 10, 3, 12]], [3, []], [10, []], [5, []], [11, []], [12, []], [16, [16, 14]], [14, []]]], [[[13, [13, 4, 7, 17, 1, 6, 18, 15]]], [[9, [9, 10, 3, 12]]], [[16, [16, 14]]], [[8, [8]]]]],