{"file_name": "U_20_1", "number_of_trucks": 2, "drone_capacity": 10, "number_of_drones": 2, "iteration": 1, "best_fitness": 276.6688347317395, "runtime": 269.50102257728577, "best_solution": [[[[0, [7]], [7, []], [14, [14]], [5, [5, 13, 3, 4]], [3, []], [4, []], [13, []], [17, [17, 8, 10]], [8, []], [10, []]], [[0, [19, 12, 20]], [20, []], [12, [11, 2, 16]], [16, []], [11, []], [18, [18, 1, 15]], [1, []], [15, []], [2, []], [9, [9, 6]], [19, []], [6, []]]], [[[14, [14]]], [[12, [11, 2, 16]]], [[5, [5, 13, 3, 4]]], [[18, [18, 1, 15]]], [[9, [9, 6]]], [[17, [17, 8, 10]]]]], "all_solution": [[[[[0, [7]], [7, []], [14, [14]], [5, [5, 13, 3, 4]], [3, []], [4, []], [13, []], [17, [17, 8, 10]], [8, []], [10, []]], [[0, [19, 12, 20]], [20, []], [12, [11, 2, 16]], [16, []], [11, []], [18, [18, 1, 15]], [1, []], [15, []], [2, []], [9, [9, 6]], [19, []], [6, []]]], [[[14, [14]]], [[12, [11, 2, 16]]], [[5, [5, 13, 3, 4]]], [[18, [18, 1, 15]]], [[9, [9, 6]]], [[17, [17, 8, 10]]]]]], "Numrun": 5, "all_fitness": [276.6688347317395]}
{"file_name": "U_20_1", "number_of_trucks": 2, "drone_capacity": 10, "number_of_drones": 2, "iteration": 2, "best_fitness": 276.75090415406385, "runtime": 203.5675528049469, "best_solution": [[[[0, [7, 19, 2]], [7, []], [14, [14]], [5, [5, 18, 11]], [11, []], [1, [1]], [18, []], [19, []], [6, [6, 9]], [2, []], [9, []]], [[0, [16, 3, 4, 15, 20]], [15, []], [16, []], [3, []], [4, []], [12, [12, 13]], [13, []], [8, [8, 17, 10]], [17, []], [20, []], [10, []]]], [[[14, [14]]], [[5, [5, 18, 11]]], [[12, [12, 13]]], [[1, [1]]], [[6, [6, 9]]], [[8, [8, 17, 10]]]]], "all_solution": [[[[[0, [7]], [7, []], [14, [14]], [5, [5, 13, 3, 4]], [3, []], [4, []], [13, []], [17, [17, 8, 10]], [8, []], [10, []]], [[0, [19, 12, 20]], [20, []], [12, [11, 2, 16]], [16, []], [11, []], [18, [18, 1, 15]], [1, []], [15, []], [2, []], [9, [9, 6]], [19, []], [6, []]]], [[[14, [14]]], [[12, [11, 2, 16]]], [[5, [5, 13, 3, 4]]], [[18, [18, 1, 15]]], [[9, [9, 6]]], [[17, [17, 8, 10]]]]], [[[[0, [7, 19, 2]], [7, []], [14, [14]], [5, [5, 18, 11]], [11, []], [1, [1]], [18, []], [19, []], [6, [6, 9]], [2, []], [9, []]], [[0, [16, 3, 4, 15, 20]], [15, []], [16, []], [3, []], [4, []], [12, [12, 13]], [13, []], [8, [8, 17, 10]], [17, []], [20, []], [10, []]]], [[[14, [14]]], [[5, [5, 18, 11]]], [[12, [12, 13]]], [[1, [1]]], [[6, [6, 9]]], [[8, [8, 17, 10]]]]]], "Numrun": 5, "all_fitness": [276.6688347317395, 276.75090415406385]}
{"file_name": "U_20_1", "number_of_trucks": 2, "drone_capacity": 10, "number_of_drones": 2, "iteration": 3, "best_fitness": 270.5909041540638, "runtime": 240.59330797195435, "best_solution": [[[[0, [19]], [19, []], [7, [7, 16]], [14, [14, 18, 2, 11]], [16, []], [11, []], [1, [1]], [18, []], [2, []], [9, [9, 6, 10]], [6, []], [10, []]], [[0, [3, 4, 15]], [15, []], [5, [13, 12, 5]], [3, []], [4, []], [13, []], [12, []], [8, [8, 17, 20]], [17, []], [20, []]]], [[[7, [7, 16]]], [[14, [14, 18, 2, 11]]], [[5, [13, 12, 5]]], [[8, [8, 17, 20]]], [[1, [1]]], [[9, [9, 6, 10]]]]], "all_solution": [[[[[0, [7]], [7, []], [14, [14]], [5, [5, 13, 3, 4]], [3, []], [4, []], [13, []], [17, [17, 8, 10]], [8, []], [10, []]], [[0, [19, 12, 20]], [20, []], [12, [11, 2, 16]], [16, []], [11, []], [18, [18, 1, 15]], [1, []], [15, []], [2, []], [9, [9, 6]], [19, []], [6, []]]], [[[14, [14]]], [[12, [11, 2, 16]]], [[5, [5, 13, 3, 4]]], [[18, [18, 1, 15]]], [[9, [9, 6]]], [[17, [17, 8, 10]]]]], [[[[0, [7, 19, 2]], [7, []], [14, [14]], [5, [5, 18, 11]], [11, []], [1, [1]], [18, []], [19, []], [6, [6, 9]], [2, []], [9, []]], [[0, [16, 3, 4, 15, 20]], [15, []], [16, []], [3, []], [4, []], [12, [12, 13]], [13, []], [8, [8, 17, 10]], [17, []], [20, []], [10, []]]], [[[14, [14]]], [[5, [5, 18, 11]]], [[12, [12, 13]]], [[1, [1]]], [[6, [6, 9]]], [[8, [8, 17, 10]]]]], [[[[0, [19]], [19, []], [7, [7, 16]], [14, [14, 18, 2, 11]], [16, []], [11, []], [1, [1]], [18, []], [2, []], [9, [9, 6, 10]], [6, []], [10, []]], [[0, [3, 4, 15]], [15, []], [5, [13, 12, 5]], [3, []], [4, []], [13, []], [12, []], [8, [8, 17, 20]], [17, []], [20, []]]], [[[7, [7, 16]]], [[14, [14, 18, 2, 11]]], [[5, [13, 12, 5]]], [[8, [8, 17, 20]]], [[1, [1]]], [[9, [9, 6, 10]]]]]], "Numrun": 5, "all_fitness": [276.6688347317395, 276.75090415406385, 270.5909041540638]}
{"file_name": "U_20_1", "number_of_trucks": 2, "drone_capacity": 10, "number_of_drones": 2, "iteration": 4, "best_fitness": 280.5572548241059, "runtime": 257.63606452941895, "best_solution": [[[[0, [3, 12]], [3, []], [12, [13, 4]], [13, []], [4, []], [8, [8, 17, 1]], [17, []], [1, []]], [[0, [20, 19]], [20, []], [19, []], [15, [15, 16]], [16, [14, 11]], [14, []], [5, [5, 2, 7, 18]], [11, []], [7, []], [9, [9, 6, 10]], [2, []], [6, []], [18, []], [10, []]]], [[[15, [15, 16]]], [[16, [14, 11]]], [[12, [13, 4]]], [[5, [5, 2, 7, 18]]], [[9, [9, 6, 10]]], [[8, [8, 17, 1]]]]], "all_solution": [[[[[0, [7]], [7, []], [14, [14]], [5, [5, 13, 3, 4]], [3, []], [4, []], [13, []], [17, [17, 8, 10]], [8, []], [10, []]], [[0, [19, 12, 20]], [20, []], [12, [11, 2, 16]], [16, []], [11, []], [18, [18, 1, 15]], [1, []], [15, []], [2, []], [9, [9, 6]], [19, []], [6, []]]], [[[14, [14]]], [[12, [11, 2, 16]]], [[5, [5, 13, 3, 4]]], [[18, [18, 1, 15]]], [[9, [9, 6]]], [[17, [17, 8, 10]]]]], [[[[0, [7, 19, 2]], [7, []], [14, [14]], [5, [5, 18, 11]], [11, []], [1, [1]], [18, []], [19, []], [6, [6, 9]], [2, []], [9, []]], [[0, [16, 3, 4, 15, 20]], [15, []], [16, []], [3, []], [4, []], [12, [12, 13]], [13, []], [8, [8, 17, 10]], [17, []], [20, []], [10, []]]], [[[14, [14]]], [[5, [5, 18, 11]]], [[12, [12, 13]]], [[1, [1]]], [[6, [6, 9]]], [[8, [8, 17, 10]]]]], [[[[0, [19]], [19, []], [7, [7, 16]], [14, [14, 18, 2, 11]], [16, []], [11, []], [1, [1]], [18, []], [2, []], [9, [9, 6, 10]], [6, []], [10, []]], [[0, [3, 4, 15]], [15, []], [5, [13, 12, 5]], [3, []], [4, []], [13, []], [12, []], [8, [8, 17, 20]], [17, []], [20, []]]], [[[7, [7, 16]]], [[14, [14, 18, 2, 11]]], [[5, [13, 12, 5]]], [[8, [8, 17, 20]]], [[1, [1]]], [[9, [9, 6, 10]]]]], [[[[0, [3, 12]], [3, []], [12, [13, 4]], [13, []], [4, []], [8, [8, 17, 1]], [17, []], [1, []]], [[0, [20, 19]], [20, []], [19, []], [15, [15, 16]], [16, [14, 11]], [14, []], [5, [5, 2, 7, 18]], [11, []], [7, []], [9, [9, 6, 10]], [2, []], [6, []], [18, []], [10, []]]], [[[15, [15, 16]]], [[16, [14, 11]]], [[12, [13, 4]]], [[5, [5, 2, 7, 18]]], [[9, [9, 6, 10]]], [[8, [8, 17, 1]]]]]], "Numrun": 5, "all_fitness": [276.6688347317395, 276.75090415406385, 270.5909041540638, 280.5572548241059]}
{"file_name": "U_20_1", "number_of_trucks": 2, "drone_capacity": 10, "number_of_drones": 2, "iteration": 5, "best_fitness": 266.48, "runtime": 194.5857229232788, "best_solution": [[[[0, [19, 20]], [20, []], [19, []], [7, [7]], [14, [14, 3, 4]], [3, [13, 12]], [4, []], [13, []], [12, []], [8, [8, 17, 10]], [17, []], [10, []]], [[0, [2, 11]], [15, [15, 16]], [11, []], [16, []], [5, [5]], [1, [1, 18]], [18, []], [2, []], [9, [9, 6]], [6, []]]], [[[7, [7]]], [[15, [15, 16]]], [[14, [14, 3, 4]]], [[5, [5]]], [[3, [13, 12]]], [[1, [1, 18]]], [[8, [8, 17, 10]]], [[9, [9, 6]]]]],