{"file_name": "U_20_1", "number_of_trucks": 2, "drone_capacity": 10, "number_of_drones": 2, "iteration": 1, "best_fitness": 355.8087616039331, "runtime": 240.83276629447937, "best_solution": [[[[0, []], [9, [9, 6, 19, 8]], [6, []], [19, []], [8, []], [17, [17, 20, 12, 13, 4, 3]], [20, []], [12, []], [13, []], [4, []], [3, []]], [[0, []], [2, [2, 14, 1]], [14, []], [11, [11, 10, 15]], [10, [5, 18]], [1, []], [18, []], [15, []], [7, [7, 16]], [16, []], [5, []]]], [[[9, [9, 6, 19, 8]]], [[2, [2, 14, 1]]], [[11, [11, 10, 15]]], [[10, [5, 18]]], [[17, [17, 20, 12, 13, 4, 3]]], [[7, [7, 16]]]]], "all_solution": [[[[[0, []], [9, [9, 6, 19, 8]], [6, []], [19, []], [8, []], [17, [17, 20, 12, 13, 4, 3]], [20, []], [12, []], [13, []], [4, []], [3, []]], [[0, []], [2, [2, 14, 1]], [14, []], [11, [11, 10, 15]], [10, [5, 18]], [1, []], [18, []], [15, []], [7, [7, 16]], [16, []], [5, []]]], [[[9, [9, 6, 19, 8]]], [[2, [2, 14, 1]]], [[11, [11, 10, 15]]], [[10, [5, 18]]], [[17, [17, 20, 12, 13, 4, 3]]], [[7, [7, 16]]]]]], "Numrun": 5, "all_fitness": [355.8087616039331]}
{"file_name": "U_20_1", "number_of_trucks": 2, "drone_capacity": 10, "number_of_drones": 2, "iteration": 2, "best_fitness": 352.1211471307059, "runtime": 221.5400116443634, "best_solution": [[[[0, []], [14, [14, 1]], [1, []], [10, [10, 8]], [8, []], [20, [20, 17, 12, 13, 4, 3]], [17, []], [12, []], [13, []], [4, []], [3, []]], [[0, []], [6, [6, 9, 2, 19]], [19, []], [9, []], [2, []], [18, [18, 11, 15, 5]], [11, []], [15, []], [7, [7, 16]], [16, []], [5, []]]], [[[6, [6, 9, 2, 19]]], [[14, [14, 1]]], [[10, [10, 8]]], [[18, [18, 11, 15, 5]]], [[20, [20, 17, 12, 13, 4, 3]]], [[7, [7, 16]]]]], "all_solution": [[[[[0, []], [9, [9, 6, 19, 8]], [6, []], [19, []], [8, []], [17, [17, 20, 12, 13, 4, 3]], [20, []], [12, []], [13, []], [4, []], [3, []]], [[0, []], [2, [2, 14, 1]], [14, []], [11, [11, 10, 15]], [10, [5, 18]], [1, []], [18, []], [15, []], [7, [7, 16]], [16, []], [5, []]]], [[[9, [9, 6, 19, 8]]], [[2, [2, 14, 1]]], [[11, [11, 10, 15]]], [[10, [5, 18]]], [[17, [17, 20, 12, 13, 4, 3]]], [[7, [7, 16]]]]], [[[[0, []], [14, [14, 1]], [1, []], [10, [10, 8]], [8, []], [20, [20, 17, 12, 13, 4, 3]], [17, []], [12, []], [13, []], [4, []], [3, []]], [[0, []], [6, [6, 9, 2, 19]], [19, []], [9, []], [2, []], [18, [18, 11, 15, 5]], [11, []], [15, []], [7, [7, 16]], [16, []], [5, []]]], [[[6, [6, 9, 2, 19]]], [[14, [14, 1]]], [[10, [10, 8]]], [[18, [18, 11, 15, 5]]], [[20, [20, 17, 12, 13, 4, 3]]], [[7, [7, 16]]]]]], "Numrun": 5, "all_fitness": [355.8087616039331, 352.1211471307059]}
{"file_name": "U_20_1", "number_of_trucks": 2, "drone_capacity": 10, "number_of_drones": 2, "iteration": 3, "best_fitness": 353.3405811815046, "runtime": 202.58136439323425, "best_solution": [[[[0, []], [19, [19]], [9, [9, 6, 2]], [6, []], [2, []], [20, [20, 18, 15, 5, 10]], [10, []], [18, []], [15, []], [7, [7, 16]], [16, []], [5, []]], [[0, []], [1, [1, 14]], [14, []], [11, [11, 8, 13, 4]], [8, []], [17, [17, 12, 3]], [12, []], [13, []], [4, []], [3, []]]], [[[19, [19]]], [[1, [1, 14]]], [[9, [9, 6, 2]]], [[11, [11, 8, 13, 4]]], [[20, [20, 18, 15, 5, 10]]], [[17, [17, 12, 3]]], [[7, [7, 16]]]]], "all_solution": [[[[[0, []], [9, [9, 6, 19, 8]], [6, []], [19, []], [8, []], [17, [17, 20, 12, 13, 4, 3]], [20, []], [12, []], [13, []], [4, []], [3, []]], [[0, []], [2, [2, 14, 1]], [14, []], [11, [11, 10, 15]], [10, [5, 18]], [1, []], [18, []], [15, []], [7, [7, 16]], [16, []], [5, []]]], [[[9, [9, 6, 19, 8]]], [[2, [2, 14, 1]]], [[11, [11, 10, 15]]], [[10, [5, 18]]], [[17, [17, 20, 12, 13, 4, 3]]], [[7, [7, 16]]]]], [[[[0, []], [14, [14, 1]], [1, []], [10, [10, 8]], [8, []], [20, [20, 17, 12, 13, 4, 3]], [17, []], [12, []], [13, []], [4, []], [3, []]], [[0, []], [6, [6, 9, 2, 19]], [19, []], [9, []], [2, []], [18, [18, 11, 15, 5]], [11, []], [15, []], [7, [7, 16]], [16, []], [5, []]]], [[[6, [6, 9, 2, 19]]], [[14, [14, 1]]], [[10, [10, 8]]], [[18, [18, 11, 15, 5]]], [[20, [20, 17, 12, 13, 4, 3]]], [[7, [7, 16]]]]], [[[[0, []], [19, [19]], [9, [9, 6, 2]], [6, []], [2, []], [20, [20, 18, 15, 5, 10]], [10, []], [18, []], [15, []], [7, [7, 16]], [16, []], [5, []]], [[0, []], [1, [1, 14]], [14, []], [11, [11, 8, 13, 4]], [8, []], [17, [17, 12, 3]], [12, []], [13, []], [4, []], [3, []]]], [[[19, [19]]], [[1, [1, 14]]], [[9, [9, 6, 2]]], [[11, [11, 8, 13, 4]]], [[20, [20, 18, 15, 5, 10]]], [[17, [17, 12, 3]]], [[7, [7, 16]]]]]], "Numrun": 5, "all_fitness": [355.8087616039331, 352.1211471307059, 353.3405811815046]}
{"file_name": "U_20_1", "number_of_trucks": 2, "drone_capacity": 10, "number_of_drones": 2, "iteration": 4, "best_fitness": 352.1211471307059, "runtime": 176.73953986167908, "best_solution": [[[[0, []], [14, [14, 1, 2]], [1, []], [6, [6, 19, 9]], [19, []], [9, []], [2, []], [18, [18, 15, 5, 11]], [11, []], [15, []], [7, [7, 16]], [16, []], [5, []]], [[0, []], [4, [8, 10, 4]], [10, []], [20, [20, 17]], [17, []], [8, []], [12, [12, 3, 13]], [13, []], [3, []]]], [[[14, [14, 1, 2]]], [[4, [8, 10, 4]]], [[6, [6, 19, 9]]], [[20, [20, 17]]], [[18, [18, 15, 5, 11]]], [[7, [7, 16]]], [[12, [12, 3, 13]]]]], "all_solution": [[[[[0, []], [9, [9, 6, 19, 8]], [6, []], [19, []], [8, []], [17, [17, 20, 12, 13, 4, 3]], [20, []], [12, []], [13, []], [4, []], [3, []]], [[0, []], [2, [2, 14, 1]], [14, []], [11, [11, 10, 15]], [10, [5, 18]], [1, []], [18, []], [15, []], [7, [7, 16]], [16, []], [5, []]]], [[[9, [9, 6, 19, 8]]], [[2, [2, 14, 1]]], [[11, [11, 10, 15]]], [[10, [5, 18]]], [[17, [17, 20, 12, 13, 4, 3]]], [[7, [7, 16]]]]], [[[[0, []], [14, [14, 1]], [1, []], [10, [10, 8]], [8, []], [20, [20, 17, 12, 13, 4, 3]], [17, []], [12, []], [13, []], [4, []], [3, []]], [[0, []], [6, [6, 9, 2, 19]], [19, []], [9, []], [2, []], [18, [18, 11, 15, 5]], [11, []], [15, []], [7, [7, 16]], [16, []], [5, []]]], [[[6, [6, 9, 2, 19]]], [[14, [14, 1]]], [[10, [10, 8]]], [[18, [18, 11, 15, 5]]], [[20, [20, 17, 12, 13, 4, 3]]], [[7, [7, 16]]]]], [[[[0, []], [19, [19]], [9, [9, 6, 2]], [6, []], [2, []], [20, [20, 18, 15, 5, 10]], [10, []], [18, []], [15, []], [7, [7, 16]], [16, []], [5, []]], [[0, []], [1, [1, 14]], [14, []], [11, [11, 8, 13, 4]], [8, []], [17, [17, 12, 3]], [12, []], [13, []], [4, []], [3, []]]], [[[19, [19]]], [[1, [1, 14]]], [[9, [9, 6, 2]]], [[11, [11, 8, 13, 4]]], [[20, [20, 18, 15, 5, 10]]], [[17, [17, 12, 3]]], [[7, [7, 16]]]]], [[[[0, []], [14, [14, 1, 2]], [1, []], [6, [6, 19, 9]], [19, []], [9, []], [2, []], [18, [18, 15, 5, 11]], [11, []], [15, []], [7, [7, 16]], [16, []], [5, []]], [[0, []], [4, [8, 10, 4]], [10, []], [20, [20, 17]], [17, []], [8, []], [12, [12, 3, 13]], [13, []], [3, []]]], [[[14, [14, 1, 2]]], [[4, [8, 10, 4]]], [[6, [6, 19, 9]]], [[20, [20, 17]]], [[18, [18, 15, 5, 11]]], [[7, [7, 16]]], [[12, [12, 3, 13]]]]]], "Numrun": 5, "all_fitness": [355.8087616039331, 352.1211471307059, 353.3405811815046, 352.1211471307059]}
{"file_name": "U_20_1", "number_of_trucks": 2, "drone_capacity": 10, "number_of_drones": 2, "iteration": 5, "best_fitness": 353.7226430246765, "runtime": 226.85120177268982, "best_solution": [[[[0, []], [14, [14, 2]], [2, []], [8, [8, 4]], [4, []], [3, [3, 12, 17, 20, 13, 10]], [13, []], [12, []], [17, []], [20, []], [10, []]], [[0, []], [9, [9, 6, 1, 19]], [19, []], [6, []], [1, []], [18, [18, 15, 5, 11]], [11, []], [15, []], [7, [7, 16]], [16, []], [5, []]]], [[[14, [14, 2]]], [[9, [9, 6, 1, 19]]], [[8, [8, 4]]], [[18, [18, 15, 5, 11]]], [[3, [3, 12, 17, 20, 13, 10]]], [[7, [7, 16]]]]],