{"file_name": "U_20_0", "number_of_trucks": 2, "drone_capacity": 10, "number_of_drones": 2, "iteration": 1, "best_fitness": 235.7026980578471, "runtime": 213.6849868297577, "best_solution": [[[[0, [1]], [1, []], [18, [18, 19, 2, 4, 13, 12, 11]], [19, []], [2, []], [4, []], [13, []], [12, []], [11, []], [16, [16, 14]], [14, []]], [[0, [6, 15, 3]], [6, []], [15, []], [7, [7, 10, 5, 20, 9, 17]], [3, []], [10, []], [5, []], [20, []], [9, []], [17, []], [8, [8]]]], [[[18, [18, 19, 2, 4, 13, 12, 11]]], [[7, [7, 10, 5, 20, 9, 17]]], [[8, [8]]], [[16, [16, 14]]]]], "all_solution": [[[[[0, [1]], [1, []], [18, [18, 19, 2, 4, 13, 12, 11]], [19, []], [2, []], [4, []], [13, []], [12, []], [11, []], [16, [16, 14]], [14, []]], [[0, [6, 15, 3]], [6, []], [15, []], [7, [7, 10, 5, 20, 9, 17]], [3, []], [10, []], [5, []], [20, []], [9, []], [17, []], [8, [8]]]], [[[18, [18, 19, 2, 4, 13, 12, 11]]], [[7, [7, 10, 5, 20, 9, 17]]], [[8, [8]]], [[16, [16, 14]]]]]], "Numrun": 5, "all_fitness": [235.7026980578471]}
{"file_name": "U_20_0", "number_of_trucks": 2, "drone_capacity": 10, "number_of_drones": 2, "iteration": 2, "best_fitness": 229.36798761563426, "runtime": 268.43001675605774, "best_solution": [[[[0, [2]], [2, []], [4, [4, 13, 12, 11]], [13, []], [12, []], [11, []], [16, [16, 14, 7, 18]], [14, []], [7, []], [18, []]], [[0, []], [19, [20, 19, 15, 1, 6]], [20, []], [5, [5, 10, 9, 17, 3]], [10, []], [3, []], [9, []], [17, []], [15, []], [1, []], [8, [8]], [6, []]]], [[[19, [20, 19, 15, 1, 6]]], [[4, [4, 13, 12, 11]]], [[5, [5, 10, 9, 17, 3]]], [[16, [16, 14, 7, 18]]], [[8, [8]]]]], "all_solution": [[[[[0, [1]], [1, []], [18, [18, 19, 2, 4, 13, 12, 11]], [19, []], [2, []], [4, []], [13, []], [12, []], [11, []], [16, [16, 14]], [14, []]], [[0, [6, 15, 3]], [6, []], [15, []], [7, [7, 10, 5, 20, 9, 17]], [3, []], [10, []], [5, []], [20, []], [9, []], [17, []], [8, [8]]]], [[[18, [18, 19, 2, 4, 13, 12, 11]]], [[7, [7, 10, 5, 20, 9, 17]]], [[8, [8]]], [[16, [16, 14]]]]], [[[[0, [2]], [2, []], [4, [4, 13, 12, 11]], [13, []], [12, []], [11, []], [16, [16, 14, 7, 18]], [14, []], [7, []], [18, []]], [[0, []], [19, [20, 19, 15, 1, 6]], [20, []], [5, [5, 10, 9, 17, 3]], [10, []], [3, []], [9, []], [17, []], [15, []], [1, []], [8, [8]], [6, []]]], [[[19, [20, 19, 15, 1, 6]]], [[4, [4, 13, 12, 11]]], [[5, [5, 10, 9, 17, 3]]], [[16, [16, 14, 7, 18]]], [[8, [8]]]]]], "Numrun": 5, "all_fitness": [235.7026980578471, 229.36798761563426]}
{"file_name": "U_20_0", "number_of_trucks": 2, "drone_capacity": 10, "number_of_drones": 2, "iteration": 3, "best_fitness": 225.74269805784712, "runtime": 370.4257035255432, "best_solution": [[[[0, [1, 15]], [1, []], [15, []], [7, [7, 5, 10, 9, 20, 3, 17, 6]], [20, []], [5, []], [10, []], [3, []], [9, []], [17, []], [6, []]], [[0, []], [19, [19, 2]], [2, []], [13, [13, 4, 11, 12, 18]], [4, []], [11, []], [12, []], [16, [16, 14, 8]], [14, []], [18, []], [8, []]]], [[[19, [19, 2]]], [[13, [13, 4, 11, 12, 18]]], [[7, [7, 5, 10, 9, 20, 3, 17, 6]]], [[16, [16, 14, 8]]]]], "all_solution": [[[[[0, [1]], [1, []], [18, [18, 19, 2, 4, 13, 12, 11]], [19, []], [2, []], [4, []], [13, []], [12, []], [11, []], [16, [16, 14]], [14, []]], [[0, [6, 15, 3]], [6, []], [15, []], [7, [7, 10, 5, 20, 9, 17]], [3, []], [10, []], [5, []], [20, []], [9, []], [17, []], [8, [8]]]], [[[18, [18, 19, 2, 4, 13, 12, 11]]], [[7, [7, 10, 5, 20, 9, 17]]], [[8, [8]]], [[16, [16, 14]]]]], [[[[0, [2]], [2, []], [4, [4, 13, 12, 11]], [13, []], [12, []], [11, []], [16, [16, 14, 7, 18]], [14, []], [7, []], [18, []]], [[0, []], [19, [20, 19, 15, 1, 6]], [20, []], [5, [5, 10, 9, 17, 3]], [10, []], [3, []], [9, []], [17, []], [15, []], [1, []], [8, [8]], [6, []]]], [[[19, [20, 19, 15, 1, 6]]], [[4, [4, 13, 12, 11]]], [[5, [5, 10, 9, 17, 3]]], [[16, [16, 14, 7, 18]]], [[8, [8]]]]], [[[[0, [1, 15]], [1, []], [15, []], [7, [7, 5, 10, 9, 20, 3, 17, 6]], [20, []], [5, []], [10, []], [3, []], [9, []], [17, []], [6, []]], [[0, []], [19, [19, 2]], [2, []], [13, [13, 4, 11, 12, 18]], [4, []], [11, []], [12, []], [16, [16, 14, 8]], [14, []], [18, []], [8, []]]], [[[19, [19, 2]]], [[13, [13, 4, 11, 12, 18]]], [[7, [7, 5, 10, 9, 20, 3, 17, 6]]], [[16, [16, 14, 8]]]]]], "Numrun": 5, "all_fitness": [235.7026980578471, 229.36798761563426, 225.74269805784712]}
{"file_name": "U_20_0", "number_of_trucks": 2, "drone_capacity": 10, "number_of_drones": 2, "iteration": 4, "best_fitness": 224.72000000000003, "runtime": 349.9955050945282, "best_solution": [[[[0, []], [19, [19, 2]], [2, []], [13, [13, 4, 11, 12]], [4, []], [12, []], [11, []], [16, [16, 14, 8, 7]], [14, []], [7, []], [8, []]], [[0, [1, 15, 6, 3, 20]], [1, []], [6, []], [15, []], [17, [9, 10, 17, 5, 18]], [9, []], [3, []], [10, []], [5, []], [20, []], [18, []]]], [[[19, [19, 2]]], [[13, [13, 4, 11, 12]]], [[17, [9, 10, 17, 5, 18]]], [[16, [16, 14, 8, 7]]]]], "all_solution": [[[[[0, [1]], [1, []], [18, [18, 19, 2, 4, 13, 12, 11]], [19, []], [2, []], [4, []], [13, []], [12, []], [11, []], [16, [16, 14]], [14, []]], [[0, [6, 15, 3]], [6, []], [15, []], [7, [7, 10, 5, 20, 9, 17]], [3, []], [10, []], [5, []], [20, []], [9, []], [17, []], [8, [8]]]], [[[18, [18, 19, 2, 4, 13, 12, 11]]], [[7, [7, 10, 5, 20, 9, 17]]], [[8, [8]]], [[16, [16, 14]]]]], [[[[0, [2]], [2, []], [4, [4, 13, 12, 11]], [13, []], [12, []], [11, []], [16, [16, 14, 7, 18]], [14, []], [7, []], [18, []]], [[0, []], [19, [20, 19, 15, 1, 6]], [20, []], [5, [5, 10, 9, 17, 3]], [10, []], [3, []], [9, []], [17, []], [15, []], [1, []], [8, [8]], [6, []]]], [[[19, [20, 19, 15, 1, 6]]], [[4, [4, 13, 12, 11]]], [[5, [5, 10, 9, 17, 3]]], [[16, [16, 14, 7, 18]]], [[8, [8]]]]], [[[[0, [1, 15]], [1, []], [15, []], [7, [7, 5, 10, 9, 20, 3, 17, 6]], [20, []], [5, []], [10, []], [3, []], [9, []], [17, []], [6, []]], [[0, []], [19, [19, 2]], [2, []], [13, [13, 4, 11, 12, 18]], [4, []], [11, []], [12, []], [16, [16, 14, 8]], [14, []], [18, []], [8, []]]], [[[19, [19, 2]]], [[13, [13, 4, 11, 12, 18]]], [[7, [7, 5, 10, 9, 20, 3, 17, 6]]], [[16, [16, 14, 8]]]]], [[[[0, []], [19, [19, 2]], [2, []], [13, [13, 4, 11, 12]], [4, []], [12, []], [11, []], [16, [16, 14, 8, 7]], [14, []], [7, []], [8, []]], [[0, [1, 15, 6, 3, 20]], [1, []], [6, []], [15, []], [17, [9, 10, 17, 5, 18]], [9, []], [3, []], [10, []], [5, []], [20, []], [18, []]]], [[[19, [19, 2]]], [[13, [13, 4, 11, 12]]], [[17, [9, 10, 17, 5, 18]]], [[16, [16, 14, 8, 7]]]]]], "Numrun": 5, "all_fitness": [235.7026980578471, 229.36798761563426, 225.74269805784712, 224.72000000000003]}
{"file_name": "U_20_0", "number_of_trucks": 2, "drone_capacity": 10, "number_of_drones": 2, "iteration": 5, "best_fitness": 224.24417523230574, "runtime": 247.9970362186432, "best_solution": [[[[0, [2]], [2, []], [13, [13, 4, 11, 12]], [4, []], [11, []], [12, []], [16, [16, 14, 8, 7]], [14, []], [7, []], [8, []]], [[0, [19]], [19, []], [18, [18, 6, 20, 3, 1]], [20, []], [3, []], [10, [10, 17, 9, 15, 5]], [5, []], [9, []], [17, []], [15, []], [1, []], [6, []]]], [[[18, [18, 6, 20, 3, 1]]], [[13, [13, 4, 11, 12]]], [[10, [10, 17, 9, 15, 5]]], [[16, [16, 14, 8, 7]]]]],