{"file_name": "U_20_1", "number_of_trucks": 2, "drone_capacity": 10, "number_of_drones": 2, "iteration": 1, "best_fitness": 375.0675688864721, "runtime": 194.01403069496155, "best_solution": [[[[0, [3, 10]], [10, []], [3, []], [16, [16, 13]], [13, []], [19, [19, 2, 14]], [2, []], [12, [12, 4]], [4, []], [14, []]], [[0, [15]], [5, [5, 1, 17, 18]], [15, []], [9, [9]], [1, []], [18, []], [17, []], [6, [6, 7, 11]], [7, []], [11, []], [8, [8, 20]], [20, []]]], [[[5, [5, 1, 17, 18]]], [[16, [16, 13]]], [[9, [9]]], [[19, [19, 2, 14]]], [[6, [6, 7, 11]]], [[12, [12, 4]]], [[8, [8, 20]]]]], "all_solution": [[[[[0, [3, 10]], [10, []], [3, []], [16, [16, 13]], [13, []], [19, [19, 2, 14]], [2, []], [12, [12, 4]], [4, []], [14, []]], [[0, [15]], [5, [5, 1, 17, 18]], [15, []], [9, [9]], [1, []], [18, []], [17, []], [6, [6, 7, 11]], [7, []], [11, []], [8, [8, 20]], [20, []]]], [[[5, [5, 1, 17, 18]]], [[16, [16, 13]]], [[9, [9]]], [[19, [19, 2, 14]]], [[6, [6, 7, 11]]], [[12, [12, 4]]], [[8, [8, 20]]]]]], "Numrun": 5, "all_fitness": [375.0675688864721]}
{"file_name": "U_20_1", "number_of_trucks": 2, "drone_capacity": 10, "number_of_drones": 2, "iteration": 2, "best_fitness": 371.16766523843364, "runtime": 260.87178087234497, "best_solution": [[[[0, [13, 5, 10, 3, 15]], [15, []], [10, []], [5, []], [13, []], [14, [14]], [3, []], [2, [2]], [4, [4, 8]], [8, []]], [[0, [17, 18, 1]], [17, [16]], [18, []], [1, []], [16, []], [19, [19, 9]], [9, []], [6, [6, 11, 7]], [7, []], [11, []], [20, [20, 12]], [12, []]]], [[[17, [16]]], [[19, [19, 9]]], [[14, [14]]], [[2, [2]]], [[6, [6, 11, 7]]], [[20, [20, 12]]], [[4, [4, 8]]]]], "all_solution": [[[[[0, [3, 10]], [10, []], [3, []], [16, [16, 13]], [13, []], [19, [19, 2, 14]], [2, []], [12, [12, 4]], [4, []], [14, []]], [[0, [15]], [5, [5, 1, 17, 18]], [15, []], [9, [9]], [1, []], [18, []], [17, []], [6, [6, 7, 11]], [7, []], [11, []], [8, [8, 20]], [20, []]]], [[[5, [5, 1, 17, 18]]], [[16, [16, 13]]], [[9, [9]]], [[19, [19, 2, 14]]], [[6, [6, 7, 11]]], [[12, [12, 4]]], [[8, [8, 20]]]]], [[[[0, [13, 5, 10, 3, 15]], [15, []], [10, []], [5, []], [13, []], [14, [14]], [3, []], [2, [2]], [4, [4, 8]], [8, []]], [[0, [17, 18, 1]], [17, [16]], [18, []], [1, []], [16, []], [19, [19, 9]], [9, []], [6, [6, 11, 7]], [7, []], [11, []], [20, [20, 12]], [12, []]]], [[[17, [16]]], [[19, [19, 9]]], [[14, [14]]], [[2, [2]]], [[6, [6, 11, 7]]], [[20, [20, 12]]], [[4, [4, 8]]]]]], "Numrun": 5, "all_fitness": [375.0675688864721, 371.16766523843364]}
{"file_name": "U_20_1", "number_of_trucks": 2, "drone_capacity": 10, "number_of_drones": 2, "iteration": 3, "best_fitness": 372.53730055058094, "runtime": 156.4574224948883, "best_solution": [[[[0, [15]], [15, []], [16, [16, 1, 17, 18, 10]], [1, []], [17, []], [18, []], [10, []], [19, [19, 2, 14]], [2, []], [12, [12, 4]], [4, []], [14, []]], [[0, [3, 5, 13]], [13, []], [3, []], [9, [9]], [5, []], [6, [6, 7, 11]], [7, []], [11, []], [20, [20, 8]], [8, []]]], [[[16, [16, 1, 17, 18, 10]]], [[9, [9]]], [[6, [6, 7, 11]]], [[19, [19, 2, 14]]], [[12, [12, 4]]], [[20, [20, 8]]]]], "all_solution": [[[[[0, [3, 10]], [10, []], [3, []], [16, [16, 13]], [13, []], [19, [19, 2, 14]], [2, []], [12, [12, 4]], [4, []], [14, []]], [[0, [15]], [5, [5, 1, 17, 18]], [15, []], [9, [9]], [1, []], [18, []], [17, []], [6, [6, 7, 11]], [7, []], [11, []], [8, [8, 20]], [20, []]]], [[[5, [5, 1, 17, 18]]], [[16, [16, 13]]], [[9, [9]]], [[19, [19, 2, 14]]], [[6, [6, 7, 11]]], [[12, [12, 4]]], [[8, [8, 20]]]]], [[[[0, [13, 5, 10, 3, 15]], [15, []], [10, []], [5, []], [13, []], [14, [14]], [3, []], [2, [2]], [4, [4, 8]], [8, []]], [[0, [17, 18, 1]], [17, [16]], [18, []], [1, []], [16, []], [19, [19, 9]], [9, []], [6, [6, 11, 7]], [7, []], [11, []], [20, [20, 12]], [12, []]]], [[[17, [16]]], [[19, [19, 9]]], [[14, [14]]], [[2, [2]]], [[6, [6, 11, 7]]], [[20, [20, 12]]], [[4, [4, 8]]]]], [[[[0, [15]], [15, []], [16, [16, 1, 17, 18, 10]], [1, []], [17, []], [18, []], [10, []], [19, [19, 2, 14]], [2, []], [12, [12, 4]], [4, []], [14, []]], [[0, [3, 5, 13]], [13, []], [3, []], [9, [9]], [5, []], [6, [6, 7, 11]], [7, []], [11, []], [20, [20, 8]], [8, []]]], [[[16, [16, 1, 17, 18, 10]]], [[9, [9]]], [[6, [6, 7, 11]]], [[19, [19, 2, 14]]], [[12, [12, 4]]], [[20, [20, 8]]]]]], "Numrun": 5, "all_fitness": [375.0675688864721, 371.16766523843364, 372.53730055058094]}
{"file_name": "U_20_1", "number_of_trucks": 2, "drone_capacity": 10, "number_of_drones": 2, "iteration": 4, "best_fitness": 370.73049457151455, "runtime": 233.1437599658966, "best_solution": [[[[0, [15, 1, 18, 17]], [10, [10]], [13, [13, 16]], [18, []], [17, []], [16, []], [1, []], [14, [14, 2]], [15, []], [2, []], [4, [4, 12]], [12, []]], [[0, [3]], [3, []], [5, [5]], [9, [9]], [19, [19]], [6, [6]], [7, [7, 11]], [11, []], [20, [20, 8]], [8, []]]], [[[10, [10]]], [[5, [5]]], [[13, [13, 16]]], [[9, [9]]], [[14, [14, 2]]], [[19, [19]]], [[6, [6]]], [[7, [7, 11]]], [[4, [4, 12]]], [[20, [20, 8]]]]], "all_solution": [[[[[0, [3, 10]], [10, []], [3, []], [16, [16, 13]], [13, []], [19, [19, 2, 14]], [2, []], [12, [12, 4]], [4, []], [14, []]], [[0, [15]], [5, [5, 1, 17, 18]], [15, []], [9, [9]], [1, []], [18, []], [17, []], [6, [6, 7, 11]], [7, []], [11, []], [8, [8, 20]], [20, []]]], [[[5, [5, 1, 17, 18]]], [[16, [16, 13]]], [[9, [9]]], [[19, [19, 2, 14]]], [[6, [6, 7, 11]]], [[12, [12, 4]]], [[8, [8, 20]]]]], [[[[0, [13, 5, 10, 3, 15]], [15, []], [10, []], [5, []], [13, []], [14, [14]], [3, []], [2, [2]], [4, [4, 8]], [8, []]], [[0, [17, 18, 1]], [17, [16]], [18, []], [1, []], [16, []], [19, [19, 9]], [9, []], [6, [6, 11, 7]], [7, []], [11, []], [20, [20, 12]], [12, []]]], [[[17, [16]]], [[19, [19, 9]]], [[14, [14]]], [[2, [2]]], [[6, [6, 11, 7]]], [[20, [20, 12]]], [[4, [4, 8]]]]], [[[[0, [15]], [15, []], [16, [16, 1, 17, 18, 10]], [1, []], [17, []], [18, []], [10, []], [19, [19, 2, 14]], [2, []], [12, [12, 4]], [4, []], [14, []]], [[0, [3, 5, 13]], [13, []], [3, []], [9, [9]], [5, []], [6, [6, 7, 11]], [7, []], [11, []], [20, [20, 8]], [8, []]]], [[[16, [16, 1, 17, 18, 10]]], [[9, [9]]], [[6, [6, 7, 11]]], [[19, [19, 2, 14]]], [[12, [12, 4]]], [[20, [20, 8]]]]], [[[[0, [15, 1, 18, 17]], [10, [10]], [13, [13, 16]], [18, []], [17, []], [16, []], [1, []], [14, [14, 2]], [15, []], [2, []], [4, [4, 12]], [12, []]], [[0, [3]], [3, []], [5, [5]], [9, [9]], [19, [19]], [6, [6]], [7, [7, 11]], [11, []], [20, [20, 8]], [8, []]]], [[[10, [10]]], [[5, [5]]], [[13, [13, 16]]], [[9, [9]]], [[14, [14, 2]]], [[19, [19]]], [[6, [6]]], [[7, [7, 11]]], [[4, [4, 12]]], [[20, [20, 8]]]]]], "Numrun": 5, "all_fitness": [375.0675688864721, 371.16766523843364, 372.53730055058094, 370.73049457151455]}
{"file_name": "U_20_1", "number_of_trucks": 2, "drone_capacity": 10, "number_of_drones": 2, "iteration": 5, "best_fitness": 376.8176334083975, "runtime": 162.59886598587036, "best_solution": [[[[0, [18, 17, 1, 3, 15]], [15, []], [3, []], [17, []], [18, []], [1, []], [6, [6, 7, 14]], [7, []], [11, [11]], [14, []], [4, [4]]], [[0, [16, 10, 5, 13]], [13, []], [10, []], [5, []], [9, [9, 19]], [16, []], [19, []], [20, [20]], [8, [8, 2, 12]], [2, []], [12, []]]], [[[9, [9, 19]]], [[6, [6, 7, 14]]], [[20, [20]]], [[11, [11]]], [[8, [8, 2, 12]]], [[4, [4]]]]],