{"file_name": "U_20_0", "number_of_trucks": 2, "drone_capacity": 10, "number_of_drones": 2, "iteration": 1, "best_fitness": 240.99508175304524, "runtime": 267.05110812187195, "best_solution": [[[[0, []], [7, [7, 5, 11, 18, 1, 2]], [2, []], [5, []], [1, []], [11, []], [18, []], [14, [14, 8, 20]], [8, []], [20, []]], [[0, []], [4, [4, 15]], [15, []], [12, [12, 16, 9, 13, 10]], [16, []], [9, []], [13, []], [19, [19, 17, 6, 3]], [3, []], [10, []], [17, []], [6, []]]], [[[4, [4, 15]]], [[7, [7, 5, 11, 18, 1, 2]]], [[12, [12, 16, 9, 13, 10]]], [[19, [19, 17, 6, 3]]], [[14, [14, 8, 20]]]]], "all_solution": [[[[[0, []], [7, [7, 5, 11, 18, 1, 2]], [2, []], [5, []], [1, []], [11, []], [18, []], [14, [14, 8, 20]], [8, []], [20, []]], [[0, []], [4, [4, 15]], [15, []], [12, [12, 16, 9, 13, 10]], [16, []], [9, []], [13, []], [19, [19, 17, 6, 3]], [3, []], [10, []], [17, []], [6, []]]], [[[4, [4, 15]]], [[7, [7, 5, 11, 18, 1, 2]]], [[12, [12, 16, 9, 13, 10]]], [[19, [19, 17, 6, 3]]], [[14, [14, 8, 20]]]]]], "Numrun": 5, "all_fitness": [240.99508175304524]}
{"file_name": "U_20_0", "number_of_trucks": 2, "drone_capacity": 10, "number_of_drones": 2, "iteration": 2, "best_fitness": 240.23999999999998, "runtime": 273.7328429222107, "best_solution": [[[[0, [4]], [4, []], [7, [7, 13, 18, 5, 11, 1]], [5, []], [1, []], [13, []], [11, []], [18, []], [14, [14, 8, 20]], [8, []], [20, []]], [[0, [15, 2]], [15, []], [12, [12, 16, 9]], [16, []], [9, []], [19, [19, 17, 3, 10, 6]], [3, []], [2, []], [17, []], [10, []], [6, []]]], [[[7, [7, 13, 18, 5, 11, 1]]], [[12, [12, 16, 9]]], [[19, [19, 17, 3, 10, 6]]], [[14, [14, 8, 20]]]]], "all_solution": [[[[[0, []], [7, [7, 5, 11, 18, 1, 2]], [2, []], [5, []], [1, []], [11, []], [18, []], [14, [14, 8, 20]], [8, []], [20, []]], [[0, []], [4, [4, 15]], [15, []], [12, [12, 16, 9, 13, 10]], [16, []], [9, []], [13, []], [19, [19, 17, 6, 3]], [3, []], [10, []], [17, []], [6, []]]], [[[4, [4, 15]]], [[7, [7, 5, 11, 18, 1, 2]]], [[12, [12, 16, 9, 13, 10]]], [[19, [19, 17, 6, 3]]], [[14, [14, 8, 20]]]]], [[[[0, [4]], [4, []], [7, [7, 13, 18, 5, 11, 1]], [5, []], [1, []], [13, []], [11, []], [18, []], [14, [14, 8, 20]], [8, []], [20, []]], [[0, [15, 2]], [15, []], [12, [12, 16, 9]], [16, []], [9, []], [19, [19, 17, 3, 10, 6]], [3, []], [2, []], [17, []], [10, []], [6, []]]], [[[7, [7, 13, 18, 5, 11, 1]]], [[12, [12, 16, 9]]], [[19, [19, 17, 3, 10, 6]]], [[14, [14, 8, 20]]]]]], "Numrun": 5, "all_fitness": [240.99508175304524, 240.23999999999998]}
{"file_name": "U_20_0", "number_of_trucks": 2, "drone_capacity": 10, "number_of_drones": 2, "iteration": 3, "best_fitness": 238.9454952748838, "runtime": 264.8015170097351, "best_solution": [[[[0, []], [6, [6, 12, 15, 11, 18]], [15, []], [12, []], [11, []], [18, []], [14, [14, 8, 20]], [8, []], [20, []]], [[0, []], [4, [2, 5, 1, 4, 7]], [5, []], [1, []], [16, [16, 9, 13]], [9, []], [13, []], [19, [19, 17, 10, 3]], [3, []], [2, []], [17, []], [10, []], [7, []]]], [[[4, [2, 5, 1, 4, 7]]], [[16, [16, 9, 13]]], [[6, [6, 12, 15, 11, 18]]], [[19, [19, 17, 10, 3]]], [[14, [14, 8, 20]]]]], "all_solution": [[[[[0, []], [7, [7, 5, 11, 18, 1, 2]], [2, []], [5, []], [1, []], [11, []], [18, []], [14, [14, 8, 20]], [8, []], [20, []]], [[0, []], [4, [4, 15]], [15, []], [12, [12, 16, 9, 13, 10]], [16, []], [9, []], [13, []], [19, [19, 17, 6, 3]], [3, []], [10, []], [17, []], [6, []]]], [[[4, [4, 15]]], [[7, [7, 5, 11, 18, 1, 2]]], [[12, [12, 16, 9, 13, 10]]], [[19, [19, 17, 6, 3]]], [[14, [14, 8, 20]]]]], [[[[0, [4]], [4, []], [7, [7, 13, 18, 5, 11, 1]], [5, []], [1, []], [13, []], [11, []], [18, []], [14, [14, 8, 20]], [8, []], [20, []]], [[0, [15, 2]], [15, []], [12, [12, 16, 9]], [16, []], [9, []], [19, [19, 17, 3, 10, 6]], [3, []], [2, []], [17, []], [10, []], [6, []]]], [[[7, [7, 13, 18, 5, 11, 1]]], [[12, [12, 16, 9]]], [[19, [19, 17, 3, 10, 6]]], [[14, [14, 8, 20]]]]], [[[[0, []], [6, [6, 12, 15, 11, 18]], [15, []], [12, []], [11, []], [18, []], [14, [14, 8, 20]], [8, []], [20, []]], [[0, []], [4, [2, 5, 1, 4, 7]], [5, []], [1, []], [16, [16, 9, 13]], [9, []], [13, []], [19, [19, 17, 10, 3]], [3, []], [2, []], [17, []], [10, []], [7, []]]], [[[4, [2, 5, 1, 4, 7]]], [[16, [16, 9, 13]]], [[6, [6, 12, 15, 11, 18]]], [[19, [19, 17, 10, 3]]], [[14, [14, 8, 20]]]]]], "Numrun": 5, "all_fitness": [240.99508175304524, 240.23999999999998, 238.9454952748838]}
{"file_name": "U_20_0", "number_of_trucks": 2, "drone_capacity": 10, "number_of_drones": 2, "iteration": 4, "best_fitness": 242.9454952748838, "runtime": 204.63496780395508, "best_solution": [[[[0, [4, 7, 13, 2]], [4, []], [7, []], [6, [6, 9]], [9, []], [13, []], [19, [19, 17, 10, 3]], [3, []], [2, []], [17, []], [10, []]], [[0, [5]], [5, []], [1, [16, 12, 1, 11, 15, 18]], [16, []], [12, []], [11, []], [15, []], [18, []], [14, [14, 8, 20]], [8, []], [20, []]]], [[[1, [16, 12, 1, 11, 15, 18]]], [[6, [6, 9]]], [[19, [19, 17, 10, 3]]], [[14, [14, 8, 20]]]]], "all_solution": [[[[[0, []], [7, [7, 5, 11, 18, 1, 2]], [2, []], [5, []], [1, []], [11, []], [18, []], [14, [14, 8, 20]], [8, []], [20, []]], [[0, []], [4, [4, 15]], [15, []], [12, [12, 16, 9, 13, 10]], [16, []], [9, []], [13, []], [19, [19, 17, 6, 3]], [3, []], [10, []], [17, []], [6, []]]], [[[4, [4, 15]]], [[7, [7, 5, 11, 18, 1, 2]]], [[12, [12, 16, 9, 13, 10]]], [[19, [19, 17, 6, 3]]], [[14, [14, 8, 20]]]]], [[[[0, [4]], [4, []], [7, [7, 13, 18, 5, 11, 1]], [5, []], [1, []], [13, []], [11, []], [18, []], [14, [14, 8, 20]], [8, []], [20, []]], [[0, [15, 2]], [15, []], [12, [12, 16, 9]], [16, []], [9, []], [19, [19, 17, 3, 10, 6]], [3, []], [2, []], [17, []], [10, []], [6, []]]], [[[7, [7, 13, 18, 5, 11, 1]]], [[12, [12, 16, 9]]], [[19, [19, 17, 3, 10, 6]]], [[14, [14, 8, 20]]]]], [[[[0, []], [6, [6, 12, 15, 11, 18]], [15, []], [12, []], [11, []], [18, []], [14, [14, 8, 20]], [8, []], [20, []]], [[0, []], [4, [2, 5, 1, 4, 7]], [5, []], [1, []], [16, [16, 9, 13]], [9, []], [13, []], [19, [19, 17, 10, 3]], [3, []], [2, []], [17, []], [10, []], [7, []]]], [[[4, [2, 5, 1, 4, 7]]], [[16, [16, 9, 13]]], [[6, [6, 12, 15, 11, 18]]], [[19, [19, 17, 10, 3]]], [[14, [14, 8, 20]]]]], [[[[0, [4, 7, 13, 2]], [4, []], [7, []], [6, [6, 9]], [9, []], [13, []], [19, [19, 17, 10, 3]], [3, []], [2, []], [17, []], [10, []]], [[0, [5]], [5, []], [1, [16, 12, 1, 11, 15, 18]], [16, []], [12, []], [11, []], [15, []], [18, []], [14, [14, 8, 20]], [8, []], [20, []]]], [[[1, [16, 12, 1, 11, 15, 18]]], [[6, [6, 9]]], [[19, [19, 17, 10, 3]]], [[14, [14, 8, 20]]]]]], "Numrun": 5, "all_fitness": [240.99508175304524, 240.23999999999998, 238.9454952748838, 242.9454952748838]}
{"file_name": "U_20_0", "number_of_trucks": 2, "drone_capacity": 10, "number_of_drones": 2, "iteration": 5, "best_fitness": 242.10964303105038, "runtime": 335.4080545902252, "best_solution": [[[[0, [2, 13]], [6, [6, 10]], [2, []], [17, [17, 19, 3, 9]], [10, []], [3, []], [19, []], [13, []], [9, []]], [[0, []], [4, [4, 5, 7, 1]], [7, []], [5, []], [1, [16, 11, 12, 15, 18]], [16, []], [11, []], [12, []], [15, []], [18, []], [14, [14, 8, 20]], [8, []], [20, []]]], [[[6, [6, 10]]], [[4, [4, 5, 7, 1]]], [[1, [16, 11, 12, 15, 18]]], [[17, [17, 19, 3, 9]]], [[14, [14, 8, 20]]]]],