{"file_name": "U_20_1", "number_of_trucks": 2, "drone_capacity": 10, "number_of_drones": 2, "iteration": 1, "best_fitness": 392.41059759540803, "runtime": 240.0747504234314, "best_solution": [[[[0, [4, 18]], [4, [15, 5, 13]], [18, []], [15, []], [7, [7]], [17, [17, 3]], [3, []], [5, []], [13, []]], [[0, [14, 20, 16]], [6, [12, 6]], [14, []], [20, []], [11, [11]], [12, []], [9, [9, 19, 1]], [19, []], [16, []], [1, []], [8, [8, 10, 2]], [10, []], [2, []]]], [[[6, [12, 6]]], [[11, [11]]], [[4, [15, 5, 13]]], [[9, [9, 19, 1]]], [[7, [7]]], [[17, [17, 3]]], [[8, [8, 10, 2]]]]], "all_solution": [[[[[0, [4, 18]], [4, [15, 5, 13]], [18, []], [15, []], [7, [7]], [17, [17, 3]], [3, []], [5, []], [13, []]], [[0, [14, 20, 16]], [6, [12, 6]], [14, []], [20, []], [11, [11]], [12, []], [9, [9, 19, 1]], [19, []], [16, []], [1, []], [8, [8, 10, 2]], [10, []], [2, []]]], [[[6, [12, 6]]], [[11, [11]]], [[4, [15, 5, 13]]], [[9, [9, 19, 1]]], [[7, [7]]], [[17, [17, 3]]], [[8, [8, 10, 2]]]]]], "Numrun": 5, "all_fitness": [392.41059759540803]}
{"file_name": "U_20_1", "number_of_trucks": 2, "drone_capacity": 10, "number_of_drones": 2, "iteration": 2, "best_fitness": 387.5723101331736, "runtime": 240.61712431907654, "best_solution": [[[[0, [16, 18, 6, 12]], [6, []], [12, []], [16, []], [11, [11]], [9, [9, 19, 1]], [18, []], [19, []], [1, []], [8, [8, 10]], [10, []]], [[0, [20, 15, 13, 5, 4, 14]], [15, []], [14, []], [13, []], [5, []], [20, []], [4, []], [7, [7, 2]], [3, [3, 17]], [17, []], [2, []]]], [[[7, [7, 2]]], [[11, [11]]], [[9, [9, 19, 1]]], [[8, [8, 10]]], [[3, [3, 17]]]]], "all_solution": [[[[[0, [4, 18]], [4, [15, 5, 13]], [18, []], [15, []], [7, [7]], [17, [17, 3]], [3, []], [5, []], [13, []]], [[0, [14, 20, 16]], [6, [12, 6]], [14, []], [20, []], [11, [11]], [12, []], [9, [9, 19, 1]], [19, []], [16, []], [1, []], [8, [8, 10, 2]], [10, []], [2, []]]], [[[6, [12, 6]]], [[11, [11]]], [[4, [15, 5, 13]]], [[9, [9, 19, 1]]], [[7, [7]]], [[17, [17, 3]]], [[8, [8, 10, 2]]]]], [[[[0, [16, 18, 6, 12]], [6, []], [12, []], [16, []], [11, [11]], [9, [9, 19, 1]], [18, []], [19, []], [1, []], [8, [8, 10]], [10, []]], [[0, [20, 15, 13, 5, 4, 14]], [15, []], [14, []], [13, []], [5, []], [20, []], [4, []], [7, [7, 2]], [3, [3, 17]], [17, []], [2, []]]], [[[7, [7, 2]]], [[11, [11]]], [[9, [9, 19, 1]]], [[8, [8, 10]]], [[3, [3, 17]]]]]], "Numrun": 5, "all_fitness": [392.41059759540803, 387.5723101331736]}
{"file_name": "U_20_1", "number_of_trucks": 2, "drone_capacity": 10, "number_of_drones": 2, "iteration": 3, "best_fitness": 387.5723101331736, "runtime": 204.71112990379333, "best_solution": [[[[0, [20, 16]], [20, []], [14, [14, 6]], [6, [15, 11]], [9, [9]], [15, []], [19, [19, 1]], [11, []], [16, []], [1, []], [8, [8, 10]], [10, []]], [[0, [4, 12]], [13, [13, 18, 5]], [18, []], [5, []], [4, []], [12, []], [7, [7]], [3, [3, 17, 2]], [17, []], [2, []]]], [[[14, [14, 6]]], [[13, [13, 18, 5]]], [[6, [15, 11]]], [[9, [9]]], [[7, [7]]], [[19, [19, 1]]], [[8, [8, 10]]], [[3, [3, 17, 2]]]]], "all_solution": [[[[[0, [4, 18]], [4, [15, 5, 13]], [18, []], [15, []], [7, [7]], [17, [17, 3]], [3, []], [5, []], [13, []]], [[0, [14, 20, 16]], [6, [12, 6]], [14, []], [20, []], [11, [11]], [12, []], [9, [9, 19, 1]], [19, []], [16, []], [1, []], [8, [8, 10, 2]], [10, []], [2, []]]], [[[6, [12, 6]]], [[11, [11]]], [[4, [15, 5, 13]]], [[9, [9, 19, 1]]], [[7, [7]]], [[17, [17, 3]]], [[8, [8, 10, 2]]]]], [[[[0, [16, 18, 6, 12]], [6, []], [12, []], [16, []], [11, [11]], [9, [9, 19, 1]], [18, []], [19, []], [1, []], [8, [8, 10]], [10, []]], [[0, [20, 15, 13, 5, 4, 14]], [15, []], [14, []], [13, []], [5, []], [20, []], [4, []], [7, [7, 2]], [3, [3, 17]], [17, []], [2, []]]], [[[7, [7, 2]]], [[11, [11]]], [[9, [9, 19, 1]]], [[8, [8, 10]]], [[3, [3, 17]]]]], [[[[0, [20, 16]], [20, []], [14, [14, 6]], [6, [15, 11]], [9, [9]], [15, []], [19, [19, 1]], [11, []], [16, []], [1, []], [8, [8, 10]], [10, []]], [[0, [4, 12]], [13, [13, 18, 5]], [18, []], [5, []], [4, []], [12, []], [7, [7]], [3, [3, 17, 2]], [17, []], [2, []]]], [[[14, [14, 6]]], [[13, [13, 18, 5]]], [[6, [15, 11]]], [[9, [9]]], [[7, [7]]], [[19, [19, 1]]], [[8, [8, 10]]], [[3, [3, 17, 2]]]]]], "Numrun": 5, "all_fitness": [392.41059759540803, 387.5723101331736, 387.5723101331736]}
{"file_name": "U_20_1", "number_of_trucks": 2, "drone_capacity": 10, "number_of_drones": 2, "iteration": 4, "best_fitness": 386.8297155387378, "runtime": 209.36796164512634, "best_solution": [[[[0, [6, 4]], [4, []], [5, [5, 15]], [9, [9]], [15, []], [6, []], [7, [7]], [3, [3, 17]], [17, []]], [[0, [16, 20, 12, 14]], [12, []], [14, []], [16, []], [13, [11, 13, 18]], [20, []], [11, []], [18, []], [2, [2, 19, 1]], [19, []], [1, []], [8, [8, 10]], [10, []]]], [[[13, [11, 13, 18]]], [[5, [5, 15]]], [[9, [9]]], [[7, [7]]], [[2, [2, 19, 1]]], [[8, [8, 10]]], [[3, [3, 17]]]]], "all_solution": [[[[[0, [4, 18]], [4, [15, 5, 13]], [18, []], [15, []], [7, [7]], [17, [17, 3]], [3, []], [5, []], [13, []]], [[0, [14, 20, 16]], [6, [12, 6]], [14, []], [20, []], [11, [11]], [12, []], [9, [9, 19, 1]], [19, []], [16, []], [1, []], [8, [8, 10, 2]], [10, []], [2, []]]], [[[6, [12, 6]]], [[11, [11]]], [[4, [15, 5, 13]]], [[9, [9, 19, 1]]], [[7, [7]]], [[17, [17, 3]]], [[8, [8, 10, 2]]]]], [[[[0, [16, 18, 6, 12]], [6, []], [12, []], [16, []], [11, [11]], [9, [9, 19, 1]], [18, []], [19, []], [1, []], [8, [8, 10]], [10, []]], [[0, [20, 15, 13, 5, 4, 14]], [15, []], [14, []], [13, []], [5, []], [20, []], [4, []], [7, [7, 2]], [3, [3, 17]], [17, []], [2, []]]], [[[7, [7, 2]]], [[11, [11]]], [[9, [9, 19, 1]]], [[8, [8, 10]]], [[3, [3, 17]]]]], [[[[0, [20, 16]], [20, []], [14, [14, 6]], [6, [15, 11]], [9, [9]], [15, []], [19, [19, 1]], [11, []], [16, []], [1, []], [8, [8, 10]], [10, []]], [[0, [4, 12]], [13, [13, 18, 5]], [18, []], [5, []], [4, []], [12, []], [7, [7]], [3, [3, 17, 2]], [17, []], [2, []]]], [[[14, [14, 6]]], [[13, [13, 18, 5]]], [[6, [15, 11]]], [[9, [9]]], [[7, [7]]], [[19, [19, 1]]], [[8, [8, 10]]], [[3, [3, 17, 2]]]]], [[[[0, [6, 4]], [4, []], [5, [5, 15]], [9, [9]], [15, []], [6, []], [7, [7]], [3, [3, 17]], [17, []]], [[0, [16, 20, 12, 14]], [12, []], [14, []], [16, []], [13, [11, 13, 18]], [20, []], [11, []], [18, []], [2, [2, 19, 1]], [19, []], [1, []], [8, [8, 10]], [10, []]]], [[[13, [11, 13, 18]]], [[5, [5, 15]]], [[9, [9]]], [[7, [7]]], [[2, [2, 19, 1]]], [[8, [8, 10]]], [[3, [3, 17]]]]]], "Numrun": 5, "all_fitness": [392.41059759540803, 387.5723101331736, 387.5723101331736, 386.8297155387378]}
{"file_name": "U_20_1", "number_of_trucks": 2, "drone_capacity": 10, "number_of_drones": 2, "iteration": 5, "best_fitness": 387.5723101331736, "runtime": 164.39132070541382, "best_solution": [[[[0, [6, 14, 13]], [6, [5, 15]], [14, []], [13, []], [5, []], [15, []], [7, [7]], [3, [3, 17, 2]], [17, []], [2, []]], [[0, [20, 4, 16]], [20, []], [4, []], [16, []], [11, [11, 18, 12]], [18, []], [12, []], [9, [9, 1, 19]], [19, []], [1, []], [8, [8, 10]], [10, []]]], [[[6, [5, 15]]], [[11, [11, 18, 12]]], [[9, [9, 1, 19]]], [[7, [7]]], [[8, [8, 10]]], [[3, [3, 17, 2]]]]],