{"file_name": "U_20_0", "number_of_trucks": 2, "drone_capacity": 10, "number_of_drones": 2, "iteration": 1, "best_fitness": 200.10036701411173, "runtime": 302.83202481269836, "best_solution": [[[[0, [4]], [4, []], [2, [2, 18, 16]], [16, []], [1, [1, 14, 17, 6, 7, 15, 13, 11]], [14, []], [17, []], [18, []], [6, []], [7, []], [11, []], [15, []], [13, []]], [[0, [10]], [10, []], [5, [5, 3, 20]], [19, [19, 9, 12, 8]], [9, []], [20, []], [12, []], [3, []], [8, []]]], [[[2, [2, 18, 16]]], [[5, [5, 3, 20]]], [[19, [19, 9, 12, 8]]], [[1, [1, 14, 17, 6, 7, 15, 13, 11]]]]], "all_solution": [[[[[0, [4]], [4, []], [2, [2, 18, 16]], [16, []], [1, [1, 14, 17, 6, 7, 15, 13, 11]], [14, []], [17, []], [18, []], [6, []], [7, []], [11, []], [15, []], [13, []]], [[0, [10]], [10, []], [5, [5, 3, 20]], [19, [19, 9, 12, 8]], [9, []], [20, []], [12, []], [3, []], [8, []]]], [[[2, [2, 18, 16]]], [[5, [5, 3, 20]]], [[19, [19, 9, 12, 8]]], [[1, [1, 14, 17, 6, 7, 15, 13, 11]]]]]], "Numrun": 5, "all_fitness": [200.10036701411173]}
{"file_name": "U_20_0", "number_of_trucks": 2, "drone_capacity": 10, "number_of_drones": 2, "iteration": 2, "best_fitness": 194.60000000000002, "runtime": 211.7184374332428, "best_solution": [[[[0, [4, 16, 2]], [16, []], [2, []], [4, []], [1, [1, 14, 18]], [14, []], [18, [17, 6, 7, 11, 15]], [17, []], [6, []], [7, []], [11, []], [15, []]], [[0, []], [5, [5, 10]], [10, []], [19, [19]], [9, [9, 20, 8, 3, 12, 13]], [20, []], [8, []], [3, []], [12, []], [13, []]]], [[[5, [5, 10]]], [[1, [1, 14, 18]]], [[19, [19]]], [[9, [9, 20, 8, 3, 12, 13]]], [[18, [17, 6, 7, 11, 15]]]]], "all_solution": [[[[[0, [4]], [4, []], [2, [2, 18, 16]], [16, []], [1, [1, 14, 17, 6, 7, 15, 13, 11]], [14, []], [17, []], [18, []], [6, []], [7, []], [11, []], [15, []], [13, []]], [[0, [10]], [10, []], [5, [5, 3, 20]], [19, [19, 9, 12, 8]], [9, []], [20, []], [12, []], [3, []], [8, []]]], [[[2, [2, 18, 16]]], [[5, [5, 3, 20]]], [[19, [19, 9, 12, 8]]], [[1, [1, 14, 17, 6, 7, 15, 13, 11]]]]], [[[[0, [4, 16, 2]], [16, []], [2, []], [4, []], [1, [1, 14, 18]], [14, []], [18, [17, 6, 7, 11, 15]], [17, []], [6, []], [7, []], [11, []], [15, []]], [[0, []], [5, [5, 10]], [10, []], [19, [19]], [9, [9, 20, 8, 3, 12, 13]], [20, []], [8, []], [3, []], [12, []], [13, []]]], [[[5, [5, 10]]], [[1, [1, 14, 18]]], [[19, [19]]], [[9, [9, 20, 8, 3, 12, 13]]], [[18, [17, 6, 7, 11, 15]]]]]], "Numrun": 5, "all_fitness": [200.10036701411173, 194.60000000000002]}
{"file_name": "U_20_0", "number_of_trucks": 2, "drone_capacity": 10, "number_of_drones": 2, "iteration": 3, "best_fitness": 205.72000000000003, "runtime": 313.4895131587982, "best_solution": [[[[0, [4]], [4, []], [3, [3, 2, 16]], [2, []], [16, []], [14, [14, 1, 12, 20]], [1, []], [12, []], [8, [8, 15, 13]], [20, []], [15, []], [13, []]], [[0, []], [10, [10]], [5, [5]], [6, [6]], [17, [17, 18, 7, 11, 9, 19]], [18, []], [7, []], [11, []], [19, []], [9, []]]], [[[3, [3, 2, 16]]], [[10, [10]]], [[5, [5]]], [[6, [6]]], [[14, [14, 1, 12, 20]]], [[17, [17, 18, 7, 11, 9, 19]]], [[8, [8, 15, 13]]]]], "all_solution": [[[[[0, [4]], [4, []], [2, [2, 18, 16]], [16, []], [1, [1, 14, 17, 6, 7, 15, 13, 11]], [14, []], [17, []], [18, []], [6, []], [7, []], [11, []], [15, []], [13, []]], [[0, [10]], [10, []], [5, [5, 3, 20]], [19, [19, 9, 12, 8]], [9, []], [20, []], [12, []], [3, []], [8, []]]], [[[2, [2, 18, 16]]], [[5, [5, 3, 20]]], [[19, [19, 9, 12, 8]]], [[1, [1, 14, 17, 6, 7, 15, 13, 11]]]]], [[[[0, [4, 16, 2]], [16, []], [2, []], [4, []], [1, [1, 14, 18]], [14, []], [18, [17, 6, 7, 11, 15]], [17, []], [6, []], [7, []], [11, []], [15, []]], [[0, []], [5, [5, 10]], [10, []], [19, [19]], [9, [9, 20, 8, 3, 12, 13]], [20, []], [8, []], [3, []], [12, []], [13, []]]], [[[5, [5, 10]]], [[1, [1, 14, 18]]], [[19, [19]]], [[9, [9, 20, 8, 3, 12, 13]]], [[18, [17, 6, 7, 11, 15]]]]], [[[[0, [4]], [4, []], [3, [3, 2, 16]], [2, []], [16, []], [14, [14, 1, 12, 20]], [1, []], [12, []], [8, [8, 15, 13]], [20, []], [15, []], [13, []]], [[0, []], [10, [10]], [5, [5]], [6, [6]], [17, [17, 18, 7, 11, 9, 19]], [18, []], [7, []], [11, []], [19, []], [9, []]]], [[[3, [3, 2, 16]]], [[10, [10]]], [[5, [5]]], [[6, [6]]], [[14, [14, 1, 12, 20]]], [[17, [17, 18, 7, 11, 9, 19]]], [[8, [8, 15, 13]]]]]], "Numrun": 5, "all_fitness": [200.10036701411173, 194.60000000000002, 205.72000000000003]}
{"file_name": "U_20_0", "number_of_trucks": 2, "drone_capacity": 10, "number_of_drones": 2, "iteration": 4, "best_fitness": 196.8104945715146, "runtime": 326.49748706817627, "best_solution": [[[[0, [10]], [10, []], [5, [5]], [19, [19, 20, 3]], [20, []], [8, [8, 13, 12, 9]], [3, []], [12, []], [9, []], [13, []]], [[0, [4]], [16, [16, 2]], [2, []], [4, []], [1, [1, 14, 17, 15, 6, 7, 18, 11]], [14, []], [18, []], [17, []], [6, []], [7, []], [11, []], [15, []]]], [[[16, [16, 2]]], [[5, [5]]], [[19, [19, 20, 3]]], [[1, [1, 14, 17, 15, 6, 7, 18, 11]]], [[8, [8, 13, 12, 9]]]]], "all_solution": [[[[[0, [4]], [4, []], [2, [2, 18, 16]], [16, []], [1, [1, 14, 17, 6, 7, 15, 13, 11]], [14, []], [17, []], [18, []], [6, []], [7, []], [11, []], [15, []], [13, []]], [[0, [10]], [10, []], [5, [5, 3, 20]], [19, [19, 9, 12, 8]], [9, []], [20, []], [12, []], [3, []], [8, []]]], [[[2, [2, 18, 16]]], [[5, [5, 3, 20]]], [[19, [19, 9, 12, 8]]], [[1, [1, 14, 17, 6, 7, 15, 13, 11]]]]], [[[[0, [4, 16, 2]], [16, []], [2, []], [4, []], [1, [1, 14, 18]], [14, []], [18, [17, 6, 7, 11, 15]], [17, []], [6, []], [7, []], [11, []], [15, []]], [[0, []], [5, [5, 10]], [10, []], [19, [19]], [9, [9, 20, 8, 3, 12, 13]], [20, []], [8, []], [3, []], [12, []], [13, []]]], [[[5, [5, 10]]], [[1, [1, 14, 18]]], [[19, [19]]], [[9, [9, 20, 8, 3, 12, 13]]], [[18, [17, 6, 7, 11, 15]]]]], [[[[0, [4]], [4, []], [3, [3, 2, 16]], [2, []], [16, []], [14, [14, 1, 12, 20]], [1, []], [12, []], [8, [8, 15, 13]], [20, []], [15, []], [13, []]], [[0, []], [10, [10]], [5, [5]], [6, [6]], [17, [17, 18, 7, 11, 9, 19]], [18, []], [7, []], [11, []], [19, []], [9, []]]], [[[3, [3, 2, 16]]], [[10, [10]]], [[5, [5]]], [[6, [6]]], [[14, [14, 1, 12, 20]]], [[17, [17, 18, 7, 11, 9, 19]]], [[8, [8, 15, 13]]]]], [[[[0, [10]], [10, []], [5, [5]], [19, [19, 20, 3]], [20, []], [8, [8, 13, 12, 9]], [3, []], [12, []], [9, []], [13, []]], [[0, [4]], [16, [16, 2]], [2, []], [4, []], [1, [1, 14, 17, 15, 6, 7, 18, 11]], [14, []], [18, []], [17, []], [6, []], [7, []], [11, []], [15, []]]], [[[16, [16, 2]]], [[5, [5]]], [[19, [19, 20, 3]]], [[1, [1, 14, 17, 15, 6, 7, 18, 11]]], [[8, [8, 13, 12, 9]]]]]], "Numrun": 5, "all_fitness": [200.10036701411173, 194.60000000000002, 205.72000000000003, 196.8104945715146]}
{"file_name": "U_20_0", "number_of_trucks": 2, "drone_capacity": 10, "number_of_drones": 2, "iteration": 5, "best_fitness": 202.54036701411178, "runtime": 235.0720591545105, "best_solution": [[[[0, [4]], [2, [2]], [4, []], [1, [1, 16, 14, 18, 11]], [16, []], [14, []], [18, []], [17, [17, 7, 6, 15, 13]], [6, []], [7, []], [11, []], [15, []], [13, []]], [[0, [10]], [10, []], [5, [5, 3, 20]], [19, [19, 9, 8, 12]], [20, []], [8, []], [3, []], [12, []], [9, []]]], [[[2, [2]]], [[5, [5, 3, 20]]], [[1, [1, 16, 14, 18, 11]]], [[19, [19, 9, 8, 12]]], [[17, [17, 7, 6, 15, 13]]]]],