{"file_name": "U_20_0", "number_of_trucks": 2, "drone_capacity": 10, "number_of_drones": 2, "iteration": 1, "best_fitness": 200.81340917475137, "runtime": 204.68394565582275, "best_solution": [[[[0, []], [4, [4]], [7, [7, 15, 18, 6]], [6, []], [15, []], [18, []], [14, [14, 8, 20]], [8, []], [20, []]], [[0, []], [5, [11, 13, 1, 5, 2]], [1, []], [13, []], [11, []], [16, [16]], [12, [12, 9, 19, 3, 17, 10]], [9, []], [19, []], [3, []], [2, []], [17, []], [10, []]]], [[[5, [11, 13, 1, 5, 2]]], [[4, [4]]], [[16, [16]]], [[7, [7, 15, 18, 6]]], [[12, [12, 9, 19, 3, 17, 10]]], [[14, [14, 8, 20]]]]], "all_solution": [[[[[0, []], [4, [4]], [7, [7, 15, 18, 6]], [6, []], [15, []], [18, []], [14, [14, 8, 20]], [8, []], [20, []]], [[0, []], [5, [11, 13, 1, 5, 2]], [1, []], [13, []], [11, []], [16, [16]], [12, [12, 9, 19, 3, 17, 10]], [9, []], [19, []], [3, []], [2, []], [17, []], [10, []]]], [[[5, [11, 13, 1, 5, 2]]], [[4, [4]]], [[16, [16]]], [[7, [7, 15, 18, 6]]], [[12, [12, 9, 19, 3, 17, 10]]], [[14, [14, 8, 20]]]]]], "Numrun": 5, "all_fitness": [200.81340917475137]}
{"file_name": "U_20_0", "number_of_trucks": 2, "drone_capacity": 10, "number_of_drones": 2, "iteration": 2, "best_fitness": 203.6255976418708, "runtime": 263.14009165763855, "best_solution": [[[[0, [15]], [15, []], [18, [18, 2, 13]], [6, [6, 10, 3, 16, 9]], [10, []], [17, [17, 19]], [2, []], [3, []], [19, []], [13, []], [9, []], [16, []]], [[0, [1]], [11, [7, 4, 11, 5]], [1, []], [5, []], [7, []], [4, []], [20, [20, 8, 14, 12]], [8, []], [14, []], [12, []]]], [[[11, [7, 4, 11, 5]]], [[18, [18, 2, 13]]], [[6, [6, 10, 3, 16, 9]]], [[17, [17, 19]]], [[20, [20, 8, 14, 12]]]]], "all_solution": [[[[[0, []], [4, [4]], [7, [7, 15, 18, 6]], [6, []], [15, []], [18, []], [14, [14, 8, 20]], [8, []], [20, []]], [[0, []], [5, [11, 13, 1, 5, 2]], [1, []], [13, []], [11, []], [16, [16]], [12, [12, 9, 19, 3, 17, 10]], [9, []], [19, []], [3, []], [2, []], [17, []], [10, []]]], [[[5, [11, 13, 1, 5, 2]]], [[4, [4]]], [[16, [16]]], [[7, [7, 15, 18, 6]]], [[12, [12, 9, 19, 3, 17, 10]]], [[14, [14, 8, 20]]]]], [[[[0, [15]], [15, []], [18, [18, 2, 13]], [6, [6, 10, 3, 16, 9]], [10, []], [17, [17, 19]], [2, []], [3, []], [19, []], [13, []], [9, []], [16, []]], [[0, [1]], [11, [7, 4, 11, 5]], [1, []], [5, []], [7, []], [4, []], [20, [20, 8, 14, 12]], [8, []], [14, []], [12, []]]], [[[11, [7, 4, 11, 5]]], [[18, [18, 2, 13]]], [[6, [6, 10, 3, 16, 9]]], [[17, [17, 19]]], [[20, [20, 8, 14, 12]]]]]], "Numrun": 5, "all_fitness": [200.81340917475137, 203.6255976418708]}
{"file_name": "U_20_0", "number_of_trucks": 2, "drone_capacity": 10, "number_of_drones": 2, "iteration": 3, "best_fitness": 200.81340917475137, "runtime": 214.49848175048828, "best_solution": [[[[0, []], [1, [1, 11, 15]], [11, []], [12, [12, 16, 18]], [16, []], [15, []], [18, []], [14, [14, 8, 20]], [8, []], [20, []]], [[0, []], [4, [4, 5, 2]], [5, []], [9, [9, 13]], [13, []], [19, [19, 3, 10, 17, 7, 6]], [3, []], [2, []], [10, []], [17, []], [7, []], [6, []]]], [[[4, [4, 5, 2]]], [[1, [1, 11, 15]]], [[9, [9, 13]]], [[12, [12, 16, 18]]], [[19, [19, 3, 10, 17, 7, 6]]], [[14, [14, 8, 20]]]]], "all_solution": [[[[[0, []], [4, [4]], [7, [7, 15, 18, 6]], [6, []], [15, []], [18, []], [14, [14, 8, 20]], [8, []], [20, []]], [[0, []], [5, [11, 13, 1, 5, 2]], [1, []], [13, []], [11, []], [16, [16]], [12, [12, 9, 19, 3, 17, 10]], [9, []], [19, []], [3, []], [2, []], [17, []], [10, []]]], [[[5, [11, 13, 1, 5, 2]]], [[4, [4]]], [[16, [16]]], [[7, [7, 15, 18, 6]]], [[12, [12, 9, 19, 3, 17, 10]]], [[14, [14, 8, 20]]]]], [[[[0, [15]], [15, []], [18, [18, 2, 13]], [6, [6, 10, 3, 16, 9]], [10, []], [17, [17, 19]], [2, []], [3, []], [19, []], [13, []], [9, []], [16, []]], [[0, [1]], [11, [7, 4, 11, 5]], [1, []], [5, []], [7, []], [4, []], [20, [20, 8, 14, 12]], [8, []], [14, []], [12, []]]], [[[11, [7, 4, 11, 5]]], [[18, [18, 2, 13]]], [[6, [6, 10, 3, 16, 9]]], [[17, [17, 19]]], [[20, [20, 8, 14, 12]]]]], [[[[0, []], [1, [1, 11, 15]], [11, []], [12, [12, 16, 18]], [16, []], [15, []], [18, []], [14, [14, 8, 20]], [8, []], [20, []]], [[0, []], [4, [4, 5, 2]], [5, []], [9, [9, 13]], [13, []], [19, [19, 3, 10, 17, 7, 6]], [3, []], [2, []], [10, []], [17, []], [7, []], [6, []]]], [[[4, [4, 5, 2]]], [[1, [1, 11, 15]]], [[9, [9, 13]]], [[12, [12, 16, 18]]], [[19, [19, 3, 10, 17, 7, 6]]], [[14, [14, 8, 20]]]]]], "Numrun": 5, "all_fitness": [200.81340917475137, 203.6255976418708, 200.81340917475137]}
{"file_name": "U_20_0", "number_of_trucks": 2, "drone_capacity": 10, "number_of_drones": 2, "iteration": 4, "best_fitness": 200.81340917475137, "runtime": 281.17097330093384, "best_solution": [[[[0, []], [4, [4]], [7, [18, 7, 1]], [1, []], [18, []], [14, [14, 8, 20]], [8, []], [20, []]], [[0, [15, 2, 13, 5, 11]], [5, []], [15, []], [12, [12, 16, 9, 6]], [11, []], [16, []], [9, []], [13, []], [19, [19, 17, 3, 10]], [3, []], [2, []], [17, []], [10, []], [6, []]]], [[[4, [4]]], [[7, [18, 7, 1]]], [[12, [12, 16, 9, 6]]], [[19, [19, 17, 3, 10]]], [[14, [14, 8, 20]]]]], "all_solution": [[[[[0, []], [4, [4]], [7, [7, 15, 18, 6]], [6, []], [15, []], [18, []], [14, [14, 8, 20]], [8, []], [20, []]], [[0, []], [5, [11, 13, 1, 5, 2]], [1, []], [13, []], [11, []], [16, [16]], [12, [12, 9, 19, 3, 17, 10]], [9, []], [19, []], [3, []], [2, []], [17, []], [10, []]]], [[[5, [11, 13, 1, 5, 2]]], [[4, [4]]], [[16, [16]]], [[7, [7, 15, 18, 6]]], [[12, [12, 9, 19, 3, 17, 10]]], [[14, [14, 8, 20]]]]], [[[[0, [15]], [15, []], [18, [18, 2, 13]], [6, [6, 10, 3, 16, 9]], [10, []], [17, [17, 19]], [2, []], [3, []], [19, []], [13, []], [9, []], [16, []]], [[0, [1]], [11, [7, 4, 11, 5]], [1, []], [5, []], [7, []], [4, []], [20, [20, 8, 14, 12]], [8, []], [14, []], [12, []]]], [[[11, [7, 4, 11, 5]]], [[18, [18, 2, 13]]], [[6, [6, 10, 3, 16, 9]]], [[17, [17, 19]]], [[20, [20, 8, 14, 12]]]]], [[[[0, []], [1, [1, 11, 15]], [11, []], [12, [12, 16, 18]], [16, []], [15, []], [18, []], [14, [14, 8, 20]], [8, []], [20, []]], [[0, []], [4, [4, 5, 2]], [5, []], [9, [9, 13]], [13, []], [19, [19, 3, 10, 17, 7, 6]], [3, []], [2, []], [10, []], [17, []], [7, []], [6, []]]], [[[4, [4, 5, 2]]], [[1, [1, 11, 15]]], [[9, [9, 13]]], [[12, [12, 16, 18]]], [[19, [19, 3, 10, 17, 7, 6]]], [[14, [14, 8, 20]]]]], [[[[0, []], [4, [4]], [7, [18, 7, 1]], [1, []], [18, []], [14, [14, 8, 20]], [8, []], [20, []]], [[0, [15, 2, 13, 5, 11]], [5, []], [15, []], [12, [12, 16, 9, 6]], [11, []], [16, []], [9, []], [13, []], [19, [19, 17, 3, 10]], [3, []], [2, []], [17, []], [10, []], [6, []]]], [[[4, [4]]], [[7, [18, 7, 1]]], [[12, [12, 16, 9, 6]]], [[19, [19, 17, 3, 10]]], [[14, [14, 8, 20]]]]]], "Numrun": 5, "all_fitness": [200.81340917475137, 203.6255976418708, 200.81340917475137, 200.81340917475137]}
{"file_name": "U_20_0", "number_of_trucks": 2, "drone_capacity": 10, "number_of_drones": 2, "iteration": 5, "best_fitness": 198.23887038136837, "runtime": 365.5632336139679, "best_solution": [[[[0, [1, 5]], [5, []], [1, [18, 11, 15]], [11, []], [15, []], [18, []], [14, [14, 6]], [8, [20, 8]], [20, []], [6, []]], [[0, [7, 4, 2]], [4, []], [7, []], [10, [10, 12]], [2, []], [17, [17, 19, 9, 3, 13, 16]], [3, []], [19, []], [13, []], [9, []], [16, []], [12, []]]], [[[1, [18, 11, 15]]], [[10, [10, 12]]], [[14, [14, 6]]], [[17, [17, 19, 9, 3, 13, 16]]], [[8, [20, 8]]]]],