{"file_name": "U_20_1", "number_of_trucks": 2, "drone_capacity": 10, "number_of_drones": 2, "iteration": 1, "best_fitness": 265.4504945715146, "runtime": 176.08589553833008, "best_solution": [[[[0, [11]], [11, []], [6, [6, 15]], [15, []], [16, [16, 1, 4, 18]], [4, []], [1, []], [18, []], [17, [17, 5, 7]], [7, []], [5, []]], [[0, [10]], [10, []], [14, [14]], [13, [13, 8, 20, 9]], [20, []], [19, [19]], [9, []], [8, []], [3, [3, 2, 12]], [2, []], [12, []]]], [[[6, [6, 15]]], [[14, [14]]], [[16, [16, 1, 4, 18]]], [[13, [13, 8, 20, 9]]], [[19, [19]]], [[17, [17, 5, 7]]], [[3, [3, 2, 12]]]]], "all_solution": [[[[[0, [11]], [11, []], [6, [6, 15]], [15, []], [16, [16, 1, 4, 18]], [4, []], [1, []], [18, []], [17, [17, 5, 7]], [7, []], [5, []]], [[0, [10]], [10, []], [14, [14]], [13, [13, 8, 20, 9]], [20, []], [19, [19]], [9, []], [8, []], [3, [3, 2, 12]], [2, []], [12, []]]], [[[6, [6, 15]]], [[14, [14]]], [[16, [16, 1, 4, 18]]], [[13, [13, 8, 20, 9]]], [[19, [19]]], [[17, [17, 5, 7]]], [[3, [3, 2, 12]]]]]], "Numrun": 5, "all_fitness": [265.4504945715146]}
{"file_name": "U_20_1", "number_of_trucks": 2, "drone_capacity": 10, "number_of_drones": 2, "iteration": 2, "best_fitness": 265.45049457151464, "runtime": 184.69003057479858, "best_solution": [[[[0, [15, 6, 13, 14, 11]], [13, []], [15, []], [11, []], [6, []], [5, [5, 7, 1, 18]], [7, []], [18, []], [17, [17]], [14, []], [1, []]], [[0, [10]], [10, []], [4, [16, 8, 4]], [16, []], [9, [9, 20]], [19, [19]], [20, []], [8, [3, 2, 12]], [3, []], [2, []], [12, []]]], [[[5, [5, 7, 1, 18]]], [[4, [16, 8, 4]]], [[9, [9, 20]]], [[19, [19]]], [[17, [17]]], [[8, [3, 2, 12]]]]], "all_solution": [[[[[0, [11]], [11, []], [6, [6, 15]], [15, []], [16, [16, 1, 4, 18]], [4, []], [1, []], [18, []], [17, [17, 5, 7]], [7, []], [5, []]], [[0, [10]], [10, []], [14, [14]], [13, [13, 8, 20, 9]], [20, []], [19, [19]], [9, []], [8, []], [3, [3, 2, 12]], [2, []], [12, []]]], [[[6, [6, 15]]], [[14, [14]]], [[16, [16, 1, 4, 18]]], [[13, [13, 8, 20, 9]]], [[19, [19]]], [[17, [17, 5, 7]]], [[3, [3, 2, 12]]]]], [[[[0, [15, 6, 13, 14, 11]], [13, []], [15, []], [11, []], [6, []], [5, [5, 7, 1, 18]], [7, []], [18, []], [17, [17]], [14, []], [1, []]], [[0, [10]], [10, []], [4, [16, 8, 4]], [16, []], [9, [9, 20]], [19, [19]], [20, []], [8, [3, 2, 12]], [3, []], [2, []], [12, []]]], [[[5, [5, 7, 1, 18]]], [[4, [16, 8, 4]]], [[9, [9, 20]]], [[19, [19]]], [[17, [17]]], [[8, [3, 2, 12]]]]]], "Numrun": 5, "all_fitness": [265.4504945715146, 265.45049457151464]}
{"file_name": "U_20_1", "number_of_trucks": 2, "drone_capacity": 10, "number_of_drones": 2, "iteration": 3, "best_fitness": 265.79005193566115, "runtime": 216.82327389717102, "best_solution": [[[[0, []], [4, [4]], [16, [16, 14, 8, 13, 1, 9]], [1, []], [14, []], [12, [12, 20]], [2, [2, 3]], [3, []], [8, []], [20, []], [9, []], [13, []]], [[0, [6, 15, 11, 10, 18]], [15, []], [10, []], [6, []], [11, []], [7, [7]], [18, []], [17, [17, 5, 19]], [5, []], [19, []]]], [[[4, [4]]], [[16, [16, 14, 8, 13, 1, 9]]], [[7, [7]]], [[12, [12, 20]]], [[17, [17, 5, 19]]], [[2, [2, 3]]]]], "all_solution": [[[[[0, [11]], [11, []], [6, [6, 15]], [15, []], [16, [16, 1, 4, 18]], [4, []], [1, []], [18, []], [17, [17, 5, 7]], [7, []], [5, []]], [[0, [10]], [10, []], [14, [14]], [13, [13, 8, 20, 9]], [20, []], [19, [19]], [9, []], [8, []], [3, [3, 2, 12]], [2, []], [12, []]]], [[[6, [6, 15]]], [[14, [14]]], [[16, [16, 1, 4, 18]]], [[13, [13, 8, 20, 9]]], [[19, [19]]], [[17, [17, 5, 7]]], [[3, [3, 2, 12]]]]], [[[[0, [15, 6, 13, 14, 11]], [13, []], [15, []], [11, []], [6, []], [5, [5, 7, 1, 18]], [7, []], [18, []], [17, [17]], [14, []], [1, []]], [[0, [10]], [10, []], [4, [16, 8, 4]], [16, []], [9, [9, 20]], [19, [19]], [20, []], [8, [3, 2, 12]], [3, []], [2, []], [12, []]]], [[[5, [5, 7, 1, 18]]], [[4, [16, 8, 4]]], [[9, [9, 20]]], [[19, [19]]], [[17, [17]]], [[8, [3, 2, 12]]]]], [[[[0, []], [4, [4]], [16, [16, 14, 8, 13, 1, 9]], [1, []], [14, []], [12, [12, 20]], [2, [2, 3]], [3, []], [8, []], [20, []], [9, []], [13, []]], [[0, [6, 15, 11, 10, 18]], [15, []], [10, []], [6, []], [11, []], [7, [7]], [18, []], [17, [17, 5, 19]], [5, []], [19, []]]], [[[4, [4]]], [[16, [16, 14, 8, 13, 1, 9]]], [[7, [7]]], [[12, [12, 20]]], [[17, [17, 5, 19]]], [[2, [2, 3]]]]]], "Numrun": 5, "all_fitness": [265.4504945715146, 265.45049457151464, 265.79005193566115]}
{"file_name": "U_20_1", "number_of_trucks": 2, "drone_capacity": 10, "number_of_drones": 2, "iteration": 4, "best_fitness": 263.5103471494449, "runtime": 217.3246066570282, "best_solution": [[[[0, [6, 18, 10, 15]], [10, []], [15, []], [6, []], [7, [7]], [18, []], [17, [17, 5, 19]], [5, []], [19, []]], [[0, [11]], [11, []], [13, [13, 16, 4, 14, 8]], [16, []], [4, []], [14, []], [1, [1, 12, 20, 9]], [12, []], [2, [2, 3]], [3, []], [8, []], [20, []], [9, []]]], [[[7, [7]]], [[13, [13, 16, 4, 14, 8]]], [[1, [1, 12, 20, 9]]], [[17, [17, 5, 19]]], [[2, [2, 3]]]]], "all_solution": [[[[[0, [11]], [11, []], [6, [6, 15]], [15, []], [16, [16, 1, 4, 18]], [4, []], [1, []], [18, []], [17, [17, 5, 7]], [7, []], [5, []]], [[0, [10]], [10, []], [14, [14]], [13, [13, 8, 20, 9]], [20, []], [19, [19]], [9, []], [8, []], [3, [3, 2, 12]], [2, []], [12, []]]], [[[6, [6, 15]]], [[14, [14]]], [[16, [16, 1, 4, 18]]], [[13, [13, 8, 20, 9]]], [[19, [19]]], [[17, [17, 5, 7]]], [[3, [3, 2, 12]]]]], [[[[0, [15, 6, 13, 14, 11]], [13, []], [15, []], [11, []], [6, []], [5, [5, 7, 1, 18]], [7, []], [18, []], [17, [17]], [14, []], [1, []]], [[0, [10]], [10, []], [4, [16, 8, 4]], [16, []], [9, [9, 20]], [19, [19]], [20, []], [8, [3, 2, 12]], [3, []], [2, []], [12, []]]], [[[5, [5, 7, 1, 18]]], [[4, [16, 8, 4]]], [[9, [9, 20]]], [[19, [19]]], [[17, [17]]], [[8, [3, 2, 12]]]]], [[[[0, []], [4, [4]], [16, [16, 14, 8, 13, 1, 9]], [1, []], [14, []], [12, [12, 20]], [2, [2, 3]], [3, []], [8, []], [20, []], [9, []], [13, []]], [[0, [6, 15, 11, 10, 18]], [15, []], [10, []], [6, []], [11, []], [7, [7]], [18, []], [17, [17, 5, 19]], [5, []], [19, []]]], [[[4, [4]]], [[16, [16, 14, 8, 13, 1, 9]]], [[7, [7]]], [[12, [12, 20]]], [[17, [17, 5, 19]]], [[2, [2, 3]]]]], [[[[0, [6, 18, 10, 15]], [10, []], [15, []], [6, []], [7, [7]], [18, []], [17, [17, 5, 19]], [5, []], [19, []]], [[0, [11]], [11, []], [13, [13, 16, 4, 14, 8]], [16, []], [4, []], [14, []], [1, [1, 12, 20, 9]], [12, []], [2, [2, 3]], [3, []], [8, []], [20, []], [9, []]]], [[[7, [7]]], [[13, [13, 16, 4, 14, 8]]], [[1, [1, 12, 20, 9]]], [[17, [17, 5, 19]]], [[2, [2, 3]]]]]], "Numrun": 5, "all_fitness": [265.4504945715146, 265.45049457151464, 265.79005193566115, 263.5103471494449]}
{"file_name": "U_20_1", "number_of_trucks": 2, "drone_capacity": 10, "number_of_drones": 2, "iteration": 5, "best_fitness": 266.5103471494449, "runtime": 221.0479280948639, "best_solution": [[[[0, [10, 18]], [18, []], [10, []], [20, [20, 4, 8, 13]], [4, []], [12, [12, 9]], [2, [2]], [3, [3]], [8, []], [9, []], [13, []]], [[0, []], [15, [11, 15]], [11, [6]], [6, []], [16, [16]], [1, [1, 14]], [14, []], [17, [17, 7, 5, 19]], [7, []], [5, []], [19, []]]], [[[15, [11, 15]]], [[11, [6]]], [[16, [16]]], [[20, [20, 4, 8, 13]]], [[1, [1, 14]]], [[12, [12, 9]]], [[17, [17, 7, 5, 19]]], [[2, [2]]], [[3, [3]]]]],