{"file_name": "U_20_0", "number_of_trucks": 2, "drone_capacity": 10, "number_of_drones": 2, "iteration": 1, "best_fitness": 197.1480016351743, "runtime": 291.6697814464569, "best_solution": [[[[0, []], [3, [8, 20, 3, 4, 13]], [4, []], [13, []], [12, [12]], [8, []], [17, [17, 1, 10, 11]], [20, []], [10, []], [1, []], [11, []]], [[0, [9]], [14, [7, 14]], [7, [2, 18, 15, 5]], [9, []], [2, []], [19, [19, 6, 16]], [6, []], [15, []], [18, []], [16, []], [5, []]]], [[[14, [7, 14]]], [[3, [8, 20, 3, 4, 13]]], [[7, [2, 18, 15, 5]]], [[12, [12]]], [[17, [17, 1, 10, 11]]], [[19, [19, 6, 16]]]]], "all_solution": [[[[[0, []], [3, [8, 20, 3, 4, 13]], [4, []], [13, []], [12, [12]], [8, []], [17, [17, 1, 10, 11]], [20, []], [10, []], [1, []], [11, []]], [[0, [9]], [14, [7, 14]], [7, [2, 18, 15, 5]], [9, []], [2, []], [19, [19, 6, 16]], [6, []], [15, []], [18, []], [16, []], [5, []]]], [[[14, [7, 14]]], [[3, [8, 20, 3, 4, 13]]], [[7, [2, 18, 15, 5]]], [[12, [12]]], [[17, [17, 1, 10, 11]]], [[19, [19, 6, 16]]]]]], "Numrun": 5, "all_fitness": [197.1480016351743]}
{"file_name": "U_20_0", "number_of_trucks": 2, "drone_capacity": 10, "number_of_drones": 2, "iteration": 2, "best_fitness": 197.1480016351743, "runtime": 314.3140187263489, "best_solution": [[[[0, [14, 7, 9, 15]], [14, []], [7, [2, 5]], [9, []], [2, []], [19, [6, 18, 19, 16]], [6, []], [15, []], [18, []], [16, []], [5, []]], [[0, [3, 4, 13, 20]], [3, []], [4, []], [13, []], [12, [12, 8]], [8, []], [17, [17, 10, 1, 11]], [20, []], [10, []], [1, []], [11, []]]], [[[7, [2, 5]]], [[12, [12, 8]]], [[17, [17, 10, 1, 11]]], [[19, [6, 18, 19, 16]]]]], "all_solution": [[[[[0, []], [3, [8, 20, 3, 4, 13]], [4, []], [13, []], [12, [12]], [8, []], [17, [17, 1, 10, 11]], [20, []], [10, []], [1, []], [11, []]], [[0, [9]], [14, [7, 14]], [7, [2, 18, 15, 5]], [9, []], [2, []], [19, [19, 6, 16]], [6, []], [15, []], [18, []], [16, []], [5, []]]], [[[14, [7, 14]]], [[3, [8, 20, 3, 4, 13]]], [[7, [2, 18, 15, 5]]], [[12, [12]]], [[17, [17, 1, 10, 11]]], [[19, [19, 6, 16]]]]], [[[[0, [14, 7, 9, 15]], [14, []], [7, [2, 5]], [9, []], [2, []], [19, [6, 18, 19, 16]], [6, []], [15, []], [18, []], [16, []], [5, []]], [[0, [3, 4, 13, 20]], [3, []], [4, []], [13, []], [12, [12, 8]], [8, []], [17, [17, 10, 1, 11]], [20, []], [10, []], [1, []], [11, []]]], [[[7, [2, 5]]], [[12, [12, 8]]], [[17, [17, 10, 1, 11]]], [[19, [6, 18, 19, 16]]]]]], "Numrun": 5, "all_fitness": [197.1480016351743, 197.1480016351743]}
{"file_name": "U_20_0", "number_of_trucks": 2, "drone_capacity": 10, "number_of_drones": 2, "iteration": 3, "best_fitness": 197.1480016351743, "runtime": 173.70471453666687, "best_solution": [[[[0, [9]], [14, [14, 7]], [7, [2, 18, 5, 15]], [9, []], [2, []], [19, [19, 6, 16]], [6, []], [15, []], [18, []], [16, []], [5, []]], [[0, [4, 13, 8, 20, 3]], [3, []], [4, []], [13, []], [12, [12]], [8, []], [17, [17, 10, 1, 11]], [20, []], [10, []], [1, []], [11, []]]], [[[12, [12]]], [[14, [14, 7]]], [[7, [2, 18, 5, 15]]], [[17, [17, 10, 1, 11]]], [[19, [19, 6, 16]]]]], "all_solution": [[[[[0, []], [3, [8, 20, 3, 4, 13]], [4, []], [13, []], [12, [12]], [8, []], [17, [17, 1, 10, 11]], [20, []], [10, []], [1, []], [11, []]], [[0, [9]], [14, [7, 14]], [7, [2, 18, 15, 5]], [9, []], [2, []], [19, [19, 6, 16]], [6, []], [15, []], [18, []], [16, []], [5, []]]], [[[14, [7, 14]]], [[3, [8, 20, 3, 4, 13]]], [[7, [2, 18, 15, 5]]], [[12, [12]]], [[17, [17, 1, 10, 11]]], [[19, [19, 6, 16]]]]], [[[[0, [14, 7, 9, 15]], [14, []], [7, [2, 5]], [9, []], [2, []], [19, [6, 18, 19, 16]], [6, []], [15, []], [18, []], [16, []], [5, []]], [[0, [3, 4, 13, 20]], [3, []], [4, []], [13, []], [12, [12, 8]], [8, []], [17, [17, 10, 1, 11]], [20, []], [10, []], [1, []], [11, []]]], [[[7, [2, 5]]], [[12, [12, 8]]], [[17, [17, 10, 1, 11]]], [[19, [6, 18, 19, 16]]]]], [[[[0, [9]], [14, [14, 7]], [7, [2, 18, 5, 15]], [9, []], [2, []], [19, [19, 6, 16]], [6, []], [15, []], [18, []], [16, []], [5, []]], [[0, [4, 13, 8, 20, 3]], [3, []], [4, []], [13, []], [12, [12]], [8, []], [17, [17, 10, 1, 11]], [20, []], [10, []], [1, []], [11, []]]], [[[12, [12]]], [[14, [14, 7]]], [[7, [2, 18, 5, 15]]], [[17, [17, 10, 1, 11]]], [[19, [19, 6, 16]]]]]], "Numrun": 5, "all_fitness": [197.1480016351743, 197.1480016351743, 197.1480016351743]}
{"file_name": "U_20_0", "number_of_trucks": 2, "drone_capacity": 10, "number_of_drones": 2, "iteration": 4, "best_fitness": 197.1480016351743, "runtime": 331.9091417789459, "best_solution": [[[[0, [3, 13, 4, 8, 20]], [3, []], [4, []], [13, []], [12, [12]], [8, []], [17, [17, 10, 11, 1]], [20, []], [10, []], [1, []], [11, []]], [[0, [14, 15, 9]], [14, []], [7, [7, 2, 18, 5]], [9, []], [2, []], [19, [19, 16, 6]], [6, []], [15, []], [18, []], [16, []], [5, []]]], [[[7, [7, 2, 18, 5]]], [[12, [12]]], [[17, [17, 10, 11, 1]]], [[19, [19, 16, 6]]]]], "all_solution": [[[[[0, []], [3, [8, 20, 3, 4, 13]], [4, []], [13, []], [12, [12]], [8, []], [17, [17, 1, 10, 11]], [20, []], [10, []], [1, []], [11, []]], [[0, [9]], [14, [7, 14]], [7, [2, 18, 15, 5]], [9, []], [2, []], [19, [19, 6, 16]], [6, []], [15, []], [18, []], [16, []], [5, []]]], [[[14, [7, 14]]], [[3, [8, 20, 3, 4, 13]]], [[7, [2, 18, 15, 5]]], [[12, [12]]], [[17, [17, 1, 10, 11]]], [[19, [19, 6, 16]]]]], [[[[0, [14, 7, 9, 15]], [14, []], [7, [2, 5]], [9, []], [2, []], [19, [6, 18, 19, 16]], [6, []], [15, []], [18, []], [16, []], [5, []]], [[0, [3, 4, 13, 20]], [3, []], [4, []], [13, []], [12, [12, 8]], [8, []], [17, [17, 10, 1, 11]], [20, []], [10, []], [1, []], [11, []]]], [[[7, [2, 5]]], [[12, [12, 8]]], [[17, [17, 10, 1, 11]]], [[19, [6, 18, 19, 16]]]]], [[[[0, [9]], [14, [14, 7]], [7, [2, 18, 5, 15]], [9, []], [2, []], [19, [19, 6, 16]], [6, []], [15, []], [18, []], [16, []], [5, []]], [[0, [4, 13, 8, 20, 3]], [3, []], [4, []], [13, []], [12, [12]], [8, []], [17, [17, 10, 1, 11]], [20, []], [10, []], [1, []], [11, []]]], [[[12, [12]]], [[14, [14, 7]]], [[7, [2, 18, 5, 15]]], [[17, [17, 10, 1, 11]]], [[19, [19, 6, 16]]]]], [[[[0, [3, 13, 4, 8, 20]], [3, []], [4, []], [13, []], [12, [12]], [8, []], [17, [17, 10, 11, 1]], [20, []], [10, []], [1, []], [11, []]], [[0, [14, 15, 9]], [14, []], [7, [7, 2, 18, 5]], [9, []], [2, []], [19, [19, 16, 6]], [6, []], [15, []], [18, []], [16, []], [5, []]]], [[[7, [7, 2, 18, 5]]], [[12, [12]]], [[17, [17, 10, 11, 1]]], [[19, [19, 16, 6]]]]]], "Numrun": 5, "all_fitness": [197.1480016351743, 197.1480016351743, 197.1480016351743, 197.1480016351743]}
{"file_name": "U_20_0", "number_of_trucks": 2, "drone_capacity": 10, "number_of_drones": 2, "iteration": 5, "best_fitness": 201.9480016351743, "runtime": 260.0954701900482, "best_solution": [[[[0, [13, 3, 4, 8, 20]], [3, []], [4, []], [13, []], [12, [12, 5]], [8, []], [17, [17, 10, 16]], [20, []], [10, []], [16, []], [5, []]], [[0, [9, 14, 7]], [14, []], [7, [18]], [9, []], [2, [19, 6, 2, 15, 1, 11]], [19, []], [6, []], [15, []], [18, []], [1, []], [11, []]]], [[[12, [12, 5]]], [[7, [18]]], [[2, [19, 6, 2, 15, 1, 11]]], [[17, [17, 10, 16]]]]],