{"file_name": "U_20_1", "number_of_trucks": 2, "drone_capacity": 10, "number_of_drones": 2, "iteration": 1, "best_fitness": 316.7833098011237, "runtime": 224.01093316078186, "best_solution": [[[[0, []], [1, [1, 14]], [14, []], [4, [4, 13, 5, 11]], [13, []], [12, [12]], [3, [3]], [5, []], [16, [16]], [11, []]], [[0, []], [19, [19, 2]], [2, []], [9, [9, 6, 8]], [6, []], [8, []], [17, [17, 20, 15, 10]], [20, []], [7, [7, 18]], [18, []], [15, []], [10, []]]], [[[1, [1, 14]]], [[19, [19, 2]]], [[9, [9, 6, 8]]], [[4, [4, 13, 5, 11]]], [[17, [17, 20, 15, 10]]], [[12, [12]]], [[3, [3]]], [[7, [7, 18]]], [[16, [16]]]]], "all_solution": [[[[[0, []], [1, [1, 14]], [14, []], [4, [4, 13, 5, 11]], [13, []], [12, [12]], [3, [3]], [5, []], [16, [16]], [11, []]], [[0, []], [19, [19, 2]], [2, []], [9, [9, 6, 8]], [6, []], [8, []], [17, [17, 20, 15, 10]], [20, []], [7, [7, 18]], [18, []], [15, []], [10, []]]], [[[1, [1, 14]]], [[19, [19, 2]]], [[9, [9, 6, 8]]], [[4, [4, 13, 5, 11]]], [[17, [17, 20, 15, 10]]], [[12, [12]]], [[3, [3]]], [[7, [7, 18]]], [[16, [16]]]]]], "Numrun": 5, "all_fitness": [316.7833098011237]}
{"file_name": "U_20_1", "number_of_trucks": 2, "drone_capacity": 10, "number_of_drones": 2, "iteration": 2, "best_fitness": 320.66604579741755, "runtime": 175.22323369979858, "best_solution": [[[[0, []], [14, [14, 1]], [1, []], [10, [10, 8, 4]], [8, []], [3, [3, 12, 17, 20, 13]], [4, []], [13, []], [12, []], [17, []], [20, []]], [[0, []], [2, [2]], [9, [9, 6, 19]], [6, []], [19, []], [15, [15, 11, 5]], [18, [18]], [11, []], [5, []], [16, [16, 7]], [7, []]]], [[[2, [2]]], [[14, [14, 1]]], [[10, [10, 8, 4]]], [[9, [9, 6, 19]]], [[15, [15, 11, 5]]], [[18, [18]]], [[3, [3, 12, 17, 20, 13]]], [[16, [16, 7]]]]], "all_solution": [[[[[0, []], [1, [1, 14]], [14, []], [4, [4, 13, 5, 11]], [13, []], [12, [12]], [3, [3]], [5, []], [16, [16]], [11, []]], [[0, []], [19, [19, 2]], [2, []], [9, [9, 6, 8]], [6, []], [8, []], [17, [17, 20, 15, 10]], [20, []], [7, [7, 18]], [18, []], [15, []], [10, []]]], [[[1, [1, 14]]], [[19, [19, 2]]], [[9, [9, 6, 8]]], [[4, [4, 13, 5, 11]]], [[17, [17, 20, 15, 10]]], [[12, [12]]], [[3, [3]]], [[7, [7, 18]]], [[16, [16]]]]], [[[[0, []], [14, [14, 1]], [1, []], [10, [10, 8, 4]], [8, []], [3, [3, 12, 17, 20, 13]], [4, []], [13, []], [12, []], [17, []], [20, []]], [[0, []], [2, [2]], [9, [9, 6, 19]], [6, []], [19, []], [15, [15, 11, 5]], [18, [18]], [11, []], [5, []], [16, [16, 7]], [7, []]]], [[[2, [2]]], [[14, [14, 1]]], [[10, [10, 8, 4]]], [[9, [9, 6, 19]]], [[15, [15, 11, 5]]], [[18, [18]]], [[3, [3, 12, 17, 20, 13]]], [[16, [16, 7]]]]]], "Numrun": 5, "all_fitness": [316.7833098011237, 320.66604579741755]}
{"file_name": "U_20_1", "number_of_trucks": 2, "drone_capacity": 10, "number_of_drones": 2, "iteration": 3, "best_fitness": 317.83870928273126, "runtime": 252.36374640464783, "best_solution": [[[[0, []], [1, [1, 2]], [2, []], [11, [11]], [4, [4, 5, 13]], [13, []], [12, [12, 3]], [3, []], [5, []], [16, [16]]], [[0, []], [14, [14]], [19, [19]], [9, [9]], [6, [6, 8, 10]], [8, []], [17, [17, 20, 18, 15]], [20, []], [10, []], [7, [7]], [18, []], [15, []]]], [[[1, [1, 2]]], [[14, [14]]], [[19, [19]]], [[9, [9]]], [[6, [6, 8, 10]]], [[11, [11]]], [[4, [4, 5, 13]]], [[17, [17, 20, 18, 15]]], [[12, [12, 3]]], [[7, [7]]], [[16, [16]]]]], "all_solution": [[[[[0, []], [1, [1, 14]], [14, []], [4, [4, 13, 5, 11]], [13, []], [12, [12]], [3, [3]], [5, []], [16, [16]], [11, []]], [[0, []], [19, [19, 2]], [2, []], [9, [9, 6, 8]], [6, []], [8, []], [17, [17, 20, 15, 10]], [20, []], [7, [7, 18]], [18, []], [15, []], [10, []]]], [[[1, [1, 14]]], [[19, [19, 2]]], [[9, [9, 6, 8]]], [[4, [4, 13, 5, 11]]], [[17, [17, 20, 15, 10]]], [[12, [12]]], [[3, [3]]], [[7, [7, 18]]], [[16, [16]]]]], [[[[0, []], [14, [14, 1]], [1, []], [10, [10, 8, 4]], [8, []], [3, [3, 12, 17, 20, 13]], [4, []], [13, []], [12, []], [17, []], [20, []]], [[0, []], [2, [2]], [9, [9, 6, 19]], [6, []], [19, []], [15, [15, 11, 5]], [18, [18]], [11, []], [5, []], [16, [16, 7]], [7, []]]], [[[2, [2]]], [[14, [14, 1]]], [[10, [10, 8, 4]]], [[9, [9, 6, 19]]], [[15, [15, 11, 5]]], [[18, [18]]], [[3, [3, 12, 17, 20, 13]]], [[16, [16, 7]]]]], [[[[0, []], [1, [1, 2]], [2, []], [11, [11]], [4, [4, 5, 13]], [13, []], [12, [12, 3]], [3, []], [5, []], [16, [16]]], [[0, []], [14, [14]], [19, [19]], [9, [9]], [6, [6, 8, 10]], [8, []], [17, [17, 20, 18, 15]], [20, []], [10, []], [7, [7]], [18, []], [15, []]]], [[[1, [1, 2]]], [[14, [14]]], [[19, [19]]], [[9, [9]]], [[6, [6, 8, 10]]], [[11, [11]]], [[4, [4, 5, 13]]], [[17, [17, 20, 18, 15]]], [[12, [12, 3]]], [[7, [7]]], [[16, [16]]]]]], "Numrun": 5, "all_fitness": [316.7833098011237, 320.66604579741755, 317.83870928273126]}
{"file_name": "U_20_1", "number_of_trucks": 2, "drone_capacity": 10, "number_of_drones": 2, "iteration": 4, "best_fitness": 320.5633646216962, "runtime": 166.70130228996277, "best_solution": [[[[0, []], [1, [1]], [19, [19, 6]], [6, []], [5, [5, 15, 11]], [11, []], [18, [18]], [15, []], [7, [7]], [16, [16]]], [[0, []], [14, [14, 2]], [9, [9]], [2, []], [8, [8, 13, 4, 10]], [12, [12, 17, 20, 3]], [13, []], [4, []], [3, []], [17, []], [20, []], [10, []]]], [[[1, [1]]], [[14, [14, 2]]], [[19, [19, 6]]], [[9, [9]]], [[8, [8, 13, 4, 10]]], [[5, [5, 15, 11]]], [[18, [18]]], [[12, [12, 17, 20, 3]]], [[7, [7]]], [[16, [16]]]]], "all_solution": [[[[[0, []], [1, [1, 14]], [14, []], [4, [4, 13, 5, 11]], [13, []], [12, [12]], [3, [3]], [5, []], [16, [16]], [11, []]], [[0, []], [19, [19, 2]], [2, []], [9, [9, 6, 8]], [6, []], [8, []], [17, [17, 20, 15, 10]], [20, []], [7, [7, 18]], [18, []], [15, []], [10, []]]], [[[1, [1, 14]]], [[19, [19, 2]]], [[9, [9, 6, 8]]], [[4, [4, 13, 5, 11]]], [[17, [17, 20, 15, 10]]], [[12, [12]]], [[3, [3]]], [[7, [7, 18]]], [[16, [16]]]]], [[[[0, []], [14, [14, 1]], [1, []], [10, [10, 8, 4]], [8, []], [3, [3, 12, 17, 20, 13]], [4, []], [13, []], [12, []], [17, []], [20, []]], [[0, []], [2, [2]], [9, [9, 6, 19]], [6, []], [19, []], [15, [15, 11, 5]], [18, [18]], [11, []], [5, []], [16, [16, 7]], [7, []]]], [[[2, [2]]], [[14, [14, 1]]], [[10, [10, 8, 4]]], [[9, [9, 6, 19]]], [[15, [15, 11, 5]]], [[18, [18]]], [[3, [3, 12, 17, 20, 13]]], [[16, [16, 7]]]]], [[[[0, []], [1, [1, 2]], [2, []], [11, [11]], [4, [4, 5, 13]], [13, []], [12, [12, 3]], [3, []], [5, []], [16, [16]]], [[0, []], [14, [14]], [19, [19]], [9, [9]], [6, [6, 8, 10]], [8, []], [17, [17, 20, 18, 15]], [20, []], [10, []], [7, [7]], [18, []], [15, []]]], [[[1, [1, 2]]], [[14, [14]]], [[19, [19]]], [[9, [9]]], [[6, [6, 8, 10]]], [[11, [11]]], [[4, [4, 5, 13]]], [[17, [17, 20, 18, 15]]], [[12, [12, 3]]], [[7, [7]]], [[16, [16]]]]], [[[[0, []], [1, [1]], [19, [19, 6]], [6, []], [5, [5, 15, 11]], [11, []], [18, [18]], [15, []], [7, [7]], [16, [16]]], [[0, []], [14, [14, 2]], [9, [9]], [2, []], [8, [8, 13, 4, 10]], [12, [12, 17, 20, 3]], [13, []], [4, []], [3, []], [17, []], [20, []], [10, []]]], [[[1, [1]]], [[14, [14, 2]]], [[19, [19, 6]]], [[9, [9]]], [[8, [8, 13, 4, 10]]], [[5, [5, 15, 11]]], [[18, [18]]], [[12, [12, 17, 20, 3]]], [[7, [7]]], [[16, [16]]]]]], "Numrun": 5, "all_fitness": [316.7833098011237, 320.66604579741755, 317.83870928273126, 320.5633646216962]}
{"file_name": "U_20_1", "number_of_trucks": 2, "drone_capacity": 10, "number_of_drones": 2, "iteration": 5, "best_fitness": 318.7833098011237, "runtime": 178.2597405910492, "best_solution": [[[[0, []], [14, [14, 1]], [10, [10]], [1, []], [11, [11, 5, 4, 13]], [13, []], [12, [12, 3]], [4, []], [3, []], [5, []], [16, [16]]], [[0, []], [2, [2, 19]], [19, []], [9, [9, 6, 8]], [6, []], [8, []], [17, [17, 20, 15, 18]], [20, []], [7, [7]], [15, []], [18, []]]], [[[14, [14, 1]]], [[10, [10]]], [[2, [2, 19]]], [[9, [9, 6, 8]]], [[11, [11, 5, 4, 13]]], [[17, [17, 20, 15, 18]]], [[12, [12, 3]]], [[7, [7]]], [[16, [16]]]]],