{"file_name": "U_20_0", "number_of_trucks": 2, "drone_capacity": 10, "number_of_drones": 2, "iteration": 1, "best_fitness": 203.88176494668605, "runtime": 287.98165130615234, "best_solution": [[[[0, []], [11, [11, 15]], [15, []], [9, [9, 18, 16, 12]], [16, []], [12, []], [18, []], [14, [14, 8, 20]], [8, []], [20, []]], [[0, [4, 1]], [4, []], [7, [7, 5, 13, 2]], [2, []], [5, []], [1, []], [13, []], [19, [19, 3, 6, 17, 10]], [3, []], [10, []], [17, []], [6, []]]], [[[7, [7, 5, 13, 2]]], [[11, [11, 15]]], [[9, [9, 18, 16, 12]]], [[19, [19, 3, 6, 17, 10]]], [[14, [14, 8, 20]]]]], "all_solution": [[[[[0, []], [11, [11, 15]], [15, []], [9, [9, 18, 16, 12]], [16, []], [12, []], [18, []], [14, [14, 8, 20]], [8, []], [20, []]], [[0, [4, 1]], [4, []], [7, [7, 5, 13, 2]], [2, []], [5, []], [1, []], [13, []], [19, [19, 3, 6, 17, 10]], [3, []], [10, []], [17, []], [6, []]]], [[[7, [7, 5, 13, 2]]], [[11, [11, 15]]], [[9, [9, 18, 16, 12]]], [[19, [19, 3, 6, 17, 10]]], [[14, [14, 8, 20]]]]]], "Numrun": 5, "all_fitness": [203.88176494668605]}
{"file_name": "U_20_0", "number_of_trucks": 2, "drone_capacity": 10, "number_of_drones": 2, "iteration": 2, "best_fitness": 205.9234333018121, "runtime": 245.68928289413452, "best_solution": [[[[0, [4]], [4, []], [6, [6, 5, 1, 13, 2]], [5, []], [1, []], [13, []], [19, [19, 3, 17, 10, 7]], [3, []], [2, []], [17, []], [10, []], [7, []]], [[0, [15, 11]], [15, []], [11, []], [9, [9, 16, 12, 18]], [16, []], [12, []], [18, []], [14, [14, 8, 20]], [8, []], [20, []]]], [[[9, [9, 16, 12, 18]]], [[6, [6, 5, 1, 13, 2]]], [[19, [19, 3, 17, 10, 7]]], [[14, [14, 8, 20]]]]], "all_solution": [[[[[0, []], [11, [11, 15]], [15, []], [9, [9, 18, 16, 12]], [16, []], [12, []], [18, []], [14, [14, 8, 20]], [8, []], [20, []]], [[0, [4, 1]], [4, []], [7, [7, 5, 13, 2]], [2, []], [5, []], [1, []], [13, []], [19, [19, 3, 6, 17, 10]], [3, []], [10, []], [17, []], [6, []]]], [[[7, [7, 5, 13, 2]]], [[11, [11, 15]]], [[9, [9, 18, 16, 12]]], [[19, [19, 3, 6, 17, 10]]], [[14, [14, 8, 20]]]]], [[[[0, [4]], [4, []], [6, [6, 5, 1, 13, 2]], [5, []], [1, []], [13, []], [19, [19, 3, 17, 10, 7]], [3, []], [2, []], [17, []], [10, []], [7, []]], [[0, [15, 11]], [15, []], [11, []], [9, [9, 16, 12, 18]], [16, []], [12, []], [18, []], [14, [14, 8, 20]], [8, []], [20, []]]], [[[9, [9, 16, 12, 18]]], [[6, [6, 5, 1, 13, 2]]], [[19, [19, 3, 17, 10, 7]]], [[14, [14, 8, 20]]]]]], "Numrun": 5, "all_fitness": [203.88176494668605, 205.9234333018121]}
{"file_name": "U_20_0", "number_of_trucks": 2, "drone_capacity": 10, "number_of_drones": 2, "iteration": 3, "best_fitness": 207.00343330181212, "runtime": 233.0693244934082, "best_solution": [[[[0, [4]], [4, []], [7, [7, 5, 2]], [5, []], [12, [12, 16, 9]], [16, []], [9, []], [19, [19, 17, 3, 10, 6]], [3, []], [2, []], [17, []], [10, []], [6, []]], [[0, []], [1, [13, 1, 18, 11, 15]], [13, []], [11, []], [15, []], [14, [14, 8, 20]], [18, []], [8, []], [20, []]]], [[[7, [7, 5, 2]]], [[1, [13, 1, 18, 11, 15]]], [[12, [12, 16, 9]]], [[19, [19, 17, 3, 10, 6]]], [[14, [14, 8, 20]]]]], "all_solution": [[[[[0, []], [11, [11, 15]], [15, []], [9, [9, 18, 16, 12]], [16, []], [12, []], [18, []], [14, [14, 8, 20]], [8, []], [20, []]], [[0, [4, 1]], [4, []], [7, [7, 5, 13, 2]], [2, []], [5, []], [1, []], [13, []], [19, [19, 3, 6, 17, 10]], [3, []], [10, []], [17, []], [6, []]]], [[[7, [7, 5, 13, 2]]], [[11, [11, 15]]], [[9, [9, 18, 16, 12]]], [[19, [19, 3, 6, 17, 10]]], [[14, [14, 8, 20]]]]], [[[[0, [4]], [4, []], [6, [6, 5, 1, 13, 2]], [5, []], [1, []], [13, []], [19, [19, 3, 17, 10, 7]], [3, []], [2, []], [17, []], [10, []], [7, []]], [[0, [15, 11]], [15, []], [11, []], [9, [9, 16, 12, 18]], [16, []], [12, []], [18, []], [14, [14, 8, 20]], [8, []], [20, []]]], [[[9, [9, 16, 12, 18]]], [[6, [6, 5, 1, 13, 2]]], [[19, [19, 3, 17, 10, 7]]], [[14, [14, 8, 20]]]]], [[[[0, [4]], [4, []], [7, [7, 5, 2]], [5, []], [12, [12, 16, 9]], [16, []], [9, []], [19, [19, 17, 3, 10, 6]], [3, []], [2, []], [17, []], [10, []], [6, []]], [[0, []], [1, [13, 1, 18, 11, 15]], [13, []], [11, []], [15, []], [14, [14, 8, 20]], [18, []], [8, []], [20, []]]], [[[7, [7, 5, 2]]], [[1, [13, 1, 18, 11, 15]]], [[12, [12, 16, 9]]], [[19, [19, 17, 3, 10, 6]]], [[14, [14, 8, 20]]]]]], "Numrun": 5, "all_fitness": [203.88176494668605, 205.9234333018121, 207.00343330181212]}
{"file_name": "U_20_0", "number_of_trucks": 2, "drone_capacity": 10, "number_of_drones": 2, "iteration": 4, "best_fitness": 205.41078470670863, "runtime": 254.4880609512329, "best_solution": [[[[0, []], [7, [7, 5, 1]], [5, []], [1, []], [16, [16, 12, 11, 15, 18]], [12, []], [11, []], [15, []], [18, []], [14, [14, 8, 20]], [8, []], [20, []]], [[0, [4]], [4, []], [6, [6]], [9, [9, 13, 2, 10]], [13, []], [19, [19, 17, 3]], [3, []], [2, []], [17, []], [10, []]]], [[[7, [7, 5, 1]]], [[6, [6]]], [[16, [16, 12, 11, 15, 18]]], [[9, [9, 13, 2, 10]]], [[19, [19, 17, 3]]], [[14, [14, 8, 20]]]]], "all_solution": [[[[[0, []], [11, [11, 15]], [15, []], [9, [9, 18, 16, 12]], [16, []], [12, []], [18, []], [14, [14, 8, 20]], [8, []], [20, []]], [[0, [4, 1]], [4, []], [7, [7, 5, 13, 2]], [2, []], [5, []], [1, []], [13, []], [19, [19, 3, 6, 17, 10]], [3, []], [10, []], [17, []], [6, []]]], [[[7, [7, 5, 13, 2]]], [[11, [11, 15]]], [[9, [9, 18, 16, 12]]], [[19, [19, 3, 6, 17, 10]]], [[14, [14, 8, 20]]]]], [[[[0, [4]], [4, []], [6, [6, 5, 1, 13, 2]], [5, []], [1, []], [13, []], [19, [19, 3, 17, 10, 7]], [3, []], [2, []], [17, []], [10, []], [7, []]], [[0, [15, 11]], [15, []], [11, []], [9, [9, 16, 12, 18]], [16, []], [12, []], [18, []], [14, [14, 8, 20]], [8, []], [20, []]]], [[[9, [9, 16, 12, 18]]], [[6, [6, 5, 1, 13, 2]]], [[19, [19, 3, 17, 10, 7]]], [[14, [14, 8, 20]]]]], [[[[0, [4]], [4, []], [7, [7, 5, 2]], [5, []], [12, [12, 16, 9]], [16, []], [9, []], [19, [19, 17, 3, 10, 6]], [3, []], [2, []], [17, []], [10, []], [6, []]], [[0, []], [1, [13, 1, 18, 11, 15]], [13, []], [11, []], [15, []], [14, [14, 8, 20]], [18, []], [8, []], [20, []]]], [[[7, [7, 5, 2]]], [[1, [13, 1, 18, 11, 15]]], [[12, [12, 16, 9]]], [[19, [19, 17, 3, 10, 6]]], [[14, [14, 8, 20]]]]], [[[[0, []], [7, [7, 5, 1]], [5, []], [1, []], [16, [16, 12, 11, 15, 18]], [12, []], [11, []], [15, []], [18, []], [14, [14, 8, 20]], [8, []], [20, []]], [[0, [4]], [4, []], [6, [6]], [9, [9, 13, 2, 10]], [13, []], [19, [19, 17, 3]], [3, []], [2, []], [17, []], [10, []]]], [[[7, [7, 5, 1]]], [[6, [6]]], [[16, [16, 12, 11, 15, 18]]], [[9, [9, 13, 2, 10]]], [[19, [19, 17, 3]]], [[14, [14, 8, 20]]]]]], "Numrun": 5, "all_fitness": [203.88176494668605, 205.9234333018121, 207.00343330181212, 205.41078470670863]}
{"file_name": "U_20_0", "number_of_trucks": 2, "drone_capacity": 10, "number_of_drones": 2, "iteration": 5, "best_fitness": 205.41078470670863, "runtime": 259.1324851512909, "best_solution": [[[[0, []], [7, [7, 5, 1]], [5, []], [1, []], [16, [16, 11, 12, 15, 18]], [11, []], [12, []], [15, []], [18, []], [14, [14, 8, 20]], [8, []], [20, []]], [[0, [4, 13, 2]], [4, []], [6, [6]], [9, [9]], [13, []], [19, [19, 17, 3, 10]], [3, []], [2, []], [17, []], [10, []]]], [[[7, [7, 5, 1]]], [[6, [6]]], [[16, [16, 11, 12, 15, 18]]], [[9, [9]]], [[19, [19, 17, 3, 10]]], [[14, [14, 8, 20]]]]],