{"file_name": "U_20_1", "number_of_trucks": 2, "drone_capacity": 10, "number_of_drones": 2, "iteration": 1, "best_fitness": 351.2745487543032, "runtime": 288.5691542625427, "best_solution": [[[[0, [2, 10]], [2, []], [10, []], [4, [4, 13, 16, 1]], [1, []], [13, []], [3, [3, 9, 19, 12, 11]], [19, []], [9, []], [16, []], [11, []], [12, []]], [[0, [14]], [15, [18, 15]], [18, []], [14, []], [8, [8]], [7, [7, 5]], [5, []], [17, [17, 20, 6]], [6, []], [20, []]]], [[[15, [18, 15]]], [[4, [4, 13, 16, 1]]], [[8, [8]]], [[7, [7, 5]]], [[3, [3, 9, 19, 12, 11]]], [[17, [17, 20, 6]]]]], "all_solution": [[[[[0, [2, 10]], [2, []], [10, []], [4, [4, 13, 16, 1]], [1, []], [13, []], [3, [3, 9, 19, 12, 11]], [19, []], [9, []], [16, []], [11, []], [12, []]], [[0, [14]], [15, [18, 15]], [18, []], [14, []], [8, [8]], [7, [7, 5]], [5, []], [17, [17, 20, 6]], [6, []], [20, []]]], [[[15, [18, 15]]], [[4, [4, 13, 16, 1]]], [[8, [8]]], [[7, [7, 5]]], [[3, [3, 9, 19, 12, 11]]], [[17, [17, 20, 6]]]]]], "Numrun": 5, "all_fitness": [351.2745487543032]}
{"file_name": "U_20_1", "number_of_trucks": 2, "drone_capacity": 10, "number_of_drones": 2, "iteration": 2, "best_fitness": 351.4375571178885, "runtime": 194.43730640411377, "best_solution": [[[[0, [2, 10]], [10, []], [2, []], [4, [4, 13, 16]], [16, []], [13, []], [19, [19, 3, 17, 6]], [3, []], [17, []], [6, []]], [[0, [14, 15]], [15, [18]], [18, []], [14, []], [8, [8]], [7, [7, 5, 1]], [5, []], [1, []], [9, [9, 11, 20, 12]], [11, []], [12, []], [20, []]]], [[[15, [18]]], [[8, [8]]], [[4, [4, 13, 16]]], [[7, [7, 5, 1]]], [[9, [9, 11, 20, 12]]], [[19, [19, 3, 17, 6]]]]], "all_solution": [[[[[0, [2, 10]], [2, []], [10, []], [4, [4, 13, 16, 1]], [1, []], [13, []], [3, [3, 9, 19, 12, 11]], [19, []], [9, []], [16, []], [11, []], [12, []]], [[0, [14]], [15, [18, 15]], [18, []], [14, []], [8, [8]], [7, [7, 5]], [5, []], [17, [17, 20, 6]], [6, []], [20, []]]], [[[15, [18, 15]]], [[4, [4, 13, 16, 1]]], [[8, [8]]], [[7, [7, 5]]], [[3, [3, 9, 19, 12, 11]]], [[17, [17, 20, 6]]]]], [[[[0, [2, 10]], [10, []], [2, []], [4, [4, 13, 16]], [16, []], [13, []], [19, [19, 3, 17, 6]], [3, []], [17, []], [6, []]], [[0, [14, 15]], [15, [18]], [18, []], [14, []], [8, [8]], [7, [7, 5, 1]], [5, []], [1, []], [9, [9, 11, 20, 12]], [11, []], [12, []], [20, []]]], [[[15, [18]]], [[8, [8]]], [[4, [4, 13, 16]]], [[7, [7, 5, 1]]], [[9, [9, 11, 20, 12]]], [[19, [19, 3, 17, 6]]]]]], "Numrun": 5, "all_fitness": [351.2745487543032, 351.4375571178885]}
{"file_name": "U_20_1", "number_of_trucks": 2, "drone_capacity": 10, "number_of_drones": 2, "iteration": 3, "best_fitness": 349.6345487543032, "runtime": 299.3072729110718, "best_solution": [[[[0, [2, 10]], [2, []], [10, []], [1, [1, 16, 13]], [16, []], [13, []], [3, [3, 19, 6, 11, 12, 9]], [19, []], [9, []], [11, []], [12, []], [6, []]], [[0, [14]], [15, [15, 18]], [18, []], [14, []], [8, [8]], [7, [7, 5, 4]], [5, []], [17, [17, 20]], [4, []], [20, []]]], [[[15, [15, 18]]], [[8, [8]]], [[1, [1, 16, 13]]], [[7, [7, 5, 4]]], [[3, [3, 19, 6, 11, 12, 9]]], [[17, [17, 20]]]]], "all_solution": [[[[[0, [2, 10]], [2, []], [10, []], [4, [4, 13, 16, 1]], [1, []], [13, []], [3, [3, 9, 19, 12, 11]], [19, []], [9, []], [16, []], [11, []], [12, []]], [[0, [14]], [15, [18, 15]], [18, []], [14, []], [8, [8]], [7, [7, 5]], [5, []], [17, [17, 20, 6]], [6, []], [20, []]]], [[[15, [18, 15]]], [[4, [4, 13, 16, 1]]], [[8, [8]]], [[7, [7, 5]]], [[3, [3, 9, 19, 12, 11]]], [[17, [17, 20, 6]]]]], [[[[0, [2, 10]], [10, []], [2, []], [4, [4, 13, 16]], [16, []], [13, []], [19, [19, 3, 17, 6]], [3, []], [17, []], [6, []]], [[0, [14, 15]], [15, [18]], [18, []], [14, []], [8, [8]], [7, [7, 5, 1]], [5, []], [1, []], [9, [9, 11, 20, 12]], [11, []], [12, []], [20, []]]], [[[15, [18]]], [[8, [8]]], [[4, [4, 13, 16]]], [[7, [7, 5, 1]]], [[9, [9, 11, 20, 12]]], [[19, [19, 3, 17, 6]]]]], [[[[0, [2, 10]], [2, []], [10, []], [1, [1, 16, 13]], [16, []], [13, []], [3, [3, 19, 6, 11, 12, 9]], [19, []], [9, []], [11, []], [12, []], [6, []]], [[0, [14]], [15, [15, 18]], [18, []], [14, []], [8, [8]], [7, [7, 5, 4]], [5, []], [17, [17, 20]], [4, []], [20, []]]], [[[15, [15, 18]]], [[8, [8]]], [[1, [1, 16, 13]]], [[7, [7, 5, 4]]], [[3, [3, 19, 6, 11, 12, 9]]], [[17, [17, 20]]]]]], "Numrun": 5, "all_fitness": [351.2745487543032, 351.4375571178885, 349.6345487543032]}
{"file_name": "U_20_1", "number_of_trucks": 2, "drone_capacity": 10, "number_of_drones": 2, "iteration": 4, "best_fitness": 354.42310386951885, "runtime": 176.3591284751892, "best_solution": [[[[0, [10, 2]], [2, []], [4, [4, 8, 1]], [1, []], [10, []], [17, [17, 20, 7, 6]], [7, []], [6, []], [8, []], [20, []]], [[0, [15, 14]], [18, [18]], [15, []], [14, []], [5, [5, 13, 16]], [16, []], [13, []], [3, [3, 9, 11, 12, 19]], [19, []], [9, []], [11, []], [12, []]]], [[[18, [18]]], [[4, [4, 8, 1]]], [[5, [5, 13, 16]]], [[17, [17, 20, 7, 6]]], [[3, [3, 9, 11, 12, 19]]]]], "all_solution": [[[[[0, [2, 10]], [2, []], [10, []], [4, [4, 13, 16, 1]], [1, []], [13, []], [3, [3, 9, 19, 12, 11]], [19, []], [9, []], [16, []], [11, []], [12, []]], [[0, [14]], [15, [18, 15]], [18, []], [14, []], [8, [8]], [7, [7, 5]], [5, []], [17, [17, 20, 6]], [6, []], [20, []]]], [[[15, [18, 15]]], [[4, [4, 13, 16, 1]]], [[8, [8]]], [[7, [7, 5]]], [[3, [3, 9, 19, 12, 11]]], [[17, [17, 20, 6]]]]], [[[[0, [2, 10]], [10, []], [2, []], [4, [4, 13, 16]], [16, []], [13, []], [19, [19, 3, 17, 6]], [3, []], [17, []], [6, []]], [[0, [14, 15]], [15, [18]], [18, []], [14, []], [8, [8]], [7, [7, 5, 1]], [5, []], [1, []], [9, [9, 11, 20, 12]], [11, []], [12, []], [20, []]]], [[[15, [18]]], [[8, [8]]], [[4, [4, 13, 16]]], [[7, [7, 5, 1]]], [[9, [9, 11, 20, 12]]], [[19, [19, 3, 17, 6]]]]], [[[[0, [2, 10]], [2, []], [10, []], [1, [1, 16, 13]], [16, []], [13, []], [3, [3, 19, 6, 11, 12, 9]], [19, []], [9, []], [11, []], [12, []], [6, []]], [[0, [14]], [15, [15, 18]], [18, []], [14, []], [8, [8]], [7, [7, 5, 4]], [5, []], [17, [17, 20]], [4, []], [20, []]]], [[[15, [15, 18]]], [[8, [8]]], [[1, [1, 16, 13]]], [[7, [7, 5, 4]]], [[3, [3, 19, 6, 11, 12, 9]]], [[17, [17, 20]]]]], [[[[0, [10, 2]], [2, []], [4, [4, 8, 1]], [1, []], [10, []], [17, [17, 20, 7, 6]], [7, []], [6, []], [8, []], [20, []]], [[0, [15, 14]], [18, [18]], [15, []], [14, []], [5, [5, 13, 16]], [16, []], [13, []], [3, [3, 9, 11, 12, 19]], [19, []], [9, []], [11, []], [12, []]]], [[[18, [18]]], [[4, [4, 8, 1]]], [[5, [5, 13, 16]]], [[17, [17, 20, 7, 6]]], [[3, [3, 9, 11, 12, 19]]]]]], "Numrun": 5, "all_fitness": [351.2745487543032, 351.4375571178885, 349.6345487543032, 354.42310386951885]}
{"file_name": "U_20_1", "number_of_trucks": 2, "drone_capacity": 10, "number_of_drones": 2, "iteration": 5, "best_fitness": 351.2745487543032, "runtime": 266.3162467479706, "best_solution": [[[[0, [14, 18, 15]], [18, []], [15, []], [14, []], [7, [7, 5]], [5, []], [17, [17, 20, 6, 8]], [6, []], [8, []], [20, []]], [[0, []], [10, [10, 2]], [2, []], [4, [4, 1, 13, 16]], [1, []], [13, []], [3, [3, 19, 9, 11, 12]], [19, []], [9, []], [16, []], [11, []], [12, []]]], [[[10, [10, 2]]], [[4, [4, 1, 13, 16]]], [[7, [7, 5]]], [[3, [3, 19, 9, 11, 12]]], [[17, [17, 20, 6, 8]]]]],