{"file_name": "U_20_1", "number_of_trucks": 2, "drone_capacity": 10, "number_of_drones": 2, "iteration": 1, "best_fitness": 340.3063789283731, "runtime": 169.20776772499084, "best_solution": [[[[0, [11]], [12, [12, 3]], [11, []], [9, [9, 5]], [5, []], [3, []], [10, [10, 20]], [20, []], [2, [2, 18]], [18, []]], [[0, [13, 7]], [7, []], [19, [19]], [6, [6, 8, 1, 15, 17]], [17, []], [8, []], [1, []], [15, []], [13, []], [4, [4]], [16, [16, 14]], [14, []]]], [[[12, [12, 3]]], [[19, [19]]], [[6, [6, 8, 1, 15, 17]]], [[9, [9, 5]]], [[10, [10, 20]]], [[4, [4]]], [[16, [16, 14]]], [[2, [2, 18]]]]], "all_solution": [[[[[0, [11]], [12, [12, 3]], [11, []], [9, [9, 5]], [5, []], [3, []], [10, [10, 20]], [20, []], [2, [2, 18]], [18, []]], [[0, [13, 7]], [7, []], [19, [19]], [6, [6, 8, 1, 15, 17]], [17, []], [8, []], [1, []], [15, []], [13, []], [4, [4]], [16, [16, 14]], [14, []]]], [[[12, [12, 3]]], [[19, [19]]], [[6, [6, 8, 1, 15, 17]]], [[9, [9, 5]]], [[10, [10, 20]]], [[4, [4]]], [[16, [16, 14]]], [[2, [2, 18]]]]]], "Numrun": 5, "all_fitness": [340.3063789283731]}
{"file_name": "U_20_1", "number_of_trucks": 2, "drone_capacity": 10, "number_of_drones": 2, "iteration": 2, "best_fitness": 340.3063789283731, "runtime": 295.7100899219513, "best_solution": [[[[0, [13, 7]], [13, []], [19, [19, 8, 1]], [8, [12, 11]], [1, []], [17, [17]], [7, []], [12, []], [11, []], [4, [4, 18]], [2, [2]], [18, []]], [[0, []], [15, [15, 6]], [6, []], [9, [9, 3, 5]], [3, []], [10, [10, 20]], [5, []], [20, []], [16, [16, 14]], [14, []]]], [[[15, [15, 6]]], [[19, [19, 8, 1]]], [[8, [12, 11]]], [[17, [17]]], [[9, [9, 3, 5]]], [[10, [10, 20]]], [[4, [4, 18]]], [[16, [16, 14]]], [[2, [2]]]]], "all_solution": [[[[[0, [11]], [12, [12, 3]], [11, []], [9, [9, 5]], [5, []], [3, []], [10, [10, 20]], [20, []], [2, [2, 18]], [18, []]], [[0, [13, 7]], [7, []], [19, [19]], [6, [6, 8, 1, 15, 17]], [17, []], [8, []], [1, []], [15, []], [13, []], [4, [4]], [16, [16, 14]], [14, []]]], [[[12, [12, 3]]], [[19, [19]]], [[6, [6, 8, 1, 15, 17]]], [[9, [9, 5]]], [[10, [10, 20]]], [[4, [4]]], [[16, [16, 14]]], [[2, [2, 18]]]]], [[[[0, [13, 7]], [13, []], [19, [19, 8, 1]], [8, [12, 11]], [1, []], [17, [17]], [7, []], [12, []], [11, []], [4, [4, 18]], [2, [2]], [18, []]], [[0, []], [15, [15, 6]], [6, []], [9, [9, 3, 5]], [3, []], [10, [10, 20]], [5, []], [20, []], [16, [16, 14]], [14, []]]], [[[15, [15, 6]]], [[19, [19, 8, 1]]], [[8, [12, 11]]], [[17, [17]]], [[9, [9, 3, 5]]], [[10, [10, 20]]], [[4, [4, 18]]], [[16, [16, 14]]], [[2, [2]]]]]], "Numrun": 5, "all_fitness": [340.3063789283731, 340.3063789283731]}
{"file_name": "U_20_1", "number_of_trucks": 2, "drone_capacity": 10, "number_of_drones": 2, "iteration": 3, "best_fitness": 341.50618510511487, "runtime": 183.07444787025452, "best_solution": [[[[0, []], [6, [6]], [1, [1, 8, 15]], [8, []], [15, []], [17, [17]], [9, [9]], [5, [5, 10, 20]], [10, []], [20, []], [16, [16, 14]], [14, []]], [[0, [11, 7, 13, 19, 3]], [19, []], [13, [12]], [11, []], [12, []], [3, []], [7, []], [4, [4, 18]], [2, [2]], [18, []]]], [[[6, [6]]], [[1, [1, 8, 15]]], [[17, [17]]], [[13, [12]]], [[9, [9]]], [[5, [5, 10, 20]]], [[4, [4, 18]]], [[16, [16, 14]]], [[2, [2]]]]], "all_solution": [[[[[0, [11]], [12, [12, 3]], [11, []], [9, [9, 5]], [5, []], [3, []], [10, [10, 20]], [20, []], [2, [2, 18]], [18, []]], [[0, [13, 7]], [7, []], [19, [19]], [6, [6, 8, 1, 15, 17]], [17, []], [8, []], [1, []], [15, []], [13, []], [4, [4]], [16, [16, 14]], [14, []]]], [[[12, [12, 3]]], [[19, [19]]], [[6, [6, 8, 1, 15, 17]]], [[9, [9, 5]]], [[10, [10, 20]]], [[4, [4]]], [[16, [16, 14]]], [[2, [2, 18]]]]], [[[[0, [13, 7]], [13, []], [19, [19, 8, 1]], [8, [12, 11]], [1, []], [17, [17]], [7, []], [12, []], [11, []], [4, [4, 18]], [2, [2]], [18, []]], [[0, []], [15, [15, 6]], [6, []], [9, [9, 3, 5]], [3, []], [10, [10, 20]], [5, []], [20, []], [16, [16, 14]], [14, []]]], [[[15, [15, 6]]], [[19, [19, 8, 1]]], [[8, [12, 11]]], [[17, [17]]], [[9, [9, 3, 5]]], [[10, [10, 20]]], [[4, [4, 18]]], [[16, [16, 14]]], [[2, [2]]]]], [[[[0, []], [6, [6]], [1, [1, 8, 15]], [8, []], [15, []], [17, [17]], [9, [9]], [5, [5, 10, 20]], [10, []], [20, []], [16, [16, 14]], [14, []]], [[0, [11, 7, 13, 19, 3]], [19, []], [13, [12]], [11, []], [12, []], [3, []], [7, []], [4, [4, 18]], [2, [2]], [18, []]]], [[[6, [6]]], [[1, [1, 8, 15]]], [[17, [17]]], [[13, [12]]], [[9, [9]]], [[5, [5, 10, 20]]], [[4, [4, 18]]], [[16, [16, 14]]], [[2, [2]]]]]], "Numrun": 5, "all_fitness": [340.3063789283731, 340.3063789283731, 341.50618510511487]}
{"file_name": "U_20_1", "number_of_trucks": 2, "drone_capacity": 10, "number_of_drones": 2, "iteration": 4, "best_fitness": 343.5063789283731, "runtime": 205.32029128074646, "best_solution": [[[[0, [12, 11, 6, 19]], [19, []], [6, []], [11, []], [12, []], [4, [4]], [16, [16]], [2, [2]]], [[0, [13]], [13, [7]], [7, []], [8, [8, 1, 15, 3]], [1, []], [15, []], [17, [17]], [9, [9, 5]], [5, []], [3, []], [20, [20, 10]], [10, []], [14, [14, 18]], [18, []]]], [[[13, [7]]], [[8, [8, 1, 15, 3]]], [[17, [17]]], [[9, [9, 5]]], [[20, [20, 10]]], [[4, [4]]], [[16, [16]]], [[14, [14, 18]]], [[2, [2]]]]], "all_solution": [[[[[0, [11]], [12, [12, 3]], [11, []], [9, [9, 5]], [5, []], [3, []], [10, [10, 20]], [20, []], [2, [2, 18]], [18, []]], [[0, [13, 7]], [7, []], [19, [19]], [6, [6, 8, 1, 15, 17]], [17, []], [8, []], [1, []], [15, []], [13, []], [4, [4]], [16, [16, 14]], [14, []]]], [[[12, [12, 3]]], [[19, [19]]], [[6, [6, 8, 1, 15, 17]]], [[9, [9, 5]]], [[10, [10, 20]]], [[4, [4]]], [[16, [16, 14]]], [[2, [2, 18]]]]], [[[[0, [13, 7]], [13, []], [19, [19, 8, 1]], [8, [12, 11]], [1, []], [17, [17]], [7, []], [12, []], [11, []], [4, [4, 18]], [2, [2]], [18, []]], [[0, []], [15, [15, 6]], [6, []], [9, [9, 3, 5]], [3, []], [10, [10, 20]], [5, []], [20, []], [16, [16, 14]], [14, []]]], [[[15, [15, 6]]], [[19, [19, 8, 1]]], [[8, [12, 11]]], [[17, [17]]], [[9, [9, 3, 5]]], [[10, [10, 20]]], [[4, [4, 18]]], [[16, [16, 14]]], [[2, [2]]]]], [[[[0, []], [6, [6]], [1, [1, 8, 15]], [8, []], [15, []], [17, [17]], [9, [9]], [5, [5, 10, 20]], [10, []], [20, []], [16, [16, 14]], [14, []]], [[0, [11, 7, 13, 19, 3]], [19, []], [13, [12]], [11, []], [12, []], [3, []], [7, []], [4, [4, 18]], [2, [2]], [18, []]]], [[[6, [6]]], [[1, [1, 8, 15]]], [[17, [17]]], [[13, [12]]], [[9, [9]]], [[5, [5, 10, 20]]], [[4, [4, 18]]], [[16, [16, 14]]], [[2, [2]]]]], [[[[0, [12, 11, 6, 19]], [19, []], [6, []], [11, []], [12, []], [4, [4]], [16, [16]], [2, [2]]], [[0, [13]], [13, [7]], [7, []], [8, [8, 1, 15, 3]], [1, []], [15, []], [17, [17]], [9, [9, 5]], [5, []], [3, []], [20, [20, 10]], [10, []], [14, [14, 18]], [18, []]]], [[[13, [7]]], [[8, [8, 1, 15, 3]]], [[17, [17]]], [[9, [9, 5]]], [[20, [20, 10]]], [[4, [4]]], [[16, [16]]], [[14, [14, 18]]], [[2, [2]]]]]], "Numrun": 5, "all_fitness": [340.3063789283731, 340.3063789283731, 341.50618510511487, 343.5063789283731]}
{"file_name": "U_20_1", "number_of_trucks": 2, "drone_capacity": 10, "number_of_drones": 2, "iteration": 5, "best_fitness": 343.5215908095826, "runtime": 150.34938073158264, "best_solution": [[[[0, []], [6, [6, 1, 3, 15]], [15, []], [1, []], [17, [17]], [3, []], [9, [9, 20, 10, 18]], [20, []], [10, []], [14, [14]], [18, []]], [[0, [7, 13]], [7, []], [8, [8]], [19, [19, 11, 12]], [5, [5]], [11, []], [12, []], [4, [4]], [13, []], [16, [16]], [2, [2]]]], [[[8, [8]]], [[6, [6, 1, 3, 15]]], [[19, [19, 11, 12]]], [[17, [17]]], [[5, [5]]], [[9, [9, 20, 10, 18]]], [[4, [4]]], [[14, [14]]], [[16, [16]]], [[2, [2]]]]],