{"file_name": "U_20_1", "number_of_trucks": 2, "drone_capacity": 10, "number_of_drones": 2, "iteration": 1, "best_fitness": 266.86618510511494, "runtime": 218.57170248031616, "best_solution": [[[[0, [2]], [2, []], [1, [1, 8]], [8, []], [20, [20, 10, 9]], [10, []], [9, []], [7, [7, 17, 6]], [17, []], [6, []]], [[0, []], [15, [15, 18, 3]], [18, [14, 16]], [3, []], [14, []], [16, []], [4, [4, 13, 11, 12]], [13, []], [11, []], [12, []], [5, [5, 19]], [19, []]]], [[[15, [15, 18, 3]]], [[18, [14, 16]]], [[1, [1, 8]]], [[4, [4, 13, 11, 12]]], [[20, [20, 10, 9]]], [[7, [7, 17, 6]]], [[5, [5, 19]]]]], "all_solution": [[[[[0, [2]], [2, []], [1, [1, 8]], [8, []], [20, [20, 10, 9]], [10, []], [9, []], [7, [7, 17, 6]], [17, []], [6, []]], [[0, []], [15, [15, 18, 3]], [18, [14, 16]], [3, []], [14, []], [16, []], [4, [4, 13, 11, 12]], [13, []], [11, []], [12, []], [5, [5, 19]], [19, []]]], [[[15, [15, 18, 3]]], [[18, [14, 16]]], [[1, [1, 8]]], [[4, [4, 13, 11, 12]]], [[20, [20, 10, 9]]], [[7, [7, 17, 6]]], [[5, [5, 19]]]]]], "Numrun": 5, "all_fitness": [266.86618510511494]}
{"file_name": "U_20_1", "number_of_trucks": 2, "drone_capacity": 10, "number_of_drones": 2, "iteration": 2, "best_fitness": 266.86618510511494, "runtime": 190.10501861572266, "best_solution": [[[[0, [1, 8, 12, 11]], [1, []], [8, []], [13, [13, 4]], [4, []], [12, []], [11, []], [5, [5, 19]], [19, []]], [[0, [14, 3, 2, 16, 15, 18]], [18, []], [2, []], [16, []], [14, []], [9, [9, 10]], [3, []], [10, [20]], [20, []], [7, [7, 17, 6]], [15, []], [17, []], [6, []]]], [[[13, [13, 4]]], [[9, [9, 10]]], [[10, [20]]], [[7, [7, 17, 6]]], [[5, [5, 19]]]]], "all_solution": [[[[[0, [2]], [2, []], [1, [1, 8]], [8, []], [20, [20, 10, 9]], [10, []], [9, []], [7, [7, 17, 6]], [17, []], [6, []]], [[0, []], [15, [15, 18, 3]], [18, [14, 16]], [3, []], [14, []], [16, []], [4, [4, 13, 11, 12]], [13, []], [11, []], [12, []], [5, [5, 19]], [19, []]]], [[[15, [15, 18, 3]]], [[18, [14, 16]]], [[1, [1, 8]]], [[4, [4, 13, 11, 12]]], [[20, [20, 10, 9]]], [[7, [7, 17, 6]]], [[5, [5, 19]]]]], [[[[0, [1, 8, 12, 11]], [1, []], [8, []], [13, [13, 4]], [4, []], [12, []], [11, []], [5, [5, 19]], [19, []]], [[0, [14, 3, 2, 16, 15, 18]], [18, []], [2, []], [16, []], [14, []], [9, [9, 10]], [3, []], [10, [20]], [20, []], [7, [7, 17, 6]], [15, []], [17, []], [6, []]]], [[[13, [13, 4]]], [[9, [9, 10]]], [[10, [20]]], [[7, [7, 17, 6]]], [[5, [5, 19]]]]]], "Numrun": 5, "all_fitness": [266.86618510511494, 266.86618510511494]}
{"file_name": "U_20_1", "number_of_trucks": 2, "drone_capacity": 10, "number_of_drones": 2, "iteration": 3, "best_fitness": 266.86618510511494, "runtime": 218.91204619407654, "best_solution": [[[[0, [8, 2, 11, 12]], [8, []], [2, []], [13, [13, 4]], [4, []], [11, []], [12, []], [5, [5, 19]], [19, []]], [[0, [18, 3]], [18, [15, 14, 16]], [15, []], [14, []], [16, []], [3, []], [10, [10, 20, 9, 1]], [20, []], [9, []], [7, [7, 17, 6]], [17, []], [1, []], [6, []]]], [[[18, [15, 14, 16]]], [[10, [10, 20, 9, 1]]], [[13, [13, 4]]], [[7, [7, 17, 6]]], [[5, [5, 19]]]]], "all_solution": [[[[[0, [2]], [2, []], [1, [1, 8]], [8, []], [20, [20, 10, 9]], [10, []], [9, []], [7, [7, 17, 6]], [17, []], [6, []]], [[0, []], [15, [15, 18, 3]], [18, [14, 16]], [3, []], [14, []], [16, []], [4, [4, 13, 11, 12]], [13, []], [11, []], [12, []], [5, [5, 19]], [19, []]]], [[[15, [15, 18, 3]]], [[18, [14, 16]]], [[1, [1, 8]]], [[4, [4, 13, 11, 12]]], [[20, [20, 10, 9]]], [[7, [7, 17, 6]]], [[5, [5, 19]]]]], [[[[0, [1, 8, 12, 11]], [1, []], [8, []], [13, [13, 4]], [4, []], [12, []], [11, []], [5, [5, 19]], [19, []]], [[0, [14, 3, 2, 16, 15, 18]], [18, []], [2, []], [16, []], [14, []], [9, [9, 10]], [3, []], [10, [20]], [20, []], [7, [7, 17, 6]], [15, []], [17, []], [6, []]]], [[[13, [13, 4]]], [[9, [9, 10]]], [[10, [20]]], [[7, [7, 17, 6]]], [[5, [5, 19]]]]], [[[[0, [8, 2, 11, 12]], [8, []], [2, []], [13, [13, 4]], [4, []], [11, []], [12, []], [5, [5, 19]], [19, []]], [[0, [18, 3]], [18, [15, 14, 16]], [15, []], [14, []], [16, []], [3, []], [10, [10, 20, 9, 1]], [20, []], [9, []], [7, [7, 17, 6]], [17, []], [1, []], [6, []]]], [[[18, [15, 14, 16]]], [[10, [10, 20, 9, 1]]], [[13, [13, 4]]], [[7, [7, 17, 6]]], [[5, [5, 19]]]]]], "Numrun": 5, "all_fitness": [266.86618510511494, 266.86618510511494, 266.86618510511494]}
{"file_name": "U_20_1", "number_of_trucks": 2, "drone_capacity": 10, "number_of_drones": 2, "iteration": 4, "best_fitness": 266.86618510511494, "runtime": 175.19392108917236, "best_solution": [[[[0, [18]], [18, []], [16, [16, 12, 11, 2]], [12, []], [11, []], [4, [4, 13]], [13, []], [2, []], [7, [7, 17, 6, 8]], [17, []], [8, []], [6, []]], [[0, [3, 10, 15, 1]], [1, []], [15, []], [14, [14, 9, 20]], [20, []], [9, []], [3, []], [10, []], [5, [5, 19]], [19, []]]], [[[14, [14, 9, 20]]], [[16, [16, 12, 11, 2]]], [[4, [4, 13]]], [[7, [7, 17, 6, 8]]], [[5, [5, 19]]]]], "all_solution": [[[[[0, [2]], [2, []], [1, [1, 8]], [8, []], [20, [20, 10, 9]], [10, []], [9, []], [7, [7, 17, 6]], [17, []], [6, []]], [[0, []], [15, [15, 18, 3]], [18, [14, 16]], [3, []], [14, []], [16, []], [4, [4, 13, 11, 12]], [13, []], [11, []], [12, []], [5, [5, 19]], [19, []]]], [[[15, [15, 18, 3]]], [[18, [14, 16]]], [[1, [1, 8]]], [[4, [4, 13, 11, 12]]], [[20, [20, 10, 9]]], [[7, [7, 17, 6]]], [[5, [5, 19]]]]], [[[[0, [1, 8, 12, 11]], [1, []], [8, []], [13, [13, 4]], [4, []], [12, []], [11, []], [5, [5, 19]], [19, []]], [[0, [14, 3, 2, 16, 15, 18]], [18, []], [2, []], [16, []], [14, []], [9, [9, 10]], [3, []], [10, [20]], [20, []], [7, [7, 17, 6]], [15, []], [17, []], [6, []]]], [[[13, [13, 4]]], [[9, [9, 10]]], [[10, [20]]], [[7, [7, 17, 6]]], [[5, [5, 19]]]]], [[[[0, [8, 2, 11, 12]], [8, []], [2, []], [13, [13, 4]], [4, []], [11, []], [12, []], [5, [5, 19]], [19, []]], [[0, [18, 3]], [18, [15, 14, 16]], [15, []], [14, []], [16, []], [3, []], [10, [10, 20, 9, 1]], [20, []], [9, []], [7, [7, 17, 6]], [17, []], [1, []], [6, []]]], [[[18, [15, 14, 16]]], [[10, [10, 20, 9, 1]]], [[13, [13, 4]]], [[7, [7, 17, 6]]], [[5, [5, 19]]]]], [[[[0, [18]], [18, []], [16, [16, 12, 11, 2]], [12, []], [11, []], [4, [4, 13]], [13, []], [2, []], [7, [7, 17, 6, 8]], [17, []], [8, []], [6, []]], [[0, [3, 10, 15, 1]], [1, []], [15, []], [14, [14, 9, 20]], [20, []], [9, []], [3, []], [10, []], [5, [5, 19]], [19, []]]], [[[14, [14, 9, 20]]], [[16, [16, 12, 11, 2]]], [[4, [4, 13]]], [[7, [7, 17, 6, 8]]], [[5, [5, 19]]]]]], "Numrun": 5, "all_fitness": [266.86618510511494, 266.86618510511494, 266.86618510511494, 266.86618510511494]}
{"file_name": "U_20_1", "number_of_trucks": 2, "drone_capacity": 10, "number_of_drones": 2, "iteration": 5, "best_fitness": 263.23452713053837, "runtime": 180.03781723976135, "best_solution": [[[[0, [2, 12, 16]], [2, []], [12, []], [16, []], [4, [4, 13, 11, 10]], [13, []], [11, []], [10, []], [5, [5, 20]], [20, []]], [[0, [14, 18, 3, 15]], [18, []], [14, []], [3, []], [9, [9, 1, 8]], [8, []], [1, []], [6, [6]], [7, [7, 19, 17]], [17, []], [15, []], [19, []]]], [[[4, [4, 13, 11, 10]]], [[9, [9, 1, 8]]], [[6, [6]]], [[7, [7, 19, 17]]], [[5, [5, 20]]]]],