{"file_name": "U_20_1", "number_of_trucks": 2, "drone_capacity": 10, "number_of_drones": 2, "iteration": 1, "best_fitness": 245.15311151231373, "runtime": 256.58728218078613, "best_solution": [[[[0, [18]], [18, [15, 3]], [15, []], [3, []], [10, [10, 9, 1, 8]], [9, []], [1, []], [8, []], [17, [17, 6, 19]], [6, []], [19, []]], [[0, [2, 16, 14]], [2, []], [16, []], [12, [12, 11]], [11, []], [13, [13, 20]], [4, [4]], [14, []], [20, []], [5, [5, 7]], [7, []]]], [[[18, [15, 3]]], [[12, [12, 11]]], [[10, [10, 9, 1, 8]]], [[13, [13, 20]]], [[4, [4]]], [[17, [17, 6, 19]]], [[5, [5, 7]]]]], "all_solution": [[[[[0, [18]], [18, [15, 3]], [15, []], [3, []], [10, [10, 9, 1, 8]], [9, []], [1, []], [8, []], [17, [17, 6, 19]], [6, []], [19, []]], [[0, [2, 16, 14]], [2, []], [16, []], [12, [12, 11]], [11, []], [13, [13, 20]], [4, [4]], [14, []], [20, []], [5, [5, 7]], [7, []]]], [[[18, [15, 3]]], [[12, [12, 11]]], [[10, [10, 9, 1, 8]]], [[13, [13, 20]]], [[4, [4]]], [[17, [17, 6, 19]]], [[5, [5, 7]]]]]], "Numrun": 5, "all_fitness": [245.15311151231373]}
{"file_name": "U_20_1", "number_of_trucks": 2, "drone_capacity": 10, "number_of_drones": 2, "iteration": 2, "best_fitness": 248.23999999999995, "runtime": 241.319682598114, "best_solution": [[[[0, [2, 18, 15]], [18, []], [2, []], [10, [10, 9, 1, 8]], [9, []], [15, []], [1, []], [8, []], [17, [17, 6, 19]], [6, []], [19, []]], [[0, [11, 14, 16, 12, 3]], [16, []], [11, []], [12, []], [4, [4, 13, 20]], [13, []], [14, []], [20, []], [3, []], [5, [5, 7]], [7, []]]], [[[10, [10, 9, 1, 8]]], [[4, [4, 13, 20]]], [[17, [17, 6, 19]]], [[5, [5, 7]]]]], "all_solution": [[[[[0, [18]], [18, [15, 3]], [15, []], [3, []], [10, [10, 9, 1, 8]], [9, []], [1, []], [8, []], [17, [17, 6, 19]], [6, []], [19, []]], [[0, [2, 16, 14]], [2, []], [16, []], [12, [12, 11]], [11, []], [13, [13, 20]], [4, [4]], [14, []], [20, []], [5, [5, 7]], [7, []]]], [[[18, [15, 3]]], [[12, [12, 11]]], [[10, [10, 9, 1, 8]]], [[13, [13, 20]]], [[4, [4]]], [[17, [17, 6, 19]]], [[5, [5, 7]]]]], [[[[0, [2, 18, 15]], [18, []], [2, []], [10, [10, 9, 1, 8]], [9, []], [15, []], [1, []], [8, []], [17, [17, 6, 19]], [6, []], [19, []]], [[0, [11, 14, 16, 12, 3]], [16, []], [11, []], [12, []], [4, [4, 13, 20]], [13, []], [14, []], [20, []], [3, []], [5, [5, 7]], [7, []]]], [[[10, [10, 9, 1, 8]]], [[4, [4, 13, 20]]], [[17, [17, 6, 19]]], [[5, [5, 7]]]]]], "Numrun": 5, "all_fitness": [245.15311151231373, 248.23999999999995]}
{"file_name": "U_20_1", "number_of_trucks": 2, "drone_capacity": 10, "number_of_drones": 2, "iteration": 3, "best_fitness": 254.0731115123137, "runtime": 151.2328815460205, "best_solution": [[[[0, [18]], [2, [2, 16]], [18, []], [16, []], [4, [4, 13, 8, 1]], [13, []], [17, [17, 6, 19]], [8, []], [1, []], [6, []], [19, []]], [[0, []], [15, [3, 15]], [14, [14]], [3, []], [9, [9, 12, 11, 10]], [12, []], [11, []], [10, []], [5, [5, 7, 20]], [20, []], [7, []]]], [[[15, [3, 15]]], [[2, [2, 16]]], [[4, [4, 13, 8, 1]]], [[14, [14]]], [[9, [9, 12, 11, 10]]], [[17, [17, 6, 19]]], [[5, [5, 7, 20]]]]], "all_solution": [[[[[0, [18]], [18, [15, 3]], [15, []], [3, []], [10, [10, 9, 1, 8]], [9, []], [1, []], [8, []], [17, [17, 6, 19]], [6, []], [19, []]], [[0, [2, 16, 14]], [2, []], [16, []], [12, [12, 11]], [11, []], [13, [13, 20]], [4, [4]], [14, []], [20, []], [5, [5, 7]], [7, []]]], [[[18, [15, 3]]], [[12, [12, 11]]], [[10, [10, 9, 1, 8]]], [[13, [13, 20]]], [[4, [4]]], [[17, [17, 6, 19]]], [[5, [5, 7]]]]], [[[[0, [2, 18, 15]], [18, []], [2, []], [10, [10, 9, 1, 8]], [9, []], [15, []], [1, []], [8, []], [17, [17, 6, 19]], [6, []], [19, []]], [[0, [11, 14, 16, 12, 3]], [16, []], [11, []], [12, []], [4, [4, 13, 20]], [13, []], [14, []], [20, []], [3, []], [5, [5, 7]], [7, []]]], [[[10, [10, 9, 1, 8]]], [[4, [4, 13, 20]]], [[17, [17, 6, 19]]], [[5, [5, 7]]]]], [[[[0, [18]], [2, [2, 16]], [18, []], [16, []], [4, [4, 13, 8, 1]], [13, []], [17, [17, 6, 19]], [8, []], [1, []], [6, []], [19, []]], [[0, []], [15, [3, 15]], [14, [14]], [3, []], [9, [9, 12, 11, 10]], [12, []], [11, []], [10, []], [5, [5, 7, 20]], [20, []], [7, []]]], [[[15, [3, 15]]], [[2, [2, 16]]], [[4, [4, 13, 8, 1]]], [[14, [14]]], [[9, [9, 12, 11, 10]]], [[17, [17, 6, 19]]], [[5, [5, 7, 20]]]]]], "Numrun": 5, "all_fitness": [245.15311151231373, 248.23999999999995, 254.0731115123137]}
{"file_name": "U_20_1", "number_of_trucks": 2, "drone_capacity": 10, "number_of_drones": 2, "iteration": 4, "best_fitness": 247.12, "runtime": 206.43116331100464, "best_solution": [[[[0, [2, 16]], [2, []], [16, []], [12, [12, 11]], [11, []], [4, [4, 10]], [13, [13, 14, 20]], [14, []], [20, []], [10, []], [5, [5, 7]], [7, []]], [[0, [18]], [15, [15, 3]], [18, []], [9, [9, 1, 8]], [3, []], [1, []], [8, []], [17, [17, 19, 6]], [6, []], [19, []]]], [[[15, [15, 3]]], [[12, [12, 11]]], [[9, [9, 1, 8]]], [[4, [4, 10]]], [[13, [13, 14, 20]]], [[17, [17, 19, 6]]], [[5, [5, 7]]]]], "all_solution": [[[[[0, [18]], [18, [15, 3]], [15, []], [3, []], [10, [10, 9, 1, 8]], [9, []], [1, []], [8, []], [17, [17, 6, 19]], [6, []], [19, []]], [[0, [2, 16, 14]], [2, []], [16, []], [12, [12, 11]], [11, []], [13, [13, 20]], [4, [4]], [14, []], [20, []], [5, [5, 7]], [7, []]]], [[[18, [15, 3]]], [[12, [12, 11]]], [[10, [10, 9, 1, 8]]], [[13, [13, 20]]], [[4, [4]]], [[17, [17, 6, 19]]], [[5, [5, 7]]]]], [[[[0, [2, 18, 15]], [18, []], [2, []], [10, [10, 9, 1, 8]], [9, []], [15, []], [1, []], [8, []], [17, [17, 6, 19]], [6, []], [19, []]], [[0, [11, 14, 16, 12, 3]], [16, []], [11, []], [12, []], [4, [4, 13, 20]], [13, []], [14, []], [20, []], [3, []], [5, [5, 7]], [7, []]]], [[[10, [10, 9, 1, 8]]], [[4, [4, 13, 20]]], [[17, [17, 6, 19]]], [[5, [5, 7]]]]], [[[[0, [18]], [2, [2, 16]], [18, []], [16, []], [4, [4, 13, 8, 1]], [13, []], [17, [17, 6, 19]], [8, []], [1, []], [6, []], [19, []]], [[0, []], [15, [3, 15]], [14, [14]], [3, []], [9, [9, 12, 11, 10]], [12, []], [11, []], [10, []], [5, [5, 7, 20]], [20, []], [7, []]]], [[[15, [3, 15]]], [[2, [2, 16]]], [[4, [4, 13, 8, 1]]], [[14, [14]]], [[9, [9, 12, 11, 10]]], [[17, [17, 6, 19]]], [[5, [5, 7, 20]]]]], [[[[0, [2, 16]], [2, []], [16, []], [12, [12, 11]], [11, []], [4, [4, 10]], [13, [13, 14, 20]], [14, []], [20, []], [10, []], [5, [5, 7]], [7, []]], [[0, [18]], [15, [15, 3]], [18, []], [9, [9, 1, 8]], [3, []], [1, []], [8, []], [17, [17, 19, 6]], [6, []], [19, []]]], [[[15, [15, 3]]], [[12, [12, 11]]], [[9, [9, 1, 8]]], [[4, [4, 10]]], [[13, [13, 14, 20]]], [[17, [17, 19, 6]]], [[5, [5, 7]]]]]], "Numrun": 5, "all_fitness": [245.15311151231373, 248.23999999999995, 254.0731115123137, 247.12]}
{"file_name": "U_20_1", "number_of_trucks": 2, "drone_capacity": 10, "number_of_drones": 2, "iteration": 5, "best_fitness": 248.51999999999998, "runtime": 189.85302066802979, "best_solution": [[[[0, [16, 12, 11]], [16, []], [12, []], [11, []], [13, [13, 4]], [4, []], [17, [17, 6, 19]], [6, []], [19, []]], [[0, [2, 18, 3, 14]], [14, []], [2, []], [18, [15]], [15, []], [1, [1, 8, 9, 10]], [8, []], [9, []], [10, []], [3, []], [5, [5, 7, 20]], [20, []], [7, []]]], [[[18, [15]]], [[1, [1, 8, 9, 10]]], [[13, [13, 4]]], [[17, [17, 6, 19]]], [[5, [5, 7, 20]]]]],