{"file_name": "U_20_1", "number_of_trucks": 2, "drone_capacity": 10, "number_of_drones": 2, "iteration": 1, "best_fitness": 323.3487015840694, "runtime": 187.32874011993408, "best_solution": [[[[0, []], [4, [4, 10]], [5, [5, 15, 11]], [11, []], [18, [18]], [10, []], [15, []], [7, [7, 16]], [16, []]], [[0, []], [14, [14, 1, 2]], [1, []], [9, [9, 19, 6, 8]], [2, []], [19, []], [6, []], [8, []], [17, [17, 20, 12, 13, 3]], [20, []], [12, []], [13, []], [3, []]]], [[[14, [14, 1, 2]]], [[4, [4, 10]]], [[9, [9, 19, 6, 8]]], [[5, [5, 15, 11]]], [[18, [18]]], [[17, [17, 20, 12, 13, 3]]], [[7, [7, 16]]]]], "all_solution": [[[[[0, []], [4, [4, 10]], [5, [5, 15, 11]], [11, []], [18, [18]], [10, []], [15, []], [7, [7, 16]], [16, []]], [[0, []], [14, [14, 1, 2]], [1, []], [9, [9, 19, 6, 8]], [2, []], [19, []], [6, []], [8, []], [17, [17, 20, 12, 13, 3]], [20, []], [12, []], [13, []], [3, []]]], [[[14, [14, 1, 2]]], [[4, [4, 10]]], [[9, [9, 19, 6, 8]]], [[5, [5, 15, 11]]], [[18, [18]]], [[17, [17, 20, 12, 13, 3]]], [[7, [7, 16]]]]]], "Numrun": 5, "all_fitness": [323.3487015840694]}
{"file_name": "U_20_1", "number_of_trucks": 2, "drone_capacity": 10, "number_of_drones": 2, "iteration": 2, "best_fitness": 323.2284520033138, "runtime": 324.21866822242737, "best_solution": [[[[0, []], [11, [11, 1]], [5, [5]], [1, []], [18, [18, 15, 10]], [15, []], [10, []], [7, [7, 16]], [16, []]], [[0, []], [14, [14, 2]], [9, [9, 19, 6]], [19, []], [2, []], [6, []], [20, [20, 17, 8]], [17, []], [8, []], [12, [12, 13, 4, 3]], [13, []], [4, []], [3, []]]], [[[11, [11, 1]]], [[14, [14, 2]]], [[9, [9, 19, 6]]], [[5, [5]]], [[18, [18, 15, 10]]], [[20, [20, 17, 8]]], [[12, [12, 13, 4, 3]]], [[7, [7, 16]]]]], "all_solution": [[[[[0, []], [4, [4, 10]], [5, [5, 15, 11]], [11, []], [18, [18]], [10, []], [15, []], [7, [7, 16]], [16, []]], [[0, []], [14, [14, 1, 2]], [1, []], [9, [9, 19, 6, 8]], [2, []], [19, []], [6, []], [8, []], [17, [17, 20, 12, 13, 3]], [20, []], [12, []], [13, []], [3, []]]], [[[14, [14, 1, 2]]], [[4, [4, 10]]], [[9, [9, 19, 6, 8]]], [[5, [5, 15, 11]]], [[18, [18]]], [[17, [17, 20, 12, 13, 3]]], [[7, [7, 16]]]]], [[[[0, []], [11, [11, 1]], [5, [5]], [1, []], [18, [18, 15, 10]], [15, []], [10, []], [7, [7, 16]], [16, []]], [[0, []], [14, [14, 2]], [9, [9, 19, 6]], [19, []], [2, []], [6, []], [20, [20, 17, 8]], [17, []], [8, []], [12, [12, 13, 4, 3]], [13, []], [4, []], [3, []]]], [[[11, [11, 1]]], [[14, [14, 2]]], [[9, [9, 19, 6]]], [[5, [5]]], [[18, [18, 15, 10]]], [[20, [20, 17, 8]]], [[12, [12, 13, 4, 3]]], [[7, [7, 16]]]]]], "Numrun": 5, "all_fitness": [323.3487015840694, 323.2284520033138]}
{"file_name": "U_20_1", "number_of_trucks": 2, "drone_capacity": 10, "number_of_drones": 2, "iteration": 3, "best_fitness": 323.622125181817, "runtime": 213.39346385002136, "best_solution": [[[[0, []], [14, [14, 2]], [2, []], [9, [9, 19, 6, 4]], [19, []], [6, []], [18, [18, 11, 13, 15]], [15, []], [11, []], [13, []], [12, [12, 3]], [4, []], [3, []]], [[0, []], [1, [1]], [10, [10, 8]], [8, []], [17, [17, 20, 5]], [20, []], [7, [7, 16]], [16, []], [5, []]]], [[[14, [14, 2]]], [[1, [1]]], [[10, [10, 8]]], [[9, [9, 19, 6, 4]]], [[18, [18, 11, 13, 15]]], [[17, [17, 20, 5]]], [[12, [12, 3]]], [[7, [7, 16]]]]], "all_solution": [[[[[0, []], [4, [4, 10]], [5, [5, 15, 11]], [11, []], [18, [18]], [10, []], [15, []], [7, [7, 16]], [16, []]], [[0, []], [14, [14, 1, 2]], [1, []], [9, [9, 19, 6, 8]], [2, []], [19, []], [6, []], [8, []], [17, [17, 20, 12, 13, 3]], [20, []], [12, []], [13, []], [3, []]]], [[[14, [14, 1, 2]]], [[4, [4, 10]]], [[9, [9, 19, 6, 8]]], [[5, [5, 15, 11]]], [[18, [18]]], [[17, [17, 20, 12, 13, 3]]], [[7, [7, 16]]]]], [[[[0, []], [11, [11, 1]], [5, [5]], [1, []], [18, [18, 15, 10]], [15, []], [10, []], [7, [7, 16]], [16, []]], [[0, []], [14, [14, 2]], [9, [9, 19, 6]], [19, []], [2, []], [6, []], [20, [20, 17, 8]], [17, []], [8, []], [12, [12, 13, 4, 3]], [13, []], [4, []], [3, []]]], [[[11, [11, 1]]], [[14, [14, 2]]], [[9, [9, 19, 6]]], [[5, [5]]], [[18, [18, 15, 10]]], [[20, [20, 17, 8]]], [[12, [12, 13, 4, 3]]], [[7, [7, 16]]]]], [[[[0, []], [14, [14, 2]], [2, []], [9, [9, 19, 6, 4]], [19, []], [6, []], [18, [18, 11, 13, 15]], [15, []], [11, []], [13, []], [12, [12, 3]], [4, []], [3, []]], [[0, []], [1, [1]], [10, [10, 8]], [8, []], [17, [17, 20, 5]], [20, []], [7, [7, 16]], [16, []], [5, []]]], [[[14, [14, 2]]], [[1, [1]]], [[10, [10, 8]]], [[9, [9, 19, 6, 4]]], [[18, [18, 11, 13, 15]]], [[17, [17, 20, 5]]], [[12, [12, 3]]], [[7, [7, 16]]]]]], "Numrun": 5, "all_fitness": [323.3487015840694, 323.2284520033138, 323.622125181817]}
{"file_name": "U_20_1", "number_of_trucks": 2, "drone_capacity": 10, "number_of_drones": 2, "iteration": 4, "best_fitness": 323.622125181817, "runtime": 172.44175481796265, "best_solution": [[[[0, []], [14, [14, 2]], [9, [9, 6, 19]], [19, []], [2, []], [6, []], [18, [18, 5, 15, 11]], [11, []], [15, []], [7, [7, 16]], [16, []], [5, []]], [[0, []], [1, [1]], [10, [10, 4]], [8, [8, 13]], [20, [20, 17, 12, 3]], [17, []], [12, []], [13, []], [4, []], [3, []]]], [[[14, [14, 2]]], [[1, [1]]], [[10, [10, 4]]], [[9, [9, 6, 19]]], [[8, [8, 13]]], [[18, [18, 5, 15, 11]]], [[20, [20, 17, 12, 3]]], [[7, [7, 16]]]]], "all_solution": [[[[[0, []], [4, [4, 10]], [5, [5, 15, 11]], [11, []], [18, [18]], [10, []], [15, []], [7, [7, 16]], [16, []]], [[0, []], [14, [14, 1, 2]], [1, []], [9, [9, 19, 6, 8]], [2, []], [19, []], [6, []], [8, []], [17, [17, 20, 12, 13, 3]], [20, []], [12, []], [13, []], [3, []]]], [[[14, [14, 1, 2]]], [[4, [4, 10]]], [[9, [9, 19, 6, 8]]], [[5, [5, 15, 11]]], [[18, [18]]], [[17, [17, 20, 12, 13, 3]]], [[7, [7, 16]]]]], [[[[0, []], [11, [11, 1]], [5, [5]], [1, []], [18, [18, 15, 10]], [15, []], [10, []], [7, [7, 16]], [16, []]], [[0, []], [14, [14, 2]], [9, [9, 19, 6]], [19, []], [2, []], [6, []], [20, [20, 17, 8]], [17, []], [8, []], [12, [12, 13, 4, 3]], [13, []], [4, []], [3, []]]], [[[11, [11, 1]]], [[14, [14, 2]]], [[9, [9, 19, 6]]], [[5, [5]]], [[18, [18, 15, 10]]], [[20, [20, 17, 8]]], [[12, [12, 13, 4, 3]]], [[7, [7, 16]]]]], [[[[0, []], [14, [14, 2]], [2, []], [9, [9, 19, 6, 4]], [19, []], [6, []], [18, [18, 11, 13, 15]], [15, []], [11, []], [13, []], [12, [12, 3]], [4, []], [3, []]], [[0, []], [1, [1]], [10, [10, 8]], [8, []], [17, [17, 20, 5]], [20, []], [7, [7, 16]], [16, []], [5, []]]], [[[14, [14, 2]]], [[1, [1]]], [[10, [10, 8]]], [[9, [9, 19, 6, 4]]], [[18, [18, 11, 13, 15]]], [[17, [17, 20, 5]]], [[12, [12, 3]]], [[7, [7, 16]]]]], [[[[0, []], [14, [14, 2]], [9, [9, 6, 19]], [19, []], [2, []], [6, []], [18, [18, 5, 15, 11]], [11, []], [15, []], [7, [7, 16]], [16, []], [5, []]], [[0, []], [1, [1]], [10, [10, 4]], [8, [8, 13]], [20, [20, 17, 12, 3]], [17, []], [12, []], [13, []], [4, []], [3, []]]], [[[14, [14, 2]]], [[1, [1]]], [[10, [10, 4]]], [[9, [9, 6, 19]]], [[8, [8, 13]]], [[18, [18, 5, 15, 11]]], [[20, [20, 17, 12, 3]]], [[7, [7, 16]]]]]], "Numrun": 5, "all_fitness": [323.3487015840694, 323.2284520033138, 323.622125181817, 323.622125181817]}
{"file_name": "U_20_1", "number_of_trucks": 2, "drone_capacity": 10, "number_of_drones": 2, "iteration": 5, "best_fitness": 323.622125181817, "runtime": 205.74362444877625, "best_solution": [[[[0, []], [11, [11, 1]], [1, []], [17, [17, 8, 4, 13]], [8, []], [12, [12, 3]], [13, []], [3, []], [4, []]], [[0, []], [14, [14, 2]], [9, [9, 19, 6]], [2, []], [19, []], [6, []], [20, [20, 18, 5, 15, 10]], [10, []], [18, []], [15, []], [7, [7, 16]], [16, []], [5, []]]], [[[14, [14, 2]]], [[9, [9, 19, 6]]], [[11, [11, 1]]], [[17, [17, 8, 4, 13]]], [[20, [20, 18, 5, 15, 10]]], [[12, [12, 3]]], [[7, [7, 16]]]]],