{"file_name": "U_20_1", "number_of_trucks": 2, "drone_capacity": 10, "number_of_drones": 2, "iteration": 1, "best_fitness": 416.86964303105043, "runtime": 212.54798102378845, "best_solution": [[[[0, [19, 6, 15, 14]], [6, []], [15, []], [14, []], [19, []], [8, [8, 2, 4]], [2, []], [17, [17, 7, 20]], [7, []], [4, []], [20, []]], [[0, [13, 16, 1, 11]], [1, []], [16, []], [9, [9, 18]], [13, []], [11, []], [18, []], [10, [10, 5]], [5, []], [3, [3, 12]], [12, []]]], [[[9, [9, 18]]], [[8, [8, 2, 4]]], [[10, [10, 5]]], [[17, [17, 7, 20]]], [[3, [3, 12]]]]], "all_solution": [[[[[0, [19, 6, 15, 14]], [6, []], [15, []], [14, []], [19, []], [8, [8, 2, 4]], [2, []], [17, [17, 7, 20]], [7, []], [4, []], [20, []]], [[0, [13, 16, 1, 11]], [1, []], [16, []], [9, [9, 18]], [13, []], [11, []], [18, []], [10, [10, 5]], [5, []], [3, [3, 12]], [12, []]]], [[[9, [9, 18]]], [[8, [8, 2, 4]]], [[10, [10, 5]]], [[17, [17, 7, 20]]], [[3, [3, 12]]]]]], "Numrun": 5, "all_fitness": [416.86964303105043]}
{"file_name": "U_20_1", "number_of_trucks": 2, "drone_capacity": 10, "number_of_drones": 2, "iteration": 2, "best_fitness": 413.3496430310504, "runtime": 146.34917664527893, "best_solution": [[[[0, [19, 6, 14]], [19, []], [14, []], [6, []], [5, [5]], [4, [4, 9]], [9, []], [3, [3, 12]], [12, []]], [[0, [15, 11]], [15, []], [11, []], [13, [13, 16]], [16, []], [1, [1, 18]], [18, []], [8, [8]], [10, [10, 2]], [2, []], [17, [17, 7, 20]], [7, []], [20, []]]], [[[13, [13, 16]]], [[1, [1, 18]]], [[8, [8]]], [[5, [5]]], [[4, [4, 9]]], [[10, [10, 2]]], [[17, [17, 7, 20]]], [[3, [3, 12]]]]], "all_solution": [[[[[0, [19, 6, 15, 14]], [6, []], [15, []], [14, []], [19, []], [8, [8, 2, 4]], [2, []], [17, [17, 7, 20]], [7, []], [4, []], [20, []]], [[0, [13, 16, 1, 11]], [1, []], [16, []], [9, [9, 18]], [13, []], [11, []], [18, []], [10, [10, 5]], [5, []], [3, [3, 12]], [12, []]]], [[[9, [9, 18]]], [[8, [8, 2, 4]]], [[10, [10, 5]]], [[17, [17, 7, 20]]], [[3, [3, 12]]]]], [[[[0, [19, 6, 14]], [19, []], [14, []], [6, []], [5, [5]], [4, [4, 9]], [9, []], [3, [3, 12]], [12, []]], [[0, [15, 11]], [15, []], [11, []], [13, [13, 16]], [16, []], [1, [1, 18]], [18, []], [8, [8]], [10, [10, 2]], [2, []], [17, [17, 7, 20]], [7, []], [20, []]]], [[[13, [13, 16]]], [[1, [1, 18]]], [[8, [8]]], [[5, [5]]], [[4, [4, 9]]], [[10, [10, 2]]], [[17, [17, 7, 20]]], [[3, [3, 12]]]]]], "Numrun": 5, "all_fitness": [416.86964303105043, 413.3496430310504]}
{"file_name": "U_20_1", "number_of_trucks": 2, "drone_capacity": 10, "number_of_drones": 2, "iteration": 3, "best_fitness": 417.67454875430315, "runtime": 141.33202385902405, "best_solution": [[[[0, [14, 19, 6]], [19, []], [6, []], [14, []], [18, [18, 2, 5]], [2, []], [5, []], [12, [12, 20, 4]], [20, []], [4, []]], [[0, [11, 15]], [11, []], [15, []], [13, [13, 16]], [16, []], [1, [1, 9]], [9, []], [8, [8, 10]], [10, []], [3, [3, 17, 7]], [17, []], [7, []]]], [[[13, [13, 16]]], [[1, [1, 9]]], [[8, [8, 10]]], [[18, [18, 2, 5]]], [[12, [12, 20, 4]]], [[3, [3, 17, 7]]]]], "all_solution": [[[[[0, [19, 6, 15, 14]], [6, []], [15, []], [14, []], [19, []], [8, [8, 2, 4]], [2, []], [17, [17, 7, 20]], [7, []], [4, []], [20, []]], [[0, [13, 16, 1, 11]], [1, []], [16, []], [9, [9, 18]], [13, []], [11, []], [18, []], [10, [10, 5]], [5, []], [3, [3, 12]], [12, []]]], [[[9, [9, 18]]], [[8, [8, 2, 4]]], [[10, [10, 5]]], [[17, [17, 7, 20]]], [[3, [3, 12]]]]], [[[[0, [19, 6, 14]], [19, []], [14, []], [6, []], [5, [5]], [4, [4, 9]], [9, []], [3, [3, 12]], [12, []]], [[0, [15, 11]], [15, []], [11, []], [13, [13, 16]], [16, []], [1, [1, 18]], [18, []], [8, [8]], [10, [10, 2]], [2, []], [17, [17, 7, 20]], [7, []], [20, []]]], [[[13, [13, 16]]], [[1, [1, 18]]], [[8, [8]]], [[5, [5]]], [[4, [4, 9]]], [[10, [10, 2]]], [[17, [17, 7, 20]]], [[3, [3, 12]]]]], [[[[0, [14, 19, 6]], [19, []], [6, []], [14, []], [18, [18, 2, 5]], [2, []], [5, []], [12, [12, 20, 4]], [20, []], [4, []]], [[0, [11, 15]], [11, []], [15, []], [13, [13, 16]], [16, []], [1, [1, 9]], [9, []], [8, [8, 10]], [10, []], [3, [3, 17, 7]], [17, []], [7, []]]], [[[13, [13, 16]]], [[1, [1, 9]]], [[8, [8, 10]]], [[18, [18, 2, 5]]], [[12, [12, 20, 4]]], [[3, [3, 17, 7]]]]]], "Numrun": 5, "all_fitness": [416.86964303105043, 413.3496430310504, 417.67454875430315]}
{"file_name": "U_20_1", "number_of_trucks": 2, "drone_capacity": 10, "number_of_drones": 2, "iteration": 4, "best_fitness": 413.3496430310504, "runtime": 148.95379972457886, "best_solution": [[[[0, [6, 14, 13]], [14, []], [13, []], [9, [9]], [6, []], [10, [10, 2]], [2, []], [17, [17, 7, 20]], [7, []], [20, []]], [[0, [15, 16, 19, 11]], [15, []], [16, []], [1, [1, 18]], [19, []], [11, []], [18, []], [8, [8, 4, 5]], [4, []], [5, []], [3, [3, 12]], [12, []]]], [[[1, [1, 18]]], [[9, [9]]], [[8, [8, 4, 5]]], [[10, [10, 2]]], [[17, [17, 7, 20]]], [[3, [3, 12]]]]], "all_solution": [[[[[0, [19, 6, 15, 14]], [6, []], [15, []], [14, []], [19, []], [8, [8, 2, 4]], [2, []], [17, [17, 7, 20]], [7, []], [4, []], [20, []]], [[0, [13, 16, 1, 11]], [1, []], [16, []], [9, [9, 18]], [13, []], [11, []], [18, []], [10, [10, 5]], [5, []], [3, [3, 12]], [12, []]]], [[[9, [9, 18]]], [[8, [8, 2, 4]]], [[10, [10, 5]]], [[17, [17, 7, 20]]], [[3, [3, 12]]]]], [[[[0, [19, 6, 14]], [19, []], [14, []], [6, []], [5, [5]], [4, [4, 9]], [9, []], [3, [3, 12]], [12, []]], [[0, [15, 11]], [15, []], [11, []], [13, [13, 16]], [16, []], [1, [1, 18]], [18, []], [8, [8]], [10, [10, 2]], [2, []], [17, [17, 7, 20]], [7, []], [20, []]]], [[[13, [13, 16]]], [[1, [1, 18]]], [[8, [8]]], [[5, [5]]], [[4, [4, 9]]], [[10, [10, 2]]], [[17, [17, 7, 20]]], [[3, [3, 12]]]]], [[[[0, [14, 19, 6]], [19, []], [6, []], [14, []], [18, [18, 2, 5]], [2, []], [5, []], [12, [12, 20, 4]], [20, []], [4, []]], [[0, [11, 15]], [11, []], [15, []], [13, [13, 16]], [16, []], [1, [1, 9]], [9, []], [8, [8, 10]], [10, []], [3, [3, 17, 7]], [17, []], [7, []]]], [[[13, [13, 16]]], [[1, [1, 9]]], [[8, [8, 10]]], [[18, [18, 2, 5]]], [[12, [12, 20, 4]]], [[3, [3, 17, 7]]]]], [[[[0, [6, 14, 13]], [14, []], [13, []], [9, [9]], [6, []], [10, [10, 2]], [2, []], [17, [17, 7, 20]], [7, []], [20, []]], [[0, [15, 16, 19, 11]], [15, []], [16, []], [1, [1, 18]], [19, []], [11, []], [18, []], [8, [8, 4, 5]], [4, []], [5, []], [3, [3, 12]], [12, []]]], [[[1, [1, 18]]], [[9, [9]]], [[8, [8, 4, 5]]], [[10, [10, 2]]], [[17, [17, 7, 20]]], [[3, [3, 12]]]]]], "Numrun": 5, "all_fitness": [416.86964303105043, 413.3496430310504, 417.67454875430315, 413.3496430310504]}
{"file_name": "U_20_1", "number_of_trucks": 2, "drone_capacity": 10, "number_of_drones": 2, "iteration": 5, "best_fitness": 416.86964303105043, "runtime": 169.26997995376587, "best_solution": [[[[0, [16, 15, 13, 11, 6]], [6, []], [1, [1]], [15, []], [16, []], [13, []], [11, []], [8, [8]], [10, [10, 2]], [2, []], [17, [17, 7, 20, 4]], [7, []], [4, []], [20, []]], [[0, [14, 19, 9]], [14, []], [18, [18, 5]], [5, []], [19, []], [9, []], [3, [3, 12]], [12, []]]], [[[18, [18, 5]]], [[1, [1]]], [[8, [8]]], [[10, [10, 2]]], [[17, [17, 7, 20, 4]]], [[3, [3, 12]]]]],