{"file_name": "U_20_1", "number_of_trucks": 2, "drone_capacity": 10, "number_of_drones": 2, "iteration": 1, "best_fitness": 263.63154421427083, "runtime": 207.4355547428131, "best_solution": [[[[0, [8, 12]], [12, []], [8, [15, 9]], [15, []], [9, []], [7, [7, 6, 14, 13, 10]], [6, []], [14, []], [13, []], [10, []]], [[0, [17, 4, 16, 19]], [17, []], [4, []], [16, []], [19, []], [18, [18, 11]], [1, [1]], [11, []], [20, [3, 2, 20, 5]], [3, []], [5, []], [2, []]]], [[[8, [15, 9]]], [[18, [18, 11]]], [[1, [1]]], [[7, [7, 6, 14, 13, 10]]], [[20, [3, 2, 20, 5]]]]], "all_solution": [[[[[0, [8, 12]], [12, []], [8, [15, 9]], [15, []], [9, []], [7, [7, 6, 14, 13, 10]], [6, []], [14, []], [13, []], [10, []]], [[0, [17, 4, 16, 19]], [17, []], [4, []], [16, []], [19, []], [18, [18, 11]], [1, [1]], [11, []], [20, [3, 2, 20, 5]], [3, []], [5, []], [2, []]]], [[[8, [15, 9]]], [[18, [18, 11]]], [[1, [1]]], [[7, [7, 6, 14, 13, 10]]], [[20, [3, 2, 20, 5]]]]]], "Numrun": 5, "all_fitness": [263.63154421427083]}
{"file_name": "U_20_1", "number_of_trucks": 2, "drone_capacity": 10, "number_of_drones": 2, "iteration": 2, "best_fitness": 262.67154421427085, "runtime": 281.9318768978119, "best_solution": [[[[0, [8, 16, 19, 12, 17]], [19, []], [12, []], [17, []], [11, [11]], [16, []], [8, []], [1, [1, 13]], [20, [20, 3, 5, 2]], [3, []], [5, []], [13, []], [2, []]], [[0, [9]], [4, [15, 4]], [9, []], [15, []], [7, [7, 6, 18, 10, 14]], [6, []], [14, []], [18, []], [10, []]]], [[[4, [15, 4]]], [[11, [11]]], [[7, [7, 6, 18, 10, 14]]], [[1, [1, 13]]], [[20, [20, 3, 5, 2]]]]], "all_solution": [[[[[0, [8, 12]], [12, []], [8, [15, 9]], [15, []], [9, []], [7, [7, 6, 14, 13, 10]], [6, []], [14, []], [13, []], [10, []]], [[0, [17, 4, 16, 19]], [17, []], [4, []], [16, []], [19, []], [18, [18, 11]], [1, [1]], [11, []], [20, [3, 2, 20, 5]], [3, []], [5, []], [2, []]]], [[[8, [15, 9]]], [[18, [18, 11]]], [[1, [1]]], [[7, [7, 6, 14, 13, 10]]], [[20, [3, 2, 20, 5]]]]], [[[[0, [8, 16, 19, 12, 17]], [19, []], [12, []], [17, []], [11, [11]], [16, []], [8, []], [1, [1, 13]], [20, [20, 3, 5, 2]], [3, []], [5, []], [13, []], [2, []]], [[0, [9]], [4, [15, 4]], [9, []], [15, []], [7, [7, 6, 18, 10, 14]], [6, []], [14, []], [18, []], [10, []]]], [[[4, [15, 4]]], [[11, [11]]], [[7, [7, 6, 18, 10, 14]]], [[1, [1, 13]]], [[20, [20, 3, 5, 2]]]]]], "Numrun": 5, "all_fitness": [263.63154421427083, 262.67154421427085]}
{"file_name": "U_20_1", "number_of_trucks": 2, "drone_capacity": 10, "number_of_drones": 2, "iteration": 3, "best_fitness": 263.63154421427083, "runtime": 196.59502792358398, "best_solution": [[[[0, [8, 9, 15, 12]], [9, []], [15, []], [12, []], [18, [18]], [8, []], [1, [1, 11]], [11, []], [20, [20, 5, 2, 3]], [3, []], [5, []], [2, []]], [[0, [19, 17, 4, 16]], [19, []], [16, []], [17, []], [4, []], [7, [7, 6, 14, 13, 10]], [6, []], [14, []], [13, []], [10, []]]], [[[18, [18]]], [[7, [7, 6, 14, 13, 10]]], [[1, [1, 11]]], [[20, [20, 5, 2, 3]]]]], "all_solution": [[[[[0, [8, 12]], [12, []], [8, [15, 9]], [15, []], [9, []], [7, [7, 6, 14, 13, 10]], [6, []], [14, []], [13, []], [10, []]], [[0, [17, 4, 16, 19]], [17, []], [4, []], [16, []], [19, []], [18, [18, 11]], [1, [1]], [11, []], [20, [3, 2, 20, 5]], [3, []], [5, []], [2, []]]], [[[8, [15, 9]]], [[18, [18, 11]]], [[1, [1]]], [[7, [7, 6, 14, 13, 10]]], [[20, [3, 2, 20, 5]]]]], [[[[0, [8, 16, 19, 12, 17]], [19, []], [12, []], [17, []], [11, [11]], [16, []], [8, []], [1, [1, 13]], [20, [20, 3, 5, 2]], [3, []], [5, []], [13, []], [2, []]], [[0, [9]], [4, [15, 4]], [9, []], [15, []], [7, [7, 6, 18, 10, 14]], [6, []], [14, []], [18, []], [10, []]]], [[[4, [15, 4]]], [[11, [11]]], [[7, [7, 6, 18, 10, 14]]], [[1, [1, 13]]], [[20, [20, 3, 5, 2]]]]], [[[[0, [8, 9, 15, 12]], [9, []], [15, []], [12, []], [18, [18]], [8, []], [1, [1, 11]], [11, []], [20, [20, 5, 2, 3]], [3, []], [5, []], [2, []]], [[0, [19, 17, 4, 16]], [19, []], [16, []], [17, []], [4, []], [7, [7, 6, 14, 13, 10]], [6, []], [14, []], [13, []], [10, []]]], [[[18, [18]]], [[7, [7, 6, 14, 13, 10]]], [[1, [1, 11]]], [[20, [20, 5, 2, 3]]]]]], "Numrun": 5, "all_fitness": [263.63154421427083, 262.67154421427085, 263.63154421427083]}
{"file_name": "U_20_1", "number_of_trucks": 2, "drone_capacity": 10, "number_of_drones": 2, "iteration": 4, "best_fitness": 263.63154421427083, "runtime": 282.8607506752014, "best_solution": [[[[0, [4, 17, 15, 12]], [12, []], [4, []], [17, []], [15, []], [7, [7, 6, 14, 13, 10]], [6, []], [14, []], [13, []], [10, []]], [[0, [19, 8, 16, 9]], [19, []], [8, []], [16, []], [9, []], [18, [18]], [1, [1, 11]], [11, []], [20, [3, 5, 2, 20]], [3, []], [5, []], [2, []]]], [[[18, [18]]], [[7, [7, 6, 14, 13, 10]]], [[1, [1, 11]]], [[20, [3, 5, 2, 20]]]]], "all_solution": [[[[[0, [8, 12]], [12, []], [8, [15, 9]], [15, []], [9, []], [7, [7, 6, 14, 13, 10]], [6, []], [14, []], [13, []], [10, []]], [[0, [17, 4, 16, 19]], [17, []], [4, []], [16, []], [19, []], [18, [18, 11]], [1, [1]], [11, []], [20, [3, 2, 20, 5]], [3, []], [5, []], [2, []]]], [[[8, [15, 9]]], [[18, [18, 11]]], [[1, [1]]], [[7, [7, 6, 14, 13, 10]]], [[20, [3, 2, 20, 5]]]]], [[[[0, [8, 16, 19, 12, 17]], [19, []], [12, []], [17, []], [11, [11]], [16, []], [8, []], [1, [1, 13]], [20, [20, 3, 5, 2]], [3, []], [5, []], [13, []], [2, []]], [[0, [9]], [4, [15, 4]], [9, []], [15, []], [7, [7, 6, 18, 10, 14]], [6, []], [14, []], [18, []], [10, []]]], [[[4, [15, 4]]], [[11, [11]]], [[7, [7, 6, 18, 10, 14]]], [[1, [1, 13]]], [[20, [20, 3, 5, 2]]]]], [[[[0, [8, 9, 15, 12]], [9, []], [15, []], [12, []], [18, [18]], [8, []], [1, [1, 11]], [11, []], [20, [20, 5, 2, 3]], [3, []], [5, []], [2, []]], [[0, [19, 17, 4, 16]], [19, []], [16, []], [17, []], [4, []], [7, [7, 6, 14, 13, 10]], [6, []], [14, []], [13, []], [10, []]]], [[[18, [18]]], [[7, [7, 6, 14, 13, 10]]], [[1, [1, 11]]], [[20, [20, 5, 2, 3]]]]], [[[[0, [4, 17, 15, 12]], [12, []], [4, []], [17, []], [15, []], [7, [7, 6, 14, 13, 10]], [6, []], [14, []], [13, []], [10, []]], [[0, [19, 8, 16, 9]], [19, []], [8, []], [16, []], [9, []], [18, [18]], [1, [1, 11]], [11, []], [20, [3, 5, 2, 20]], [3, []], [5, []], [2, []]]], [[[18, [18]]], [[7, [7, 6, 14, 13, 10]]], [[1, [1, 11]]], [[20, [3, 5, 2, 20]]]]]], "Numrun": 5, "all_fitness": [263.63154421427083, 262.67154421427085, 263.63154421427083, 263.63154421427083]}
{"file_name": "U_20_1", "number_of_trucks": 2, "drone_capacity": 10, "number_of_drones": 2, "iteration": 5, "best_fitness": 263.63154421427083, "runtime": 333.12103176116943, "best_solution": [[[[0, [15, 17, 4]], [15, []], [17, []], [4, []], [7, [7, 6, 13, 14, 10]], [6, []], [14, []], [13, []], [10, []]], [[0, [8, 12, 9, 16, 19]], [12, []], [9, []], [16, []], [19, []], [18, [18]], [8, []], [1, [11, 1]], [11, []], [20, [20, 3, 5, 2]], [3, []], [5, []], [2, []]]], [[[18, [18]]], [[7, [7, 6, 13, 14, 10]]], [[1, [11, 1]]], [[20, [20, 3, 5, 2]]]]],