{"file_name": "U_20_0", "number_of_trucks": 2, "drone_capacity": 10, "number_of_drones": 2, "iteration": 1, "best_fitness": 252.67059357092683, "runtime": 277.6054165363312, "best_solution": [[[[0, [10]], [10, []], [5, [5]], [11, [11, 18]], [6, [6, 7, 17, 1, 14, 15, 13]], [7, []], [17, []], [18, []], [1, []], [14, []], [15, []], [13, []]], [[0, [4, 2, 3, 16]], [16, []], [4, []], [2, []], [3, []], [8, [8, 12, 9, 19, 20]], [20, []], [12, []], [9, []], [19, []]]], [[[5, [5]]], [[11, [11, 18]]], [[6, [6, 7, 17, 1, 14, 15, 13]]], [[8, [8, 12, 9, 19, 20]]]]], "all_solution": [[[[[0, [10]], [10, []], [5, [5]], [11, [11, 18]], [6, [6, 7, 17, 1, 14, 15, 13]], [7, []], [17, []], [18, []], [1, []], [14, []], [15, []], [13, []]], [[0, [4, 2, 3, 16]], [16, []], [4, []], [2, []], [3, []], [8, [8, 12, 9, 19, 20]], [20, []], [12, []], [9, []], [19, []]]], [[[5, [5]]], [[11, [11, 18]]], [[6, [6, 7, 17, 1, 14, 15, 13]]], [[8, [8, 12, 9, 19, 20]]]]]], "Numrun": 5, "all_fitness": [252.67059357092683]}
{"file_name": "U_20_0", "number_of_trucks": 2, "drone_capacity": 10, "number_of_drones": 2, "iteration": 2, "best_fitness": 252.42604919526298, "runtime": 296.449583530426, "best_solution": [[[[0, [10]], [10, []], [5, [5, 18, 11, 20]], [11, []], [7, [7, 17, 15, 6]], [6, []], [18, []], [17, []], [15, []], [20, []]], [[0, []], [16, [4, 2, 3, 16]], [4, []], [2, []], [3, []], [8, [8, 12, 9, 14, 1, 19, 13]], [12, []], [14, []], [1, []], [13, []], [9, []], [19, []]]], [[[16, [4, 2, 3, 16]]], [[5, [5, 18, 11, 20]]], [[7, [7, 17, 15, 6]]], [[8, [8, 12, 9, 14, 1, 19, 13]]]]], "all_solution": [[[[[0, [10]], [10, []], [5, [5]], [11, [11, 18]], [6, [6, 7, 17, 1, 14, 15, 13]], [7, []], [17, []], [18, []], [1, []], [14, []], [15, []], [13, []]], [[0, [4, 2, 3, 16]], [16, []], [4, []], [2, []], [3, []], [8, [8, 12, 9, 19, 20]], [20, []], [12, []], [9, []], [19, []]]], [[[5, [5]]], [[11, [11, 18]]], [[6, [6, 7, 17, 1, 14, 15, 13]]], [[8, [8, 12, 9, 19, 20]]]]], [[[[0, [10]], [10, []], [5, [5, 18, 11, 20]], [11, []], [7, [7, 17, 15, 6]], [6, []], [18, []], [17, []], [15, []], [20, []]], [[0, []], [16, [4, 2, 3, 16]], [4, []], [2, []], [3, []], [8, [8, 12, 9, 14, 1, 19, 13]], [12, []], [14, []], [1, []], [13, []], [9, []], [19, []]]], [[[16, [4, 2, 3, 16]]], [[5, [5, 18, 11, 20]]], [[7, [7, 17, 15, 6]]], [[8, [8, 12, 9, 14, 1, 19, 13]]]]]], "Numrun": 5, "all_fitness": [252.67059357092683, 252.42604919526298]}
{"file_name": "U_20_0", "number_of_trucks": 2, "drone_capacity": 10, "number_of_drones": 2, "iteration": 3, "best_fitness": 249.23201152324884, "runtime": 287.2489194869995, "best_solution": [[[[0, []], [16, [16, 2, 4]], [2, []], [4, []], [1, [1, 14, 17, 6, 7, 11, 18]], [14, []], [18, []], [17, []], [6, []], [7, []], [11, []]], [[0, [10]], [10, []], [5, [5, 3, 20]], [20, []], [3, []], [8, [8, 13, 9, 19, 15, 12]], [12, []], [13, []], [15, []], [9, []], [19, []]]], [[[16, [16, 2, 4]]], [[5, [5, 3, 20]]], [[8, [8, 13, 9, 19, 15, 12]]], [[1, [1, 14, 17, 6, 7, 11, 18]]]]], "all_solution": [[[[[0, [10]], [10, []], [5, [5]], [11, [11, 18]], [6, [6, 7, 17, 1, 14, 15, 13]], [7, []], [17, []], [18, []], [1, []], [14, []], [15, []], [13, []]], [[0, [4, 2, 3, 16]], [16, []], [4, []], [2, []], [3, []], [8, [8, 12, 9, 19, 20]], [20, []], [12, []], [9, []], [19, []]]], [[[5, [5]]], [[11, [11, 18]]], [[6, [6, 7, 17, 1, 14, 15, 13]]], [[8, [8, 12, 9, 19, 20]]]]], [[[[0, [10]], [10, []], [5, [5, 18, 11, 20]], [11, []], [7, [7, 17, 15, 6]], [6, []], [18, []], [17, []], [15, []], [20, []]], [[0, []], [16, [4, 2, 3, 16]], [4, []], [2, []], [3, []], [8, [8, 12, 9, 14, 1, 19, 13]], [12, []], [14, []], [1, []], [13, []], [9, []], [19, []]]], [[[16, [4, 2, 3, 16]]], [[5, [5, 18, 11, 20]]], [[7, [7, 17, 15, 6]]], [[8, [8, 12, 9, 14, 1, 19, 13]]]]], [[[[0, []], [16, [16, 2, 4]], [2, []], [4, []], [1, [1, 14, 17, 6, 7, 11, 18]], [14, []], [18, []], [17, []], [6, []], [7, []], [11, []]], [[0, [10]], [10, []], [5, [5, 3, 20]], [20, []], [3, []], [8, [8, 13, 9, 19, 15, 12]], [12, []], [13, []], [15, []], [9, []], [19, []]]], [[[16, [16, 2, 4]]], [[5, [5, 3, 20]]], [[8, [8, 13, 9, 19, 15, 12]]], [[1, [1, 14, 17, 6, 7, 11, 18]]]]]], "Numrun": 5, "all_fitness": [252.67059357092683, 252.42604919526298, 249.23201152324884]}
{"file_name": "U_20_0", "number_of_trucks": 2, "drone_capacity": 10, "number_of_drones": 2, "iteration": 4, "best_fitness": 253.42014677111518, "runtime": 307.92499470710754, "best_solution": [[[[0, [10]], [10, []], [20, [20, 3, 16, 4, 2]], [16, []], [4, []], [2, []], [3, []], [8, [8, 19, 12, 9, 13]], [12, []], [13, []], [9, []], [19, []]], [[0, []], [5, [5]], [11, [11, 18, 1]], [7, [7, 6, 17, 15, 14]], [6, []], [17, []], [18, []], [1, []], [14, []], [15, []]]], [[[5, [5]]], [[20, [20, 3, 16, 4, 2]]], [[11, [11, 18, 1]]], [[7, [7, 6, 17, 15, 14]]], [[8, [8, 19, 12, 9, 13]]]]], "all_solution": [[[[[0, [10]], [10, []], [5, [5]], [11, [11, 18]], [6, [6, 7, 17, 1, 14, 15, 13]], [7, []], [17, []], [18, []], [1, []], [14, []], [15, []], [13, []]], [[0, [4, 2, 3, 16]], [16, []], [4, []], [2, []], [3, []], [8, [8, 12, 9, 19, 20]], [20, []], [12, []], [9, []], [19, []]]], [[[5, [5]]], [[11, [11, 18]]], [[6, [6, 7, 17, 1, 14, 15, 13]]], [[8, [8, 12, 9, 19, 20]]]]], [[[[0, [10]], [10, []], [5, [5, 18, 11, 20]], [11, []], [7, [7, 17, 15, 6]], [6, []], [18, []], [17, []], [15, []], [20, []]], [[0, []], [16, [4, 2, 3, 16]], [4, []], [2, []], [3, []], [8, [8, 12, 9, 14, 1, 19, 13]], [12, []], [14, []], [1, []], [13, []], [9, []], [19, []]]], [[[16, [4, 2, 3, 16]]], [[5, [5, 18, 11, 20]]], [[7, [7, 17, 15, 6]]], [[8, [8, 12, 9, 14, 1, 19, 13]]]]], [[[[0, []], [16, [16, 2, 4]], [2, []], [4, []], [1, [1, 14, 17, 6, 7, 11, 18]], [14, []], [18, []], [17, []], [6, []], [7, []], [11, []]], [[0, [10]], [10, []], [5, [5, 3, 20]], [20, []], [3, []], [8, [8, 13, 9, 19, 15, 12]], [12, []], [13, []], [15, []], [9, []], [19, []]]], [[[16, [16, 2, 4]]], [[5, [5, 3, 20]]], [[8, [8, 13, 9, 19, 15, 12]]], [[1, [1, 14, 17, 6, 7, 11, 18]]]]], [[[[0, [10]], [10, []], [20, [20, 3, 16, 4, 2]], [16, []], [4, []], [2, []], [3, []], [8, [8, 19, 12, 9, 13]], [12, []], [13, []], [9, []], [19, []]], [[0, []], [5, [5]], [11, [11, 18, 1]], [7, [7, 6, 17, 15, 14]], [6, []], [17, []], [18, []], [1, []], [14, []], [15, []]]], [[[5, [5]]], [[20, [20, 3, 16, 4, 2]]], [[11, [11, 18, 1]]], [[7, [7, 6, 17, 15, 14]]], [[8, [8, 19, 12, 9, 13]]]]]], "Numrun": 5, "all_fitness": [252.67059357092683, 252.42604919526298, 249.23201152324884, 253.42014677111518]}
{"file_name": "U_20_0", "number_of_trucks": 2, "drone_capacity": 10, "number_of_drones": 2, "iteration": 5, "best_fitness": 255.466049195263, "runtime": 278.35503220558167, "best_solution": [[[[0, [10]], [10, []], [5, [5, 18]], [18, []], [14, [14, 17, 6, 7, 15, 13, 11]], [17, []], [6, []], [7, []], [11, []], [15, []], [13, []]], [[0, []], [16, [16, 2, 4]], [4, []], [2, []], [1, [1, 12, 3, 20, 8, 9, 19]], [12, []], [3, []], [8, []], [20, []], [9, []], [19, []]]], [[[5, [5, 18]]], [[16, [16, 2, 4]]], [[14, [14, 17, 6, 7, 15, 13, 11]]], [[1, [1, 12, 3, 20, 8, 9, 19]]]]],