{"file_name": "U_20_1", "number_of_trucks": 2, "drone_capacity": 10, "number_of_drones": 2, "iteration": 1, "best_fitness": 326.29519100395595, "runtime": 176.49866247177124, "best_solution": [[[[0, [20]], [11, [11, 16, 3]], [16, []], [14, [14, 5, 13]], [5, []], [3, []], [13, []], [8, [8, 17, 10]], [17, []], [20, []], [10, []]], [[0, [2]], [4, [4, 19, 12]], [12, []], [18, [18, 15, 7]], [15, []], [7, []], [19, []], [2, []], [9, [9, 6, 1]], [6, []], [1, []]]], [[[4, [4, 19, 12]]], [[11, [11, 16, 3]]], [[14, [14, 5, 13]]], [[18, [18, 15, 7]]], [[9, [9, 6, 1]]], [[8, [8, 17, 10]]]]], "all_solution": [[[[[0, [20]], [11, [11, 16, 3]], [16, []], [14, [14, 5, 13]], [5, []], [3, []], [13, []], [8, [8, 17, 10]], [17, []], [20, []], [10, []]], [[0, [2]], [4, [4, 19, 12]], [12, []], [18, [18, 15, 7]], [15, []], [7, []], [19, []], [2, []], [9, [9, 6, 1]], [6, []], [1, []]]], [[[4, [4, 19, 12]]], [[11, [11, 16, 3]]], [[14, [14, 5, 13]]], [[18, [18, 15, 7]]], [[9, [9, 6, 1]]], [[8, [8, 17, 10]]]]]], "Numrun": 5, "all_fitness": [326.29519100395595]}
{"file_name": "U_20_1", "number_of_trucks": 2, "drone_capacity": 10, "number_of_drones": 2, "iteration": 2, "best_fitness": 329.9647604119603, "runtime": 269.2067174911499, "best_solution": [[[[0, [4, 12, 7, 19, 2]], [3, [3]], [4, []], [12, []], [13, [13]], [7, []], [19, []], [9, [9, 6, 1]], [2, []], [6, []], [1, []]], [[0, [11, 20, 16]], [11, []], [16, []], [5, [5, 18, 15, 14]], [14, []], [18, []], [15, []], [17, [17, 8, 10]], [8, []], [20, []], [10, []]]], [[[3, [3]]], [[13, [13]]], [[5, [5, 18, 15, 14]]], [[17, [17, 8, 10]]], [[9, [9, 6, 1]]]]], "all_solution": [[[[[0, [20]], [11, [11, 16, 3]], [16, []], [14, [14, 5, 13]], [5, []], [3, []], [13, []], [8, [8, 17, 10]], [17, []], [20, []], [10, []]], [[0, [2]], [4, [4, 19, 12]], [12, []], [18, [18, 15, 7]], [15, []], [7, []], [19, []], [2, []], [9, [9, 6, 1]], [6, []], [1, []]]], [[[4, [4, 19, 12]]], [[11, [11, 16, 3]]], [[14, [14, 5, 13]]], [[18, [18, 15, 7]]], [[9, [9, 6, 1]]], [[8, [8, 17, 10]]]]], [[[[0, [4, 12, 7, 19, 2]], [3, [3]], [4, []], [12, []], [13, [13]], [7, []], [19, []], [9, [9, 6, 1]], [2, []], [6, []], [1, []]], [[0, [11, 20, 16]], [11, []], [16, []], [5, [5, 18, 15, 14]], [14, []], [18, []], [15, []], [17, [17, 8, 10]], [8, []], [20, []], [10, []]]], [[[3, [3]]], [[13, [13]]], [[5, [5, 18, 15, 14]]], [[17, [17, 8, 10]]], [[9, [9, 6, 1]]]]]], "Numrun": 5, "all_fitness": [326.29519100395595, 329.9647604119603]}
{"file_name": "U_20_1", "number_of_trucks": 2, "drone_capacity": 10, "number_of_drones": 2, "iteration": 3, "best_fitness": 328.04, "runtime": 264.97826623916626, "best_solution": [[[[0, [14, 20, 12]], [14, []], [5, [5, 13]], [12, []], [13, []], [8, [8, 10, 17]], [17, []], [20, []], [10, []]], [[0, [4]], [16, [16, 2]], [4, []], [3, [3, 11, 18, 15, 7, 19]], [11, []], [18, []], [15, []], [7, []], [19, []], [2, []], [9, [9, 6, 1]], [6, []], [1, []]]], [[[5, [5, 13]]], [[16, [16, 2]]], [[3, [3, 11, 18, 15, 7, 19]]], [[9, [9, 6, 1]]], [[8, [8, 10, 17]]]]], "all_solution": [[[[[0, [20]], [11, [11, 16, 3]], [16, []], [14, [14, 5, 13]], [5, []], [3, []], [13, []], [8, [8, 17, 10]], [17, []], [20, []], [10, []]], [[0, [2]], [4, [4, 19, 12]], [12, []], [18, [18, 15, 7]], [15, []], [7, []], [19, []], [2, []], [9, [9, 6, 1]], [6, []], [1, []]]], [[[4, [4, 19, 12]]], [[11, [11, 16, 3]]], [[14, [14, 5, 13]]], [[18, [18, 15, 7]]], [[9, [9, 6, 1]]], [[8, [8, 17, 10]]]]], [[[[0, [4, 12, 7, 19, 2]], [3, [3]], [4, []], [12, []], [13, [13]], [7, []], [19, []], [9, [9, 6, 1]], [2, []], [6, []], [1, []]], [[0, [11, 20, 16]], [11, []], [16, []], [5, [5, 18, 15, 14]], [14, []], [18, []], [15, []], [17, [17, 8, 10]], [8, []], [20, []], [10, []]]], [[[3, [3]]], [[13, [13]]], [[5, [5, 18, 15, 14]]], [[17, [17, 8, 10]]], [[9, [9, 6, 1]]]]], [[[[0, [14, 20, 12]], [14, []], [5, [5, 13]], [12, []], [13, []], [8, [8, 10, 17]], [17, []], [20, []], [10, []]], [[0, [4]], [16, [16, 2]], [4, []], [3, [3, 11, 18, 15, 7, 19]], [11, []], [18, []], [15, []], [7, []], [19, []], [2, []], [9, [9, 6, 1]], [6, []], [1, []]]], [[[5, [5, 13]]], [[16, [16, 2]]], [[3, [3, 11, 18, 15, 7, 19]]], [[9, [9, 6, 1]]], [[8, [8, 10, 17]]]]]], "Numrun": 5, "all_fitness": [326.29519100395595, 329.9647604119603, 328.04]}
{"file_name": "U_20_1", "number_of_trucks": 2, "drone_capacity": 10, "number_of_drones": 2, "iteration": 4, "best_fitness": 331.28876160393315, "runtime": 200.6992073059082, "best_solution": [[[[0, [20]], [20, []], [15, [15, 16]], [16, []], [14, [14, 5, 18, 10, 13]], [5, []], [18, []], [10, []], [17, [17, 8]], [8, []], [13, []]], [[0, []], [4, [11, 7, 4, 3, 12, 19, 2]], [3, []], [12, []], [11, []], [7, []], [19, []], [9, [9, 6, 1]], [2, []], [6, []], [1, []]]], [[[4, [11, 7, 4, 3, 12, 19, 2]]], [[15, [15, 16]]], [[14, [14, 5, 18, 10, 13]]], [[17, [17, 8]]], [[9, [9, 6, 1]]]]], "all_solution": [[[[[0, [20]], [11, [11, 16, 3]], [16, []], [14, [14, 5, 13]], [5, []], [3, []], [13, []], [8, [8, 17, 10]], [17, []], [20, []], [10, []]], [[0, [2]], [4, [4, 19, 12]], [12, []], [18, [18, 15, 7]], [15, []], [7, []], [19, []], [2, []], [9, [9, 6, 1]], [6, []], [1, []]]], [[[4, [4, 19, 12]]], [[11, [11, 16, 3]]], [[14, [14, 5, 13]]], [[18, [18, 15, 7]]], [[9, [9, 6, 1]]], [[8, [8, 17, 10]]]]], [[[[0, [4, 12, 7, 19, 2]], [3, [3]], [4, []], [12, []], [13, [13]], [7, []], [19, []], [9, [9, 6, 1]], [2, []], [6, []], [1, []]], [[0, [11, 20, 16]], [11, []], [16, []], [5, [5, 18, 15, 14]], [14, []], [18, []], [15, []], [17, [17, 8, 10]], [8, []], [20, []], [10, []]]], [[[3, [3]]], [[13, [13]]], [[5, [5, 18, 15, 14]]], [[17, [17, 8, 10]]], [[9, [9, 6, 1]]]]], [[[[0, [14, 20, 12]], [14, []], [5, [5, 13]], [12, []], [13, []], [8, [8, 10, 17]], [17, []], [20, []], [10, []]], [[0, [4]], [16, [16, 2]], [4, []], [3, [3, 11, 18, 15, 7, 19]], [11, []], [18, []], [15, []], [7, []], [19, []], [2, []], [9, [9, 6, 1]], [6, []], [1, []]]], [[[5, [5, 13]]], [[16, [16, 2]]], [[3, [3, 11, 18, 15, 7, 19]]], [[9, [9, 6, 1]]], [[8, [8, 10, 17]]]]], [[[[0, [20]], [20, []], [15, [15, 16]], [16, []], [14, [14, 5, 18, 10, 13]], [5, []], [18, []], [10, []], [17, [17, 8]], [8, []], [13, []]], [[0, []], [4, [11, 7, 4, 3, 12, 19, 2]], [3, []], [12, []], [11, []], [7, []], [19, []], [9, [9, 6, 1]], [2, []], [6, []], [1, []]]], [[[4, [11, 7, 4, 3, 12, 19, 2]]], [[15, [15, 16]]], [[14, [14, 5, 18, 10, 13]]], [[17, [17, 8]]], [[9, [9, 6, 1]]]]]], "Numrun": 5, "all_fitness": [326.29519100395595, 329.9647604119603, 328.04, 331.28876160393315]}
{"file_name": "U_20_1", "number_of_trucks": 2, "drone_capacity": 10, "number_of_drones": 2, "iteration": 5, "best_fitness": 326.29519100395595, "runtime": 225.73794198036194, "best_solution": [[[[0, [12, 20]], [14, [14, 3, 4]], [3, [13]], [4, []], [13, []], [12, []], [8, [8, 17, 10]], [17, []], [20, []], [10, []]], [[0, []], [11, [11, 16, 19, 2]], [16, []], [5, [5, 18, 15, 7]], [18, []], [15, []], [7, []], [19, []], [2, []], [9, [9, 1, 6]], [6, []], [1, []]]], [[[14, [14, 3, 4]]], [[11, [11, 16, 19, 2]]], [[5, [5, 18, 15, 7]]], [[3, [13]]], [[8, [8, 17, 10]]], [[9, [9, 1, 6]]]]],