{"file_name": "U_20_1", "number_of_trucks": 2, "drone_capacity": 10, "number_of_drones": 2, "iteration": 1, "best_fitness": 377.1925479103297, "runtime": 195.8139135837555, "best_solution": [[[[0, [13, 11]], [15, [15, 12]], [13, []], [12, []], [11, []], [10, [10, 20, 4]], [20, []], [4, []], [2, [2]]], [[0, []], [7, [7]], [6, [6, 19, 8, 1, 3]], [19, []], [8, []], [1, []], [17, [17, 9, 5]], [9, []], [5, []], [3, []], [16, [16, 14, 18]], [14, []], [18, []]]], [[[7, [7]]], [[6, [6, 19, 8, 1, 3]]], [[15, [15, 12]]], [[17, [17, 9, 5]]], [[10, [10, 20, 4]]], [[16, [16, 14, 18]]], [[2, [2]]]]], "all_solution": [[[[[0, [13, 11]], [15, [15, 12]], [13, []], [12, []], [11, []], [10, [10, 20, 4]], [20, []], [4, []], [2, [2]]], [[0, []], [7, [7]], [6, [6, 19, 8, 1, 3]], [19, []], [8, []], [1, []], [17, [17, 9, 5]], [9, []], [5, []], [3, []], [16, [16, 14, 18]], [14, []], [18, []]]], [[[7, [7]]], [[6, [6, 19, 8, 1, 3]]], [[15, [15, 12]]], [[17, [17, 9, 5]]], [[10, [10, 20, 4]]], [[16, [16, 14, 18]]], [[2, [2]]]]]], "Numrun": 5, "all_fitness": [377.1925479103297]}
{"file_name": "U_20_1", "number_of_trucks": 2, "drone_capacity": 10, "number_of_drones": 2, "iteration": 2, "best_fitness": 377.1925479103297, "runtime": 167.65331959724426, "best_solution": [[[[0, [3, 15, 6, 1, 8, 19]], [19, []], [6, []], [1, []], [8, []], [15, []], [17, [17, 5, 9]], [9, []], [5, []], [3, []], [16, [16, 18, 14]], [14, []], [18, []]], [[0, []], [7, [7]], [13, [13, 11, 12]], [11, []], [12, []], [10, [10, 20, 4]], [20, []], [4, []], [2, [2]]]], [[[7, [7]]], [[13, [13, 11, 12]]], [[17, [17, 5, 9]]], [[10, [10, 20, 4]]], [[16, [16, 18, 14]]], [[2, [2]]]]], "all_solution": [[[[[0, [13, 11]], [15, [15, 12]], [13, []], [12, []], [11, []], [10, [10, 20, 4]], [20, []], [4, []], [2, [2]]], [[0, []], [7, [7]], [6, [6, 19, 8, 1, 3]], [19, []], [8, []], [1, []], [17, [17, 9, 5]], [9, []], [5, []], [3, []], [16, [16, 14, 18]], [14, []], [18, []]]], [[[7, [7]]], [[6, [6, 19, 8, 1, 3]]], [[15, [15, 12]]], [[17, [17, 9, 5]]], [[10, [10, 20, 4]]], [[16, [16, 14, 18]]], [[2, [2]]]]], [[[[0, [3, 15, 6, 1, 8, 19]], [19, []], [6, []], [1, []], [8, []], [15, []], [17, [17, 5, 9]], [9, []], [5, []], [3, []], [16, [16, 18, 14]], [14, []], [18, []]], [[0, []], [7, [7]], [13, [13, 11, 12]], [11, []], [12, []], [10, [10, 20, 4]], [20, []], [4, []], [2, [2]]]], [[[7, [7]]], [[13, [13, 11, 12]]], [[17, [17, 5, 9]]], [[10, [10, 20, 4]]], [[16, [16, 18, 14]]], [[2, [2]]]]]], "Numrun": 5, "all_fitness": [377.1925479103297, 377.1925479103297]}
{"file_name": "U_20_1", "number_of_trucks": 2, "drone_capacity": 10, "number_of_drones": 2, "iteration": 3, "best_fitness": 374.62239955231416, "runtime": 243.1481294631958, "best_solution": [[[[0, [7, 13]], [7, []], [13, []], [12, [12, 11, 3]], [11, []], [5, [5]], [3, []], [9, [9, 10, 20]], [10, []], [20, []], [2, [2]]], [[0, [17, 15, 6, 1, 8]], [8, []], [6, []], [1, []], [17, []], [15, []], [18, [18, 4, 19]], [19, []], [4, []], [16, [16, 14]], [14, []]]], [[[12, [12, 11, 3]]], [[5, [5]]], [[9, [9, 10, 20]]], [[18, [18, 4, 19]]], [[16, [16, 14]]], [[2, [2]]]]], "all_solution": [[[[[0, [13, 11]], [15, [15, 12]], [13, []], [12, []], [11, []], [10, [10, 20, 4]], [20, []], [4, []], [2, [2]]], [[0, []], [7, [7]], [6, [6, 19, 8, 1, 3]], [19, []], [8, []], [1, []], [17, [17, 9, 5]], [9, []], [5, []], [3, []], [16, [16, 14, 18]], [14, []], [18, []]]], [[[7, [7]]], [[6, [6, 19, 8, 1, 3]]], [[15, [15, 12]]], [[17, [17, 9, 5]]], [[10, [10, 20, 4]]], [[16, [16, 14, 18]]], [[2, [2]]]]], [[[[0, [3, 15, 6, 1, 8, 19]], [19, []], [6, []], [1, []], [8, []], [15, []], [17, [17, 5, 9]], [9, []], [5, []], [3, []], [16, [16, 18, 14]], [14, []], [18, []]], [[0, []], [7, [7]], [13, [13, 11, 12]], [11, []], [12, []], [10, [10, 20, 4]], [20, []], [4, []], [2, [2]]]], [[[7, [7]]], [[13, [13, 11, 12]]], [[17, [17, 5, 9]]], [[10, [10, 20, 4]]], [[16, [16, 18, 14]]], [[2, [2]]]]], [[[[0, [7, 13]], [7, []], [13, []], [12, [12, 11, 3]], [11, []], [5, [5]], [3, []], [9, [9, 10, 20]], [10, []], [20, []], [2, [2]]], [[0, [17, 15, 6, 1, 8]], [8, []], [6, []], [1, []], [17, []], [15, []], [18, [18, 4, 19]], [19, []], [4, []], [16, [16, 14]], [14, []]]], [[[12, [12, 11, 3]]], [[5, [5]]], [[9, [9, 10, 20]]], [[18, [18, 4, 19]]], [[16, [16, 14]]], [[2, [2]]]]]], "Numrun": 5, "all_fitness": [377.1925479103297, 377.1925479103297, 374.62239955231416]}
{"file_name": "U_20_1", "number_of_trucks": 2, "drone_capacity": 10, "number_of_drones": 2, "iteration": 4, "best_fitness": 377.1925479103297, "runtime": 168.490305185318, "best_solution": [[[[0, [11, 12]], [19, [19]], [11, []], [12, []], [10, [10, 20, 4]], [20, []], [4, []], [2, [2]]], [[0, []], [13, [13]], [7, [7]], [6, [6, 15, 8, 1, 3]], [15, []], [8, []], [1, []], [17, [17, 9, 5]], [9, []], [5, []], [3, []], [16, [16, 14, 18]], [14, []], [18, []]]], [[[13, [13]]], [[7, [7]]], [[19, [19]]], [[6, [6, 15, 8, 1, 3]]], [[17, [17, 9, 5]]], [[10, [10, 20, 4]]], [[16, [16, 14, 18]]], [[2, [2]]]]], "all_solution": [[[[[0, [13, 11]], [15, [15, 12]], [13, []], [12, []], [11, []], [10, [10, 20, 4]], [20, []], [4, []], [2, [2]]], [[0, []], [7, [7]], [6, [6, 19, 8, 1, 3]], [19, []], [8, []], [1, []], [17, [17, 9, 5]], [9, []], [5, []], [3, []], [16, [16, 14, 18]], [14, []], [18, []]]], [[[7, [7]]], [[6, [6, 19, 8, 1, 3]]], [[15, [15, 12]]], [[17, [17, 9, 5]]], [[10, [10, 20, 4]]], [[16, [16, 14, 18]]], [[2, [2]]]]], [[[[0, [3, 15, 6, 1, 8, 19]], [19, []], [6, []], [1, []], [8, []], [15, []], [17, [17, 5, 9]], [9, []], [5, []], [3, []], [16, [16, 18, 14]], [14, []], [18, []]], [[0, []], [7, [7]], [13, [13, 11, 12]], [11, []], [12, []], [10, [10, 20, 4]], [20, []], [4, []], [2, [2]]]], [[[7, [7]]], [[13, [13, 11, 12]]], [[17, [17, 5, 9]]], [[10, [10, 20, 4]]], [[16, [16, 18, 14]]], [[2, [2]]]]], [[[[0, [7, 13]], [7, []], [13, []], [12, [12, 11, 3]], [11, []], [5, [5]], [3, []], [9, [9, 10, 20]], [10, []], [20, []], [2, [2]]], [[0, [17, 15, 6, 1, 8]], [8, []], [6, []], [1, []], [17, []], [15, []], [18, [18, 4, 19]], [19, []], [4, []], [16, [16, 14]], [14, []]]], [[[12, [12, 11, 3]]], [[5, [5]]], [[9, [9, 10, 20]]], [[18, [18, 4, 19]]], [[16, [16, 14]]], [[2, [2]]]]], [[[[0, [11, 12]], [19, [19]], [11, []], [12, []], [10, [10, 20, 4]], [20, []], [4, []], [2, [2]]], [[0, []], [13, [13]], [7, [7]], [6, [6, 15, 8, 1, 3]], [15, []], [8, []], [1, []], [17, [17, 9, 5]], [9, []], [5, []], [3, []], [16, [16, 14, 18]], [14, []], [18, []]]], [[[13, [13]]], [[7, [7]]], [[19, [19]]], [[6, [6, 15, 8, 1, 3]]], [[17, [17, 9, 5]]], [[10, [10, 20, 4]]], [[16, [16, 14, 18]]], [[2, [2]]]]]], "Numrun": 5, "all_fitness": [377.1925479103297, 377.1925479103297, 374.62239955231416, 377.1925479103297]}
{"file_name": "U_20_1", "number_of_trucks": 2, "drone_capacity": 10, "number_of_drones": 2, "iteration": 5, "best_fitness": 375.38896101478974, "runtime": 213.46212935447693, "best_solution": [[[[0, [7, 1, 15, 8, 6]], [8, []], [1, []], [17, [17]], [15, []], [6, []], [7, []], [5, [5, 3, 10, 20]], [3, []], [10, []], [20, []], [14, [14, 16]], [16, []]], [[0, [11]], [19, [19, 13]], [13, [12]], [11, []], [12, []], [9, [9, 4]], [4, []], [2, [2, 18]], [18, []]]], [[[17, [17]]], [[19, [19, 13]]], [[13, [12]]], [[9, [9, 4]]], [[5, [5, 3, 10, 20]]], [[14, [14, 16]]], [[2, [2, 18]]]]],