{"file_name": "U_20_1", "number_of_trucks": 2, "drone_capacity": 10, "number_of_drones": 2, "iteration": 1, "best_fitness": 339.68350280805697, "runtime": 270.3795928955078, "best_solution": [[[[0, [20, 16, 14]], [16, []], [20, [6, 4, 12]], [14, []], [12, []], [6, []], [4, []], [9, [9, 1, 19]], [19, []], [1, []], [8, [8, 10, 2]], [10, []], [2, []]], [[0, [18, 13]], [18, []], [13, []], [11, [11, 5, 15]], [5, []], [15, []], [7, [7]], [3, [3, 17]], [17, []]]], [[[11, [11, 5, 15]]], [[20, [6, 4, 12]]], [[9, [9, 1, 19]]], [[7, [7]]], [[8, [8, 10, 2]]], [[3, [3, 17]]]]], "all_solution": [[[[[0, [20, 16, 14]], [16, []], [20, [6, 4, 12]], [14, []], [12, []], [6, []], [4, []], [9, [9, 1, 19]], [19, []], [1, []], [8, [8, 10, 2]], [10, []], [2, []]], [[0, [18, 13]], [18, []], [13, []], [11, [11, 5, 15]], [5, []], [15, []], [7, [7]], [3, [3, 17]], [17, []]]], [[[11, [11, 5, 15]]], [[20, [6, 4, 12]]], [[9, [9, 1, 19]]], [[7, [7]]], [[8, [8, 10, 2]]], [[3, [3, 17]]]]]], "Numrun": 5, "all_fitness": [339.68350280805697]}
{"file_name": "U_20_1", "number_of_trucks": 2, "drone_capacity": 10, "number_of_drones": 2, "iteration": 2, "best_fitness": 339.68350280805697, "runtime": 187.90545463562012, "best_solution": [[[[0, [4, 6, 18, 13, 14]], [13, []], [5, [5]], [4, []], [6, []], [14, []], [2, [2, 19, 1]], [18, []], [19, []], [1, []], [8, [8, 10]], [10, []]], [[0, [16, 20]], [12, [12]], [16, []], [20, []], [11, [11, 15]], [15, []], [9, [9]], [7, [7]], [3, [3, 17]], [17, []]]], [[[5, [5]]], [[12, [12]]], [[11, [11, 15]]], [[9, [9]]], [[2, [2, 19, 1]]], [[7, [7]]], [[3, [3, 17]]], [[8, [8, 10]]]]], "all_solution": [[[[[0, [20, 16, 14]], [16, []], [20, [6, 4, 12]], [14, []], [12, []], [6, []], [4, []], [9, [9, 1, 19]], [19, []], [1, []], [8, [8, 10, 2]], [10, []], [2, []]], [[0, [18, 13]], [18, []], [13, []], [11, [11, 5, 15]], [5, []], [15, []], [7, [7]], [3, [3, 17]], [17, []]]], [[[11, [11, 5, 15]]], [[20, [6, 4, 12]]], [[9, [9, 1, 19]]], [[7, [7]]], [[8, [8, 10, 2]]], [[3, [3, 17]]]]], [[[[0, [4, 6, 18, 13, 14]], [13, []], [5, [5]], [4, []], [6, []], [14, []], [2, [2, 19, 1]], [18, []], [19, []], [1, []], [8, [8, 10]], [10, []]], [[0, [16, 20]], [12, [12]], [16, []], [20, []], [11, [11, 15]], [15, []], [9, [9]], [7, [7]], [3, [3, 17]], [17, []]]], [[[5, [5]]], [[12, [12]]], [[11, [11, 15]]], [[9, [9]]], [[2, [2, 19, 1]]], [[7, [7]]], [[3, [3, 17]]], [[8, [8, 10]]]]]], "Numrun": 5, "all_fitness": [339.68350280805697, 339.68350280805697]}
{"file_name": "U_20_1", "number_of_trucks": 2, "drone_capacity": 10, "number_of_drones": 2, "iteration": 3, "best_fitness": 339.68350280805697, "runtime": 154.5610134601593, "best_solution": [[[[0, [5, 20, 12]], [12, []], [5, [16, 13, 6]], [20, [11]], [11, []], [16, []], [13, []], [6, []], [7, [7]], [3, [3, 17]], [17, []]], [[0, [14, 4, 18]], [4, []], [14, []], [15, [15]], [18, []], [9, [9, 19, 1]], [19, []], [1, []], [8, [8, 10, 2]], [10, []], [2, []]]], [[[5, [16, 13, 6]]], [[15, [15]]], [[20, [11]]], [[9, [9, 19, 1]]], [[7, [7]]], [[8, [8, 10, 2]]], [[3, [3, 17]]]]], "all_solution": [[[[[0, [20, 16, 14]], [16, []], [20, [6, 4, 12]], [14, []], [12, []], [6, []], [4, []], [9, [9, 1, 19]], [19, []], [1, []], [8, [8, 10, 2]], [10, []], [2, []]], [[0, [18, 13]], [18, []], [13, []], [11, [11, 5, 15]], [5, []], [15, []], [7, [7]], [3, [3, 17]], [17, []]]], [[[11, [11, 5, 15]]], [[20, [6, 4, 12]]], [[9, [9, 1, 19]]], [[7, [7]]], [[8, [8, 10, 2]]], [[3, [3, 17]]]]], [[[[0, [4, 6, 18, 13, 14]], [13, []], [5, [5]], [4, []], [6, []], [14, []], [2, [2, 19, 1]], [18, []], [19, []], [1, []], [8, [8, 10]], [10, []]], [[0, [16, 20]], [12, [12]], [16, []], [20, []], [11, [11, 15]], [15, []], [9, [9]], [7, [7]], [3, [3, 17]], [17, []]]], [[[5, [5]]], [[12, [12]]], [[11, [11, 15]]], [[9, [9]]], [[2, [2, 19, 1]]], [[7, [7]]], [[3, [3, 17]]], [[8, [8, 10]]]]], [[[[0, [5, 20, 12]], [12, []], [5, [16, 13, 6]], [20, [11]], [11, []], [16, []], [13, []], [6, []], [7, [7]], [3, [3, 17]], [17, []]], [[0, [14, 4, 18]], [4, []], [14, []], [15, [15]], [18, []], [9, [9, 19, 1]], [19, []], [1, []], [8, [8, 10, 2]], [10, []], [2, []]]], [[[5, [16, 13, 6]]], [[15, [15]]], [[20, [11]]], [[9, [9, 19, 1]]], [[7, [7]]], [[8, [8, 10, 2]]], [[3, [3, 17]]]]]], "Numrun": 5, "all_fitness": [339.68350280805697, 339.68350280805697, 339.68350280805697]}
{"file_name": "U_20_1", "number_of_trucks": 2, "drone_capacity": 10, "number_of_drones": 2, "iteration": 4, "best_fitness": 339.68350280805697, "runtime": 177.68474650382996, "best_solution": [[[[0, [16, 18, 14, 12, 20]], [12, []], [14, []], [18, []], [16, [13, 5, 4, 11]], [11, []], [20, []], [13, []], [5, []], [4, []], [1, [1, 19, 8]], [8, []], [19, []], [10, [2, 10]], [2, []]], [[0, [6]], [9, [9, 15]], [15, []], [6, []], [7, [7]], [3, [3, 17]], [17, []]]], [[[9, [9, 15]]], [[16, [13, 5, 4, 11]]], [[1, [1, 19, 8]]], [[7, [7]]], [[3, [3, 17]]], [[10, [2, 10]]]]], "all_solution": [[[[[0, [20, 16, 14]], [16, []], [20, [6, 4, 12]], [14, []], [12, []], [6, []], [4, []], [9, [9, 1, 19]], [19, []], [1, []], [8, [8, 10, 2]], [10, []], [2, []]], [[0, [18, 13]], [18, []], [13, []], [11, [11, 5, 15]], [5, []], [15, []], [7, [7]], [3, [3, 17]], [17, []]]], [[[11, [11, 5, 15]]], [[20, [6, 4, 12]]], [[9, [9, 1, 19]]], [[7, [7]]], [[8, [8, 10, 2]]], [[3, [3, 17]]]]], [[[[0, [4, 6, 18, 13, 14]], [13, []], [5, [5]], [4, []], [6, []], [14, []], [2, [2, 19, 1]], [18, []], [19, []], [1, []], [8, [8, 10]], [10, []]], [[0, [16, 20]], [12, [12]], [16, []], [20, []], [11, [11, 15]], [15, []], [9, [9]], [7, [7]], [3, [3, 17]], [17, []]]], [[[5, [5]]], [[12, [12]]], [[11, [11, 15]]], [[9, [9]]], [[2, [2, 19, 1]]], [[7, [7]]], [[3, [3, 17]]], [[8, [8, 10]]]]], [[[[0, [5, 20, 12]], [12, []], [5, [16, 13, 6]], [20, [11]], [11, []], [16, []], [13, []], [6, []], [7, [7]], [3, [3, 17]], [17, []]], [[0, [14, 4, 18]], [4, []], [14, []], [15, [15]], [18, []], [9, [9, 19, 1]], [19, []], [1, []], [8, [8, 10, 2]], [10, []], [2, []]]], [[[5, [16, 13, 6]]], [[15, [15]]], [[20, [11]]], [[9, [9, 19, 1]]], [[7, [7]]], [[8, [8, 10, 2]]], [[3, [3, 17]]]]], [[[[0, [16, 18, 14, 12, 20]], [12, []], [14, []], [18, []], [16, [13, 5, 4, 11]], [11, []], [20, []], [13, []], [5, []], [4, []], [1, [1, 19, 8]], [8, []], [19, []], [10, [2, 10]], [2, []]], [[0, [6]], [9, [9, 15]], [15, []], [6, []], [7, [7]], [3, [3, 17]], [17, []]]], [[[9, [9, 15]]], [[16, [13, 5, 4, 11]]], [[1, [1, 19, 8]]], [[7, [7]]], [[3, [3, 17]]], [[10, [2, 10]]]]]], "Numrun": 5, "all_fitness": [339.68350280805697, 339.68350280805697, 339.68350280805697, 339.68350280805697]}
{"file_name": "U_20_1", "number_of_trucks": 2, "drone_capacity": 10, "number_of_drones": 2, "iteration": 5, "best_fitness": 339.68350280805697, "runtime": 172.57518124580383, "best_solution": [[[[0, [15, 9, 6]], [15, []], [9, []], [6, []], [7, [7]], [3, [3, 17]], [17, []]], [[0, [20, 4, 18, 16, 14, 13, 5, 12]], [12, []], [14, []], [18, [11]], [11, []], [20, []], [4, []], [13, []], [5, []], [19, [19, 1]], [16, []], [1, []], [8, [8, 2, 10]], [10, []], [2, []]]], [[[18, [11]]], [[19, [19, 1]]], [[7, [7]]], [[3, [3, 17]]], [[8, [8, 2, 10]]]]],