{"file_name": "U_20_0", "number_of_trucks": 2, "drone_capacity": 10, "number_of_drones": 2, "iteration": 1, "best_fitness": 243.0386305828741, "runtime": 276.8286290168762, "best_solution": [[[[0, []], [13, [13, 19, 11, 16, 15]], [19, []], [11, []], [16, []], [1, [1, 12, 2, 8, 18]], [8, []], [18, []], [12, []], [2, []], [15, []]], [[0, [17, 3]], [9, [9, 10, 4, 14]], [10, []], [14, []], [3, []], [17, [6, 7, 5, 20]], [5, []], [20, []], [4, []], [6, []], [7, []]]], [[[9, [9, 10, 4, 14]]], [[13, [13, 19, 11, 16, 15]]], [[17, [6, 7, 5, 20]]], [[1, [1, 12, 2, 8, 18]]]]], "all_solution": [[[[[0, []], [13, [13, 19, 11, 16, 15]], [19, []], [11, []], [16, []], [1, [1, 12, 2, 8, 18]], [8, []], [18, []], [12, []], [2, []], [15, []]], [[0, [17, 3]], [9, [9, 10, 4, 14]], [10, []], [14, []], [3, []], [17, [6, 7, 5, 20]], [5, []], [20, []], [4, []], [6, []], [7, []]]], [[[9, [9, 10, 4, 14]]], [[13, [13, 19, 11, 16, 15]]], [[17, [6, 7, 5, 20]]], [[1, [1, 12, 2, 8, 18]]]]]], "Numrun": 5, "all_fitness": [243.0386305828741]}
{"file_name": "U_20_0", "number_of_trucks": 2, "drone_capacity": 10, "number_of_drones": 2, "iteration": 2, "best_fitness": 244.42301115756655, "runtime": 229.94450688362122, "best_solution": [[[[0, [4, 13, 14, 17, 3]], [13, []], [17, []], [3, []], [4, []], [20, [20, 5, 6, 7]], [5, []], [14, []], [6, []], [7, []]], [[0, []], [9, [9, 19]], [18, [18, 15, 16, 11, 10]], [10, []], [19, []], [16, []], [11, []], [1, [1, 8, 12, 2]], [8, []], [12, []], [2, []], [15, []]]], [[[9, [9, 19]]], [[18, [18, 15, 16, 11, 10]]], [[20, [20, 5, 6, 7]]], [[1, [1, 8, 12, 2]]]]], "all_solution": [[[[[0, []], [13, [13, 19, 11, 16, 15]], [19, []], [11, []], [16, []], [1, [1, 12, 2, 8, 18]], [8, []], [18, []], [12, []], [2, []], [15, []]], [[0, [17, 3]], [9, [9, 10, 4, 14]], [10, []], [14, []], [3, []], [17, [6, 7, 5, 20]], [5, []], [20, []], [4, []], [6, []], [7, []]]], [[[9, [9, 10, 4, 14]]], [[13, [13, 19, 11, 16, 15]]], [[17, [6, 7, 5, 20]]], [[1, [1, 12, 2, 8, 18]]]]], [[[[0, [4, 13, 14, 17, 3]], [13, []], [17, []], [3, []], [4, []], [20, [20, 5, 6, 7]], [5, []], [14, []], [6, []], [7, []]], [[0, []], [9, [9, 19]], [18, [18, 15, 16, 11, 10]], [10, []], [19, []], [16, []], [11, []], [1, [1, 8, 12, 2]], [8, []], [12, []], [2, []], [15, []]]], [[[9, [9, 19]]], [[18, [18, 15, 16, 11, 10]]], [[20, [20, 5, 6, 7]]], [[1, [1, 8, 12, 2]]]]]], "Numrun": 5, "all_fitness": [243.0386305828741, 244.42301115756655]}
{"file_name": "U_20_0", "number_of_trucks": 2, "drone_capacity": 10, "number_of_drones": 2, "iteration": 3, "best_fitness": 244.25040622000705, "runtime": 362.78265500068665, "best_solution": [[[[0, []], [15, [15, 9, 10, 19]], [9, [11, 16]], [10, []], [19, []], [11, []], [16, []], [1, [1, 8, 12, 2, 18]], [8, []], [18, []], [12, []], [2, []]], [[0, [4, 3, 17, 13, 14]], [13, []], [14, []], [17, []], [3, []], [5, [5, 20, 6, 7]], [20, []], [4, []], [6, []], [7, []]]], [[[15, [15, 9, 10, 19]]], [[9, [11, 16]]], [[5, [5, 20, 6, 7]]], [[1, [1, 8, 12, 2, 18]]]]], "all_solution": [[[[[0, []], [13, [13, 19, 11, 16, 15]], [19, []], [11, []], [16, []], [1, [1, 12, 2, 8, 18]], [8, []], [18, []], [12, []], [2, []], [15, []]], [[0, [17, 3]], [9, [9, 10, 4, 14]], [10, []], [14, []], [3, []], [17, [6, 7, 5, 20]], [5, []], [20, []], [4, []], [6, []], [7, []]]], [[[9, [9, 10, 4, 14]]], [[13, [13, 19, 11, 16, 15]]], [[17, [6, 7, 5, 20]]], [[1, [1, 12, 2, 8, 18]]]]], [[[[0, [4, 13, 14, 17, 3]], [13, []], [17, []], [3, []], [4, []], [20, [20, 5, 6, 7]], [5, []], [14, []], [6, []], [7, []]], [[0, []], [9, [9, 19]], [18, [18, 15, 16, 11, 10]], [10, []], [19, []], [16, []], [11, []], [1, [1, 8, 12, 2]], [8, []], [12, []], [2, []], [15, []]]], [[[9, [9, 19]]], [[18, [18, 15, 16, 11, 10]]], [[20, [20, 5, 6, 7]]], [[1, [1, 8, 12, 2]]]]], [[[[0, []], [15, [15, 9, 10, 19]], [9, [11, 16]], [10, []], [19, []], [11, []], [16, []], [1, [1, 8, 12, 2, 18]], [8, []], [18, []], [12, []], [2, []]], [[0, [4, 3, 17, 13, 14]], [13, []], [14, []], [17, []], [3, []], [5, [5, 20, 6, 7]], [20, []], [4, []], [6, []], [7, []]]], [[[15, [15, 9, 10, 19]]], [[9, [11, 16]]], [[5, [5, 20, 6, 7]]], [[1, [1, 8, 12, 2, 18]]]]]], "Numrun": 5, "all_fitness": [243.0386305828741, 244.42301115756655, 244.25040622000705]}
{"file_name": "U_20_0", "number_of_trucks": 2, "drone_capacity": 10, "number_of_drones": 2, "iteration": 4, "best_fitness": 248.77880798266546, "runtime": 265.685031414032, "best_solution": [[[[0, [4, 3, 17]], [17, []], [3, []], [4, []], [5, [5, 20, 11, 16]], [20, []], [11, []], [16, []], [1, [1, 8, 2]], [8, []], [2, []]], [[0, []], [15, [7, 15, 14, 13, 19, 10, 9]], [7, []], [6, [6, 12, 18]], [12, []], [14, []], [13, []], [19, []], [10, []], [18, []], [9, []]]], [[[15, [7, 15, 14, 13, 19, 10, 9]]], [[5, [5, 20, 11, 16]]], [[6, [6, 12, 18]]], [[1, [1, 8, 2]]]]], "all_solution": [[[[[0, []], [13, [13, 19, 11, 16, 15]], [19, []], [11, []], [16, []], [1, [1, 12, 2, 8, 18]], [8, []], [18, []], [12, []], [2, []], [15, []]], [[0, [17, 3]], [9, [9, 10, 4, 14]], [10, []], [14, []], [3, []], [17, [6, 7, 5, 20]], [5, []], [20, []], [4, []], [6, []], [7, []]]], [[[9, [9, 10, 4, 14]]], [[13, [13, 19, 11, 16, 15]]], [[17, [6, 7, 5, 20]]], [[1, [1, 12, 2, 8, 18]]]]], [[[[0, [4, 13, 14, 17, 3]], [13, []], [17, []], [3, []], [4, []], [20, [20, 5, 6, 7]], [5, []], [14, []], [6, []], [7, []]], [[0, []], [9, [9, 19]], [18, [18, 15, 16, 11, 10]], [10, []], [19, []], [16, []], [11, []], [1, [1, 8, 12, 2]], [8, []], [12, []], [2, []], [15, []]]], [[[9, [9, 19]]], [[18, [18, 15, 16, 11, 10]]], [[20, [20, 5, 6, 7]]], [[1, [1, 8, 12, 2]]]]], [[[[0, []], [15, [15, 9, 10, 19]], [9, [11, 16]], [10, []], [19, []], [11, []], [16, []], [1, [1, 8, 12, 2, 18]], [8, []], [18, []], [12, []], [2, []]], [[0, [4, 3, 17, 13, 14]], [13, []], [14, []], [17, []], [3, []], [5, [5, 20, 6, 7]], [20, []], [4, []], [6, []], [7, []]]], [[[15, [15, 9, 10, 19]]], [[9, [11, 16]]], [[5, [5, 20, 6, 7]]], [[1, [1, 8, 12, 2, 18]]]]], [[[[0, [4, 3, 17]], [17, []], [3, []], [4, []], [5, [5, 20, 11, 16]], [20, []], [11, []], [16, []], [1, [1, 8, 2]], [8, []], [2, []]], [[0, []], [15, [7, 15, 14, 13, 19, 10, 9]], [7, []], [6, [6, 12, 18]], [12, []], [14, []], [13, []], [19, []], [10, []], [18, []], [9, []]]], [[[15, [7, 15, 14, 13, 19, 10, 9]]], [[5, [5, 20, 11, 16]]], [[6, [6, 12, 18]]], [[1, [1, 8, 2]]]]]], "Numrun": 5, "all_fitness": [243.0386305828741, 244.42301115756655, 244.25040622000705, 248.77880798266546]}
{"file_name": "U_20_0", "number_of_trucks": 2, "drone_capacity": 10, "number_of_drones": 2, "iteration": 5, "best_fitness": 248.51677253788156, "runtime": 254.99802088737488, "best_solution": [[[[0, []], [9, [9, 15, 19, 13]], [15, []], [19, []], [1, [1, 8, 5, 20, 2, 16, 11]], [8, []], [16, []], [11, []], [20, []], [5, []], [13, []], [2, []]], [[0, [3, 17, 10, 4]], [10, []], [18, [18, 7, 14]], [14, []], [4, []], [3, []], [17, []], [12, [12, 6]], [6, []], [7, []]]], [[[9, [9, 15, 19, 13]]], [[18, [18, 7, 14]]], [[1, [1, 8, 5, 20, 2, 16, 11]]], [[12, [12, 6]]]]],