{"file_name": "U_20_1", "number_of_trucks": 2, "drone_capacity": 10, "number_of_drones": 2, "iteration": 1, "best_fitness": 267.6044137798592, "runtime": 246.34370160102844, "best_solution": [[[[0, [15, 13]], [15, []], [13, []], [9, [9, 20, 16]], [20, []], [12, [12]], [16, []], [2, [2, 3, 19]], [3, []], [19, []]], [[0, [11, 10]], [10, []], [11, []], [8, [8, 4]], [4, []], [1, [1, 14, 18, 6]], [14, []], [18, []], [17, [17, 7, 5]], [6, []], [7, []], [5, []]]], [[[8, [8, 4]]], [[9, [9, 20, 16]]], [[1, [1, 14, 18, 6]]], [[12, [12]]], [[17, [17, 7, 5]]], [[2, [2, 3, 19]]]]], "all_solution": [[[[[0, [15, 13]], [15, []], [13, []], [9, [9, 20, 16]], [20, []], [12, [12]], [16, []], [2, [2, 3, 19]], [3, []], [19, []]], [[0, [11, 10]], [10, []], [11, []], [8, [8, 4]], [4, []], [1, [1, 14, 18, 6]], [14, []], [18, []], [17, [17, 7, 5]], [6, []], [7, []], [5, []]]], [[[8, [8, 4]]], [[9, [9, 20, 16]]], [[1, [1, 14, 18, 6]]], [[12, [12]]], [[17, [17, 7, 5]]], [[2, [2, 3, 19]]]]]], "Numrun": 5, "all_fitness": [267.6044137798592]}
{"file_name": "U_20_1", "number_of_trucks": 2, "drone_capacity": 10, "number_of_drones": 2, "iteration": 2, "best_fitness": 268.29137758420603, "runtime": 308.2876167297363, "best_solution": [[[[0, []], [6, [6, 18]], [18, []], [4, [4]], [16, [16, 1, 14]], [1, []], [14, []], [17, [17, 7, 5]], [7, []], [5, []]], [[0, [10, 11, 15]], [10, []], [11, []], [15, []], [8, [8, 13]], [13, []], [9, [9, 12, 20]], [12, []], [2, [2, 3, 19]], [3, []], [20, []], [19, []]]], [[[6, [6, 18]]], [[4, [4]]], [[8, [8, 13]]], [[16, [16, 1, 14]]], [[9, [9, 12, 20]]], [[17, [17, 7, 5]]], [[2, [2, 3, 19]]]]], "all_solution": [[[[[0, [15, 13]], [15, []], [13, []], [9, [9, 20, 16]], [20, []], [12, [12]], [16, []], [2, [2, 3, 19]], [3, []], [19, []]], [[0, [11, 10]], [10, []], [11, []], [8, [8, 4]], [4, []], [1, [1, 14, 18, 6]], [14, []], [18, []], [17, [17, 7, 5]], [6, []], [7, []], [5, []]]], [[[8, [8, 4]]], [[9, [9, 20, 16]]], [[1, [1, 14, 18, 6]]], [[12, [12]]], [[17, [17, 7, 5]]], [[2, [2, 3, 19]]]]], [[[[0, []], [6, [6, 18]], [18, []], [4, [4]], [16, [16, 1, 14]], [1, []], [14, []], [17, [17, 7, 5]], [7, []], [5, []]], [[0, [10, 11, 15]], [10, []], [11, []], [15, []], [8, [8, 13]], [13, []], [9, [9, 12, 20]], [12, []], [2, [2, 3, 19]], [3, []], [20, []], [19, []]]], [[[6, [6, 18]]], [[4, [4]]], [[8, [8, 13]]], [[16, [16, 1, 14]]], [[9, [9, 12, 20]]], [[17, [17, 7, 5]]], [[2, [2, 3, 19]]]]]], "Numrun": 5, "all_fitness": [267.6044137798592, 268.29137758420603]}
{"file_name": "U_20_1", "number_of_trucks": 2, "drone_capacity": 10, "number_of_drones": 2, "iteration": 3, "best_fitness": 270.851377584206, "runtime": 287.72911262512207, "best_solution": [[[[0, [18]], [8, [8, 4]], [4, []], [1, [1, 14]], [14, []], [18, []], [17, [17, 7, 5, 19]], [7, []], [5, []], [19, []]], [[0, [10, 11, 15]], [10, []], [15, [6]], [6, []], [11, []], [13, [13, 16, 20, 9]], [20, []], [16, []], [2, [2, 3, 12]], [3, []], [12, []], [9, []]]], [[[15, [6]]], [[13, [13, 16, 20, 9]]], [[8, [8, 4]]], [[1, [1, 14]]], [[17, [17, 7, 5, 19]]], [[2, [2, 3, 12]]]]], "all_solution": [[[[[0, [15, 13]], [15, []], [13, []], [9, [9, 20, 16]], [20, []], [12, [12]], [16, []], [2, [2, 3, 19]], [3, []], [19, []]], [[0, [11, 10]], [10, []], [11, []], [8, [8, 4]], [4, []], [1, [1, 14, 18, 6]], [14, []], [18, []], [17, [17, 7, 5]], [6, []], [7, []], [5, []]]], [[[8, [8, 4]]], [[9, [9, 20, 16]]], [[1, [1, 14, 18, 6]]], [[12, [12]]], [[17, [17, 7, 5]]], [[2, [2, 3, 19]]]]], [[[[0, []], [6, [6, 18]], [18, []], [4, [4]], [16, [16, 1, 14]], [1, []], [14, []], [17, [17, 7, 5]], [7, []], [5, []]], [[0, [10, 11, 15]], [10, []], [11, []], [15, []], [8, [8, 13]], [13, []], [9, [9, 12, 20]], [12, []], [2, [2, 3, 19]], [3, []], [20, []], [19, []]]], [[[6, [6, 18]]], [[4, [4]]], [[8, [8, 13]]], [[16, [16, 1, 14]]], [[9, [9, 12, 20]]], [[17, [17, 7, 5]]], [[2, [2, 3, 19]]]]], [[[[0, [18]], [8, [8, 4]], [4, []], [1, [1, 14]], [14, []], [18, []], [17, [17, 7, 5, 19]], [7, []], [5, []], [19, []]], [[0, [10, 11, 15]], [10, []], [15, [6]], [6, []], [11, []], [13, [13, 16, 20, 9]], [20, []], [16, []], [2, [2, 3, 12]], [3, []], [12, []], [9, []]]], [[[15, [6]]], [[13, [13, 16, 20, 9]]], [[8, [8, 4]]], [[1, [1, 14]]], [[17, [17, 7, 5, 19]]], [[2, [2, 3, 12]]]]]], "Numrun": 5, "all_fitness": [267.6044137798592, 268.29137758420603, 270.851377584206]}
{"file_name": "U_20_1", "number_of_trucks": 2, "drone_capacity": 10, "number_of_drones": 2, "iteration": 4, "best_fitness": 268.29137758420603, "runtime": 189.14377307891846, "best_solution": [[[[0, [15]], [15, []], [8, [8]], [20, [20, 16, 14, 1]], [16, []], [1, []], [14, []], [17, [17, 7, 5]], [7, []], [5, []]], [[0, [10, 11, 18]], [10, []], [18, []], [11, [6, 13, 4]], [6, []], [13, []], [12, [12]], [4, []], [2, [2, 9, 3, 19]], [3, []], [9, []], [19, []]]], [[[8, [8]]], [[11, [6, 13, 4]]], [[20, [20, 16, 14, 1]]], [[12, [12]]], [[17, [17, 7, 5]]], [[2, [2, 9, 3, 19]]]]], "all_solution": [[[[[0, [15, 13]], [15, []], [13, []], [9, [9, 20, 16]], [20, []], [12, [12]], [16, []], [2, [2, 3, 19]], [3, []], [19, []]], [[0, [11, 10]], [10, []], [11, []], [8, [8, 4]], [4, []], [1, [1, 14, 18, 6]], [14, []], [18, []], [17, [17, 7, 5]], [6, []], [7, []], [5, []]]], [[[8, [8, 4]]], [[9, [9, 20, 16]]], [[1, [1, 14, 18, 6]]], [[12, [12]]], [[17, [17, 7, 5]]], [[2, [2, 3, 19]]]]], [[[[0, []], [6, [6, 18]], [18, []], [4, [4]], [16, [16, 1, 14]], [1, []], [14, []], [17, [17, 7, 5]], [7, []], [5, []]], [[0, [10, 11, 15]], [10, []], [11, []], [15, []], [8, [8, 13]], [13, []], [9, [9, 12, 20]], [12, []], [2, [2, 3, 19]], [3, []], [20, []], [19, []]]], [[[6, [6, 18]]], [[4, [4]]], [[8, [8, 13]]], [[16, [16, 1, 14]]], [[9, [9, 12, 20]]], [[17, [17, 7, 5]]], [[2, [2, 3, 19]]]]], [[[[0, [18]], [8, [8, 4]], [4, []], [1, [1, 14]], [14, []], [18, []], [17, [17, 7, 5, 19]], [7, []], [5, []], [19, []]], [[0, [10, 11, 15]], [10, []], [15, [6]], [6, []], [11, []], [13, [13, 16, 20, 9]], [20, []], [16, []], [2, [2, 3, 12]], [3, []], [12, []], [9, []]]], [[[15, [6]]], [[13, [13, 16, 20, 9]]], [[8, [8, 4]]], [[1, [1, 14]]], [[17, [17, 7, 5, 19]]], [[2, [2, 3, 12]]]]], [[[[0, [15]], [15, []], [8, [8]], [20, [20, 16, 14, 1]], [16, []], [1, []], [14, []], [17, [17, 7, 5]], [7, []], [5, []]], [[0, [10, 11, 18]], [10, []], [18, []], [11, [6, 13, 4]], [6, []], [13, []], [12, [12]], [4, []], [2, [2, 9, 3, 19]], [3, []], [9, []], [19, []]]], [[[8, [8]]], [[11, [6, 13, 4]]], [[20, [20, 16, 14, 1]]], [[12, [12]]], [[17, [17, 7, 5]]], [[2, [2, 9, 3, 19]]]]]], "Numrun": 5, "all_fitness": [267.6044137798592, 268.29137758420603, 270.851377584206, 268.29137758420603]}
{"file_name": "U_20_1", "number_of_trucks": 2, "drone_capacity": 10, "number_of_drones": 2, "iteration": 5, "best_fitness": 268.29137758420603, "runtime": 164.44203686714172, "best_solution": [[[[0, [11]], [11, []], [13, [13, 8]], [8, []], [20, [20, 12, 9]], [12, []], [2, [2, 3, 19]], [3, []], [9, []], [19, []]], [[0, [10, 15, 18, 6]], [10, []], [15, []], [4, [4]], [16, [16, 14, 1]], [14, []], [1, []], [18, []], [17, [17, 7, 5]], [7, []], [6, []], [5, []]]], [[[13, [13, 8]]], [[4, [4]]], [[16, [16, 14, 1]]], [[20, [20, 12, 9]]], [[17, [17, 7, 5]]], [[2, [2, 3, 19]]]]],