{"file_name": "U_30_1", "number_of_trucks": 2, "drone_capacity": 10, "number_of_drones": 2, "iteration": 1, "best_fitness": 482.1621798059925, "runtime": 1315.3940789699554, "best_solution": [[[[0, [16, 4, 24, 5, 20, 11]], [4, []], [24, []], [16, [13, 17, 10, 19]], [20, []], [19, []], [11, []], [23, [23, 8]], [5, []], [13, []], [17, []], [10, []], [1, [1, 12]], [12, []], [8, []]], [[0, [28]], [28, []], [25, [30, 25, 29, 22, 26]], [29, []], [22, []], [26, []], [30, []], [14, [14, 7, 27, 18, 2]], [7, []], [27, []], [18, []], [9, [9, 15]], [2, []], [15, []], [21, [21, 3, 6]], [3, []], [6, []]]], [[[25, [30, 25, 29, 22, 26]]], [[16, [13, 17, 10, 19]]], [[23, [23, 8]]], [[14, [14, 7, 27, 18, 2]]], [[9, [9, 15]]], [[21, [21, 3, 6]]], [[1, [1, 12]]]]], "all_solution": [[[[[0, [16, 4, 24, 5, 20, 11]], [4, []], [24, []], [16, [13, 17, 10, 19]], [20, []], [19, []], [11, []], [23, [23, 8]], [5, []], [13, []], [17, []], [10, []], [1, [1, 12]], [12, []], [8, []]], [[0, [28]], [28, []], [25, [30, 25, 29, 22, 26]], [29, []], [22, []], [26, []], [30, []], [14, [14, 7, 27, 18, 2]], [7, []], [27, []], [18, []], [9, [9, 15]], [2, []], [15, []], [21, [21, 3, 6]], [3, []], [6, []]]], [[[25, [30, 25, 29, 22, 26]]], [[16, [13, 17, 10, 19]]], [[23, [23, 8]]], [[14, [14, 7, 27, 18, 2]]], [[9, [9, 15]]], [[21, [21, 3, 6]]], [[1, [1, 12]]]]]], "Numrun": 5, "all_fitness": [482.1621798059925]}
{"file_name": "U_30_1", "number_of_trucks": 2, "drone_capacity": 10, "number_of_drones": 2, "iteration": 2, "best_fitness": 486.15291783415216, "runtime": 1079.6339056491852, "best_solution": [[[[0, [29, 28, 20]], [29, []], [28, []], [19, [19, 26, 30, 10, 2, 17, 13]], [26, []], [30, []], [20, []], [10, []], [15, [15]], [2, []], [17, []], [13, []], [1, [1, 12]], [12, []]], [[0, [11]], [5, [5, 16, 24, 4, 25, 22]], [16, []], [11, []], [24, []], [4, []], [25, []], [22, []], [14, [14, 7, 27]], [7, []], [27, [23, 18, 9, 8]], [23, []], [18, []], [9, []], [21, [21, 3, 6]], [3, []], [6, []], [8, []]]], [[[19, [19, 26, 30, 10, 2, 17, 13]]], [[5, [5, 16, 24, 4, 25, 22]]], [[14, [14, 7, 27]]], [[27, [23, 18, 9, 8]]], [[15, [15]]], [[21, [21, 3, 6]]], [[1, [1, 12]]]]], "all_solution": [[[[[0, [16, 4, 24, 5, 20, 11]], [4, []], [24, []], [16, [13, 17, 10, 19]], [20, []], [19, []], [11, []], [23, [23, 8]], [5, []], [13, []], [17, []], [10, []], [1, [1, 12]], [12, []], [8, []]], [[0, [28]], [28, []], [25, [30, 25, 29, 22, 26]], [29, []], [22, []], [26, []], [30, []], [14, [14, 7, 27, 18, 2]], [7, []], [27, []], [18, []], [9, [9, 15]], [2, []], [15, []], [21, [21, 3, 6]], [3, []], [6, []]]], [[[25, [30, 25, 29, 22, 26]]], [[16, [13, 17, 10, 19]]], [[23, [23, 8]]], [[14, [14, 7, 27, 18, 2]]], [[9, [9, 15]]], [[21, [21, 3, 6]]], [[1, [1, 12]]]]], [[[[0, [29, 28, 20]], [29, []], [28, []], [19, [19, 26, 30, 10, 2, 17, 13]], [26, []], [30, []], [20, []], [10, []], [15, [15]], [2, []], [17, []], [13, []], [1, [1, 12]], [12, []]], [[0, [11]], [5, [5, 16, 24, 4, 25, 22]], [16, []], [11, []], [24, []], [4, []], [25, []], [22, []], [14, [14, 7, 27]], [7, []], [27, [23, 18, 9, 8]], [23, []], [18, []], [9, []], [21, [21, 3, 6]], [3, []], [6, []], [8, []]]], [[[19, [19, 26, 30, 10, 2, 17, 13]]], [[5, [5, 16, 24, 4, 25, 22]]], [[14, [14, 7, 27]]], [[27, [23, 18, 9, 8]]], [[15, [15]]], [[21, [21, 3, 6]]], [[1, [1, 12]]]]]], "Numrun": 5, "all_fitness": [482.1621798059925, 486.15291783415216]}
{"file_name": "U_30_1", "number_of_trucks": 2, "drone_capacity": 10, "number_of_drones": 2, "iteration": 3, "best_fitness": 485.95234971378403, "runtime": 1216.4059739112854, "best_solution": [[[[0, [30, 26]], [30, []], [26, [2, 13, 10, 17, 19]], [2, []], [13, []], [10, []], [17, []], [19, []], [9, [9, 15]], [15, []], [21, [21, 3, 6]], [3, []], [6, []]], [[0, []], [11, [25, 28, 11, 5, 16, 20, 24, 29, 22]], [5, []], [16, []], [20, []], [24, []], [28, []], [7, [7, 4, 14, 18]], [29, []], [14, []], [8, [8, 23, 27]], [27, []], [18, []], [23, []], [1, [1, 12]], [12, []], [4, []], [25, []], [22, []]]], [[[11, [25, 28, 11, 5, 16, 20, 24, 29, 22]]], [[26, [2, 13, 10, 17, 19]]], [[7, [7, 4, 14, 18]]], [[8, [8, 23, 27]]], [[9, [9, 15]]], [[1, [1, 12]]], [[21, [21, 3, 6]]]]], "all_solution": [[[[[0, [16, 4, 24, 5, 20, 11]], [4, []], [24, []], [16, [13, 17, 10, 19]], [20, []], [19, []], [11, []], [23, [23, 8]], [5, []], [13, []], [17, []], [10, []], [1, [1, 12]], [12, []], [8, []]], [[0, [28]], [28, []], [25, [30, 25, 29, 22, 26]], [29, []], [22, []], [26, []], [30, []], [14, [14, 7, 27, 18, 2]], [7, []], [27, []], [18, []], [9, [9, 15]], [2, []], [15, []], [21, [21, 3, 6]], [3, []], [6, []]]], [[[25, [30, 25, 29, 22, 26]]], [[16, [13, 17, 10, 19]]], [[23, [23, 8]]], [[14, [14, 7, 27, 18, 2]]], [[9, [9, 15]]], [[21, [21, 3, 6]]], [[1, [1, 12]]]]], [[[[0, [29, 28, 20]], [29, []], [28, []], [19, [19, 26, 30, 10, 2, 17, 13]], [26, []], [30, []], [20, []], [10, []], [15, [15]], [2, []], [17, []], [13, []], [1, [1, 12]], [12, []]], [[0, [11]], [5, [5, 16, 24, 4, 25, 22]], [16, []], [11, []], [24, []], [4, []], [25, []], [22, []], [14, [14, 7, 27]], [7, []], [27, [23, 18, 9, 8]], [23, []], [18, []], [9, []], [21, [21, 3, 6]], [3, []], [6, []], [8, []]]], [[[19, [19, 26, 30, 10, 2, 17, 13]]], [[5, [5, 16, 24, 4, 25, 22]]], [[14, [14, 7, 27]]], [[27, [23, 18, 9, 8]]], [[15, [15]]], [[21, [21, 3, 6]]], [[1, [1, 12]]]]], [[[[0, [30, 26]], [30, []], [26, [2, 13, 10, 17, 19]], [2, []], [13, []], [10, []], [17, []], [19, []], [9, [9, 15]], [15, []], [21, [21, 3, 6]], [3, []], [6, []]], [[0, []], [11, [25, 28, 11, 5, 16, 20, 24, 29, 22]], [5, []], [16, []], [20, []], [24, []], [28, []], [7, [7, 4, 14, 18]], [29, []], [14, []], [8, [8, 23, 27]], [27, []], [18, []], [23, []], [1, [1, 12]], [12, []], [4, []], [25, []], [22, []]]], [[[11, [25, 28, 11, 5, 16, 20, 24, 29, 22]]], [[26, [2, 13, 10, 17, 19]]], [[7, [7, 4, 14, 18]]], [[8, [8, 23, 27]]], [[9, [9, 15]]], [[1, [1, 12]]], [[21, [21, 3, 6]]]]]], "Numrun": 5, "all_fitness": [482.1621798059925, 486.15291783415216, 485.95234971378403]}
{"file_name": "U_30_1", "number_of_trucks": 2, "drone_capacity": 10, "number_of_drones": 2, "iteration": 4, "best_fitness": 611.1595714898344, "runtime": 17.428999662399292, "best_solution": [[[[0, []], [22, [22, 20, 16, 29, 25]], [20, [17, 13, 2]], [16, []], [29, []], [25, []], [17, []], [13, []], [2, []], [19, [19, 27, 7, 23, 15, 21, 3, 6]], [27, []], [7, []], [23, []], [15, []], [21, []], [3, []], [6, []]], [[0, [28, 24, 4, 5, 11]], [28, []], [24, []], [4, []], [5, []], [11, []], [26, [26]], [30, [30, 14]], [14, []], [10, [10, 18, 8, 9, 1, 12]], [18, []], [8, []], [9, []], [1, []], [12, []]]], [[[22, [22, 20, 16, 29, 25]]], [[20, [17, 13, 2]]], [[26, [26]]], [[30, [30, 14]]], [[19, [19, 27, 7, 23, 15, 21, 3, 6]]], [[10, [10, 18, 8, 9, 1, 12]]]]],