{"file_name": "U_30_0", "number_of_trucks": 2, "drone_capacity": 10, "number_of_drones": 2, "iteration": 1, "best_fitness": 298.4923452702635, "runtime": 1300.3649966716766, "best_solution": [[[[0, [10, 4, 28, 2, 14, 18, 24, 7, 27, 15, 9, 11]], [28, []], [2, []], [24, []], [14, []], [18, []], [1, [1, 8, 17, 23, 16]], [8, []], [11, []], [17, []], [10, []], [4, []], [27, []], [15, []], [9, []], [7, []], [23, []], [16, []]], [[0, [3, 19]], [3, [21]], [21, []], [19, []], [5, [5, 26, 13]], [26, []], [13, []], [25, [25, 20, 29, 6, 12, 22, 30]], [20, []], [30, []], [12, []], [6, []], [22, []], [29, []]]], [[[3, [21]]], [[5, [5, 26, 13]]], [[1, [1, 8, 17, 23, 16]]], [[25, [25, 20, 29, 6, 12, 22, 30]]]]], "all_solution": [[[[[0, [10, 4, 28, 2, 14, 18, 24, 7, 27, 15, 9, 11]], [28, []], [2, []], [24, []], [14, []], [18, []], [1, [1, 8, 17, 23, 16]], [8, []], [11, []], [17, []], [10, []], [4, []], [27, []], [15, []], [9, []], [7, []], [23, []], [16, []]], [[0, [3, 19]], [3, [21]], [21, []], [19, []], [5, [5, 26, 13]], [26, []], [13, []], [25, [25, 20, 29, 6, 12, 22, 30]], [20, []], [30, []], [12, []], [6, []], [22, []], [29, []]]], [[[3, [21]]], [[5, [5, 26, 13]]], [[1, [1, 8, 17, 23, 16]]], [[25, [25, 20, 29, 6, 12, 22, 30]]]]]], "Numrun": 5, "all_fitness": [298.4923452702635]}
{"file_name": "U_30_0", "number_of_trucks": 2, "drone_capacity": 10, "number_of_drones": 2, "iteration": 2, "best_fitness": 292.9124990156619, "runtime": 1404.4682960510254, "best_solution": [[[[0, [13, 3, 19, 2]], [2, []], [19, []], [24, [24, 18, 26]], [18, []], [26, []], [13, []], [25, [25, 20, 12, 30, 22, 6, 29, 28]], [30, []], [20, []], [12, []], [22, []], [6, []], [3, []], [29, []], [28, []]], [[0, []], [21, [21]], [16, [16, 4, 10, 11, 27, 15]], [15, []], [27, []], [4, []], [10, []], [11, []], [17, [17, 8, 1, 23, 5, 14, 9, 7]], [8, []], [5, []], [1, []], [9, []], [7, []], [23, []], [14, []]]], [[[21, [21]]], [[24, [24, 18, 26]]], [[16, [16, 4, 10, 11, 27, 15]]], [[17, [17, 8, 1, 23, 5, 14, 9, 7]]], [[25, [25, 20, 12, 30, 22, 6, 29, 28]]]]], "all_solution": [[[[[0, [10, 4, 28, 2, 14, 18, 24, 7, 27, 15, 9, 11]], [28, []], [2, []], [24, []], [14, []], [18, []], [1, [1, 8, 17, 23, 16]], [8, []], [11, []], [17, []], [10, []], [4, []], [27, []], [15, []], [9, []], [7, []], [23, []], [16, []]], [[0, [3, 19]], [3, [21]], [21, []], [19, []], [5, [5, 26, 13]], [26, []], [13, []], [25, [25, 20, 29, 6, 12, 22, 30]], [20, []], [30, []], [12, []], [6, []], [22, []], [29, []]]], [[[3, [21]]], [[5, [5, 26, 13]]], [[1, [1, 8, 17, 23, 16]]], [[25, [25, 20, 29, 6, 12, 22, 30]]]]], [[[[0, [13, 3, 19, 2]], [2, []], [19, []], [24, [24, 18, 26]], [18, []], [26, []], [13, []], [25, [25, 20, 12, 30, 22, 6, 29, 28]], [30, []], [20, []], [12, []], [22, []], [6, []], [3, []], [29, []], [28, []]], [[0, []], [21, [21]], [16, [16, 4, 10, 11, 27, 15]], [15, []], [27, []], [4, []], [10, []], [11, []], [17, [17, 8, 1, 23, 5, 14, 9, 7]], [8, []], [5, []], [1, []], [9, []], [7, []], [23, []], [14, []]]], [[[21, [21]]], [[24, [24, 18, 26]]], [[16, [16, 4, 10, 11, 27, 15]]], [[17, [17, 8, 1, 23, 5, 14, 9, 7]]], [[25, [25, 20, 12, 30, 22, 6, 29, 28]]]]]], "Numrun": 5, "all_fitness": [298.4923452702635, 292.9124990156619]}
{"file_name": "U_30_0", "number_of_trucks": 2, "drone_capacity": 10, "number_of_drones": 2, "iteration": 3, "best_fitness": 297.92389564415043, "runtime": 925.7532339096069, "best_solution": [[[[0, [3]], [3, [13, 21, 19]], [21, []], [19, []], [14, [14, 18, 24, 26, 5, 28]], [24, []], [18, []], [5, []], [20, [20, 12, 25, 22, 29, 6]], [12, []], [13, []], [25, []], [26, []], [22, []], [6, []], [29, []], [28, []]], [[0, [27]], [2, [2, 11]], [16, [16, 15, 4, 10, 9]], [15, []], [27, []], [4, []], [10, []], [8, [8, 17, 30, 7, 1, 23]], [17, []], [11, []], [30, []], [1, []], [9, []], [7, []], [23, []]]], [[[3, [13, 21, 19]]], [[2, [2, 11]]], [[16, [16, 15, 4, 10, 9]]], [[14, [14, 18, 24, 26, 5, 28]]], [[20, [20, 12, 25, 22, 29, 6]]], [[8, [8, 17, 30, 7, 1, 23]]]]], "all_solution": [[[[[0, [10, 4, 28, 2, 14, 18, 24, 7, 27, 15, 9, 11]], [28, []], [2, []], [24, []], [14, []], [18, []], [1, [1, 8, 17, 23, 16]], [8, []], [11, []], [17, []], [10, []], [4, []], [27, []], [15, []], [9, []], [7, []], [23, []], [16, []]], [[0, [3, 19]], [3, [21]], [21, []], [19, []], [5, [5, 26, 13]], [26, []], [13, []], [25, [25, 20, 29, 6, 12, 22, 30]], [20, []], [30, []], [12, []], [6, []], [22, []], [29, []]]], [[[3, [21]]], [[5, [5, 26, 13]]], [[1, [1, 8, 17, 23, 16]]], [[25, [25, 20, 29, 6, 12, 22, 30]]]]], [[[[0, [13, 3, 19, 2]], [2, []], [19, []], [24, [24, 18, 26]], [18, []], [26, []], [13, []], [25, [25, 20, 12, 30, 22, 6, 29, 28]], [30, []], [20, []], [12, []], [22, []], [6, []], [3, []], [29, []], [28, []]], [[0, []], [21, [21]], [16, [16, 4, 10, 11, 27, 15]], [15, []], [27, []], [4, []], [10, []], [11, []], [17, [17, 8, 1, 23, 5, 14, 9, 7]], [8, []], [5, []], [1, []], [9, []], [7, []], [23, []], [14, []]]], [[[21, [21]]], [[24, [24, 18, 26]]], [[16, [16, 4, 10, 11, 27, 15]]], [[17, [17, 8, 1, 23, 5, 14, 9, 7]]], [[25, [25, 20, 12, 30, 22, 6, 29, 28]]]]], [[[[0, [3]], [3, [13, 21, 19]], [21, []], [19, []], [14, [14, 18, 24, 26, 5, 28]], [24, []], [18, []], [5, []], [20, [20, 12, 25, 22, 29, 6]], [12, []], [13, []], [25, []], [26, []], [22, []], [6, []], [29, []], [28, []]], [[0, [27]], [2, [2, 11]], [16, [16, 15, 4, 10, 9]], [15, []], [27, []], [4, []], [10, []], [8, [8, 17, 30, 7, 1, 23]], [17, []], [11, []], [30, []], [1, []], [9, []], [7, []], [23, []]]], [[[3, [13, 21, 19]]], [[2, [2, 11]]], [[16, [16, 15, 4, 10, 9]]], [[14, [14, 18, 24, 26, 5, 28]]], [[20, [20, 12, 25, 22, 29, 6]]], [[8, [8, 17, 30, 7, 1, 23]]]]]], "Numrun": 5, "all_fitness": [298.4923452702635, 292.9124990156619, 297.92389564415043]}
{"file_name": "U_30_0", "number_of_trucks": 2, "drone_capacity": 10, "number_of_drones": 2, "iteration": 4, "best_fitness": 310.7480541785402, "runtime": 17.66056990623474, "best_solution": [[[[0, [21]], [21, []], [2, [2, 16, 15]], [16, []], [15, []], [27, [27, 11, 30, 20, 25, 13, 26, 22, 6, 29]], [11, []], [30, []], [20, []], [25, []], [13, []], [26, []], [22, []], [6, []], [29, []]], [[0, []], [19, [19, 3]], [3, []], [14, [14, 24, 28, 18]], [24, []], [28, []], [18, []], [5, [5, 12, 1, 8, 17, 10, 4, 9, 7, 23]], [12, []], [1, []], [8, []], [17, []], [10, []], [4, []], [9, []], [7, []], [23, []]]], [[[2, [2, 16, 15]]], [[19, [19, 3]]], [[14, [14, 24, 28, 18]]], [[27, [27, 11, 30, 20, 25, 13, 26, 22, 6, 29]]], [[5, [5, 12, 1, 8, 17, 10, 4, 9, 7, 23]]]]],