{"file_name": "U_30_1", "number_of_trucks": 2, "drone_capacity": 10, "number_of_drones": 2, "iteration": 1, "best_fitness": 444.6043304649052, "runtime": 1045.9065470695496, "best_solution": [[[[0, [6, 25, 10, 8, 17]], [17, []], [25, []], [10, []], [8, []], [6, []], [24, [24, 13, 2]], [13, []], [14, [14, 21, 18]], [21, []], [18, []], [2, []], [22, [22, 19]], [19, []]], [[0, [20, 7, 16]], [20, []], [7, []], [1, [1, 12]], [12, []], [27, [27, 15, 5]], [16, []], [15, []], [23, [23, 9, 26, 28]], [9, []], [26, []], [28, []], [3, [3, 4, 30, 11, 29]], [29, []], [4, []], [5, []], [30, []], [11, []]]], [[[1, [1, 12]]], [[27, [27, 15, 5]]], [[23, [23, 9, 26, 28]]], [[24, [24, 13, 2]]], [[14, [14, 21, 18]]], [[3, [3, 4, 30, 11, 29]]], [[22, [22, 19]]]]], "all_solution": [[[[[0, [6, 25, 10, 8, 17]], [17, []], [25, []], [10, []], [8, []], [6, []], [24, [24, 13, 2]], [13, []], [14, [14, 21, 18]], [21, []], [18, []], [2, []], [22, [22, 19]], [19, []]], [[0, [20, 7, 16]], [20, []], [7, []], [1, [1, 12]], [12, []], [27, [27, 15, 5]], [16, []], [15, []], [23, [23, 9, 26, 28]], [9, []], [26, []], [28, []], [3, [3, 4, 30, 11, 29]], [29, []], [4, []], [5, []], [30, []], [11, []]]], [[[1, [1, 12]]], [[27, [27, 15, 5]]], [[23, [23, 9, 26, 28]]], [[24, [24, 13, 2]]], [[14, [14, 21, 18]]], [[3, [3, 4, 30, 11, 29]]], [[22, [22, 19]]]]]], "Numrun": 5, "all_fitness": [444.6043304649052]}
{"file_name": "U_30_1", "number_of_trucks": 2, "drone_capacity": 10, "number_of_drones": 2, "iteration": 2, "best_fitness": 444.6043304649052, "runtime": 948.2352690696716, "best_solution": [[[[0, [25, 1, 7, 6]], [25, []], [6, []], [1, []], [7, []], [12, [12, 29]], [29, []], [26, [26, 9, 28, 23]], [9, []], [28, []], [3, [3, 4]], [23, []], [4, []], [22, [22, 19]], [19, []]], [[0, [10, 17, 20]], [10, []], [15, [15, 8, 16]], [8, []], [16, []], [5, [5, 2, 27]], [2, []], [17, []], [20, [24, 18, 14, 21, 13, 30, 11]], [18, []], [14, []], [21, []], [27, []], [13, []], [24, []], [30, []], [11, []]]], [[[12, [12, 29]]], [[15, [15, 8, 16]]], [[5, [5, 2, 27]]], [[20, [24, 18, 14, 21, 13, 30, 11]]], [[26, [26, 9, 28, 23]]], [[3, [3, 4]]], [[22, [22, 19]]]]], "all_solution": [[[[[0, [6, 25, 10, 8, 17]], [17, []], [25, []], [10, []], [8, []], [6, []], [24, [24, 13, 2]], [13, []], [14, [14, 21, 18]], [21, []], [18, []], [2, []], [22, [22, 19]], [19, []]], [[0, [20, 7, 16]], [20, []], [7, []], [1, [1, 12]], [12, []], [27, [27, 15, 5]], [16, []], [15, []], [23, [23, 9, 26, 28]], [9, []], [26, []], [28, []], [3, [3, 4, 30, 11, 29]], [29, []], [4, []], [5, []], [30, []], [11, []]]], [[[1, [1, 12]]], [[27, [27, 15, 5]]], [[23, [23, 9, 26, 28]]], [[24, [24, 13, 2]]], [[14, [14, 21, 18]]], [[3, [3, 4, 30, 11, 29]]], [[22, [22, 19]]]]], [[[[0, [25, 1, 7, 6]], [25, []], [6, []], [1, []], [7, []], [12, [12, 29]], [29, []], [26, [26, 9, 28, 23]], [9, []], [28, []], [3, [3, 4]], [23, []], [4, []], [22, [22, 19]], [19, []]], [[0, [10, 17, 20]], [10, []], [15, [15, 8, 16]], [8, []], [16, []], [5, [5, 2, 27]], [2, []], [17, []], [20, [24, 18, 14, 21, 13, 30, 11]], [18, []], [14, []], [21, []], [27, []], [13, []], [24, []], [30, []], [11, []]]], [[[12, [12, 29]]], [[15, [15, 8, 16]]], [[5, [5, 2, 27]]], [[20, [24, 18, 14, 21, 13, 30, 11]]], [[26, [26, 9, 28, 23]]], [[3, [3, 4]]], [[22, [22, 19]]]]]], "Numrun": 5, "all_fitness": [444.6043304649052, 444.6043304649052]}
{"file_name": "U_30_1", "number_of_trucks": 2, "drone_capacity": 10, "number_of_drones": 2, "iteration": 3, "best_fitness": 444.6043304649052, "runtime": 1036.9067311286926, "best_solution": [[[[0, [16, 20, 8]], [20, []], [8, []], [16, []], [15, [15, 12, 1]], [12, []], [1, []], [13, [13, 23]], [28, [28, 26, 4]], [26, []], [23, []], [4, []], [22, [22, 19]], [19, []]], [[0, [7, 25, 17, 6, 10]], [6, []], [10, []], [7, []], [17, []], [25, []], [24, [24, 5, 27]], [11, [11, 30, 2, 29, 9]], [30, []], [2, []], [29, []], [9, []], [5, []], [3, [3, 14, 21, 18]], [14, []], [21, []], [27, []], [18, []]]], [[[15, [15, 12, 1]]], [[24, [24, 5, 27]]], [[11, [11, 30, 2, 29, 9]]], [[13, [13, 23]]], [[28, [28, 26, 4]]], [[3, [3, 14, 21, 18]]], [[22, [22, 19]]]]], "all_solution": [[[[[0, [6, 25, 10, 8, 17]], [17, []], [25, []], [10, []], [8, []], [6, []], [24, [24, 13, 2]], [13, []], [14, [14, 21, 18]], [21, []], [18, []], [2, []], [22, [22, 19]], [19, []]], [[0, [20, 7, 16]], [20, []], [7, []], [1, [1, 12]], [12, []], [27, [27, 15, 5]], [16, []], [15, []], [23, [23, 9, 26, 28]], [9, []], [26, []], [28, []], [3, [3, 4, 30, 11, 29]], [29, []], [4, []], [5, []], [30, []], [11, []]]], [[[1, [1, 12]]], [[27, [27, 15, 5]]], [[23, [23, 9, 26, 28]]], [[24, [24, 13, 2]]], [[14, [14, 21, 18]]], [[3, [3, 4, 30, 11, 29]]], [[22, [22, 19]]]]], [[[[0, [25, 1, 7, 6]], [25, []], [6, []], [1, []], [7, []], [12, [12, 29]], [29, []], [26, [26, 9, 28, 23]], [9, []], [28, []], [3, [3, 4]], [23, []], [4, []], [22, [22, 19]], [19, []]], [[0, [10, 17, 20]], [10, []], [15, [15, 8, 16]], [8, []], [16, []], [5, [5, 2, 27]], [2, []], [17, []], [20, [24, 18, 14, 21, 13, 30, 11]], [18, []], [14, []], [21, []], [27, []], [13, []], [24, []], [30, []], [11, []]]], [[[12, [12, 29]]], [[15, [15, 8, 16]]], [[5, [5, 2, 27]]], [[20, [24, 18, 14, 21, 13, 30, 11]]], [[26, [26, 9, 28, 23]]], [[3, [3, 4]]], [[22, [22, 19]]]]], [[[[0, [16, 20, 8]], [20, []], [8, []], [16, []], [15, [15, 12, 1]], [12, []], [1, []], [13, [13, 23]], [28, [28, 26, 4]], [26, []], [23, []], [4, []], [22, [22, 19]], [19, []]], [[0, [7, 25, 17, 6, 10]], [6, []], [10, []], [7, []], [17, []], [25, []], [24, [24, 5, 27]], [11, [11, 30, 2, 29, 9]], [30, []], [2, []], [29, []], [9, []], [5, []], [3, [3, 14, 21, 18]], [14, []], [21, []], [27, []], [18, []]]], [[[15, [15, 12, 1]]], [[24, [24, 5, 27]]], [[11, [11, 30, 2, 29, 9]]], [[13, [13, 23]]], [[28, [28, 26, 4]]], [[3, [3, 14, 21, 18]]], [[22, [22, 19]]]]]], "Numrun": 5, "all_fitness": [444.6043304649052, 444.6043304649052, 444.6043304649052]}
{"file_name": "U_30_1", "number_of_trucks": 2, "drone_capacity": 10, "number_of_drones": 2, "iteration": 4, "best_fitness": 445.2954158496437, "runtime": 597.2386529445648, "best_solution": [[[[0, []], [25, [25]], [17, [17, 20, 8, 10]], [20, []], [8, []], [12, [12]], [10, []], [30, [30, 23, 11]], [11, []], [23, []], [18, [18, 14, 28, 26, 16]], [14, []], [16, []], [28, []], [26, []], [3, [3, 19]], [19, []]], [[0, []], [7, [7]], [29, [29, 6, 2]], [2, []], [5, [5, 27, 15]], [6, []], [24, [13, 24, 1]], [13, []], [1, []], [27, [21, 9]], [21, []], [15, []], [9, []], [22, [22, 4]], [4, []]]], [[[7, [7]]], [[25, [25]]], [[17, [17, 20, 8, 10]]], [[29, [29, 6, 2]]], [[12, [12]]], [[5, [5, 27, 15]]], [[30, [30, 23, 11]]], [[24, [13, 24, 1]]], [[27, [21, 9]]], [[18, [18, 14, 28, 26, 16]]], [[22, [22, 4]]], [[3, [3, 19]]]]],