{"file_name": "U_30_0", "number_of_trucks": 2, "drone_capacity": 10, "number_of_drones": 2, "iteration": 1, "best_fitness": 291.3466849816781, "runtime": 1230.4489221572876, "best_solution": [[[[0, [19, 25, 27, 2, 5]], [10, [10, 9, 26]], [9, []], [26, []], [29, [29, 24, 30, 15, 1, 23]], [19, []], [24, []], [30, []], [25, []], [5, []], [2, []], [15, []], [27, []], [1, []], [23, []]], [[0, []], [16, [16, 6, 18, 4, 14, 28, 17, 13]], [4, []], [14, []], [17, []], [13, []], [6, []], [18, []], [28, []], [12, [12, 21, 8, 3, 20, 11, 7, 22]], [8, []], [21, []], [3, []], [20, []], [7, []], [11, []], [22, []]]], [[[10, [10, 9, 26]]], [[16, [16, 6, 18, 4, 14, 28, 17, 13]]], [[29, [29, 24, 30, 15, 1, 23]]], [[12, [12, 21, 8, 3, 20, 11, 7, 22]]]]], "all_solution": [[[[[0, [19, 25, 27, 2, 5]], [10, [10, 9, 26]], [9, []], [26, []], [29, [29, 24, 30, 15, 1, 23]], [19, []], [24, []], [30, []], [25, []], [5, []], [2, []], [15, []], [27, []], [1, []], [23, []]], [[0, []], [16, [16, 6, 18, 4, 14, 28, 17, 13]], [4, []], [14, []], [17, []], [13, []], [6, []], [18, []], [28, []], [12, [12, 21, 8, 3, 20, 11, 7, 22]], [8, []], [21, []], [3, []], [20, []], [7, []], [11, []], [22, []]]], [[[10, [10, 9, 26]]], [[16, [16, 6, 18, 4, 14, 28, 17, 13]]], [[29, [29, 24, 30, 15, 1, 23]]], [[12, [12, 21, 8, 3, 20, 11, 7, 22]]]]]], "Numrun": 5, "all_fitness": [291.3466849816781]}
{"file_name": "U_30_0", "number_of_trucks": 2, "drone_capacity": 10, "number_of_drones": 2, "iteration": 2, "best_fitness": 281.4232208380494, "runtime": 1524.042714357376, "best_solution": [[[[0, []], [27, [27, 2, 19, 5, 25, 9]], [5, []], [2, []], [15, [15, 1, 23, 10, 26]], [23, []], [1, []], [29, [29, 12, 24, 30]], [19, []], [24, []], [30, []], [25, []], [12, []], [10, []], [26, []], [9, []]], [[0, [18, 28]], [4, [13, 4, 17, 3, 22, 16]], [16, []], [22, []], [7, [7, 14, 11, 20, 8, 21, 6]], [11, []], [20, []], [14, []], [17, []], [13, []], [6, []], [8, []], [21, []], [3, []], [18, []], [28, []]]], [[[27, [27, 2, 19, 5, 25, 9]]], [[4, [13, 4, 17, 3, 22, 16]]], [[15, [15, 1, 23, 10, 26]]], [[7, [7, 14, 11, 20, 8, 21, 6]]], [[29, [29, 12, 24, 30]]]]], "all_solution": [[[[[0, [19, 25, 27, 2, 5]], [10, [10, 9, 26]], [9, []], [26, []], [29, [29, 24, 30, 15, 1, 23]], [19, []], [24, []], [30, []], [25, []], [5, []], [2, []], [15, []], [27, []], [1, []], [23, []]], [[0, []], [16, [16, 6, 18, 4, 14, 28, 17, 13]], [4, []], [14, []], [17, []], [13, []], [6, []], [18, []], [28, []], [12, [12, 21, 8, 3, 20, 11, 7, 22]], [8, []], [21, []], [3, []], [20, []], [7, []], [11, []], [22, []]]], [[[10, [10, 9, 26]]], [[16, [16, 6, 18, 4, 14, 28, 17, 13]]], [[29, [29, 24, 30, 15, 1, 23]]], [[12, [12, 21, 8, 3, 20, 11, 7, 22]]]]], [[[[0, []], [27, [27, 2, 19, 5, 25, 9]], [5, []], [2, []], [15, [15, 1, 23, 10, 26]], [23, []], [1, []], [29, [29, 12, 24, 30]], [19, []], [24, []], [30, []], [25, []], [12, []], [10, []], [26, []], [9, []]], [[0, [18, 28]], [4, [13, 4, 17, 3, 22, 16]], [16, []], [22, []], [7, [7, 14, 11, 20, 8, 21, 6]], [11, []], [20, []], [14, []], [17, []], [13, []], [6, []], [8, []], [21, []], [3, []], [18, []], [28, []]]], [[[27, [27, 2, 19, 5, 25, 9]]], [[4, [13, 4, 17, 3, 22, 16]]], [[15, [15, 1, 23, 10, 26]]], [[7, [7, 14, 11, 20, 8, 21, 6]]], [[29, [29, 12, 24, 30]]]]]], "Numrun": 5, "all_fitness": [291.3466849816781, 281.4232208380494]}
{"file_name": "U_30_0", "number_of_trucks": 2, "drone_capacity": 10, "number_of_drones": 2, "iteration": 3, "best_fitness": 289.6212966634994, "runtime": 883.9738824367523, "best_solution": [[[[0, [2, 5, 19, 25, 27]], [27, []], [23, [23, 15, 26, 1, 9, 10]], [15, []], [26, []], [9, []], [10, []], [12, [12, 30, 24, 29]], [25, []], [30, []], [24, []], [19, []], [29, []], [5, []], [2, []], [1, []]], [[0, [14]], [28, [6, 28, 18, 4, 16, 17, 13]], [18, []], [4, []], [16, []], [14, []], [17, [7, 11, 21, 3, 8, 22, 20]], [13, []], [6, []], [21, []], [3, []], [8, []], [22, []], [20, []], [7, []], [11, []]]], [[[28, [6, 28, 18, 4, 16, 17, 13]]], [[23, [23, 15, 26, 1, 9, 10]]], [[12, [12, 30, 24, 29]]], [[17, [7, 11, 21, 3, 8, 22, 20]]]]], "all_solution": [[[[[0, [19, 25, 27, 2, 5]], [10, [10, 9, 26]], [9, []], [26, []], [29, [29, 24, 30, 15, 1, 23]], [19, []], [24, []], [30, []], [25, []], [5, []], [2, []], [15, []], [27, []], [1, []], [23, []]], [[0, []], [16, [16, 6, 18, 4, 14, 28, 17, 13]], [4, []], [14, []], [17, []], [13, []], [6, []], [18, []], [28, []], [12, [12, 21, 8, 3, 20, 11, 7, 22]], [8, []], [21, []], [3, []], [20, []], [7, []], [11, []], [22, []]]], [[[10, [10, 9, 26]]], [[16, [16, 6, 18, 4, 14, 28, 17, 13]]], [[29, [29, 24, 30, 15, 1, 23]]], [[12, [12, 21, 8, 3, 20, 11, 7, 22]]]]], [[[[0, []], [27, [27, 2, 19, 5, 25, 9]], [5, []], [2, []], [15, [15, 1, 23, 10, 26]], [23, []], [1, []], [29, [29, 12, 24, 30]], [19, []], [24, []], [30, []], [25, []], [12, []], [10, []], [26, []], [9, []]], [[0, [18, 28]], [4, [13, 4, 17, 3, 22, 16]], [16, []], [22, []], [7, [7, 14, 11, 20, 8, 21, 6]], [11, []], [20, []], [14, []], [17, []], [13, []], [6, []], [8, []], [21, []], [3, []], [18, []], [28, []]]], [[[27, [27, 2, 19, 5, 25, 9]]], [[4, [13, 4, 17, 3, 22, 16]]], [[15, [15, 1, 23, 10, 26]]], [[7, [7, 14, 11, 20, 8, 21, 6]]], [[29, [29, 12, 24, 30]]]]], [[[[0, [2, 5, 19, 25, 27]], [27, []], [23, [23, 15, 26, 1, 9, 10]], [15, []], [26, []], [9, []], [10, []], [12, [12, 30, 24, 29]], [25, []], [30, []], [24, []], [19, []], [29, []], [5, []], [2, []], [1, []]], [[0, [14]], [28, [6, 28, 18, 4, 16, 17, 13]], [18, []], [4, []], [16, []], [14, []], [17, [7, 11, 21, 3, 8, 22, 20]], [13, []], [6, []], [21, []], [3, []], [8, []], [22, []], [20, []], [7, []], [11, []]]], [[[28, [6, 28, 18, 4, 16, 17, 13]]], [[23, [23, 15, 26, 1, 9, 10]]], [[12, [12, 30, 24, 29]]], [[17, [7, 11, 21, 3, 8, 22, 20]]]]]], "Numrun": 5, "all_fitness": [291.3466849816781, 281.4232208380494, 289.6212966634994]}
{"file_name": "U_30_0", "number_of_trucks": 2, "drone_capacity": 10, "number_of_drones": 2, "iteration": 4, "best_fitness": 316.83673450165077, "runtime": 14.795199394226074, "best_solution": [[[[0, [17, 18, 28, 9]], [17, []], [18, []], [28, []], [9, []], [10, [10, 26, 2, 1, 27, 15, 22, 7, 20, 11]], [26, []], [2, []], [1, []], [27, []], [15, []], [22, []], [7, []], [20, []], [11, []]], [[0, [16, 4, 14, 13, 6]], [16, []], [4, [8]], [14, []], [13, []], [6, []], [8, []], [3, [3, 21, 24, 12, 25, 30, 19, 29, 5, 23]], [21, []], [24, []], [12, []], [25, []], [30, []], [19, []], [29, []], [5, []], [23, []]]], [[[4, [8]]], [[10, [10, 26, 2, 1, 27, 15, 22, 7, 20, 11]]], [[3, [3, 21, 24, 12, 25, 30, 19, 29, 5, 23]]]]],