{"file_name": "U_30_1", "number_of_trucks": 2, "drone_capacity": 10, "number_of_drones": 2, "iteration": 1, "best_fitness": 341.88052990852987, "runtime": 1277.5680491924286, "best_solution": [[[[0, [1, 15, 25, 20]], [25, []], [13, [13, 27]], [1, []], [20, []], [15, []], [3, [3, 26, 28, 19, 12]], [26, []], [28, []], [12, []], [27, []], [10, [10, 21, 8]], [21, []], [8, []], [19, []]], [[0, [29, 18, 24, 6, 14]], [24, [22, 2]], [6, []], [14, []], [18, []], [29, []], [22, []], [2, []], [30, [30, 23, 7, 5, 17, 11, 9]], [11, []], [23, []], [4, [4, 16]], [9, []], [16, []], [7, []], [5, []], [17, []]]], [[[24, [22, 2]]], [[13, [13, 27]]], [[3, [3, 26, 28, 19, 12]]], [[30, [30, 23, 7, 5, 17, 11, 9]]], [[4, [4, 16]]], [[10, [10, 21, 8]]]]], "all_solution": [[[[[0, [1, 15, 25, 20]], [25, []], [13, [13, 27]], [1, []], [20, []], [15, []], [3, [3, 26, 28, 19, 12]], [26, []], [28, []], [12, []], [27, []], [10, [10, 21, 8]], [21, []], [8, []], [19, []]], [[0, [29, 18, 24, 6, 14]], [24, [22, 2]], [6, []], [14, []], [18, []], [29, []], [22, []], [2, []], [30, [30, 23, 7, 5, 17, 11, 9]], [11, []], [23, []], [4, [4, 16]], [9, []], [16, []], [7, []], [5, []], [17, []]]], [[[24, [22, 2]]], [[13, [13, 27]]], [[3, [3, 26, 28, 19, 12]]], [[30, [30, 23, 7, 5, 17, 11, 9]]], [[4, [4, 16]]], [[10, [10, 21, 8]]]]]], "Numrun": 5, "all_fitness": [341.88052990852987]}
{"file_name": "U_30_1", "number_of_trucks": 2, "drone_capacity": 10, "number_of_drones": 2, "iteration": 2, "best_fitness": 341.19000694203316, "runtime": 1081.4521582126617, "best_solution": [[[[0, [24, 25, 6, 20]], [25, []], [6, []], [24, []], [13, [13, 1, 27]], [1, []], [27, []], [20, []], [7, [7, 3, 22]], [3, []], [22, []], [16, [16, 9, 4, 5, 19, 17, 23]], [9, []], [23, []], [4, []], [5, []], [19, []], [17, []]], [[0, [29, 2, 15, 18, 14]], [18, []], [14, []], [15, []], [29, []], [2, []], [30, [30, 11, 26, 28, 12]], [11, []], [26, []], [28, []], [8, [8, 21, 10]], [12, []], [21, []], [10, []]]], [[[13, [13, 1, 27]]], [[30, [30, 11, 26, 28, 12]]], [[7, [7, 3, 22]]], [[16, [16, 9, 4, 5, 19, 17, 23]]], [[8, [8, 21, 10]]]]], "all_solution": [[[[[0, [1, 15, 25, 20]], [25, []], [13, [13, 27]], [1, []], [20, []], [15, []], [3, [3, 26, 28, 19, 12]], [26, []], [28, []], [12, []], [27, []], [10, [10, 21, 8]], [21, []], [8, []], [19, []]], [[0, [29, 18, 24, 6, 14]], [24, [22, 2]], [6, []], [14, []], [18, []], [29, []], [22, []], [2, []], [30, [30, 23, 7, 5, 17, 11, 9]], [11, []], [23, []], [4, [4, 16]], [9, []], [16, []], [7, []], [5, []], [17, []]]], [[[24, [22, 2]]], [[13, [13, 27]]], [[3, [3, 26, 28, 19, 12]]], [[30, [30, 23, 7, 5, 17, 11, 9]]], [[4, [4, 16]]], [[10, [10, 21, 8]]]]], [[[[0, [24, 25, 6, 20]], [25, []], [6, []], [24, []], [13, [13, 1, 27]], [1, []], [27, []], [20, []], [7, [7, 3, 22]], [3, []], [22, []], [16, [16, 9, 4, 5, 19, 17, 23]], [9, []], [23, []], [4, []], [5, []], [19, []], [17, []]], [[0, [29, 2, 15, 18, 14]], [18, []], [14, []], [15, []], [29, []], [2, []], [30, [30, 11, 26, 28, 12]], [11, []], [26, []], [28, []], [8, [8, 21, 10]], [12, []], [21, []], [10, []]]], [[[13, [13, 1, 27]]], [[30, [30, 11, 26, 28, 12]]], [[7, [7, 3, 22]]], [[16, [16, 9, 4, 5, 19, 17, 23]]], [[8, [8, 21, 10]]]]]], "Numrun": 5, "all_fitness": [341.88052990852987, 341.19000694203316]}
{"file_name": "U_30_1", "number_of_trucks": 2, "drone_capacity": 10, "number_of_drones": 2, "iteration": 3, "best_fitness": 340.3748403342182, "runtime": 1296.5170912742615, "best_solution": [[[[0, [18, 22, 2, 25, 29, 20, 24]], [25, []], [24, []], [20, []], [18, []], [23, [23, 26, 28, 12]], [22, []], [2, []], [29, []], [26, []], [28, []], [12, []], [21, [21, 10, 8]], [10, []], [8, []]], [[0, [6, 14, 15, 1]], [6, []], [1, []], [13, [13]], [27, [27, 3]], [14, []], [15, []], [3, []], [5, [5, 9, 7, 19, 17, 11, 30]], [11, []], [30, []], [4, [4, 16]], [9, []], [16, []], [7, []], [19, []], [17, []]]], [[[13, [13]]], [[27, [27, 3]]], [[23, [23, 26, 28, 12]]], [[5, [5, 9, 7, 19, 17, 11, 30]]], [[4, [4, 16]]], [[21, [21, 10, 8]]]]], "all_solution": [[[[[0, [1, 15, 25, 20]], [25, []], [13, [13, 27]], [1, []], [20, []], [15, []], [3, [3, 26, 28, 19, 12]], [26, []], [28, []], [12, []], [27, []], [10, [10, 21, 8]], [21, []], [8, []], [19, []]], [[0, [29, 18, 24, 6, 14]], [24, [22, 2]], [6, []], [14, []], [18, []], [29, []], [22, []], [2, []], [30, [30, 23, 7, 5, 17, 11, 9]], [11, []], [23, []], [4, [4, 16]], [9, []], [16, []], [7, []], [5, []], [17, []]]], [[[24, [22, 2]]], [[13, [13, 27]]], [[3, [3, 26, 28, 19, 12]]], [[30, [30, 23, 7, 5, 17, 11, 9]]], [[4, [4, 16]]], [[10, [10, 21, 8]]]]], [[[[0, [24, 25, 6, 20]], [25, []], [6, []], [24, []], [13, [13, 1, 27]], [1, []], [27, []], [20, []], [7, [7, 3, 22]], [3, []], [22, []], [16, [16, 9, 4, 5, 19, 17, 23]], [9, []], [23, []], [4, []], [5, []], [19, []], [17, []]], [[0, [29, 2, 15, 18, 14]], [18, []], [14, []], [15, []], [29, []], [2, []], [30, [30, 11, 26, 28, 12]], [11, []], [26, []], [28, []], [8, [8, 21, 10]], [12, []], [21, []], [10, []]]], [[[13, [13, 1, 27]]], [[30, [30, 11, 26, 28, 12]]], [[7, [7, 3, 22]]], [[16, [16, 9, 4, 5, 19, 17, 23]]], [[8, [8, 21, 10]]]]], [[[[0, [18, 22, 2, 25, 29, 20, 24]], [25, []], [24, []], [20, []], [18, []], [23, [23, 26, 28, 12]], [22, []], [2, []], [29, []], [26, []], [28, []], [12, []], [21, [21, 10, 8]], [10, []], [8, []]], [[0, [6, 14, 15, 1]], [6, []], [1, []], [13, [13]], [27, [27, 3]], [14, []], [15, []], [3, []], [5, [5, 9, 7, 19, 17, 11, 30]], [11, []], [30, []], [4, [4, 16]], [9, []], [16, []], [7, []], [19, []], [17, []]]], [[[13, [13]]], [[27, [27, 3]]], [[23, [23, 26, 28, 12]]], [[5, [5, 9, 7, 19, 17, 11, 30]]], [[4, [4, 16]]], [[21, [21, 10, 8]]]]]], "Numrun": 5, "all_fitness": [341.88052990852987, 341.19000694203316, 340.3748403342182]}
{"file_name": "U_30_1", "number_of_trucks": 2, "drone_capacity": 10, "number_of_drones": 2, "iteration": 4, "best_fitness": 405.2400000000001, "runtime": 16.508183479309082, "best_solution": [[[[0, [18, 13, 24, 20]], [18, []], [13, []], [24, []], [20, []], [11, [11, 30, 23, 1, 6, 17, 19, 5]], [30, []], [23, []], [1, [4, 7]], [6, []], [17, []], [19, []], [5, []], [4, []], [7, []]], [[0, [14]], [14, []], [2, [2, 29, 3, 15, 22]], [29, []], [3, []], [15, []], [22, []], [28, [28, 26, 9]], [26, []], [9, []], [16, [16, 27, 10, 21, 12, 8, 25]], [27, []], [10, []], [21, []], [12, []], [8, []], [25, []]]], [[[11, [11, 30, 23, 1, 6, 17, 19, 5]]], [[2, [2, 29, 3, 15, 22]]], [[28, [28, 26, 9]]], [[1, [4, 7]]], [[16, [16, 27, 10, 21, 12, 8, 25]]]]],