{"file_name": "U_30_1", "number_of_trucks": 2, "drone_capacity": 10, "number_of_drones": 2, "iteration": 1, "best_fitness": 466.61972972802783, "runtime": 1016.6185832023621, "best_solution": [[[[0, [24, 13, 9, 4, 10]], [13, []], [9, []], [4, []], [10, []], [24, []], [6, [6, 26, 2, 5]], [26, []], [2, []], [27, [27, 12, 19]], [19, []], [5, []], [17, [17, 1]], [1, []], [12, []]], [[0, [18, 8]], [8, []], [18, []], [15, [15, 21, 22]], [21, []], [16, [16, 29, 11, 25, 7]], [11, []], [29, []], [25, []], [22, []], [7, []], [28, [28, 30, 3, 14]], [14, []], [30, []], [3, []], [23, [23, 20]], [20, []]]], [[[15, [15, 21, 22]]], [[16, [16, 29, 11, 25, 7]]], [[6, [6, 26, 2, 5]]], [[28, [28, 30, 3, 14]]], [[27, [27, 12, 19]]], [[17, [17, 1]]], [[23, [23, 20]]]]], "all_solution": [[[[[0, [24, 13, 9, 4, 10]], [13, []], [9, []], [4, []], [10, []], [24, []], [6, [6, 26, 2, 5]], [26, []], [2, []], [27, [27, 12, 19]], [19, []], [5, []], [17, [17, 1]], [1, []], [12, []]], [[0, [18, 8]], [8, []], [18, []], [15, [15, 21, 22]], [21, []], [16, [16, 29, 11, 25, 7]], [11, []], [29, []], [25, []], [22, []], [7, []], [28, [28, 30, 3, 14]], [14, []], [30, []], [3, []], [23, [23, 20]], [20, []]]], [[[15, [15, 21, 22]]], [[16, [16, 29, 11, 25, 7]]], [[6, [6, 26, 2, 5]]], [[28, [28, 30, 3, 14]]], [[27, [27, 12, 19]]], [[17, [17, 1]]], [[23, [23, 20]]]]]], "Numrun": 5, "all_fitness": [466.61972972802783]}
{"file_name": "U_30_1", "number_of_trucks": 2, "drone_capacity": 10, "number_of_drones": 2, "iteration": 2, "best_fitness": 468.67464905991966, "runtime": 845.0330636501312, "best_solution": [[[[0, [13]], [13, []], [8, [8, 15, 21, 18, 11]], [16, [16, 29]], [15, []], [21, []], [18, []], [11, []], [29, []], [14, [14, 28, 27, 30, 22]], [28, []], [22, []], [30, []], [3, [3, 20]], [27, []], [23, [23]], [20, []]], [[0, [9, 4, 10]], [9, []], [24, [24]], [4, []], [10, []], [7, [7]], [25, [6, 5, 25, 2, 26]], [2, []], [26, []], [6, []], [5, []], [17, [17, 19, 1, 12]], [19, []], [1, []], [12, []]]], [[[24, [24]]], [[8, [8, 15, 21, 18, 11]]], [[16, [16, 29]]], [[7, [7]]], [[25, [6, 5, 25, 2, 26]]], [[14, [14, 28, 27, 30, 22]]], [[3, [3, 20]]], [[17, [17, 19, 1, 12]]], [[23, [23]]]]], "all_solution": [[[[[0, [24, 13, 9, 4, 10]], [13, []], [9, []], [4, []], [10, []], [24, []], [6, [6, 26, 2, 5]], [26, []], [2, []], [27, [27, 12, 19]], [19, []], [5, []], [17, [17, 1]], [1, []], [12, []]], [[0, [18, 8]], [8, []], [18, []], [15, [15, 21, 22]], [21, []], [16, [16, 29, 11, 25, 7]], [11, []], [29, []], [25, []], [22, []], [7, []], [28, [28, 30, 3, 14]], [14, []], [30, []], [3, []], [23, [23, 20]], [20, []]]], [[[15, [15, 21, 22]]], [[16, [16, 29, 11, 25, 7]]], [[6, [6, 26, 2, 5]]], [[28, [28, 30, 3, 14]]], [[27, [27, 12, 19]]], [[17, [17, 1]]], [[23, [23, 20]]]]], [[[[0, [13]], [13, []], [8, [8, 15, 21, 18, 11]], [16, [16, 29]], [15, []], [21, []], [18, []], [11, []], [29, []], [14, [14, 28, 27, 30, 22]], [28, []], [22, []], [30, []], [3, [3, 20]], [27, []], [23, [23]], [20, []]], [[0, [9, 4, 10]], [9, []], [24, [24]], [4, []], [10, []], [7, [7]], [25, [6, 5, 25, 2, 26]], [2, []], [26, []], [6, []], [5, []], [17, [17, 19, 1, 12]], [19, []], [1, []], [12, []]]], [[[24, [24]]], [[8, [8, 15, 21, 18, 11]]], [[16, [16, 29]]], [[7, [7]]], [[25, [6, 5, 25, 2, 26]]], [[14, [14, 28, 27, 30, 22]]], [[3, [3, 20]]], [[17, [17, 19, 1, 12]]], [[23, [23]]]]]], "Numrun": 5, "all_fitness": [466.61972972802783, 468.67464905991966]}
{"file_name": "U_30_1", "number_of_trucks": 2, "drone_capacity": 10, "number_of_drones": 2, "iteration": 3, "best_fitness": 466.61972972802783, "runtime": 989.8637251853943, "best_solution": [[[[0, [18, 4, 10]], [18, []], [2, [2, 11, 7]], [11, [14, 25, 22]], [7, []], [14, []], [22, []], [28, [28, 30, 3]], [30, []], [3, []], [25, []], [4, []], [10, []], [23, [23, 20]], [20, []]], [[0, [13]], [13, []], [9, [9, 24]], [24, []], [8, [8, 16, 15, 21]], [16, []], [15, []], [21, []], [6, [6, 5, 26, 29]], [26, []], [29, []], [27, [27, 19, 12]], [19, []], [5, []], [17, [17, 1]], [1, []], [12, []]]], [[[9, [9, 24]]], [[8, [8, 16, 15, 21]]], [[2, [2, 11, 7]]], [[6, [6, 5, 26, 29]]], [[11, [14, 25, 22]]], [[28, [28, 30, 3]]], [[27, [27, 19, 12]]], [[17, [17, 1]]], [[23, [23, 20]]]]], "all_solution": [[[[[0, [24, 13, 9, 4, 10]], [13, []], [9, []], [4, []], [10, []], [24, []], [6, [6, 26, 2, 5]], [26, []], [2, []], [27, [27, 12, 19]], [19, []], [5, []], [17, [17, 1]], [1, []], [12, []]], [[0, [18, 8]], [8, []], [18, []], [15, [15, 21, 22]], [21, []], [16, [16, 29, 11, 25, 7]], [11, []], [29, []], [25, []], [22, []], [7, []], [28, [28, 30, 3, 14]], [14, []], [30, []], [3, []], [23, [23, 20]], [20, []]]], [[[15, [15, 21, 22]]], [[16, [16, 29, 11, 25, 7]]], [[6, [6, 26, 2, 5]]], [[28, [28, 30, 3, 14]]], [[27, [27, 12, 19]]], [[17, [17, 1]]], [[23, [23, 20]]]]], [[[[0, [13]], [13, []], [8, [8, 15, 21, 18, 11]], [16, [16, 29]], [15, []], [21, []], [18, []], [11, []], [29, []], [14, [14, 28, 27, 30, 22]], [28, []], [22, []], [30, []], [3, [3, 20]], [27, []], [23, [23]], [20, []]], [[0, [9, 4, 10]], [9, []], [24, [24]], [4, []], [10, []], [7, [7]], [25, [6, 5, 25, 2, 26]], [2, []], [26, []], [6, []], [5, []], [17, [17, 19, 1, 12]], [19, []], [1, []], [12, []]]], [[[24, [24]]], [[8, [8, 15, 21, 18, 11]]], [[16, [16, 29]]], [[7, [7]]], [[25, [6, 5, 25, 2, 26]]], [[14, [14, 28, 27, 30, 22]]], [[3, [3, 20]]], [[17, [17, 19, 1, 12]]], [[23, [23]]]]], [[[[0, [18, 4, 10]], [18, []], [2, [2, 11, 7]], [11, [14, 25, 22]], [7, []], [14, []], [22, []], [28, [28, 30, 3]], [30, []], [3, []], [25, []], [4, []], [10, []], [23, [23, 20]], [20, []]], [[0, [13]], [13, []], [9, [9, 24]], [24, []], [8, [8, 16, 15, 21]], [16, []], [15, []], [21, []], [6, [6, 5, 26, 29]], [26, []], [29, []], [27, [27, 19, 12]], [19, []], [5, []], [17, [17, 1]], [1, []], [12, []]]], [[[9, [9, 24]]], [[8, [8, 16, 15, 21]]], [[2, [2, 11, 7]]], [[6, [6, 5, 26, 29]]], [[11, [14, 25, 22]]], [[28, [28, 30, 3]]], [[27, [27, 19, 12]]], [[17, [17, 1]]], [[23, [23, 20]]]]]], "Numrun": 5, "all_fitness": [466.61972972802783, 468.67464905991966, 466.61972972802783]}
{"file_name": "U_30_1", "number_of_trucks": 2, "drone_capacity": 10, "number_of_drones": 2, "iteration": 4, "best_fitness": 472.09756927223555, "runtime": 766.109611749649, "best_solution": [[[[0, [18, 15, 9, 24]], [9, []], [24, []], [15, []], [18, []], [11, [11, 26]], [5, [5, 6]], [6, []], [26, []], [19, [19, 17, 20]], [17, []], [20, []], [23, [23]]], [[0, [8]], [10, [10, 4]], [13, [13, 21, 16]], [22, [22, 29]], [4, []], [8, []], [21, []], [16, []], [27, [27, 2, 25, 7, 14, 28]], [29, []], [7, []], [14, []], [30, [30, 1, 3, 12]], [28, []], [3, []], [25, []], [2, []], [1, []], [12, []]]], [[[10, [10, 4]]], [[13, [13, 21, 16]]], [[22, [22, 29]]], [[11, [11, 26]]], [[5, [5, 6]]], [[27, [27, 2, 25, 7, 14, 28]]], [[30, [30, 1, 3, 12]]], [[19, [19, 17, 20]]], [[23, [23]]]]],