{"file_name": "U_30_0", "number_of_trucks": 2, "drone_capacity": 10, "number_of_drones": 2, "iteration": 1, "best_fitness": 266.67076737196976, "runtime": 1723.5179121494293, "best_solution": [[[[0, [3, 23, 6]], [3, []], [30, [30, 18, 29, 13, 11]], [18, []], [24, [24, 5, 28, 17]], [29, []], [23, []], [5, []], [13, []], [14, [14, 2, 10]], [11, []], [28, []], [17, []], [2, []], [6, []], [10, []]], [[0, [21]], [26, [26, 16, 4, 12]], [21, []], [12, []], [27, [27, 19, 8, 7, 22, 20, 15, 25]], [19, []], [4, []], [8, []], [16, []], [7, []], [25, []], [22, []], [20, []], [15, []], [9, [9, 1]], [1, []]]], [[[26, [26, 16, 4, 12]]], [[30, [30, 18, 29, 13, 11]]], [[24, [24, 5, 28, 17]]], [[27, [27, 19, 8, 7, 22, 20, 15, 25]]], [[9, [9, 1]]], [[14, [14, 2, 10]]]]], "all_solution": [[[[[0, [3, 23, 6]], [3, []], [30, [30, 18, 29, 13, 11]], [18, []], [24, [24, 5, 28, 17]], [29, []], [23, []], [5, []], [13, []], [14, [14, 2, 10]], [11, []], [28, []], [17, []], [2, []], [6, []], [10, []]], [[0, [21]], [26, [26, 16, 4, 12]], [21, []], [12, []], [27, [27, 19, 8, 7, 22, 20, 15, 25]], [19, []], [4, []], [8, []], [16, []], [7, []], [25, []], [22, []], [20, []], [15, []], [9, [9, 1]], [1, []]]], [[[26, [26, 16, 4, 12]]], [[30, [30, 18, 29, 13, 11]]], [[24, [24, 5, 28, 17]]], [[27, [27, 19, 8, 7, 22, 20, 15, 25]]], [[9, [9, 1]]], [[14, [14, 2, 10]]]]]], "Numrun": 5, "all_fitness": [266.67076737196976]}
{"file_name": "U_30_0", "number_of_trucks": 2, "drone_capacity": 10, "number_of_drones": 2, "iteration": 2, "best_fitness": 266.1334105854259, "runtime": 1093.6159482002258, "best_solution": [[[[0, [23, 21, 12]], [12, []], [21, []], [19, [19, 30, 18]], [30, []], [18, [10, 11, 13, 24, 29]], [24, []], [29, []], [23, []], [14, [14, 7, 28, 5]], [5, []], [13, []], [11, []], [28, []], [7, []], [10, []]], [[0, [6, 16, 3, 4]], [3, []], [4, []], [8, [8]], [16, []], [6, []], [2, [2, 17, 22, 25, 20, 15, 26]], [17, []], [22, []], [25, []], [20, []], [15, []], [26, []], [9, [9, 27, 1]], [1, []], [27, []]]], [[[8, [8]]], [[19, [19, 30, 18]]], [[2, [2, 17, 22, 25, 20, 15, 26]]], [[18, [10, 11, 13, 24, 29]]], [[14, [14, 7, 28, 5]]], [[9, [9, 27, 1]]]]], "all_solution": [[[[[0, [3, 23, 6]], [3, []], [30, [30, 18, 29, 13, 11]], [18, []], [24, [24, 5, 28, 17]], [29, []], [23, []], [5, []], [13, []], [14, [14, 2, 10]], [11, []], [28, []], [17, []], [2, []], [6, []], [10, []]], [[0, [21]], [26, [26, 16, 4, 12]], [21, []], [12, []], [27, [27, 19, 8, 7, 22, 20, 15, 25]], [19, []], [4, []], [8, []], [16, []], [7, []], [25, []], [22, []], [20, []], [15, []], [9, [9, 1]], [1, []]]], [[[26, [26, 16, 4, 12]]], [[30, [30, 18, 29, 13, 11]]], [[24, [24, 5, 28, 17]]], [[27, [27, 19, 8, 7, 22, 20, 15, 25]]], [[9, [9, 1]]], [[14, [14, 2, 10]]]]], [[[[0, [23, 21, 12]], [12, []], [21, []], [19, [19, 30, 18]], [30, []], [18, [10, 11, 13, 24, 29]], [24, []], [29, []], [23, []], [14, [14, 7, 28, 5]], [5, []], [13, []], [11, []], [28, []], [7, []], [10, []]], [[0, [6, 16, 3, 4]], [3, []], [4, []], [8, [8]], [16, []], [6, []], [2, [2, 17, 22, 25, 20, 15, 26]], [17, []], [22, []], [25, []], [20, []], [15, []], [26, []], [9, [9, 27, 1]], [1, []], [27, []]]], [[[8, [8]]], [[19, [19, 30, 18]]], [[2, [2, 17, 22, 25, 20, 15, 26]]], [[18, [10, 11, 13, 24, 29]]], [[14, [14, 7, 28, 5]]], [[9, [9, 27, 1]]]]]], "Numrun": 5, "all_fitness": [266.67076737196976, 266.1334105854259]}
{"file_name": "U_30_0", "number_of_trucks": 2, "drone_capacity": 10, "number_of_drones": 2, "iteration": 3, "best_fitness": 273.2012290579506, "runtime": 802.1603360176086, "best_solution": [[[[0, [21, 3, 16, 4, 12]], [12, []], [21, []], [3, []], [16, []], [4, []], [8, [8, 15, 25, 20, 26, 7, 2, 17, 22]], [7, []], [2, []], [17, []], [22, []], [25, []], [20, []], [26, []], [15, []], [9, [9, 1]], [1, []]], [[0, [6]], [6, []], [19, [18, 30, 13, 11, 19, 29, 23]], [30, []], [27, [27, 24, 10]], [18, []], [29, []], [24, []], [23, []], [14, [14, 28, 5]], [5, []], [13, []], [11, []], [28, []], [10, []]]], [[[19, [18, 30, 13, 11, 19, 29, 23]]], [[27, [27, 24, 10]]], [[8, [8, 15, 25, 20, 26, 7, 2, 17, 22]]], [[9, [9, 1]]], [[14, [14, 28, 5]]]]], "all_solution": [[[[[0, [3, 23, 6]], [3, []], [30, [30, 18, 29, 13, 11]], [18, []], [24, [24, 5, 28, 17]], [29, []], [23, []], [5, []], [13, []], [14, [14, 2, 10]], [11, []], [28, []], [17, []], [2, []], [6, []], [10, []]], [[0, [21]], [26, [26, 16, 4, 12]], [21, []], [12, []], [27, [27, 19, 8, 7, 22, 20, 15, 25]], [19, []], [4, []], [8, []], [16, []], [7, []], [25, []], [22, []], [20, []], [15, []], [9, [9, 1]], [1, []]]], [[[26, [26, 16, 4, 12]]], [[30, [30, 18, 29, 13, 11]]], [[24, [24, 5, 28, 17]]], [[27, [27, 19, 8, 7, 22, 20, 15, 25]]], [[9, [9, 1]]], [[14, [14, 2, 10]]]]], [[[[0, [23, 21, 12]], [12, []], [21, []], [19, [19, 30, 18]], [30, []], [18, [10, 11, 13, 24, 29]], [24, []], [29, []], [23, []], [14, [14, 7, 28, 5]], [5, []], [13, []], [11, []], [28, []], [7, []], [10, []]], [[0, [6, 16, 3, 4]], [3, []], [4, []], [8, [8]], [16, []], [6, []], [2, [2, 17, 22, 25, 20, 15, 26]], [17, []], [22, []], [25, []], [20, []], [15, []], [26, []], [9, [9, 27, 1]], [1, []], [27, []]]], [[[8, [8]]], [[19, [19, 30, 18]]], [[2, [2, 17, 22, 25, 20, 15, 26]]], [[18, [10, 11, 13, 24, 29]]], [[14, [14, 7, 28, 5]]], [[9, [9, 27, 1]]]]], [[[[0, [21, 3, 16, 4, 12]], [12, []], [21, []], [3, []], [16, []], [4, []], [8, [8, 15, 25, 20, 26, 7, 2, 17, 22]], [7, []], [2, []], [17, []], [22, []], [25, []], [20, []], [26, []], [15, []], [9, [9, 1]], [1, []]], [[0, [6]], [6, []], [19, [18, 30, 13, 11, 19, 29, 23]], [30, []], [27, [27, 24, 10]], [18, []], [29, []], [24, []], [23, []], [14, [14, 28, 5]], [5, []], [13, []], [11, []], [28, []], [10, []]]], [[[19, [18, 30, 13, 11, 19, 29, 23]]], [[27, [27, 24, 10]]], [[8, [8, 15, 25, 20, 26, 7, 2, 17, 22]]], [[9, [9, 1]]], [[14, [14, 28, 5]]]]]], "Numrun": 5, "all_fitness": [266.67076737196976, 266.1334105854259, 273.2012290579506]}
{"file_name": "U_30_0", "number_of_trucks": 2, "drone_capacity": 10, "number_of_drones": 2, "iteration": 4, "best_fitness": 287.29618381463115, "runtime": 17.104228973388672, "best_solution": [[[[0, []], [26, [26, 18, 29]], [18, []], [29, []], [24, [24, 23, 5, 13]], [23, []], [5, []], [13, []], [11, [11, 14, 30, 12, 27, 21]], [14, []], [30, []], [12, []], [27, []], [21, []]], [[0, [3, 16]], [3, []], [16, []], [8, [8, 6]], [19, [19, 4, 2]], [4, []], [6, []], [2, []], [17, [17, 25, 22, 28, 7, 10, 20, 15, 9, 1]], [25, []], [22, []], [28, []], [7, []], [10, []], [20, []], [15, []], [9, []], [1, []]]], [[[26, [26, 18, 29]]], [[8, [8, 6]]], [[19, [19, 4, 2]]], [[24, [24, 23, 5, 13]]], [[17, [17, 25, 22, 28, 7, 10, 20, 15, 9, 1]]], [[11, [11, 14, 30, 12, 27, 21]]]]],