{"file_name": "U_30_1", "number_of_trucks": 2, "drone_capacity": 10, "number_of_drones": 2, "iteration": 1, "best_fitness": 367.8926106725193, "runtime": 896.9424293041229, "best_solution": [[[[0, [2, 26, 4, 9, 18]], [26, []], [4, [15]], [9, []], [18, []], [19, [19, 11, 23, 8]], [11, []], [23, []], [2, []], [1, [1, 25, 10, 7, 20]], [25, []], [10, []], [8, []], [7, []], [20, []], [15, []]], [[0, [16, 3]], [28, [28]], [3, []], [16, []], [24, [24, 27, 21, 6, 29]], [27, []], [21, []], [6, []], [29, []], [13, [13, 14, 30, 17, 12, 5]], [14, []], [30, []], [17, []], [12, []], [5, []], [22, [22]]]], [[[4, [15]]], [[28, [28]]], [[24, [24, 27, 21, 6, 29]]], [[19, [19, 11, 23, 8]]], [[1, [1, 25, 10, 7, 20]]], [[13, [13, 14, 30, 17, 12, 5]]], [[22, [22]]]]], "all_solution": [[[[[0, [2, 26, 4, 9, 18]], [26, []], [4, [15]], [9, []], [18, []], [19, [19, 11, 23, 8]], [11, []], [23, []], [2, []], [1, [1, 25, 10, 7, 20]], [25, []], [10, []], [8, []], [7, []], [20, []], [15, []]], [[0, [16, 3]], [28, [28]], [3, []], [16, []], [24, [24, 27, 21, 6, 29]], [27, []], [21, []], [6, []], [29, []], [13, [13, 14, 30, 17, 12, 5]], [14, []], [30, []], [17, []], [12, []], [5, []], [22, [22]]]], [[[4, [15]]], [[28, [28]]], [[24, [24, 27, 21, 6, 29]]], [[19, [19, 11, 23, 8]]], [[1, [1, 25, 10, 7, 20]]], [[13, [13, 14, 30, 17, 12, 5]]], [[22, [22]]]]]], "Numrun": 5, "all_fitness": [367.8926106725193]}
{"file_name": "U_30_1", "number_of_trucks": 2, "drone_capacity": 10, "number_of_drones": 2, "iteration": 2, "best_fitness": 376.48003041359715, "runtime": 1033.0545525550842, "best_solution": [[[[0, [16, 4, 26, 18, 15]], [18, []], [15, []], [26, []], [16, []], [4, []], [24, [24]], [27, [27, 21, 11, 19]], [21, []], [11, []], [19, []], [7, [7, 25, 1, 10, 20]], [25, []], [10, []], [1, []], [20, []]], [[0, [3, 9]], [9, []], [28, [28, 8, 29, 2]], [3, []], [8, []], [2, []], [29, []], [13, [13, 6, 14, 30, 17, 12, 5, 23]], [6, []], [14, []], [30, []], [17, []], [12, []], [5, []], [23, []], [22, [22]]]], [[[28, [28, 8, 29, 2]]], [[24, [24]]], [[27, [27, 21, 11, 19]]], [[13, [13, 6, 14, 30, 17, 12, 5, 23]]], [[7, [7, 25, 1, 10, 20]]], [[22, [22]]]]], "all_solution": [[[[[0, [2, 26, 4, 9, 18]], [26, []], [4, [15]], [9, []], [18, []], [19, [19, 11, 23, 8]], [11, []], [23, []], [2, []], [1, [1, 25, 10, 7, 20]], [25, []], [10, []], [8, []], [7, []], [20, []], [15, []]], [[0, [16, 3]], [28, [28]], [3, []], [16, []], [24, [24, 27, 21, 6, 29]], [27, []], [21, []], [6, []], [29, []], [13, [13, 14, 30, 17, 12, 5]], [14, []], [30, []], [17, []], [12, []], [5, []], [22, [22]]]], [[[4, [15]]], [[28, [28]]], [[24, [24, 27, 21, 6, 29]]], [[19, [19, 11, 23, 8]]], [[1, [1, 25, 10, 7, 20]]], [[13, [13, 14, 30, 17, 12, 5]]], [[22, [22]]]]], [[[[0, [16, 4, 26, 18, 15]], [18, []], [15, []], [26, []], [16, []], [4, []], [24, [24]], [27, [27, 21, 11, 19]], [21, []], [11, []], [19, []], [7, [7, 25, 1, 10, 20]], [25, []], [10, []], [1, []], [20, []]], [[0, [3, 9]], [9, []], [28, [28, 8, 29, 2]], [3, []], [8, []], [2, []], [29, []], [13, [13, 6, 14, 30, 17, 12, 5, 23]], [6, []], [14, []], [30, []], [17, []], [12, []], [5, []], [23, []], [22, [22]]]], [[[28, [28, 8, 29, 2]]], [[24, [24]]], [[27, [27, 21, 11, 19]]], [[13, [13, 6, 14, 30, 17, 12, 5, 23]]], [[7, [7, 25, 1, 10, 20]]], [[22, [22]]]]]], "Numrun": 5, "all_fitness": [367.8926106725193, 376.48003041359715]}
{"file_name": "U_30_1", "number_of_trucks": 2, "drone_capacity": 10, "number_of_drones": 2, "iteration": 3, "best_fitness": 368.45730545232453, "runtime": 1016.5059130191803, "best_solution": [[[[0, [26, 16, 9, 4]], [4, []], [16, []], [26, []], [9, []], [27, [27, 24, 29, 6, 17, 12]], [24, []], [21, [21, 30, 13, 14, 5]], [6, []], [29, []], [13, []], [14, []], [30, []], [17, []], [12, []], [5, []], [22, [22]]], [[0, [18, 8, 2, 28, 3]], [15, [15]], [18, []], [28, []], [19, [19]], [3, []], [8, []], [7, [7, 23, 10, 11]], [2, []], [10, []], [25, [25, 1, 20]], [1, []], [23, []], [11, []], [20, []]]], [[[15, [15]]], [[19, [19]]], [[27, [27, 24, 29, 6, 17, 12]]], [[21, [21, 30, 13, 14, 5]]], [[7, [7, 23, 10, 11]]], [[25, [25, 1, 20]]], [[22, [22]]]]], "all_solution": [[[[[0, [2, 26, 4, 9, 18]], [26, []], [4, [15]], [9, []], [18, []], [19, [19, 11, 23, 8]], [11, []], [23, []], [2, []], [1, [1, 25, 10, 7, 20]], [25, []], [10, []], [8, []], [7, []], [20, []], [15, []]], [[0, [16, 3]], [28, [28]], [3, []], [16, []], [24, [24, 27, 21, 6, 29]], [27, []], [21, []], [6, []], [29, []], [13, [13, 14, 30, 17, 12, 5]], [14, []], [30, []], [17, []], [12, []], [5, []], [22, [22]]]], [[[4, [15]]], [[28, [28]]], [[24, [24, 27, 21, 6, 29]]], [[19, [19, 11, 23, 8]]], [[1, [1, 25, 10, 7, 20]]], [[13, [13, 14, 30, 17, 12, 5]]], [[22, [22]]]]], [[[[0, [16, 4, 26, 18, 15]], [18, []], [15, []], [26, []], [16, []], [4, []], [24, [24]], [27, [27, 21, 11, 19]], [21, []], [11, []], [19, []], [7, [7, 25, 1, 10, 20]], [25, []], [10, []], [1, []], [20, []]], [[0, [3, 9]], [9, []], [28, [28, 8, 29, 2]], [3, []], [8, []], [2, []], [29, []], [13, [13, 6, 14, 30, 17, 12, 5, 23]], [6, []], [14, []], [30, []], [17, []], [12, []], [5, []], [23, []], [22, [22]]]], [[[28, [28, 8, 29, 2]]], [[24, [24]]], [[27, [27, 21, 11, 19]]], [[13, [13, 6, 14, 30, 17, 12, 5, 23]]], [[7, [7, 25, 1, 10, 20]]], [[22, [22]]]]], [[[[0, [26, 16, 9, 4]], [4, []], [16, []], [26, []], [9, []], [27, [27, 24, 29, 6, 17, 12]], [24, []], [21, [21, 30, 13, 14, 5]], [6, []], [29, []], [13, []], [14, []], [30, []], [17, []], [12, []], [5, []], [22, [22]]], [[0, [18, 8, 2, 28, 3]], [15, [15]], [18, []], [28, []], [19, [19]], [3, []], [8, []], [7, [7, 23, 10, 11]], [2, []], [10, []], [25, [25, 1, 20]], [1, []], [23, []], [11, []], [20, []]]], [[[15, [15]]], [[19, [19]]], [[27, [27, 24, 29, 6, 17, 12]]], [[21, [21, 30, 13, 14, 5]]], [[7, [7, 23, 10, 11]]], [[25, [25, 1, 20]]], [[22, [22]]]]]], "Numrun": 5, "all_fitness": [367.8926106725193, 376.48003041359715, 368.45730545232453]}
{"file_name": "U_30_1", "number_of_trucks": 2, "drone_capacity": 10, "number_of_drones": 2, "iteration": 4, "best_fitness": 372.71763586694215, "runtime": 706.0627098083496, "best_solution": [[[[0, [3, 18, 2]], [18, []], [3, [28, 8]], [28, []], [8, []], [2, []], [17, [17, 12, 10, 19, 23, 11]], [12, []], [23, []], [10, []], [1, [1, 7, 20, 25]], [25, []], [7, []], [19, []], [20, []], [11, []]], [[0, [4, 9, 15, 26, 16]], [15, []], [4, []], [9, []], [27, [27, 24, 29, 6]], [24, []], [6, []], [29, []], [13, [13, 14, 30, 5, 21]], [14, []], [30, []], [5, []], [22, [22]], [21, []], [26, []], [16, []]]], [[[3, [28, 8]]], [[27, [27, 24, 29, 6]]], [[17, [17, 12, 10, 19, 23, 11]]], [[13, [13, 14, 30, 5, 21]]], [[1, [1, 7, 20, 25]]], [[22, [22]]]]],