{"file_name": "U_30_0", "number_of_trucks": 2, "drone_capacity": 10, "number_of_drones": 2, "iteration": 1, "best_fitness": 298.1366017376209, "runtime": 1441.1799943447113, "best_solution": [[[[0, [14, 28]], [13, [18, 13, 11, 30, 12, 29]], [14, []], [11, []], [18, []], [27, [27, 22, 7, 26, 3]], [29, []], [7, []], [28, []], [22, []], [30, []], [3, []], [26, []], [12, []]], [[0, [2, 25, 23]], [2, []], [25, []], [23, [16, 15, 21, 8, 19]], [16, []], [15, []], [21, []], [8, []], [19, []], [5, [5, 10, 4, 9, 24, 17, 1, 20, 6]], [17, []], [20, []], [10, []], [4, []], [1, []], [9, []], [6, []], [24, []]]], [[[13, [18, 13, 11, 30, 12, 29]]], [[23, [16, 15, 21, 8, 19]]], [[27, [27, 22, 7, 26, 3]]], [[5, [5, 10, 4, 9, 24, 17, 1, 20, 6]]]]], "all_solution": [[[[[0, [14, 28]], [13, [18, 13, 11, 30, 12, 29]], [14, []], [11, []], [18, []], [27, [27, 22, 7, 26, 3]], [29, []], [7, []], [28, []], [22, []], [30, []], [3, []], [26, []], [12, []]], [[0, [2, 25, 23]], [2, []], [25, []], [23, [16, 15, 21, 8, 19]], [16, []], [15, []], [21, []], [8, []], [19, []], [5, [5, 10, 4, 9, 24, 17, 1, 20, 6]], [17, []], [20, []], [10, []], [4, []], [1, []], [9, []], [6, []], [24, []]]], [[[13, [18, 13, 11, 30, 12, 29]]], [[23, [16, 15, 21, 8, 19]]], [[27, [27, 22, 7, 26, 3]]], [[5, [5, 10, 4, 9, 24, 17, 1, 20, 6]]]]]], "Numrun": 5, "all_fitness": [298.1366017376209]}
{"file_name": "U_30_0", "number_of_trucks": 2, "drone_capacity": 10, "number_of_drones": 2, "iteration": 2, "best_fitness": 298.4588242473772, "runtime": 1142.0436565876007, "best_solution": [[[[0, [14, 15, 25, 2]], [25, []], [2, []], [11, [11, 16, 21, 18, 29, 28]], [16, []], [15, []], [21, []], [18, []], [27, [27, 7, 4, 26, 22]], [29, []], [7, []], [14, []], [28, []], [22, []], [4, []], [26, []]], [[0, []], [12, [12, 13, 8, 23, 30]], [13, []], [30, []], [3, [3, 19, 6]], [10, [10, 1, 24, 17, 9, 20, 5]], [20, []], [23, []], [17, []], [5, []], [8, []], [19, []], [1, []], [6, []], [24, []], [9, []]]], [[[11, [11, 16, 21, 18, 29, 28]]], [[12, [12, 13, 8, 23, 30]]], [[3, [3, 19, 6]]], [[10, [10, 1, 24, 17, 9, 20, 5]]], [[27, [27, 7, 4, 26, 22]]]]], "all_solution": [[[[[0, [14, 28]], [13, [18, 13, 11, 30, 12, 29]], [14, []], [11, []], [18, []], [27, [27, 22, 7, 26, 3]], [29, []], [7, []], [28, []], [22, []], [30, []], [3, []], [26, []], [12, []]], [[0, [2, 25, 23]], [2, []], [25, []], [23, [16, 15, 21, 8, 19]], [16, []], [15, []], [21, []], [8, []], [19, []], [5, [5, 10, 4, 9, 24, 17, 1, 20, 6]], [17, []], [20, []], [10, []], [4, []], [1, []], [9, []], [6, []], [24, []]]], [[[13, [18, 13, 11, 30, 12, 29]]], [[23, [16, 15, 21, 8, 19]]], [[27, [27, 22, 7, 26, 3]]], [[5, [5, 10, 4, 9, 24, 17, 1, 20, 6]]]]], [[[[0, [14, 15, 25, 2]], [25, []], [2, []], [11, [11, 16, 21, 18, 29, 28]], [16, []], [15, []], [21, []], [18, []], [27, [27, 7, 4, 26, 22]], [29, []], [7, []], [14, []], [28, []], [22, []], [4, []], [26, []]], [[0, []], [12, [12, 13, 8, 23, 30]], [13, []], [30, []], [3, [3, 19, 6]], [10, [10, 1, 24, 17, 9, 20, 5]], [20, []], [23, []], [17, []], [5, []], [8, []], [19, []], [1, []], [6, []], [24, []], [9, []]]], [[[11, [11, 16, 21, 18, 29, 28]]], [[12, [12, 13, 8, 23, 30]]], [[3, [3, 19, 6]]], [[10, [10, 1, 24, 17, 9, 20, 5]]], [[27, [27, 7, 4, 26, 22]]]]]], "Numrun": 5, "all_fitness": [298.1366017376209, 298.4588242473772]}
{"file_name": "U_30_0", "number_of_trucks": 2, "drone_capacity": 10, "number_of_drones": 2, "iteration": 3, "best_fitness": 301.6003806091754, "runtime": 1063.388407945633, "best_solution": [[[[0, [25]], [25, []], [2, [13, 30, 2, 14, 28]], [13, []], [3, [3]], [14, []], [28, []], [22, [22, 20, 27, 11, 7, 4, 26, 29]], [30, []], [7, []], [29, []], [27, []], [11, []], [20, []], [4, []], [26, []]], [[0, [15, 23]], [18, [18, 12, 16, 21]], [15, []], [16, []], [21, []], [17, [17, 5, 8, 19, 6]], [5, []], [8, []], [19, []], [23, []], [10, [10, 1, 24, 9]], [1, []], [6, []], [24, []], [9, []], [12, []]]], [[[18, [18, 12, 16, 21]]], [[2, [13, 30, 2, 14, 28]]], [[3, [3]]], [[17, [17, 5, 8, 19, 6]]], [[22, [22, 20, 27, 11, 7, 4, 26, 29]]], [[10, [10, 1, 24, 9]]]]], "all_solution": [[[[[0, [14, 28]], [13, [18, 13, 11, 30, 12, 29]], [14, []], [11, []], [18, []], [27, [27, 22, 7, 26, 3]], [29, []], [7, []], [28, []], [22, []], [30, []], [3, []], [26, []], [12, []]], [[0, [2, 25, 23]], [2, []], [25, []], [23, [16, 15, 21, 8, 19]], [16, []], [15, []], [21, []], [8, []], [19, []], [5, [5, 10, 4, 9, 24, 17, 1, 20, 6]], [17, []], [20, []], [10, []], [4, []], [1, []], [9, []], [6, []], [24, []]]], [[[13, [18, 13, 11, 30, 12, 29]]], [[23, [16, 15, 21, 8, 19]]], [[27, [27, 22, 7, 26, 3]]], [[5, [5, 10, 4, 9, 24, 17, 1, 20, 6]]]]], [[[[0, [14, 15, 25, 2]], [25, []], [2, []], [11, [11, 16, 21, 18, 29, 28]], [16, []], [15, []], [21, []], [18, []], [27, [27, 7, 4, 26, 22]], [29, []], [7, []], [14, []], [28, []], [22, []], [4, []], [26, []]], [[0, []], [12, [12, 13, 8, 23, 30]], [13, []], [30, []], [3, [3, 19, 6]], [10, [10, 1, 24, 17, 9, 20, 5]], [20, []], [23, []], [17, []], [5, []], [8, []], [19, []], [1, []], [6, []], [24, []], [9, []]]], [[[11, [11, 16, 21, 18, 29, 28]]], [[12, [12, 13, 8, 23, 30]]], [[3, [3, 19, 6]]], [[10, [10, 1, 24, 17, 9, 20, 5]]], [[27, [27, 7, 4, 26, 22]]]]], [[[[0, [25]], [25, []], [2, [13, 30, 2, 14, 28]], [13, []], [3, [3]], [14, []], [28, []], [22, [22, 20, 27, 11, 7, 4, 26, 29]], [30, []], [7, []], [29, []], [27, []], [11, []], [20, []], [4, []], [26, []]], [[0, [15, 23]], [18, [18, 12, 16, 21]], [15, []], [16, []], [21, []], [17, [17, 5, 8, 19, 6]], [5, []], [8, []], [19, []], [23, []], [10, [10, 1, 24, 9]], [1, []], [6, []], [24, []], [9, []], [12, []]]], [[[18, [18, 12, 16, 21]]], [[2, [13, 30, 2, 14, 28]]], [[3, [3]]], [[17, [17, 5, 8, 19, 6]]], [[22, [22, 20, 27, 11, 7, 4, 26, 29]]], [[10, [10, 1, 24, 9]]]]]], "Numrun": 5, "all_fitness": [298.1366017376209, 298.4588242473772, 301.6003806091754]}
{"file_name": "U_30_0", "number_of_trucks": 2, "drone_capacity": 10, "number_of_drones": 2, "iteration": 4, "best_fitness": 337.4208660580347, "runtime": 15.560087442398071, "best_solution": [[[[0, [25, 14, 28, 29, 16]], [25, []], [14, []], [28, []], [29, []], [16, []], [15, [15, 19, 8, 20, 27, 7, 22, 30, 3, 13]], [19, []], [8, []], [20, []], [27, []], [7, []], [22, []], [30, []], [3, []], [13, []]], [[0, [2]], [2, [12, 23, 11, 18]], [12, []], [23, []], [11, []], [18, []], [21, [21, 5, 17, 10, 4, 26, 1, 9, 6, 24]], [5, []], [17, []], [10, []], [4, []], [26, []], [1, []], [9, []], [6, []], [24, []]]], [[[2, [12, 23, 11, 18]]], [[15, [15, 19, 8, 20, 27, 7, 22, 30, 3, 13]]], [[21, [21, 5, 17, 10, 4, 26, 1, 9, 6, 24]]]]],