{"file_name": "U_30_1", "number_of_trucks": 2, "drone_capacity": 10, "number_of_drones": 2, "iteration": 1, "best_fitness": 361.2215156179697, "runtime": 915.9166212081909, "best_solution": [[[[0, [29, 30, 7]], [30, []], [29, []], [23, [16, 23, 14, 17]], [7, []], [16, [2, 28, 11, 5]], [2, []], [17, []], [28, []], [11, []], [14, []], [5, []], [13, [13, 27]], [8, [8, 24, 18]], [24, []], [18, []], [27, []]], [[0, [19, 21, 1, 9, 26, 12, 4, 22, 10, 3]], [1, []], [9, []], [26, []], [12, []], [21, []], [4, []], [19, []], [15, [15, 20, 6, 25]], [20, []], [25, []], [22, []], [6, []], [10, []], [3, []]]], [[[23, [16, 23, 14, 17]]], [[16, [2, 28, 11, 5]]], [[15, [15, 20, 6, 25]]], [[13, [13, 27]]], [[8, [8, 24, 18]]]]], "all_solution": [[[[[0, [29, 30, 7]], [30, []], [29, []], [23, [16, 23, 14, 17]], [7, []], [16, [2, 28, 11, 5]], [2, []], [17, []], [28, []], [11, []], [14, []], [5, []], [13, [13, 27]], [8, [8, 24, 18]], [24, []], [18, []], [27, []]], [[0, [19, 21, 1, 9, 26, 12, 4, 22, 10, 3]], [1, []], [9, []], [26, []], [12, []], [21, []], [4, []], [19, []], [15, [15, 20, 6, 25]], [20, []], [25, []], [22, []], [6, []], [10, []], [3, []]]], [[[23, [16, 23, 14, 17]]], [[16, [2, 28, 11, 5]]], [[15, [15, 20, 6, 25]]], [[13, [13, 27]]], [[8, [8, 24, 18]]]]]], "Numrun": 5, "all_fitness": [361.2215156179697]}
{"file_name": "U_30_1", "number_of_trucks": 2, "drone_capacity": 10, "number_of_drones": 2, "iteration": 2, "best_fitness": 362.9415156179698, "runtime": 1299.2002124786377, "best_solution": [[[[0, [7, 19, 30, 12, 4, 29, 23, 17]], [30, []], [12, []], [4, []], [19, []], [7, [16, 2]], [16, []], [17, []], [2, []], [6, [6, 18, 27]], [8, [8, 24]], [29, []], [24, []], [23, []], [18, []], [27, []]], [[0, [26, 14]], [26, []], [9, [9, 1, 21, 10]], [1, []], [21, [3, 11, 5, 28, 22]], [3, []], [10, []], [28, []], [11, []], [5, []], [14, []], [13, [13, 25, 20, 15]], [22, []], [25, []], [20, []], [15, []]]], [[[9, [9, 1, 21, 10]]], [[7, [16, 2]]], [[21, [3, 11, 5, 28, 22]]], [[13, [13, 25, 20, 15]]], [[6, [6, 18, 27]]], [[8, [8, 24]]]]], "all_solution": [[[[[0, [29, 30, 7]], [30, []], [29, []], [23, [16, 23, 14, 17]], [7, []], [16, [2, 28, 11, 5]], [2, []], [17, []], [28, []], [11, []], [14, []], [5, []], [13, [13, 27]], [8, [8, 24, 18]], [24, []], [18, []], [27, []]], [[0, [19, 21, 1, 9, 26, 12, 4, 22, 10, 3]], [1, []], [9, []], [26, []], [12, []], [21, []], [4, []], [19, []], [15, [15, 20, 6, 25]], [20, []], [25, []], [22, []], [6, []], [10, []], [3, []]]], [[[23, [16, 23, 14, 17]]], [[16, [2, 28, 11, 5]]], [[15, [15, 20, 6, 25]]], [[13, [13, 27]]], [[8, [8, 24, 18]]]]], [[[[0, [7, 19, 30, 12, 4, 29, 23, 17]], [30, []], [12, []], [4, []], [19, []], [7, [16, 2]], [16, []], [17, []], [2, []], [6, [6, 18, 27]], [8, [8, 24]], [29, []], [24, []], [23, []], [18, []], [27, []]], [[0, [26, 14]], [26, []], [9, [9, 1, 21, 10]], [1, []], [21, [3, 11, 5, 28, 22]], [3, []], [10, []], [28, []], [11, []], [5, []], [14, []], [13, [13, 25, 20, 15]], [22, []], [25, []], [20, []], [15, []]]], [[[9, [9, 1, 21, 10]]], [[7, [16, 2]]], [[21, [3, 11, 5, 28, 22]]], [[13, [13, 25, 20, 15]]], [[6, [6, 18, 27]]], [[8, [8, 24]]]]]], "Numrun": 5, "all_fitness": [361.2215156179697, 362.9415156179698]}
{"file_name": "U_30_1", "number_of_trucks": 2, "drone_capacity": 10, "number_of_drones": 2, "iteration": 3, "best_fitness": 362.6842256606771, "runtime": 1120.9956245422363, "best_solution": [[[[0, [16, 3, 21, 4, 12, 7, 14]], [12, []], [3, [28, 17, 11, 5, 23]], [21, []], [4, []], [7, []], [16, []], [28, []], [17, []], [11, []], [14, []], [5, []], [13, [13, 24, 8]], [23, []], [24, []], [8, []]], [[0, []], [29, [19, 29, 30]], [19, []], [30, [9, 26, 1, 22, 10]], [9, []], [26, []], [1, []], [10, []], [6, [6, 2]], [2, []], [22, []], [25, [25, 20, 15, 18, 27]], [20, []], [15, []], [18, []], [27, []]]], [[[29, [19, 29, 30]]], [[30, [9, 26, 1, 22, 10]]], [[3, [28, 17, 11, 5, 23]]], [[6, [6, 2]]], [[25, [25, 20, 15, 18, 27]]], [[13, [13, 24, 8]]]]], "all_solution": [[[[[0, [29, 30, 7]], [30, []], [29, []], [23, [16, 23, 14, 17]], [7, []], [16, [2, 28, 11, 5]], [2, []], [17, []], [28, []], [11, []], [14, []], [5, []], [13, [13, 27]], [8, [8, 24, 18]], [24, []], [18, []], [27, []]], [[0, [19, 21, 1, 9, 26, 12, 4, 22, 10, 3]], [1, []], [9, []], [26, []], [12, []], [21, []], [4, []], [19, []], [15, [15, 20, 6, 25]], [20, []], [25, []], [22, []], [6, []], [10, []], [3, []]]], [[[23, [16, 23, 14, 17]]], [[16, [2, 28, 11, 5]]], [[15, [15, 20, 6, 25]]], [[13, [13, 27]]], [[8, [8, 24, 18]]]]], [[[[0, [7, 19, 30, 12, 4, 29, 23, 17]], [30, []], [12, []], [4, []], [19, []], [7, [16, 2]], [16, []], [17, []], [2, []], [6, [6, 18, 27]], [8, [8, 24]], [29, []], [24, []], [23, []], [18, []], [27, []]], [[0, [26, 14]], [26, []], [9, [9, 1, 21, 10]], [1, []], [21, [3, 11, 5, 28, 22]], [3, []], [10, []], [28, []], [11, []], [5, []], [14, []], [13, [13, 25, 20, 15]], [22, []], [25, []], [20, []], [15, []]]], [[[9, [9, 1, 21, 10]]], [[7, [16, 2]]], [[21, [3, 11, 5, 28, 22]]], [[13, [13, 25, 20, 15]]], [[6, [6, 18, 27]]], [[8, [8, 24]]]]], [[[[0, [16, 3, 21, 4, 12, 7, 14]], [12, []], [3, [28, 17, 11, 5, 23]], [21, []], [4, []], [7, []], [16, []], [28, []], [17, []], [11, []], [14, []], [5, []], [13, [13, 24, 8]], [23, []], [24, []], [8, []]], [[0, []], [29, [19, 29, 30]], [19, []], [30, [9, 26, 1, 22, 10]], [9, []], [26, []], [1, []], [10, []], [6, [6, 2]], [2, []], [22, []], [25, [25, 20, 15, 18, 27]], [20, []], [15, []], [18, []], [27, []]]], [[[29, [19, 29, 30]]], [[30, [9, 26, 1, 22, 10]]], [[3, [28, 17, 11, 5, 23]]], [[6, [6, 2]]], [[25, [25, 20, 15, 18, 27]]], [[13, [13, 24, 8]]]]]], "Numrun": 5, "all_fitness": [361.2215156179697, 362.9415156179698, 362.6842256606771]}
{"file_name": "U_30_1", "number_of_trucks": 2, "drone_capacity": 10, "number_of_drones": 2, "iteration": 4, "best_fitness": 374.7815156179697, "runtime": 286.26360845565796, "best_solution": [[[[0, [30, 4, 7]], [30, []], [7, []], [4, [3, 10, 16, 1, 9, 2, 22, 17]], [3, []], [10, []], [16, []], [1, []], [9, []], [15, [15, 20, 6, 25]], [20, []], [6, []], [2, []], [22, []], [25, []], [17, []]], [[0, [12, 26, 29, 19]], [21, [23, 14, 21]], [26, []], [12, [5, 28, 11]], [19, []], [29, []], [23, []], [14, []], [5, []], [13, [13]], [11, []], [28, []], [8, [27, 8, 24, 18]], [24, []], [18, []], [27, []]]], [[[21, [23, 14, 21]]], [[4, [3, 10, 16, 1, 9, 2, 22, 17]]], [[12, [5, 28, 11]]], [[13, [13]]], [[15, [15, 20, 6, 25]]], [[8, [27, 8, 24, 18]]]]],