{"file_name": "U_30_1", "number_of_trucks": 2, "drone_capacity": 10, "number_of_drones": 2, "iteration": 1, "best_fitness": 385.1924990156619, "runtime": 1201.6407177448273, "best_solution": [[[[0, [5, 19, 3]], [3, []], [23, [23, 15, 1, 11, 14]], [15, []], [24, [24, 20]], [19, []], [1, []], [5, []], [20, []], [30, [30, 4, 16, 2]], [11, []], [4, []], [16, []], [14, []], [2, []]], [[0, []], [8, [8, 10, 17, 27]], [10, []], [17, []], [27, [13, 9, 18, 7]], [7, []], [9, []], [18, []], [6, [6, 12]], [12, []], [13, []], [25, [25, 26, 22, 29, 21, 28]], [26, []], [22, []], [29, []], [21, []], [28, []]]], [[[8, [8, 10, 17, 27]]], [[27, [13, 9, 18, 7]]], [[23, [23, 15, 1, 11, 14]]], [[24, [24, 20]]], [[6, [6, 12]]], [[25, [25, 26, 22, 29, 21, 28]]], [[30, [30, 4, 16, 2]]]]], "all_solution": [[[[[0, [5, 19, 3]], [3, []], [23, [23, 15, 1, 11, 14]], [15, []], [24, [24, 20]], [19, []], [1, []], [5, []], [20, []], [30, [30, 4, 16, 2]], [11, []], [4, []], [16, []], [14, []], [2, []]], [[0, []], [8, [8, 10, 17, 27]], [10, []], [17, []], [27, [13, 9, 18, 7]], [7, []], [9, []], [18, []], [6, [6, 12]], [12, []], [13, []], [25, [25, 26, 22, 29, 21, 28]], [26, []], [22, []], [29, []], [21, []], [28, []]]], [[[8, [8, 10, 17, 27]]], [[27, [13, 9, 18, 7]]], [[23, [23, 15, 1, 11, 14]]], [[24, [24, 20]]], [[6, [6, 12]]], [[25, [25, 26, 22, 29, 21, 28]]], [[30, [30, 4, 16, 2]]]]]], "Numrun": 5, "all_fitness": [385.1924990156619]}
{"file_name": "U_30_1", "number_of_trucks": 2, "drone_capacity": 10, "number_of_drones": 2, "iteration": 2, "best_fitness": 386.95312764207404, "runtime": 872.3005769252777, "best_solution": [[[[0, [19, 5]], [3, [3, 18]], [19, []], [18, []], [14, [14, 11, 1, 15, 23, 24]], [15, []], [11, []], [5, []], [1, []], [4, [4, 16, 21, 2, 28]], [23, []], [16, []], [24, []], [21, []], [2, []], [28, []]], [[0, [8, 17]], [8, []], [17, []], [10, [10, 7, 9, 27]], [7, []], [9, []], [27, []], [6, [6, 13, 20]], [13, []], [12, [12, 30, 25, 26, 22, 29]], [20, []], [30, []], [25, []], [26, []], [22, []], [29, []]]], [[[3, [3, 18]]], [[10, [10, 7, 9, 27]]], [[14, [14, 11, 1, 15, 23, 24]]], [[6, [6, 13, 20]]], [[12, [12, 30, 25, 26, 22, 29]]], [[4, [4, 16, 21, 2, 28]]]]], "all_solution": [[[[[0, [5, 19, 3]], [3, []], [23, [23, 15, 1, 11, 14]], [15, []], [24, [24, 20]], [19, []], [1, []], [5, []], [20, []], [30, [30, 4, 16, 2]], [11, []], [4, []], [16, []], [14, []], [2, []]], [[0, []], [8, [8, 10, 17, 27]], [10, []], [17, []], [27, [13, 9, 18, 7]], [7, []], [9, []], [18, []], [6, [6, 12]], [12, []], [13, []], [25, [25, 26, 22, 29, 21, 28]], [26, []], [22, []], [29, []], [21, []], [28, []]]], [[[8, [8, 10, 17, 27]]], [[27, [13, 9, 18, 7]]], [[23, [23, 15, 1, 11, 14]]], [[24, [24, 20]]], [[6, [6, 12]]], [[25, [25, 26, 22, 29, 21, 28]]], [[30, [30, 4, 16, 2]]]]], [[[[0, [19, 5]], [3, [3, 18]], [19, []], [18, []], [14, [14, 11, 1, 15, 23, 24]], [15, []], [11, []], [5, []], [1, []], [4, [4, 16, 21, 2, 28]], [23, []], [16, []], [24, []], [21, []], [2, []], [28, []]], [[0, [8, 17]], [8, []], [17, []], [10, [10, 7, 9, 27]], [7, []], [9, []], [27, []], [6, [6, 13, 20]], [13, []], [12, [12, 30, 25, 26, 22, 29]], [20, []], [30, []], [25, []], [26, []], [22, []], [29, []]]], [[[3, [3, 18]]], [[10, [10, 7, 9, 27]]], [[14, [14, 11, 1, 15, 23, 24]]], [[6, [6, 13, 20]]], [[12, [12, 30, 25, 26, 22, 29]]], [[4, [4, 16, 21, 2, 28]]]]]], "Numrun": 5, "all_fitness": [385.1924990156619, 386.95312764207404]}
{"file_name": "U_30_1", "number_of_trucks": 2, "drone_capacity": 10, "number_of_drones": 2, "iteration": 3, "best_fitness": 386.59797791374683, "runtime": 1343.8828783035278, "best_solution": [[[[0, [19, 5]], [19, [10, 8, 17, 27]], [5, []], [27, []], [10, []], [8, []], [17, []], [11, [11, 1, 15, 14]], [1, []], [22, [22, 6, 12]], [6, []], [12, []], [4, [4, 16, 21, 28]], [15, []], [16, []], [14, []], [28, []], [21, []]], [[0, [9, 7, 3, 18]], [18, []], [9, []], [7, []], [23, [23, 24]], [24, []], [3, []], [30, [30, 25, 26, 20, 29, 13]], [20, []], [25, []], [13, []], [26, []], [29, []], [2, [2]]]], [[[19, [10, 8, 17, 27]]], [[23, [23, 24]]], [[11, [11, 1, 15, 14]]], [[22, [22, 6, 12]]], [[30, [30, 25, 26, 20, 29, 13]]], [[4, [4, 16, 21, 28]]], [[2, [2]]]]], "all_solution": [[[[[0, [5, 19, 3]], [3, []], [23, [23, 15, 1, 11, 14]], [15, []], [24, [24, 20]], [19, []], [1, []], [5, []], [20, []], [30, [30, 4, 16, 2]], [11, []], [4, []], [16, []], [14, []], [2, []]], [[0, []], [8, [8, 10, 17, 27]], [10, []], [17, []], [27, [13, 9, 18, 7]], [7, []], [9, []], [18, []], [6, [6, 12]], [12, []], [13, []], [25, [25, 26, 22, 29, 21, 28]], [26, []], [22, []], [29, []], [21, []], [28, []]]], [[[8, [8, 10, 17, 27]]], [[27, [13, 9, 18, 7]]], [[23, [23, 15, 1, 11, 14]]], [[24, [24, 20]]], [[6, [6, 12]]], [[25, [25, 26, 22, 29, 21, 28]]], [[30, [30, 4, 16, 2]]]]], [[[[0, [19, 5]], [3, [3, 18]], [19, []], [18, []], [14, [14, 11, 1, 15, 23, 24]], [15, []], [11, []], [5, []], [1, []], [4, [4, 16, 21, 2, 28]], [23, []], [16, []], [24, []], [21, []], [2, []], [28, []]], [[0, [8, 17]], [8, []], [17, []], [10, [10, 7, 9, 27]], [7, []], [9, []], [27, []], [6, [6, 13, 20]], [13, []], [12, [12, 30, 25, 26, 22, 29]], [20, []], [30, []], [25, []], [26, []], [22, []], [29, []]]], [[[3, [3, 18]]], [[10, [10, 7, 9, 27]]], [[14, [14, 11, 1, 15, 23, 24]]], [[6, [6, 13, 20]]], [[12, [12, 30, 25, 26, 22, 29]]], [[4, [4, 16, 21, 2, 28]]]]], [[[[0, [19, 5]], [19, [10, 8, 17, 27]], [5, []], [27, []], [10, []], [8, []], [17, []], [11, [11, 1, 15, 14]], [1, []], [22, [22, 6, 12]], [6, []], [12, []], [4, [4, 16, 21, 28]], [15, []], [16, []], [14, []], [28, []], [21, []]], [[0, [9, 7, 3, 18]], [18, []], [9, []], [7, []], [23, [23, 24]], [24, []], [3, []], [30, [30, 25, 26, 20, 29, 13]], [20, []], [25, []], [13, []], [26, []], [29, []], [2, [2]]]], [[[19, [10, 8, 17, 27]]], [[23, [23, 24]]], [[11, [11, 1, 15, 14]]], [[22, [22, 6, 12]]], [[30, [30, 25, 26, 20, 29, 13]]], [[4, [4, 16, 21, 28]]], [[2, [2]]]]]], "Numrun": 5, "all_fitness": [385.1924990156619, 386.95312764207404, 386.59797791374683]}
{"file_name": "U_30_1", "number_of_trucks": 2, "drone_capacity": 10, "number_of_drones": 2, "iteration": 4, "best_fitness": 394.57594529250184, "runtime": 226.61204171180725, "best_solution": [[[[0, [3, 1, 18, 9, 7]], [18, []], [9, []], [7, []], [3, []], [29, [29, 6, 22, 26]], [26, []], [22, []], [6, []], [1, []], [4, [4, 16, 28, 2]], [16, []], [2, []], [28, []]], [[0, [5, 27, 10, 8, 17]], [19, [19]], [5, []], [14, [14]], [23, [23, 15, 11, 24]], [15, []], [27, []], [10, []], [8, []], [17, []], [11, []], [30, [30, 20, 25, 13, 21, 12]], [20, []], [25, []], [13, []], [12, []], [21, []], [24, []]]], [[[19, [19]]], [[14, [14]]], [[23, [23, 15, 11, 24]]], [[30, [30, 20, 25, 13, 21, 12]]], [[29, [29, 6, 22, 26]]], [[4, [4, 16, 28, 2]]]]],