{"file_name": "U_30_1", "number_of_trucks": 2, "drone_capacity": 10, "number_of_drones": 2, "iteration": 1, "best_fitness": 391.80052968487576, "runtime": 1391.7496693134308, "best_solution": [[[[0, [14, 29, 28, 10]], [14, []], [29, []], [22, [22, 13, 18]], [13, []], [18, []], [23, [23, 17, 12, 1, 25]], [17, []], [10, []], [1, []], [12, []], [24, [24, 4, 7]], [4, []], [28, []], [7, []], [25, []]], [[0, [8, 30, 2, 6, 9, 3, 21]], [8, []], [30, []], [26, [26]], [9, []], [3, []], [21, []], [2, []], [11, [11, 20, 5, 16, 27, 15]], [5, []], [15, []], [16, []], [20, []], [19, [19]], [6, []], [27, []]]], [[[26, [26]]], [[22, [22, 13, 18]]], [[23, [23, 17, 12, 1, 25]]], [[11, [11, 20, 5, 16, 27, 15]]], [[24, [24, 4, 7]]], [[19, [19]]]]], "all_solution": [[[[[0, [14, 29, 28, 10]], [14, []], [29, []], [22, [22, 13, 18]], [13, []], [18, []], [23, [23, 17, 12, 1, 25]], [17, []], [10, []], [1, []], [12, []], [24, [24, 4, 7]], [4, []], [28, []], [7, []], [25, []]], [[0, [8, 30, 2, 6, 9, 3, 21]], [8, []], [30, []], [26, [26]], [9, []], [3, []], [21, []], [2, []], [11, [11, 20, 5, 16, 27, 15]], [5, []], [15, []], [16, []], [20, []], [19, [19]], [6, []], [27, []]]], [[[26, [26]]], [[22, [22, 13, 18]]], [[23, [23, 17, 12, 1, 25]]], [[11, [11, 20, 5, 16, 27, 15]]], [[24, [24, 4, 7]]], [[19, [19]]]]]], "Numrun": 5, "all_fitness": [391.80052968487576]}
{"file_name": "U_30_1", "number_of_trucks": 2, "drone_capacity": 10, "number_of_drones": 2, "iteration": 2, "best_fitness": 384.06322272353685, "runtime": 1132.0284922122955, "best_solution": [[[[0, [14, 29]], [22, [22, 8, 30]], [29, []], [14, [26, 6, 3]], [8, []], [30, []], [26, []], [6, []], [3, []], [19, [19, 20, 16, 15, 5, 23]], [20, []], [16, []], [15, []], [5, []], [23, []]], [[0, [28]], [9, [21, 9, 2, 10]], [21, []], [2, []], [10, []], [18, [18, 11, 13, 17]], [11, []], [13, []], [17, []], [1, [1, 12, 7, 25, 27, 24, 4]], [24, []], [12, []], [4, []], [28, []], [7, []], [25, []], [27, []]]], [[[22, [22, 8, 30]]], [[9, [21, 9, 2, 10]]], [[14, [26, 6, 3]]], [[18, [18, 11, 13, 17]]], [[1, [1, 12, 7, 25, 27, 24, 4]]], [[19, [19, 20, 16, 15, 5, 23]]]]], "all_solution": [[[[[0, [14, 29, 28, 10]], [14, []], [29, []], [22, [22, 13, 18]], [13, []], [18, []], [23, [23, 17, 12, 1, 25]], [17, []], [10, []], [1, []], [12, []], [24, [24, 4, 7]], [4, []], [28, []], [7, []], [25, []]], [[0, [8, 30, 2, 6, 9, 3, 21]], [8, []], [30, []], [26, [26]], [9, []], [3, []], [21, []], [2, []], [11, [11, 20, 5, 16, 27, 15]], [5, []], [15, []], [16, []], [20, []], [19, [19]], [6, []], [27, []]]], [[[26, [26]]], [[22, [22, 13, 18]]], [[23, [23, 17, 12, 1, 25]]], [[11, [11, 20, 5, 16, 27, 15]]], [[24, [24, 4, 7]]], [[19, [19]]]]], [[[[0, [14, 29]], [22, [22, 8, 30]], [29, []], [14, [26, 6, 3]], [8, []], [30, []], [26, []], [6, []], [3, []], [19, [19, 20, 16, 15, 5, 23]], [20, []], [16, []], [15, []], [5, []], [23, []]], [[0, [28]], [9, [21, 9, 2, 10]], [21, []], [2, []], [10, []], [18, [18, 11, 13, 17]], [11, []], [13, []], [17, []], [1, [1, 12, 7, 25, 27, 24, 4]], [24, []], [12, []], [4, []], [28, []], [7, []], [25, []], [27, []]]], [[[22, [22, 8, 30]]], [[9, [21, 9, 2, 10]]], [[14, [26, 6, 3]]], [[18, [18, 11, 13, 17]]], [[1, [1, 12, 7, 25, 27, 24, 4]]], [[19, [19, 20, 16, 15, 5, 23]]]]]], "Numrun": 5, "all_fitness": [391.80052968487576, 384.06322272353685]}
{"file_name": "U_30_1", "number_of_trucks": 2, "drone_capacity": 10, "number_of_drones": 2, "iteration": 3, "best_fitness": 385.46246301514503, "runtime": 1100.3124940395355, "best_solution": [[[[0, []], [8, [8, 14, 29, 28, 10, 21, 3, 6]], [14, []], [29, []], [28, []], [10, []], [21, []], [20, [20, 16, 15, 5]], [16, []], [15, []], [5, []], [3, []], [19, [19]], [6, []]], [[0, [9, 2, 30]], [9, []], [2, []], [30, [26, 22, 18]], [26, []], [22, []], [18, []], [23, [23, 11, 17, 1, 13]], [11, []], [17, []], [13, []], [1, []], [24, [24, 12, 4, 25, 27, 7]], [12, []], [4, []], [7, []], [25, []], [27, []]]], [[[30, [26, 22, 18]]], [[8, [8, 14, 29, 28, 10, 21, 3, 6]]], [[20, [20, 16, 15, 5]]], [[23, [23, 11, 17, 1, 13]]], [[24, [24, 12, 4, 25, 27, 7]]], [[19, [19]]]]], "all_solution": [[[[[0, [14, 29, 28, 10]], [14, []], [29, []], [22, [22, 13, 18]], [13, []], [18, []], [23, [23, 17, 12, 1, 25]], [17, []], [10, []], [1, []], [12, []], [24, [24, 4, 7]], [4, []], [28, []], [7, []], [25, []]], [[0, [8, 30, 2, 6, 9, 3, 21]], [8, []], [30, []], [26, [26]], [9, []], [3, []], [21, []], [2, []], [11, [11, 20, 5, 16, 27, 15]], [5, []], [15, []], [16, []], [20, []], [19, [19]], [6, []], [27, []]]], [[[26, [26]]], [[22, [22, 13, 18]]], [[23, [23, 17, 12, 1, 25]]], [[11, [11, 20, 5, 16, 27, 15]]], [[24, [24, 4, 7]]], [[19, [19]]]]], [[[[0, [14, 29]], [22, [22, 8, 30]], [29, []], [14, [26, 6, 3]], [8, []], [30, []], [26, []], [6, []], [3, []], [19, [19, 20, 16, 15, 5, 23]], [20, []], [16, []], [15, []], [5, []], [23, []]], [[0, [28]], [9, [21, 9, 2, 10]], [21, []], [2, []], [10, []], [18, [18, 11, 13, 17]], [11, []], [13, []], [17, []], [1, [1, 12, 7, 25, 27, 24, 4]], [24, []], [12, []], [4, []], [28, []], [7, []], [25, []], [27, []]]], [[[22, [22, 8, 30]]], [[9, [21, 9, 2, 10]]], [[14, [26, 6, 3]]], [[18, [18, 11, 13, 17]]], [[1, [1, 12, 7, 25, 27, 24, 4]]], [[19, [19, 20, 16, 15, 5, 23]]]]], [[[[0, []], [8, [8, 14, 29, 28, 10, 21, 3, 6]], [14, []], [29, []], [28, []], [10, []], [21, []], [20, [20, 16, 15, 5]], [16, []], [15, []], [5, []], [3, []], [19, [19]], [6, []]], [[0, [9, 2, 30]], [9, []], [2, []], [30, [26, 22, 18]], [26, []], [22, []], [18, []], [23, [23, 11, 17, 1, 13]], [11, []], [17, []], [13, []], [1, []], [24, [24, 12, 4, 25, 27, 7]], [12, []], [4, []], [7, []], [25, []], [27, []]]], [[[30, [26, 22, 18]]], [[8, [8, 14, 29, 28, 10, 21, 3, 6]]], [[20, [20, 16, 15, 5]]], [[23, [23, 11, 17, 1, 13]]], [[24, [24, 12, 4, 25, 27, 7]]], [[19, [19]]]]]], "Numrun": 5, "all_fitness": [391.80052968487576, 384.06322272353685, 385.46246301514503]}
{"file_name": "U_30_1", "number_of_trucks": 2, "drone_capacity": 10, "number_of_drones": 2, "iteration": 4, "best_fitness": 441.3605296848758, "runtime": 21.01100492477417, "best_solution": [[[[0, []], [10, [10]], [6, [6]], [9, [9, 18, 13, 17, 14]], [18, []], [13, []], [17, []], [11, [11, 5, 23, 1, 12, 24, 4, 25, 7]], [5, []], [23, []], [1, []], [12, []], [24, []], [4, []], [25, []], [7, []], [14, []]], [[0, [22, 8, 29]], [30, [30, 28]], [22, []], [8, []], [29, []], [28, []], [26, [26, 2, 15, 16, 20, 21, 3, 19, 27]], [2, []], [15, []], [16, []], [20, []], [21, []], [3, []], [19, []], [27, []]]], [[[10, [10]]], [[30, [30, 28]]], [[6, [6]]], [[9, [9, 18, 13, 17, 14]]], [[26, [26, 2, 15, 16, 20, 21, 3, 19, 27]]], [[11, [11, 5, 23, 1, 12, 24, 4, 25, 7]]]]],