{"file_name": "U_30_0", "number_of_trucks": 2, "drone_capacity": 10, "number_of_drones": 2, "iteration": 1, "best_fitness": 297.32000000000005, "runtime": 1139.5158891677856, "best_solution": [[[[0, [9, 15, 19, 3, 21, 16, 26, 30]], [26, []], [30, []], [6, [6, 20, 2, 5, 8]], [19, []], [3, []], [21, []], [20, []], [16, []], [15, []], [5, []], [2, []], [9, []], [8, []]], [[0, [29, 14, 17]], [14, []], [29, []], [28, [28, 24, 13, 10]], [24, []], [13, []], [10, []], [17, []], [11, [11, 18, 23, 12, 4, 7, 25]], [18, []], [23, []], [1, [1, 22, 27]], [12, []], [4, []], [7, []], [25, []], [22, []], [27, []]]], [[[28, [28, 24, 13, 10]]], [[11, [11, 18, 23, 12, 4, 7, 25]]], [[6, [6, 20, 2, 5, 8]]], [[1, [1, 22, 27]]]]], "all_solution": [[[[[0, [9, 15, 19, 3, 21, 16, 26, 30]], [26, []], [30, []], [6, [6, 20, 2, 5, 8]], [19, []], [3, []], [21, []], [20, []], [16, []], [15, []], [5, []], [2, []], [9, []], [8, []]], [[0, [29, 14, 17]], [14, []], [29, []], [28, [28, 24, 13, 10]], [24, []], [13, []], [10, []], [17, []], [11, [11, 18, 23, 12, 4, 7, 25]], [18, []], [23, []], [1, [1, 22, 27]], [12, []], [4, []], [7, []], [25, []], [22, []], [27, []]]], [[[28, [28, 24, 13, 10]]], [[11, [11, 18, 23, 12, 4, 7, 25]]], [[6, [6, 20, 2, 5, 8]]], [[1, [1, 22, 27]]]]]], "Numrun": 5, "all_fitness": [297.32000000000005]}
{"file_name": "U_30_0", "number_of_trucks": 2, "drone_capacity": 10, "number_of_drones": 2, "iteration": 2, "best_fitness": 290.4, "runtime": 1129.2210552692413, "best_solution": [[[[0, [14, 29]], [14, []], [29, []], [24, [24, 23, 17, 13, 15, 11, 10]], [23, []], [15, []], [11, []], [10, []], [17, []], [13, []], [1, [1, 4, 7, 25, 22, 27, 8, 12]], [12, []], [4, []], [7, []], [25, []], [22, []], [27, []], [8, []]], [[0, []], [26, [26, 28, 9, 19]], [28, []], [18, [18, 16, 21, 3, 30]], [9, []], [2, [2, 5, 20, 6]], [5, []], [16, []], [20, []], [21, []], [3, []], [19, []], [6, []], [30, []]]], [[[26, [26, 28, 9, 19]]], [[24, [24, 23, 17, 13, 15, 11, 10]]], [[18, [18, 16, 21, 3, 30]]], [[2, [2, 5, 20, 6]]], [[1, [1, 4, 7, 25, 22, 27, 8, 12]]]]], "all_solution": [[[[[0, [9, 15, 19, 3, 21, 16, 26, 30]], [26, []], [30, []], [6, [6, 20, 2, 5, 8]], [19, []], [3, []], [21, []], [20, []], [16, []], [15, []], [5, []], [2, []], [9, []], [8, []]], [[0, [29, 14, 17]], [14, []], [29, []], [28, [28, 24, 13, 10]], [24, []], [13, []], [10, []], [17, []], [11, [11, 18, 23, 12, 4, 7, 25]], [18, []], [23, []], [1, [1, 22, 27]], [12, []], [4, []], [7, []], [25, []], [22, []], [27, []]]], [[[28, [28, 24, 13, 10]]], [[11, [11, 18, 23, 12, 4, 7, 25]]], [[6, [6, 20, 2, 5, 8]]], [[1, [1, 22, 27]]]]], [[[[0, [14, 29]], [14, []], [29, []], [24, [24, 23, 17, 13, 15, 11, 10]], [23, []], [15, []], [11, []], [10, []], [17, []], [13, []], [1, [1, 4, 7, 25, 22, 27, 8, 12]], [12, []], [4, []], [7, []], [25, []], [22, []], [27, []], [8, []]], [[0, []], [26, [26, 28, 9, 19]], [28, []], [18, [18, 16, 21, 3, 30]], [9, []], [2, [2, 5, 20, 6]], [5, []], [16, []], [20, []], [21, []], [3, []], [19, []], [6, []], [30, []]]], [[[26, [26, 28, 9, 19]]], [[24, [24, 23, 17, 13, 15, 11, 10]]], [[18, [18, 16, 21, 3, 30]]], [[2, [2, 5, 20, 6]]], [[1, [1, 4, 7, 25, 22, 27, 8, 12]]]]]], "Numrun": 5, "all_fitness": [297.32000000000005, 290.4]}
{"file_name": "U_30_0", "number_of_trucks": 2, "drone_capacity": 10, "number_of_drones": 2, "iteration": 3, "best_fitness": 273.5646707365015, "runtime": 1053.9463429450989, "best_solution": [[[[0, [29]], [14, [14, 11, 17, 10, 13, 28]], [12, [12, 24, 23]], [24, []], [23, []], [11, []], [17, []], [10, []], [13, []], [1, [1, 4, 7, 25, 22, 27]], [4, []], [28, []], [29, []], [7, []], [25, []], [22, []], [27, []]], [[0, []], [26, [26, 9, 15, 19]], [9, []], [18, [18, 8]], [15, []], [5, [5, 20, 6, 2, 16, 21, 3, 30]], [2, []], [16, []], [20, []], [21, []], [3, []], [19, []], [6, []], [30, []], [8, []]]], [[[26, [26, 9, 15, 19]]], [[14, [14, 11, 17, 10, 13, 28]]], [[12, [12, 24, 23]]], [[18, [18, 8]]], [[5, [5, 20, 6, 2, 16, 21, 3, 30]]], [[1, [1, 4, 7, 25, 22, 27]]]]], "all_solution": [[[[[0, [9, 15, 19, 3, 21, 16, 26, 30]], [26, []], [30, []], [6, [6, 20, 2, 5, 8]], [19, []], [3, []], [21, []], [20, []], [16, []], [15, []], [5, []], [2, []], [9, []], [8, []]], [[0, [29, 14, 17]], [14, []], [29, []], [28, [28, 24, 13, 10]], [24, []], [13, []], [10, []], [17, []], [11, [11, 18, 23, 12, 4, 7, 25]], [18, []], [23, []], [1, [1, 22, 27]], [12, []], [4, []], [7, []], [25, []], [22, []], [27, []]]], [[[28, [28, 24, 13, 10]]], [[11, [11, 18, 23, 12, 4, 7, 25]]], [[6, [6, 20, 2, 5, 8]]], [[1, [1, 22, 27]]]]], [[[[0, [14, 29]], [14, []], [29, []], [24, [24, 23, 17, 13, 15, 11, 10]], [23, []], [15, []], [11, []], [10, []], [17, []], [13, []], [1, [1, 4, 7, 25, 22, 27, 8, 12]], [12, []], [4, []], [7, []], [25, []], [22, []], [27, []], [8, []]], [[0, []], [26, [26, 28, 9, 19]], [28, []], [18, [18, 16, 21, 3, 30]], [9, []], [2, [2, 5, 20, 6]], [5, []], [16, []], [20, []], [21, []], [3, []], [19, []], [6, []], [30, []]]], [[[26, [26, 28, 9, 19]]], [[24, [24, 23, 17, 13, 15, 11, 10]]], [[18, [18, 16, 21, 3, 30]]], [[2, [2, 5, 20, 6]]], [[1, [1, 4, 7, 25, 22, 27, 8, 12]]]]], [[[[0, [29]], [14, [14, 11, 17, 10, 13, 28]], [12, [12, 24, 23]], [24, []], [23, []], [11, []], [17, []], [10, []], [13, []], [1, [1, 4, 7, 25, 22, 27]], [4, []], [28, []], [29, []], [7, []], [25, []], [22, []], [27, []]], [[0, []], [26, [26, 9, 15, 19]], [9, []], [18, [18, 8]], [15, []], [5, [5, 20, 6, 2, 16, 21, 3, 30]], [2, []], [16, []], [20, []], [21, []], [3, []], [19, []], [6, []], [30, []], [8, []]]], [[[26, [26, 9, 15, 19]]], [[14, [14, 11, 17, 10, 13, 28]]], [[12, [12, 24, 23]]], [[18, [18, 8]]], [[5, [5, 20, 6, 2, 16, 21, 3, 30]]], [[1, [1, 4, 7, 25, 22, 27]]]]]], "Numrun": 5, "all_fitness": [297.32000000000005, 290.4, 273.5646707365015]}
{"file_name": "U_30_0", "number_of_trucks": 2, "drone_capacity": 10, "number_of_drones": 2, "iteration": 4, "best_fitness": 295.12, "runtime": 299.23740220069885, "best_solution": [[[[0, [26]], [26, []], [9, [9, 15, 11, 19]], [15, []], [11, []], [18, [18, 21, 3, 16, 30]], [16, []], [5, [5, 20, 2, 6]], [2, []], [20, []], [21, []], [3, []], [19, []], [6, []], [30, []]], [[0, [14, 10, 28, 29, 13, 17]], [14, []], [29, []], [28, []], [4, [4, 24, 12, 23]], [12, []], [24, []], [13, []], [17, []], [23, []], [10, []], [1, [1, 7, 22, 25, 27, 8]], [7, []], [22, []], [25, []], [27, []], [8, []]]], [[[9, [9, 15, 11, 19]]], [[4, [4, 24, 12, 23]]], [[18, [18, 21, 3, 16, 30]]], [[5, [5, 20, 2, 6]]], [[1, [1, 7, 22, 25, 27, 8]]]]],