{"file_name": "U_30_1", "number_of_trucks": 2, "drone_capacity": 10, "number_of_drones": 2, "iteration": 1, "best_fitness": 365.3124763665199, "runtime": 918.7339730262756, "best_solution": [[[[0, []], [7, [7]], [9, [9, 15, 16, 25, 6]], [15, []], [16, []], [25, []], [4, [4, 24, 2, 3, 5]], [2, []], [3, []], [24, []], [14, [14, 12, 29, 11, 13]], [12, []], [6, []], [5, []], [29, []], [11, []], [13, []]], [[0, [26, 27]], [26, []], [1, [1, 20, 18]], [20, []], [27, []], [18, []], [30, [30, 19, 21, 17, 8]], [17, []], [10, [10, 23]], [19, []], [21, []], [23, []], [28, [28, 22]], [8, []], [22, []]]], [[[1, [1, 20, 18]]], [[7, [7]]], [[9, [9, 15, 16, 25, 6]]], [[30, [30, 19, 21, 17, 8]]], [[4, [4, 24, 2, 3, 5]]], [[10, [10, 23]]], [[14, [14, 12, 29, 11, 13]]], [[28, [28, 22]]]]], "all_solution": [[[[[0, []], [7, [7]], [9, [9, 15, 16, 25, 6]], [15, []], [16, []], [25, []], [4, [4, 24, 2, 3, 5]], [2, []], [3, []], [24, []], [14, [14, 12, 29, 11, 13]], [12, []], [6, []], [5, []], [29, []], [11, []], [13, []]], [[0, [26, 27]], [26, []], [1, [1, 20, 18]], [20, []], [27, []], [18, []], [30, [30, 19, 21, 17, 8]], [17, []], [10, [10, 23]], [19, []], [21, []], [23, []], [28, [28, 22]], [8, []], [22, []]]], [[[1, [1, 20, 18]]], [[7, [7]]], [[9, [9, 15, 16, 25, 6]]], [[30, [30, 19, 21, 17, 8]]], [[4, [4, 24, 2, 3, 5]]], [[10, [10, 23]]], [[14, [14, 12, 29, 11, 13]]], [[28, [28, 22]]]]]], "Numrun": 5, "all_fitness": [365.3124763665199]}
{"file_name": "U_30_1", "number_of_trucks": 2, "drone_capacity": 10, "number_of_drones": 2, "iteration": 2, "best_fitness": 364.6329172804419, "runtime": 786.1203465461731, "best_solution": [[[[0, []], [26, [20, 26, 27, 1]], [27, []], [1, []], [20, []], [21, [21, 19, 17, 6, 2]], [19, []], [17, []], [2, []], [6, []], [12, [12, 24, 14, 3]], [3, []], [24, []], [14, []], [13, [13, 11, 22]], [11, []], [22, []]], [[0, []], [7, [7]], [9, [9, 25]], [15, [15, 16, 18]], [25, []], [16, []], [18, []], [30, [30, 4, 10, 23, 5, 8]], [4, []], [10, []], [23, []], [28, [28, 29]], [8, []], [29, []], [5, []]]], [[[26, [20, 26, 27, 1]]], [[7, [7]]], [[9, [9, 25]]], [[15, [15, 16, 18]]], [[21, [21, 19, 17, 6, 2]]], [[30, [30, 4, 10, 23, 5, 8]]], [[12, [12, 24, 14, 3]]], [[13, [13, 11, 22]]], [[28, [28, 29]]]]], "all_solution": [[[[[0, []], [7, [7]], [9, [9, 15, 16, 25, 6]], [15, []], [16, []], [25, []], [4, [4, 24, 2, 3, 5]], [2, []], [3, []], [24, []], [14, [14, 12, 29, 11, 13]], [12, []], [6, []], [5, []], [29, []], [11, []], [13, []]], [[0, [26, 27]], [26, []], [1, [1, 20, 18]], [20, []], [27, []], [18, []], [30, [30, 19, 21, 17, 8]], [17, []], [10, [10, 23]], [19, []], [21, []], [23, []], [28, [28, 22]], [8, []], [22, []]]], [[[1, [1, 20, 18]]], [[7, [7]]], [[9, [9, 15, 16, 25, 6]]], [[30, [30, 19, 21, 17, 8]]], [[4, [4, 24, 2, 3, 5]]], [[10, [10, 23]]], [[14, [14, 12, 29, 11, 13]]], [[28, [28, 22]]]]], [[[[0, []], [26, [20, 26, 27, 1]], [27, []], [1, []], [20, []], [21, [21, 19, 17, 6, 2]], [19, []], [17, []], [2, []], [6, []], [12, [12, 24, 14, 3]], [3, []], [24, []], [14, []], [13, [13, 11, 22]], [11, []], [22, []]], [[0, []], [7, [7]], [9, [9, 25]], [15, [15, 16, 18]], [25, []], [16, []], [18, []], [30, [30, 4, 10, 23, 5, 8]], [4, []], [10, []], [23, []], [28, [28, 29]], [8, []], [29, []], [5, []]]], [[[26, [20, 26, 27, 1]]], [[7, [7]]], [[9, [9, 25]]], [[15, [15, 16, 18]]], [[21, [21, 19, 17, 6, 2]]], [[30, [30, 4, 10, 23, 5, 8]]], [[12, [12, 24, 14, 3]]], [[13, [13, 11, 22]]], [[28, [28, 29]]]]]], "Numrun": 5, "all_fitness": [365.3124763665199, 364.6329172804419]}
{"file_name": "U_30_1", "number_of_trucks": 2, "drone_capacity": 10, "number_of_drones": 2, "iteration": 3, "best_fitness": 370.8966509789861, "runtime": 1127.2404294013977, "best_solution": [[[[0, [27, 1]], [20, [20, 18]], [18, []], [27, []], [1, []], [19, [19, 21, 30]], [21, []], [10, [10, 4, 23, 5]], [30, []], [4, []], [23, []], [28, [28, 8, 13]], [8, []], [5, []], [13, []]], [[0, [7, 26]], [7, []], [26, []], [9, [9, 25, 16, 15, 6]], [15, []], [25, []], [16, []], [6, []], [14, [14, 24, 12, 2, 17, 3]], [24, []], [12, []], [3, []], [2, []], [17, []], [29, [29, 11, 22]], [11, []], [22, []]]], [[[9, [9, 25, 16, 15, 6]]], [[20, [20, 18]]], [[19, [19, 21, 30]]], [[10, [10, 4, 23, 5]]], [[14, [14, 24, 12, 2, 17, 3]]], [[28, [28, 8, 13]]], [[29, [29, 11, 22]]]]], "all_solution": [[[[[0, []], [7, [7]], [9, [9, 15, 16, 25, 6]], [15, []], [16, []], [25, []], [4, [4, 24, 2, 3, 5]], [2, []], [3, []], [24, []], [14, [14, 12, 29, 11, 13]], [12, []], [6, []], [5, []], [29, []], [11, []], [13, []]], [[0, [26, 27]], [26, []], [1, [1, 20, 18]], [20, []], [27, []], [18, []], [30, [30, 19, 21, 17, 8]], [17, []], [10, [10, 23]], [19, []], [21, []], [23, []], [28, [28, 22]], [8, []], [22, []]]], [[[1, [1, 20, 18]]], [[7, [7]]], [[9, [9, 15, 16, 25, 6]]], [[30, [30, 19, 21, 17, 8]]], [[4, [4, 24, 2, 3, 5]]], [[10, [10, 23]]], [[14, [14, 12, 29, 11, 13]]], [[28, [28, 22]]]]], [[[[0, []], [26, [20, 26, 27, 1]], [27, []], [1, []], [20, []], [21, [21, 19, 17, 6, 2]], [19, []], [17, []], [2, []], [6, []], [12, [12, 24, 14, 3]], [3, []], [24, []], [14, []], [13, [13, 11, 22]], [11, []], [22, []]], [[0, []], [7, [7]], [9, [9, 25]], [15, [15, 16, 18]], [25, []], [16, []], [18, []], [30, [30, 4, 10, 23, 5, 8]], [4, []], [10, []], [23, []], [28, [28, 29]], [8, []], [29, []], [5, []]]], [[[26, [20, 26, 27, 1]]], [[7, [7]]], [[9, [9, 25]]], [[15, [15, 16, 18]]], [[21, [21, 19, 17, 6, 2]]], [[30, [30, 4, 10, 23, 5, 8]]], [[12, [12, 24, 14, 3]]], [[13, [13, 11, 22]]], [[28, [28, 29]]]]], [[[[0, [27, 1]], [20, [20, 18]], [18, []], [27, []], [1, []], [19, [19, 21, 30]], [21, []], [10, [10, 4, 23, 5]], [30, []], [4, []], [23, []], [28, [28, 8, 13]], [8, []], [5, []], [13, []]], [[0, [7, 26]], [7, []], [26, []], [9, [9, 25, 16, 15, 6]], [15, []], [25, []], [16, []], [6, []], [14, [14, 24, 12, 2, 17, 3]], [24, []], [12, []], [3, []], [2, []], [17, []], [29, [29, 11, 22]], [11, []], [22, []]]], [[[9, [9, 25, 16, 15, 6]]], [[20, [20, 18]]], [[19, [19, 21, 30]]], [[10, [10, 4, 23, 5]]], [[14, [14, 24, 12, 2, 17, 3]]], [[28, [28, 8, 13]]], [[29, [29, 11, 22]]]]]], "Numrun": 5, "all_fitness": [365.3124763665199, 364.6329172804419, 370.8966509789861]}
{"file_name": "U_30_1", "number_of_trucks": 2, "drone_capacity": 10, "number_of_drones": 2, "iteration": 4, "best_fitness": 364.89152905473395, "runtime": 771.2644553184509, "best_solution": [[[[0, []], [7, [27, 7, 1]], [1, [20]], [20, []], [27, []], [6, [6, 16, 30, 19]], [16, []], [30, []], [4, [4, 23, 10, 21, 17]], [10, []], [19, []], [21, []], [23, []], [28, [28]], [17, []]], [[0, [26, 9]], [26, []], [15, [15, 25, 18]], [25, []], [18, []], [12, [12, 3, 2, 8, 5, 24]], [3, []], [2, []], [24, []], [14, [14, 13, 29, 11, 22]], [9, []], [13, []], [5, []], [29, []], [8, []], [11, []], [22, []]]], [[[7, [27, 7, 1]]], [[1, [20]]], [[15, [15, 25, 18]]], [[6, [6, 16, 30, 19]]], [[12, [12, 3, 2, 8, 5, 24]]], [[4, [4, 23, 10, 21, 17]]], [[14, [14, 13, 29, 11, 22]]], [[28, [28]]]]],