{"file_name": "U_30_0", "number_of_trucks": 2, "drone_capacity": 10, "number_of_drones": 2, "iteration": 1, "best_fitness": 274.4954158496437, "runtime": 2393.7487001419067, "best_solution": [[[[0, []], [24, [24, 20, 1]], [20, []], [1, []], [13, [13, 6, 27, 12, 8]], [6, []], [27, []], [10, [10, 21, 14, 18, 19, 7]], [21, []], [12, []], [8, []], [14, []], [18, []], [7, []], [19, []]], [[0, [22, 17, 15]], [25, [25]], [11, [11, 16, 29, 30, 2]], [30, []], [2, []], [22, []], [3, [3, 28, 26, 9, 5, 23]], [15, []], [16, []], [28, []], [26, []], [9, []], [29, []], [4, [4]], [23, []], [5, []], [17, []]]], [[[24, [24, 20, 1]]], [[25, [25]]], [[11, [11, 16, 29, 30, 2]]], [[13, [13, 6, 27, 12, 8]]], [[3, [3, 28, 26, 9, 5, 23]]], [[10, [10, 21, 14, 18, 19, 7]]], [[4, [4]]]]], "all_solution": [[[[[0, []], [24, [24, 20, 1]], [20, []], [1, []], [13, [13, 6, 27, 12, 8]], [6, []], [27, []], [10, [10, 21, 14, 18, 19, 7]], [21, []], [12, []], [8, []], [14, []], [18, []], [7, []], [19, []]], [[0, [22, 17, 15]], [25, [25]], [11, [11, 16, 29, 30, 2]], [30, []], [2, []], [22, []], [3, [3, 28, 26, 9, 5, 23]], [15, []], [16, []], [28, []], [26, []], [9, []], [29, []], [4, [4]], [23, []], [5, []], [17, []]]], [[[24, [24, 20, 1]]], [[25, [25]]], [[11, [11, 16, 29, 30, 2]]], [[13, [13, 6, 27, 12, 8]]], [[3, [3, 28, 26, 9, 5, 23]]], [[10, [10, 21, 14, 18, 19, 7]]], [[4, [4]]]]]], "Numrun": 5, "all_fitness": [274.4954158496437]}
{"file_name": "U_30_0", "number_of_trucks": 2, "drone_capacity": 10, "number_of_drones": 2, "iteration": 2, "best_fitness": 273.7961328599652, "runtime": 1219.6464791297913, "best_solution": [[[[0, [15]], [30, [30, 22, 17]], [11, [11, 2, 29, 9]], [2, []], [22, []], [29, []], [9, []], [26, [26, 4, 28, 16, 3, 5]], [28, []], [16, []], [15, []], [3, []], [4, []], [23, [23]], [5, []], [17, []]], [[0, [8, 1, 24]], [25, [6, 25, 27]], [24, []], [6, []], [13, [13, 20, 12]], [1, []], [20, []], [27, []], [10, [10, 14, 21, 18, 19, 7]], [21, []], [12, []], [8, []], [14, []], [18, []], [7, []], [19, []]]], [[[30, [30, 22, 17]]], [[25, [6, 25, 27]]], [[11, [11, 2, 29, 9]]], [[13, [13, 20, 12]]], [[26, [26, 4, 28, 16, 3, 5]]], [[10, [10, 14, 21, 18, 19, 7]]], [[23, [23]]]]], "all_solution": [[[[[0, []], [24, [24, 20, 1]], [20, []], [1, []], [13, [13, 6, 27, 12, 8]], [6, []], [27, []], [10, [10, 21, 14, 18, 19, 7]], [21, []], [12, []], [8, []], [14, []], [18, []], [7, []], [19, []]], [[0, [22, 17, 15]], [25, [25]], [11, [11, 16, 29, 30, 2]], [30, []], [2, []], [22, []], [3, [3, 28, 26, 9, 5, 23]], [15, []], [16, []], [28, []], [26, []], [9, []], [29, []], [4, [4]], [23, []], [5, []], [17, []]]], [[[24, [24, 20, 1]]], [[25, [25]]], [[11, [11, 16, 29, 30, 2]]], [[13, [13, 6, 27, 12, 8]]], [[3, [3, 28, 26, 9, 5, 23]]], [[10, [10, 21, 14, 18, 19, 7]]], [[4, [4]]]]], [[[[0, [15]], [30, [30, 22, 17]], [11, [11, 2, 29, 9]], [2, []], [22, []], [29, []], [9, []], [26, [26, 4, 28, 16, 3, 5]], [28, []], [16, []], [15, []], [3, []], [4, []], [23, [23]], [5, []], [17, []]], [[0, [8, 1, 24]], [25, [6, 25, 27]], [24, []], [6, []], [13, [13, 20, 12]], [1, []], [20, []], [27, []], [10, [10, 14, 21, 18, 19, 7]], [21, []], [12, []], [8, []], [14, []], [18, []], [7, []], [19, []]]], [[[30, [30, 22, 17]]], [[25, [6, 25, 27]]], [[11, [11, 2, 29, 9]]], [[13, [13, 20, 12]]], [[26, [26, 4, 28, 16, 3, 5]]], [[10, [10, 14, 21, 18, 19, 7]]], [[23, [23]]]]]], "Numrun": 5, "all_fitness": [274.4954158496437, 273.7961328599652]}
{"file_name": "U_30_0", "number_of_trucks": 2, "drone_capacity": 10, "number_of_drones": 2, "iteration": 3, "best_fitness": 362.03999999999996, "runtime": 14.363842964172363, "best_solution": [[[[0, [24, 27, 12, 8, 7, 28]], [24, [26, 16, 14, 18, 19]], [27, []], [12, []], [8, []], [7, []], [28, []], [26, []], [16, []], [14, []], [18, []], [19, []]], [[0, [30, 2, 17, 6, 13, 1, 20, 10, 21, 15, 3, 9, 29, 22, 4, 23, 5, 11, 25]], [30, []], [2, []], [17, []], [6, []], [13, []], [1, []], [20, []], [10, []], [21, []], [15, []], [3, []], [9, []], [29, []], [22, []], [4, []], [23, []], [5, []], [11, []], [25, []]]], [[[24, [26, 16, 14, 18, 19]]]]], "all_solution": [[[[[0, []], [24, [24, 20, 1]], [20, []], [1, []], [13, [13, 6, 27, 12, 8]], [6, []], [27, []], [10, [10, 21, 14, 18, 19, 7]], [21, []], [12, []], [8, []], [14, []], [18, []], [7, []], [19, []]], [[0, [22, 17, 15]], [25, [25]], [11, [11, 16, 29, 30, 2]], [30, []], [2, []], [22, []], [3, [3, 28, 26, 9, 5, 23]], [15, []], [16, []], [28, []], [26, []], [9, []], [29, []], [4, [4]], [23, []], [5, []], [17, []]]], [[[24, [24, 20, 1]]], [[25, [25]]], [[11, [11, 16, 29, 30, 2]]], [[13, [13, 6, 27, 12, 8]]], [[3, [3, 28, 26, 9, 5, 23]]], [[10, [10, 21, 14, 18, 19, 7]]], [[4, [4]]]]], [[[[0, [15]], [30, [30, 22, 17]], [11, [11, 2, 29, 9]], [2, []], [22, []], [29, []], [9, []], [26, [26, 4, 28, 16, 3, 5]], [28, []], [16, []], [15, []], [3, []], [4, []], [23, [23]], [5, []], [17, []]], [[0, [8, 1, 24]], [25, [6, 25, 27]], [24, []], [6, []], [13, [13, 20, 12]], [1, []], [20, []], [27, []], [10, [10, 14, 21, 18, 19, 7]], [21, []], [12, []], [8, []], [14, []], [18, []], [7, []], [19, []]]], [[[30, [30, 22, 17]]], [[25, [6, 25, 27]]], [[11, [11, 2, 29, 9]]], [[13, [13, 20, 12]]], [[26, [26, 4, 28, 16, 3, 5]]], [[10, [10, 14, 21, 18, 19, 7]]], [[23, [23]]]]], [[[[0, [24, 27, 12, 8, 7, 28]], [24, [26, 16, 14, 18, 19]], [27, []], [12, []], [8, []], [7, []], [28, []], [26, []], [16, []], [14, []], [18, []], [19, []]], [[0, [30, 2, 17, 6, 13, 1, 20, 10, 21, 15, 3, 9, 29, 22, 4, 23, 5, 11, 25]], [30, []], [2, []], [17, []], [6, []], [13, []], [1, []], [20, []], [10, []], [21, []], [15, []], [3, []], [9, []], [29, []], [22, []], [4, []], [23, []], [5, []], [11, []], [25, []]]], [[[24, [26, 16, 14, 18, 19]]]]]], "Numrun": 5, "all_fitness": [274.4954158496437, 273.7961328599652, 362.03999999999996]}
{"file_name": "U_30_0", "number_of_trucks": 2, "drone_capacity": 10, "number_of_drones": 2, "iteration": 4, "best_fitness": 313.6253021469778, "runtime": 16.48762607574463, "best_solution": [[[[0, [17]], [17, []], [12, [12, 8, 16, 15, 3]], [8, []], [16, []], [15, []], [3, []], [23, [23, 5, 19, 7, 18, 14, 10, 20, 1, 13]], [5, []], [19, []], [7, []], [18, []], [14, []], [10, []], [20, []], [1, []], [13, []]], [[0, [27]], [24, [24, 25, 6]], [25, []], [6, []], [27, []], [21, [21, 28, 9, 26, 29, 4, 22, 2, 30, 11]], [28, []], [9, []], [26, []], [29, []], [4, []], [22, []], [2, []], [30, []], [11, []]]], [[[24, [24, 25, 6]]], [[12, [12, 8, 16, 15, 3]]], [[21, [21, 28, 9, 26, 29, 4, 22, 2, 30, 11]]], [[23, [23, 5, 19, 7, 18, 14, 10, 20, 1, 13]]]]],