{"file_name": "U_30_0", "number_of_trucks": 2, "drone_capacity": 10, "number_of_drones": 2, "iteration": 1, "best_fitness": 305.1412253592472, "runtime": 1609.484088897705, "best_solution": [[[[0, []], [22, [22, 8, 7]], [7, []], [8, []], [17, [10, 1, 17, 20]], [20, []], [10, []], [1, []], [19, [19, 21, 23, 28, 29, 11, 26]], [21, []], [23, []], [28, []], [29, []], [11, []], [26, []]], [[0, [25, 18, 30, 13, 9]], [13, []], [9, []], [24, [15, 12, 16, 4, 3, 2, 24, 14]], [14, []], [15, []], [12, []], [16, []], [18, []], [30, []], [25, []], [27, [27, 6, 5]], [4, []], [2, []], [3, []], [6, []], [5, []]]], [[[22, [22, 8, 7]]], [[24, [15, 12, 16, 4, 3, 2, 24, 14]]], [[17, [10, 1, 17, 20]]], [[19, [19, 21, 23, 28, 29, 11, 26]]], [[27, [27, 6, 5]]]]], "all_solution": [[[[[0, []], [22, [22, 8, 7]], [7, []], [8, []], [17, [10, 1, 17, 20]], [20, []], [10, []], [1, []], [19, [19, 21, 23, 28, 29, 11, 26]], [21, []], [23, []], [28, []], [29, []], [11, []], [26, []]], [[0, [25, 18, 30, 13, 9]], [13, []], [9, []], [24, [15, 12, 16, 4, 3, 2, 24, 14]], [14, []], [15, []], [12, []], [16, []], [18, []], [30, []], [25, []], [27, [27, 6, 5]], [4, []], [2, []], [3, []], [6, []], [5, []]]], [[[22, [22, 8, 7]]], [[24, [15, 12, 16, 4, 3, 2, 24, 14]]], [[17, [10, 1, 17, 20]]], [[19, [19, 21, 23, 28, 29, 11, 26]]], [[27, [27, 6, 5]]]]]], "Numrun": 5, "all_fitness": [305.1412253592472]}
{"file_name": "U_30_0", "number_of_trucks": 2, "drone_capacity": 10, "number_of_drones": 2, "iteration": 2, "best_fitness": 301.7532735598815, "runtime": 1746.1851749420166, "best_solution": [[[[0, [9, 18, 30, 25, 4, 2]], [9, []], [15, [15, 12, 16, 3, 14, 24]], [12, []], [16, []], [18, []], [30, []], [25, []], [27, [27, 6, 26, 5]], [4, []], [3, []], [2, []], [6, []], [14, []], [24, []], [5, []], [26, []]], [[0, [13]], [13, []], [22, [7, 22, 8]], [7, []], [8, []], [29, [29, 20, 10, 23, 17]], [17, []], [20, []], [10, []], [1, [1, 19, 21, 28, 11]], [19, []], [21, []], [23, []], [28, []], [11, []]]], [[[22, [7, 22, 8]]], [[15, [15, 12, 16, 3, 14, 24]]], [[29, [29, 20, 10, 23, 17]]], [[1, [1, 19, 21, 28, 11]]], [[27, [27, 6, 26, 5]]]]], "all_solution": [[[[[0, []], [22, [22, 8, 7]], [7, []], [8, []], [17, [10, 1, 17, 20]], [20, []], [10, []], [1, []], [19, [19, 21, 23, 28, 29, 11, 26]], [21, []], [23, []], [28, []], [29, []], [11, []], [26, []]], [[0, [25, 18, 30, 13, 9]], [13, []], [9, []], [24, [15, 12, 16, 4, 3, 2, 24, 14]], [14, []], [15, []], [12, []], [16, []], [18, []], [30, []], [25, []], [27, [27, 6, 5]], [4, []], [2, []], [3, []], [6, []], [5, []]]], [[[22, [22, 8, 7]]], [[24, [15, 12, 16, 4, 3, 2, 24, 14]]], [[17, [10, 1, 17, 20]]], [[19, [19, 21, 23, 28, 29, 11, 26]]], [[27, [27, 6, 5]]]]], [[[[0, [9, 18, 30, 25, 4, 2]], [9, []], [15, [15, 12, 16, 3, 14, 24]], [12, []], [16, []], [18, []], [30, []], [25, []], [27, [27, 6, 26, 5]], [4, []], [3, []], [2, []], [6, []], [14, []], [24, []], [5, []], [26, []]], [[0, [13]], [13, []], [22, [7, 22, 8]], [7, []], [8, []], [29, [29, 20, 10, 23, 17]], [17, []], [20, []], [10, []], [1, [1, 19, 21, 28, 11]], [19, []], [21, []], [23, []], [28, []], [11, []]]], [[[22, [7, 22, 8]]], [[15, [15, 12, 16, 3, 14, 24]]], [[29, [29, 20, 10, 23, 17]]], [[1, [1, 19, 21, 28, 11]]], [[27, [27, 6, 26, 5]]]]]], "Numrun": 5, "all_fitness": [305.1412253592472, 301.7532735598815]}
{"file_name": "U_30_0", "number_of_trucks": 2, "drone_capacity": 10, "number_of_drones": 2, "iteration": 3, "best_fitness": 312.2714582283709, "runtime": 295.6721386909485, "best_solution": [[[[0, []], [2, [2]], [24, [24, 12, 30, 25]], [12, []], [30, []], [25, []], [16, [16, 18, 10, 1, 21, 23, 28, 29, 11, 26]], [18, []], [10, []], [1, []], [21, []], [23, []], [28, []], [29, []], [11, []], [26, []]], [[0, [13, 9, 4]], [13, []], [7, [7, 8, 22]], [8, []], [22, []], [15, [15, 6, 3, 27, 19, 20, 17, 5, 14]], [9, []], [14, []], [6, []], [3, []], [4, []], [27, []], [19, []], [20, []], [17, []], [5, []]]], [[[2, [2]]], [[7, [7, 8, 22]]], [[24, [24, 12, 30, 25]]], [[15, [15, 6, 3, 27, 19, 20, 17, 5, 14]]], [[16, [16, 18, 10, 1, 21, 23, 28, 29, 11, 26]]]]], "all_solution": [[[[[0, []], [22, [22, 8, 7]], [7, []], [8, []], [17, [10, 1, 17, 20]], [20, []], [10, []], [1, []], [19, [19, 21, 23, 28, 29, 11, 26]], [21, []], [23, []], [28, []], [29, []], [11, []], [26, []]], [[0, [25, 18, 30, 13, 9]], [13, []], [9, []], [24, [15, 12, 16, 4, 3, 2, 24, 14]], [14, []], [15, []], [12, []], [16, []], [18, []], [30, []], [25, []], [27, [27, 6, 5]], [4, []], [2, []], [3, []], [6, []], [5, []]]], [[[22, [22, 8, 7]]], [[24, [15, 12, 16, 4, 3, 2, 24, 14]]], [[17, [10, 1, 17, 20]]], [[19, [19, 21, 23, 28, 29, 11, 26]]], [[27, [27, 6, 5]]]]], [[[[0, [9, 18, 30, 25, 4, 2]], [9, []], [15, [15, 12, 16, 3, 14, 24]], [12, []], [16, []], [18, []], [30, []], [25, []], [27, [27, 6, 26, 5]], [4, []], [3, []], [2, []], [6, []], [14, []], [24, []], [5, []], [26, []]], [[0, [13]], [13, []], [22, [7, 22, 8]], [7, []], [8, []], [29, [29, 20, 10, 23, 17]], [17, []], [20, []], [10, []], [1, [1, 19, 21, 28, 11]], [19, []], [21, []], [23, []], [28, []], [11, []]]], [[[22, [7, 22, 8]]], [[15, [15, 12, 16, 3, 14, 24]]], [[29, [29, 20, 10, 23, 17]]], [[1, [1, 19, 21, 28, 11]]], [[27, [27, 6, 26, 5]]]]], [[[[0, []], [2, [2]], [24, [24, 12, 30, 25]], [12, []], [30, []], [25, []], [16, [16, 18, 10, 1, 21, 23, 28, 29, 11, 26]], [18, []], [10, []], [1, []], [21, []], [23, []], [28, []], [29, []], [11, []], [26, []]], [[0, [13, 9, 4]], [13, []], [7, [7, 8, 22]], [8, []], [22, []], [15, [15, 6, 3, 27, 19, 20, 17, 5, 14]], [9, []], [14, []], [6, []], [3, []], [4, []], [27, []], [19, []], [20, []], [17, []], [5, []]]], [[[2, [2]]], [[7, [7, 8, 22]]], [[24, [24, 12, 30, 25]]], [[15, [15, 6, 3, 27, 19, 20, 17, 5, 14]]], [[16, [16, 18, 10, 1, 21, 23, 28, 29, 11, 26]]]]]], "Numrun": 5, "all_fitness": [305.1412253592472, 301.7532735598815, 312.2714582283709]}
{"file_name": "U_30_0", "number_of_trucks": 2, "drone_capacity": 10, "number_of_drones": 2, "iteration": 4, "best_fitness": 327.4039721934019, "runtime": 17.487823009490967, "best_solution": [[[[0, []], [4, [4]], [25, [25, 30, 18, 16]], [30, []], [18, []], [16, []], [10, [10, 1, 21, 19, 27, 3, 6, 14, 15, 26]], [1, []], [21, []], [19, []], [27, []], [3, []], [6, []], [14, []], [15, []], [26, []]], [[0, [13]], [13, []], [2, [2, 9, 24, 12]], [9, []], [24, []], [12, []], [5, [5, 20, 17, 29, 8, 28, 23, 7, 11, 22]], [20, []], [17, []], [29, []], [8, []], [28, []], [23, []], [7, []], [11, []], [22, []]]], [[[4, [4]]], [[2, [2, 9, 24, 12]]], [[25, [25, 30, 18, 16]]], [[5, [5, 20, 17, 29, 8, 28, 23, 7, 11, 22]]], [[10, [10, 1, 21, 19, 27, 3, 6, 14, 15, 26]]]]],