{"file_name": "U_30_0", "number_of_trucks": 2, "drone_capacity": 10, "number_of_drones": 2, "iteration": 1, "best_fitness": 313.9696297566, "runtime": 1208.47944688797, "best_solution": [[[[0, [14, 29, 13, 5, 27, 18]], [18, []], [27, []], [29, []], [13, []], [14, []], [5, []], [12, [12, 17, 9, 30, 11, 15]], [17, []], [30, []], [24, [24, 16, 26]], [9, []], [16, []], [26, []], [11, []], [15, []]], [[0, []], [22, [22]], [21, [21, 4, 6, 28, 3]], [4, []], [6, []], [23, [23, 1, 25, 10, 7, 8, 2, 20, 19]], [1, []], [25, []], [10, []], [8, []], [2, []], [7, []], [3, []], [28, []], [19, []], [20, []]]], [[[22, [22]]], [[21, [21, 4, 6, 28, 3]]], [[12, [12, 17, 9, 30, 11, 15]]], [[23, [23, 1, 25, 10, 7, 8, 2, 20, 19]]], [[24, [24, 16, 26]]]]], "all_solution": [[[[[0, [14, 29, 13, 5, 27, 18]], [18, []], [27, []], [29, []], [13, []], [14, []], [5, []], [12, [12, 17, 9, 30, 11, 15]], [17, []], [30, []], [24, [24, 16, 26]], [9, []], [16, []], [26, []], [11, []], [15, []]], [[0, []], [22, [22]], [21, [21, 4, 6, 28, 3]], [4, []], [6, []], [23, [23, 1, 25, 10, 7, 8, 2, 20, 19]], [1, []], [25, []], [10, []], [8, []], [2, []], [7, []], [3, []], [28, []], [19, []], [20, []]]], [[[22, [22]]], [[21, [21, 4, 6, 28, 3]]], [[12, [12, 17, 9, 30, 11, 15]]], [[23, [23, 1, 25, 10, 7, 8, 2, 20, 19]]], [[24, [24, 16, 26]]]]]], "Numrun": 5, "all_fitness": [313.9696297566]}
{"file_name": "U_30_0", "number_of_trucks": 2, "drone_capacity": 10, "number_of_drones": 2, "iteration": 2, "best_fitness": 302.98757608685275, "runtime": 1299.1313121318817, "best_solution": [[[[0, [27, 28, 29, 13, 18]], [18, []], [27, []], [21, [21]], [29, []], [13, []], [24, [24, 9, 19, 11, 3, 15, 20]], [9, []], [16, [16, 26]], [26, []], [11, []], [20, []], [3, []], [28, []], [19, []], [15, []]], [[0, [22, 14, 5]], [22, []], [4, [4, 6, 30, 1, 7, 10]], [6, []], [14, []], [30, []], [17, [17, 12, 23, 2, 25, 8]], [12, []], [5, []], [23, []], [2, []], [1, []], [25, []], [10, []], [8, []], [7, []]]], [[[21, [21]]], [[4, [4, 6, 30, 1, 7, 10]]], [[24, [24, 9, 19, 11, 3, 15, 20]]], [[17, [17, 12, 23, 2, 25, 8]]], [[16, [16, 26]]]]], "all_solution": [[[[[0, [14, 29, 13, 5, 27, 18]], [18, []], [27, []], [29, []], [13, []], [14, []], [5, []], [12, [12, 17, 9, 30, 11, 15]], [17, []], [30, []], [24, [24, 16, 26]], [9, []], [16, []], [26, []], [11, []], [15, []]], [[0, []], [22, [22]], [21, [21, 4, 6, 28, 3]], [4, []], [6, []], [23, [23, 1, 25, 10, 7, 8, 2, 20, 19]], [1, []], [25, []], [10, []], [8, []], [2, []], [7, []], [3, []], [28, []], [19, []], [20, []]]], [[[22, [22]]], [[21, [21, 4, 6, 28, 3]]], [[12, [12, 17, 9, 30, 11, 15]]], [[23, [23, 1, 25, 10, 7, 8, 2, 20, 19]]], [[24, [24, 16, 26]]]]], [[[[0, [27, 28, 29, 13, 18]], [18, []], [27, []], [21, [21]], [29, []], [13, []], [24, [24, 9, 19, 11, 3, 15, 20]], [9, []], [16, [16, 26]], [26, []], [11, []], [20, []], [3, []], [28, []], [19, []], [15, []]], [[0, [22, 14, 5]], [22, []], [4, [4, 6, 30, 1, 7, 10]], [6, []], [14, []], [30, []], [17, [17, 12, 23, 2, 25, 8]], [12, []], [5, []], [23, []], [2, []], [1, []], [25, []], [10, []], [8, []], [7, []]]], [[[21, [21]]], [[4, [4, 6, 30, 1, 7, 10]]], [[24, [24, 9, 19, 11, 3, 15, 20]]], [[17, [17, 12, 23, 2, 25, 8]]], [[16, [16, 26]]]]]], "Numrun": 5, "all_fitness": [313.9696297566, 302.98757608685275]}
{"file_name": "U_30_0", "number_of_trucks": 2, "drone_capacity": 10, "number_of_drones": 2, "iteration": 3, "best_fitness": 305.86429694427846, "runtime": 1120.7078828811646, "best_solution": [[[[0, [27, 29, 14, 13]], [27, []], [4, [4, 30, 5, 28]], [29, []], [13, []], [14, []], [30, []], [5, []], [23, [23, 2, 7, 25, 10, 20, 1, 3]], [2, []], [1, []], [25, []], [10, []], [8, [8, 19]], [7, []], [3, []], [28, []], [19, []], [20, []]], [[0, [22, 18]], [18, []], [15, [11, 6, 21, 15]], [11, []], [22, []], [12, [12, 17, 9, 24, 26, 16]], [17, []], [6, []], [24, []], [9, []], [21, []], [26, []], [16, []]]], [[[4, [4, 30, 5, 28]]], [[15, [11, 6, 21, 15]]], [[23, [23, 2, 7, 25, 10, 20, 1, 3]]], [[12, [12, 17, 9, 24, 26, 16]]], [[8, [8, 19]]]]], "all_solution": [[[[[0, [14, 29, 13, 5, 27, 18]], [18, []], [27, []], [29, []], [13, []], [14, []], [5, []], [12, [12, 17, 9, 30, 11, 15]], [17, []], [30, []], [24, [24, 16, 26]], [9, []], [16, []], [26, []], [11, []], [15, []]], [[0, []], [22, [22]], [21, [21, 4, 6, 28, 3]], [4, []], [6, []], [23, [23, 1, 25, 10, 7, 8, 2, 20, 19]], [1, []], [25, []], [10, []], [8, []], [2, []], [7, []], [3, []], [28, []], [19, []], [20, []]]], [[[22, [22]]], [[21, [21, 4, 6, 28, 3]]], [[12, [12, 17, 9, 30, 11, 15]]], [[23, [23, 1, 25, 10, 7, 8, 2, 20, 19]]], [[24, [24, 16, 26]]]]], [[[[0, [27, 28, 29, 13, 18]], [18, []], [27, []], [21, [21]], [29, []], [13, []], [24, [24, 9, 19, 11, 3, 15, 20]], [9, []], [16, [16, 26]], [26, []], [11, []], [20, []], [3, []], [28, []], [19, []], [15, []]], [[0, [22, 14, 5]], [22, []], [4, [4, 6, 30, 1, 7, 10]], [6, []], [14, []], [30, []], [17, [17, 12, 23, 2, 25, 8]], [12, []], [5, []], [23, []], [2, []], [1, []], [25, []], [10, []], [8, []], [7, []]]], [[[21, [21]]], [[4, [4, 6, 30, 1, 7, 10]]], [[24, [24, 9, 19, 11, 3, 15, 20]]], [[17, [17, 12, 23, 2, 25, 8]]], [[16, [16, 26]]]]], [[[[0, [27, 29, 14, 13]], [27, []], [4, [4, 30, 5, 28]], [29, []], [13, []], [14, []], [30, []], [5, []], [23, [23, 2, 7, 25, 10, 20, 1, 3]], [2, []], [1, []], [25, []], [10, []], [8, [8, 19]], [7, []], [3, []], [28, []], [19, []], [20, []]], [[0, [22, 18]], [18, []], [15, [11, 6, 21, 15]], [11, []], [22, []], [12, [12, 17, 9, 24, 26, 16]], [17, []], [6, []], [24, []], [9, []], [21, []], [26, []], [16, []]]], [[[4, [4, 30, 5, 28]]], [[15, [11, 6, 21, 15]]], [[23, [23, 2, 7, 25, 10, 20, 1, 3]]], [[12, [12, 17, 9, 24, 26, 16]]], [[8, [8, 19]]]]]], "Numrun": 5, "all_fitness": [313.9696297566, 302.98757608685275, 305.86429694427846]}
{"file_name": "U_30_0", "number_of_trucks": 2, "drone_capacity": 10, "number_of_drones": 2, "iteration": 4, "best_fitness": 338.4383613196715, "runtime": 17.202024936676025, "best_solution": [[[[0, []], [22, [22]], [3, [3, 28, 19]], [28, []], [19, []], [25, [25, 1, 12, 5]], [1, []], [12, []], [5, []], [17, [17, 30, 14, 6, 24, 4, 21, 26, 16, 18]], [30, []], [14, []], [6, []], [24, []], [4, []], [21, []], [26, []], [16, []], [18, []]], [[0, [27, 13, 29]], [27, []], [13, []], [29, []], [9, [9, 15, 20, 7, 8, 10, 2, 23, 11]], [15, []], [20, []], [7, []], [8, []], [10, []], [2, []], [23, []], [11, []]]], [[[22, [22]]], [[9, [9, 15, 20, 7, 8, 10, 2, 23, 11]]], [[3, [3, 28, 19]]], [[25, [25, 1, 12, 5]]], [[17, [17, 30, 14, 6, 24, 4, 21, 26, 16, 18]]]]],