{"file_name": "U_30_0", "number_of_trucks": 2, "drone_capacity": 10, "number_of_drones": 2, "iteration": 1, "best_fitness": 295.0672604229376, "runtime": 1506.8790016174316, "best_solution": [[[[0, []], [26, [26, 29, 8, 13]], [8, []], [13, []], [29, []], [30, [30, 11, 4, 17, 22]], [2, [2, 20, 24, 5, 9]], [9, []], [11, []], [4, []], [17, []], [22, []], [5, []], [20, []], [24, []]], [[0, [6, 15, 19]], [6, []], [15, [3, 23, 10, 18, 16, 25]], [3, []], [23, []], [19, []], [27, [27, 7, 21, 28, 12, 1, 14]], [10, []], [7, []], [21, []], [18, []], [1, []], [12, []], [28, []], [16, []], [25, []], [14, []]]], [[[26, [26, 29, 8, 13]]], [[15, [3, 23, 10, 18, 16, 25]]], [[27, [27, 7, 21, 28, 12, 1, 14]]], [[30, [30, 11, 4, 17, 22]]], [[2, [2, 20, 24, 5, 9]]]]], "all_solution": [[[[[0, []], [26, [26, 29, 8, 13]], [8, []], [13, []], [29, []], [30, [30, 11, 4, 17, 22]], [2, [2, 20, 24, 5, 9]], [9, []], [11, []], [4, []], [17, []], [22, []], [5, []], [20, []], [24, []]], [[0, [6, 15, 19]], [6, []], [15, [3, 23, 10, 18, 16, 25]], [3, []], [23, []], [19, []], [27, [27, 7, 21, 28, 12, 1, 14]], [10, []], [7, []], [21, []], [18, []], [1, []], [12, []], [28, []], [16, []], [25, []], [14, []]]], [[[26, [26, 29, 8, 13]]], [[15, [3, 23, 10, 18, 16, 25]]], [[27, [27, 7, 21, 28, 12, 1, 14]]], [[30, [30, 11, 4, 17, 22]]], [[2, [2, 20, 24, 5, 9]]]]]], "Numrun": 5, "all_fitness": [295.0672604229376]}
{"file_name": "U_30_0", "number_of_trucks": 2, "drone_capacity": 10, "number_of_drones": 2, "iteration": 2, "best_fitness": 290.5472604229376, "runtime": 1473.1345443725586, "best_solution": [[[[0, [13, 16]], [26, [26, 29, 8]], [8, []], [13, []], [29, []], [16, []], [30, [30, 11, 12, 23, 20, 14, 9, 28]], [28, []], [12, []], [9, []], [11, []], [23, []], [22, [22, 5]], [5, []], [20, []], [14, []]], [[0, []], [6, [6, 15, 19]], [15, []], [19, []], [17, [17, 3, 1, 10, 18, 25]], [3, []], [4, [4, 27, 7, 21, 2, 24]], [27, []], [10, []], [7, []], [21, []], [18, []], [1, []], [25, []], [2, []], [24, []]]], [[[26, [26, 29, 8]]], [[6, [6, 15, 19]]], [[17, [17, 3, 1, 10, 18, 25]]], [[4, [4, 27, 7, 21, 2, 24]]], [[30, [30, 11, 12, 23, 20, 14, 9, 28]]], [[22, [22, 5]]]]], "all_solution": [[[[[0, []], [26, [26, 29, 8, 13]], [8, []], [13, []], [29, []], [30, [30, 11, 4, 17, 22]], [2, [2, 20, 24, 5, 9]], [9, []], [11, []], [4, []], [17, []], [22, []], [5, []], [20, []], [24, []]], [[0, [6, 15, 19]], [6, []], [15, [3, 23, 10, 18, 16, 25]], [3, []], [23, []], [19, []], [27, [27, 7, 21, 28, 12, 1, 14]], [10, []], [7, []], [21, []], [18, []], [1, []], [12, []], [28, []], [16, []], [25, []], [14, []]]], [[[26, [26, 29, 8, 13]]], [[15, [3, 23, 10, 18, 16, 25]]], [[27, [27, 7, 21, 28, 12, 1, 14]]], [[30, [30, 11, 4, 17, 22]]], [[2, [2, 20, 24, 5, 9]]]]], [[[[0, [13, 16]], [26, [26, 29, 8]], [8, []], [13, []], [29, []], [16, []], [30, [30, 11, 12, 23, 20, 14, 9, 28]], [28, []], [12, []], [9, []], [11, []], [23, []], [22, [22, 5]], [5, []], [20, []], [14, []]], [[0, []], [6, [6, 15, 19]], [15, []], [19, []], [17, [17, 3, 1, 10, 18, 25]], [3, []], [4, [4, 27, 7, 21, 2, 24]], [27, []], [10, []], [7, []], [21, []], [18, []], [1, []], [25, []], [2, []], [24, []]]], [[[26, [26, 29, 8]]], [[6, [6, 15, 19]]], [[17, [17, 3, 1, 10, 18, 25]]], [[4, [4, 27, 7, 21, 2, 24]]], [[30, [30, 11, 12, 23, 20, 14, 9, 28]]], [[22, [22, 5]]]]]], "Numrun": 5, "all_fitness": [295.0672604229376, 290.5472604229376]}
{"file_name": "U_30_0", "number_of_trucks": 2, "drone_capacity": 10, "number_of_drones": 2, "iteration": 3, "best_fitness": 311.12385085037, "runtime": 664.0775632858276, "best_solution": [[[[0, [6]], [6, []], [15, [15, 19, 18, 1]], [19, []], [18, []], [1, []], [3, [3, 27, 10, 7, 21, 12, 30, 28, 16]], [27, []], [10, []], [7, []], [21, []], [12, []], [30, []], [28, []], [16, []]], [[0, []], [13, [13, 8]], [8, []], [29, [2, 9, 26, 14, 29, 25]], [25, []], [2, []], [9, []], [4, [4, 11, 23, 17, 5, 22, 20, 24]], [11, []], [23, []], [17, []], [5, []], [22, []], [20, []], [24, []], [26, []], [14, []]]], [[[15, [15, 19, 18, 1]]], [[13, [13, 8]]], [[29, [2, 9, 26, 14, 29, 25]]], [[3, [3, 27, 10, 7, 21, 12, 30, 28, 16]]], [[4, [4, 11, 23, 17, 5, 22, 20, 24]]]]], "all_solution": [[[[[0, []], [26, [26, 29, 8, 13]], [8, []], [13, []], [29, []], [30, [30, 11, 4, 17, 22]], [2, [2, 20, 24, 5, 9]], [9, []], [11, []], [4, []], [17, []], [22, []], [5, []], [20, []], [24, []]], [[0, [6, 15, 19]], [6, []], [15, [3, 23, 10, 18, 16, 25]], [3, []], [23, []], [19, []], [27, [27, 7, 21, 28, 12, 1, 14]], [10, []], [7, []], [21, []], [18, []], [1, []], [12, []], [28, []], [16, []], [25, []], [14, []]]], [[[26, [26, 29, 8, 13]]], [[15, [3, 23, 10, 18, 16, 25]]], [[27, [27, 7, 21, 28, 12, 1, 14]]], [[30, [30, 11, 4, 17, 22]]], [[2, [2, 20, 24, 5, 9]]]]], [[[[0, [13, 16]], [26, [26, 29, 8]], [8, []], [13, []], [29, []], [16, []], [30, [30, 11, 12, 23, 20, 14, 9, 28]], [28, []], [12, []], [9, []], [11, []], [23, []], [22, [22, 5]], [5, []], [20, []], [14, []]], [[0, []], [6, [6, 15, 19]], [15, []], [19, []], [17, [17, 3, 1, 10, 18, 25]], [3, []], [4, [4, 27, 7, 21, 2, 24]], [27, []], [10, []], [7, []], [21, []], [18, []], [1, []], [25, []], [2, []], [24, []]]], [[[26, [26, 29, 8]]], [[6, [6, 15, 19]]], [[17, [17, 3, 1, 10, 18, 25]]], [[4, [4, 27, 7, 21, 2, 24]]], [[30, [30, 11, 12, 23, 20, 14, 9, 28]]], [[22, [22, 5]]]]], [[[[0, [6]], [6, []], [15, [15, 19, 18, 1]], [19, []], [18, []], [1, []], [3, [3, 27, 10, 7, 21, 12, 30, 28, 16]], [27, []], [10, []], [7, []], [21, []], [12, []], [30, []], [28, []], [16, []]], [[0, []], [13, [13, 8]], [8, []], [29, [2, 9, 26, 14, 29, 25]], [25, []], [2, []], [9, []], [4, [4, 11, 23, 17, 5, 22, 20, 24]], [11, []], [23, []], [17, []], [5, []], [22, []], [20, []], [24, []], [26, []], [14, []]]], [[[15, [15, 19, 18, 1]]], [[13, [13, 8]]], [[29, [2, 9, 26, 14, 29, 25]]], [[3, [3, 27, 10, 7, 21, 12, 30, 28, 16]]], [[4, [4, 11, 23, 17, 5, 22, 20, 24]]]]]], "Numrun": 5, "all_fitness": [295.0672604229376, 290.5472604229376, 311.12385085037]}
{"file_name": "U_30_0", "number_of_trucks": 2, "drone_capacity": 10, "number_of_drones": 2, "iteration": 4, "best_fitness": 305.70726042293757, "runtime": 16.458284854888916, "best_solution": [[[[0, []], [19, [19, 15, 6, 10, 18]], [15, []], [6, []], [10, []], [18, []], [1, [1, 12, 21, 7, 11, 4, 23, 27, 3, 24]], [12, []], [21, []], [7, []], [11, []], [4, []], [23, []], [27, []], [3, []], [24, []]], [[0, []], [26, [20, 26, 13, 8, 29, 2]], [13, []], [8, []], [29, []], [2, []], [30, [30, 28, 16, 25, 9, 17, 22, 5, 14]], [28, []], [16, []], [25, []], [9, []], [17, []], [22, []], [5, []], [20, []], [14, []]]], [[[26, [20, 26, 13, 8, 29, 2]]], [[19, [19, 15, 6, 10, 18]]], [[1, [1, 12, 21, 7, 11, 4, 23, 27, 3, 24]]], [[30, [30, 28, 16, 25, 9, 17, 22, 5, 14]]]]],