{"file_name": "U_30_1", "number_of_trucks": 2, "drone_capacity": 10, "number_of_drones": 2, "iteration": 1, "best_fitness": 462.2648288203001, "runtime": 765.6413326263428, "best_solution": [[[[0, [7, 10, 17, 11]], [7, []], [10, []], [11, []], [17, []], [8, [8, 27, 1]], [27, []], [28, [28, 4, 23, 24, 19]], [24, []], [23, []], [4, []], [1, []], [19, []], [9, [9, 15]], [15, []]], [[0, [16]], [16, []], [30, [30, 29, 14, 18, 2]], [29, []], [2, []], [14, []], [18, []], [21, [21, 6]], [6, []], [22, [22, 26, 12]], [26, []], [12, []], [13, [13, 25, 20]], [25, []], [20, []], [5, [5, 3]], [3, []]]], [[[8, [8, 27, 1]]], [[30, [30, 29, 14, 18, 2]]], [[21, [21, 6]]], [[28, [28, 4, 23, 24, 19]]], [[22, [22, 26, 12]]], [[13, [13, 25, 20]]], [[5, [5, 3]]], [[9, [9, 15]]]]], "all_solution": [[[[[0, [7, 10, 17, 11]], [7, []], [10, []], [11, []], [17, []], [8, [8, 27, 1]], [27, []], [28, [28, 4, 23, 24, 19]], [24, []], [23, []], [4, []], [1, []], [19, []], [9, [9, 15]], [15, []]], [[0, [16]], [16, []], [30, [30, 29, 14, 18, 2]], [29, []], [2, []], [14, []], [18, []], [21, [21, 6]], [6, []], [22, [22, 26, 12]], [26, []], [12, []], [13, [13, 25, 20]], [25, []], [20, []], [5, [5, 3]], [3, []]]], [[[8, [8, 27, 1]]], [[30, [30, 29, 14, 18, 2]]], [[21, [21, 6]]], [[28, [28, 4, 23, 24, 19]]], [[22, [22, 26, 12]]], [[13, [13, 25, 20]]], [[5, [5, 3]]], [[9, [9, 15]]]]]], "Numrun": 5, "all_fitness": [462.2648288203001]}
{"file_name": "U_30_1", "number_of_trucks": 2, "drone_capacity": 10, "number_of_drones": 2, "iteration": 2, "best_fitness": 457.92458448307224, "runtime": 987.9928367137909, "best_solution": [[[[0, [17, 18, 13, 29, 14, 2]], [14, []], [2, []], [29, []], [18, []], [17, []], [13, []], [25, [25, 26, 22, 12, 28, 24]], [26, []], [22, []], [12, []], [20, [20, 5]], [5, []], [24, []], [28, []]], [[0, [7, 16, 30]], [30, []], [10, [10, 11]], [11, []], [8, [8, 6, 1]], [1, []], [6, []], [16, [27, 23, 4, 21]], [23, []], [7, []], [27, []], [4, []], [9, [9, 15, 3, 19]], [15, []], [19, []], [21, []], [3, []]]], [[[10, [10, 11]]], [[8, [8, 6, 1]]], [[16, [27, 23, 4, 21]]], [[25, [25, 26, 22, 12, 28, 24]]], [[9, [9, 15, 3, 19]]], [[20, [20, 5]]]]], "all_solution": [[[[[0, [7, 10, 17, 11]], [7, []], [10, []], [11, []], [17, []], [8, [8, 27, 1]], [27, []], [28, [28, 4, 23, 24, 19]], [24, []], [23, []], [4, []], [1, []], [19, []], [9, [9, 15]], [15, []]], [[0, [16]], [16, []], [30, [30, 29, 14, 18, 2]], [29, []], [2, []], [14, []], [18, []], [21, [21, 6]], [6, []], [22, [22, 26, 12]], [26, []], [12, []], [13, [13, 25, 20]], [25, []], [20, []], [5, [5, 3]], [3, []]]], [[[8, [8, 27, 1]]], [[30, [30, 29, 14, 18, 2]]], [[21, [21, 6]]], [[28, [28, 4, 23, 24, 19]]], [[22, [22, 26, 12]]], [[13, [13, 25, 20]]], [[5, [5, 3]]], [[9, [9, 15]]]]], [[[[0, [17, 18, 13, 29, 14, 2]], [14, []], [2, []], [29, []], [18, []], [17, []], [13, []], [25, [25, 26, 22, 12, 28, 24]], [26, []], [22, []], [12, []], [20, [20, 5]], [5, []], [24, []], [28, []]], [[0, [7, 16, 30]], [30, []], [10, [10, 11]], [11, []], [8, [8, 6, 1]], [1, []], [6, []], [16, [27, 23, 4, 21]], [23, []], [7, []], [27, []], [4, []], [9, [9, 15, 3, 19]], [15, []], [19, []], [21, []], [3, []]]], [[[10, [10, 11]]], [[8, [8, 6, 1]]], [[16, [27, 23, 4, 21]]], [[25, [25, 26, 22, 12, 28, 24]]], [[9, [9, 15, 3, 19]]], [[20, [20, 5]]]]]], "Numrun": 5, "all_fitness": [462.2648288203001, 457.92458448307224]}
{"file_name": "U_30_1", "number_of_trucks": 2, "drone_capacity": 10, "number_of_drones": 2, "iteration": 3, "best_fitness": 454.08458448307226, "runtime": 850.9015305042267, "best_solution": [[[[0, [18]], [18, []], [1, [1, 6]], [6, []], [23, [23]], [24, [24, 21, 19, 4, 27]], [21, []], [19, []], [4, []], [27, []], [9, [9, 3, 15]], [15, []], [3, []]], [[0, [16, 7]], [29, [30, 10, 17, 2, 14, 29]], [14, []], [2, []], [16, []], [7, []], [10, []], [11, [11, 8]], [17, []], [8, []], [30, []], [22, [22, 26, 12, 13, 25]], [26, []], [25, []], [13, []], [12, []], [20, [20, 5, 28]], [5, []], [28, []]]], [[[29, [30, 10, 17, 2, 14, 29]]], [[1, [1, 6]]], [[11, [11, 8]]], [[23, [23]]], [[24, [24, 21, 19, 4, 27]]], [[22, [22, 26, 12, 13, 25]]], [[9, [9, 3, 15]]], [[20, [20, 5, 28]]]]], "all_solution": [[[[[0, [7, 10, 17, 11]], [7, []], [10, []], [11, []], [17, []], [8, [8, 27, 1]], [27, []], [28, [28, 4, 23, 24, 19]], [24, []], [23, []], [4, []], [1, []], [19, []], [9, [9, 15]], [15, []]], [[0, [16]], [16, []], [30, [30, 29, 14, 18, 2]], [29, []], [2, []], [14, []], [18, []], [21, [21, 6]], [6, []], [22, [22, 26, 12]], [26, []], [12, []], [13, [13, 25, 20]], [25, []], [20, []], [5, [5, 3]], [3, []]]], [[[8, [8, 27, 1]]], [[30, [30, 29, 14, 18, 2]]], [[21, [21, 6]]], [[28, [28, 4, 23, 24, 19]]], [[22, [22, 26, 12]]], [[13, [13, 25, 20]]], [[5, [5, 3]]], [[9, [9, 15]]]]], [[[[0, [17, 18, 13, 29, 14, 2]], [14, []], [2, []], [29, []], [18, []], [17, []], [13, []], [25, [25, 26, 22, 12, 28, 24]], [26, []], [22, []], [12, []], [20, [20, 5]], [5, []], [24, []], [28, []]], [[0, [7, 16, 30]], [30, []], [10, [10, 11]], [11, []], [8, [8, 6, 1]], [1, []], [6, []], [16, [27, 23, 4, 21]], [23, []], [7, []], [27, []], [4, []], [9, [9, 15, 3, 19]], [15, []], [19, []], [21, []], [3, []]]], [[[10, [10, 11]]], [[8, [8, 6, 1]]], [[16, [27, 23, 4, 21]]], [[25, [25, 26, 22, 12, 28, 24]]], [[9, [9, 15, 3, 19]]], [[20, [20, 5]]]]], [[[[0, [18]], [18, []], [1, [1, 6]], [6, []], [23, [23]], [24, [24, 21, 19, 4, 27]], [21, []], [19, []], [4, []], [27, []], [9, [9, 3, 15]], [15, []], [3, []]], [[0, [16, 7]], [29, [30, 10, 17, 2, 14, 29]], [14, []], [2, []], [16, []], [7, []], [10, []], [11, [11, 8]], [17, []], [8, []], [30, []], [22, [22, 26, 12, 13, 25]], [26, []], [25, []], [13, []], [12, []], [20, [20, 5, 28]], [5, []], [28, []]]], [[[29, [30, 10, 17, 2, 14, 29]]], [[1, [1, 6]]], [[11, [11, 8]]], [[23, [23]]], [[24, [24, 21, 19, 4, 27]]], [[22, [22, 26, 12, 13, 25]]], [[9, [9, 3, 15]]], [[20, [20, 5, 28]]]]]], "Numrun": 5, "all_fitness": [462.2648288203001, 457.92458448307224, 454.08458448307226]}
{"file_name": "U_30_1", "number_of_trucks": 2, "drone_capacity": 10, "number_of_drones": 2, "iteration": 4, "best_fitness": 455.19024068601914, "runtime": 734.2178802490234, "best_solution": [[[[0, [10, 30, 16]], [7, [7]], [10, []], [30, []], [2, [2, 11, 17, 8]], [17, []], [11, []], [8, []], [27, [27, 23, 24, 28, 21]], [23, []], [16, []], [24, []], [28, []], [9, [9, 15, 19, 3]], [15, []], [19, []], [21, []], [3, []]], [[0, [29]], [29, []], [13, [13, 14, 18]], [14, []], [18, []], [6, [6, 1]], [26, [26, 22]], [22, []], [1, []], [4, [4]], [12, [12, 25, 20]], [25, []], [20, []], [5, [5]]]], [[[7, [7]]], [[13, [13, 14, 18]]], [[6, [6, 1]]], [[2, [2, 11, 17, 8]]], [[26, [26, 22]]], [[27, [27, 23, 24, 28, 21]]], [[4, [4]]], [[12, [12, 25, 20]]], [[9, [9, 15, 19, 3]]], [[5, [5]]]]],