{"file_name": "U_30_0", "number_of_trucks": 2, "drone_capacity": 10, "number_of_drones": 2, "iteration": 1, "best_fitness": 292.3877403747211, "runtime": 1922.9257686138153, "best_solution": [[[[0, [14, 23]], [30, [30]], [13, [13, 6, 20, 22]], [20, []], [6, []], [22, []], [14, []], [27, [27, 25, 5, 18, 19, 21, 1]], [23, []], [25, []], [5, []], [1, []], [18, []], [19, []], [21, []], [7, [7]]], [[0, [12, 26, 15, 11, 28, 4, 9, 8, 29]], [4, []], [9, []], [8, []], [28, []], [29, []], [10, [10, 2, 16, 3, 24, 17]], [15, []], [2, []], [16, []], [11, []], [3, []], [26, []], [12, []], [24, []], [17, []]]], [[[30, [30]]], [[13, [13, 6, 20, 22]]], [[10, [10, 2, 16, 3, 24, 17]]], [[27, [27, 25, 5, 18, 19, 21, 1]]], [[7, [7]]]]], "all_solution": [[[[[0, [14, 23]], [30, [30]], [13, [13, 6, 20, 22]], [20, []], [6, []], [22, []], [14, []], [27, [27, 25, 5, 18, 19, 21, 1]], [23, []], [25, []], [5, []], [1, []], [18, []], [19, []], [21, []], [7, [7]]], [[0, [12, 26, 15, 11, 28, 4, 9, 8, 29]], [4, []], [9, []], [8, []], [28, []], [29, []], [10, [10, 2, 16, 3, 24, 17]], [15, []], [2, []], [16, []], [11, []], [3, []], [26, []], [12, []], [24, []], [17, []]]], [[[30, [30]]], [[13, [13, 6, 20, 22]]], [[10, [10, 2, 16, 3, 24, 17]]], [[27, [27, 25, 5, 18, 19, 21, 1]]], [[7, [7]]]]]], "Numrun": 5, "all_fitness": [292.3877403747211]}
{"file_name": "U_30_0", "number_of_trucks": 2, "drone_capacity": 10, "number_of_drones": 2, "iteration": 2, "best_fitness": 293.4277403747211, "runtime": 1669.5087361335754, "best_solution": [[[[0, [11, 4]], [9, [9, 8, 28, 15]], [4, []], [8, []], [28, []], [10, [10, 29, 16]], [29, []], [15, []], [2, [2, 3, 19, 21, 27, 7]], [16, []], [11, []], [3, []], [27, []], [19, []], [21, []], [7, []]], [[0, [23, 14, 26, 12]], [30, [30, 13, 20, 6, 22]], [13, []], [20, []], [6, []], [22, []], [14, []], [23, []], [25, [25, 5, 18, 17, 24, 1]], [5, []], [1, []], [26, []], [12, []], [18, []], [24, []], [17, []]]], [[[30, [30, 13, 20, 6, 22]]], [[9, [9, 8, 28, 15]]], [[10, [10, 29, 16]]], [[2, [2, 3, 19, 21, 27, 7]]], [[25, [25, 5, 18, 17, 24, 1]]]]], "all_solution": [[[[[0, [14, 23]], [30, [30]], [13, [13, 6, 20, 22]], [20, []], [6, []], [22, []], [14, []], [27, [27, 25, 5, 18, 19, 21, 1]], [23, []], [25, []], [5, []], [1, []], [18, []], [19, []], [21, []], [7, [7]]], [[0, [12, 26, 15, 11, 28, 4, 9, 8, 29]], [4, []], [9, []], [8, []], [28, []], [29, []], [10, [10, 2, 16, 3, 24, 17]], [15, []], [2, []], [16, []], [11, []], [3, []], [26, []], [12, []], [24, []], [17, []]]], [[[30, [30]]], [[13, [13, 6, 20, 22]]], [[10, [10, 2, 16, 3, 24, 17]]], [[27, [27, 25, 5, 18, 19, 21, 1]]], [[7, [7]]]]], [[[[0, [11, 4]], [9, [9, 8, 28, 15]], [4, []], [8, []], [28, []], [10, [10, 29, 16]], [29, []], [15, []], [2, [2, 3, 19, 21, 27, 7]], [16, []], [11, []], [3, []], [27, []], [19, []], [21, []], [7, []]], [[0, [23, 14, 26, 12]], [30, [30, 13, 20, 6, 22]], [13, []], [20, []], [6, []], [22, []], [14, []], [23, []], [25, [25, 5, 18, 17, 24, 1]], [5, []], [1, []], [26, []], [12, []], [18, []], [24, []], [17, []]]], [[[30, [30, 13, 20, 6, 22]]], [[9, [9, 8, 28, 15]]], [[10, [10, 29, 16]]], [[2, [2, 3, 19, 21, 27, 7]]], [[25, [25, 5, 18, 17, 24, 1]]]]]], "Numrun": 5, "all_fitness": [292.3877403747211, 293.4277403747211]}
{"file_name": "U_30_0", "number_of_trucks": 2, "drone_capacity": 10, "number_of_drones": 2, "iteration": 3, "best_fitness": 338.44000000000005, "runtime": 17.06269931793213, "best_solution": [[[[0, []], [20, [12, 9, 20, 22]], [22, []], [6, [6, 21, 17, 28]], [21, []], [17, [10, 29, 15, 2, 16, 11, 3, 25, 5, 1]], [28, []], [10, []], [29, []], [15, []], [2, []], [16, []], [11, []], [3, []], [25, []], [5, []], [1, []], [12, []], [9, []]], [[0, [26, 8]], [26, []], [8, []], [30, [30, 13, 7, 19, 14, 27, 23, 18, 24, 4]], [13, []], [7, []], [19, []], [14, []], [27, []], [23, []], [18, []], [24, []], [4, []]]], [[[20, [12, 9, 20, 22]]], [[6, [6, 21, 17, 28]]], [[17, [10, 29, 15, 2, 16, 11, 3, 25, 5, 1]]], [[30, [30, 13, 7, 19, 14, 27, 23, 18, 24, 4]]]]], "all_solution": [[[[[0, [14, 23]], [30, [30]], [13, [13, 6, 20, 22]], [20, []], [6, []], [22, []], [14, []], [27, [27, 25, 5, 18, 19, 21, 1]], [23, []], [25, []], [5, []], [1, []], [18, []], [19, []], [21, []], [7, [7]]], [[0, [12, 26, 15, 11, 28, 4, 9, 8, 29]], [4, []], [9, []], [8, []], [28, []], [29, []], [10, [10, 2, 16, 3, 24, 17]], [15, []], [2, []], [16, []], [11, []], [3, []], [26, []], [12, []], [24, []], [17, []]]], [[[30, [30]]], [[13, [13, 6, 20, 22]]], [[10, [10, 2, 16, 3, 24, 17]]], [[27, [27, 25, 5, 18, 19, 21, 1]]], [[7, [7]]]]], [[[[0, [11, 4]], [9, [9, 8, 28, 15]], [4, []], [8, []], [28, []], [10, [10, 29, 16]], [29, []], [15, []], [2, [2, 3, 19, 21, 27, 7]], [16, []], [11, []], [3, []], [27, []], [19, []], [21, []], [7, []]], [[0, [23, 14, 26, 12]], [30, [30, 13, 20, 6, 22]], [13, []], [20, []], [6, []], [22, []], [14, []], [23, []], [25, [25, 5, 18, 17, 24, 1]], [5, []], [1, []], [26, []], [12, []], [18, []], [24, []], [17, []]]], [[[30, [30, 13, 20, 6, 22]]], [[9, [9, 8, 28, 15]]], [[10, [10, 29, 16]]], [[2, [2, 3, 19, 21, 27, 7]]], [[25, [25, 5, 18, 17, 24, 1]]]]], [[[[0, []], [20, [12, 9, 20, 22]], [22, []], [6, [6, 21, 17, 28]], [21, []], [17, [10, 29, 15, 2, 16, 11, 3, 25, 5, 1]], [28, []], [10, []], [29, []], [15, []], [2, []], [16, []], [11, []], [3, []], [25, []], [5, []], [1, []], [12, []], [9, []]], [[0, [26, 8]], [26, []], [8, []], [30, [30, 13, 7, 19, 14, 27, 23, 18, 24, 4]], [13, []], [7, []], [19, []], [14, []], [27, []], [23, []], [18, []], [24, []], [4, []]]], [[[20, [12, 9, 20, 22]]], [[6, [6, 21, 17, 28]]], [[17, [10, 29, 15, 2, 16, 11, 3, 25, 5, 1]]], [[30, [30, 13, 7, 19, 14, 27, 23, 18, 24, 4]]]]]], "Numrun": 5, "all_fitness": [292.3877403747211, 293.4277403747211, 338.44000000000005]}
{"file_name": "U_30_0", "number_of_trucks": 2, "drone_capacity": 10, "number_of_drones": 2, "iteration": 4, "best_fitness": 312.0787331489072, "runtime": 18.710548639297485, "best_solution": [[[[0, []], [28, [28]], [9, [9, 4, 29, 15, 16, 8]], [4, []], [29, []], [15, []], [16, []], [11, [11, 26, 12, 1, 5, 25, 3, 2, 10]], [26, []], [12, []], [1, []], [5, []], [25, []], [3, []], [2, []], [10, []], [8, []]], [[0, []], [6, [6, 20, 13, 30]], [20, []], [13, []], [30, []], [21, [21, 22, 19, 14, 23, 27, 18, 24, 17, 7]], [22, []], [19, []], [14, []], [23, []], [27, []], [18, []], [24, []], [17, []], [7, []]]], [[[6, [6, 20, 13, 30]]], [[28, [28]]], [[9, [9, 4, 29, 15, 16, 8]]], [[11, [11, 26, 12, 1, 5, 25, 3, 2, 10]]], [[21, [21, 22, 19, 14, 23, 27, 18, 24, 17, 7]]]]],