{"file_name": "U_30_1", "number_of_trucks": 2, "drone_capacity": 10, "number_of_drones": 2, "iteration": 1, "best_fitness": 359.2238941684225, "runtime": 1052.04425907135, "best_solution": [[[[0, [3, 24, 14]], [14, []], [3, []], [24, []], [12, [12, 19, 29, 25, 30]], [30, []], [25, []], [19, []], [29, []], [5, [5, 16, 18, 23]], [16, []], [18, []], [28, [28, 10, 9, 26, 15]], [10, []], [9, []], [26, []], [15, []], [23, []]], [[0, []], [13, [13]], [2, [2, 1, 27, 22, 11, 8]], [1, []], [27, []], [22, []], [7, [7, 20, 4]], [11, []], [20, []], [8, []], [21, [21, 6, 17]], [6, []], [17, []], [4, []]]], [[[13, [13]]], [[12, [12, 19, 29, 25, 30]]], [[2, [2, 1, 27, 22, 11, 8]]], [[7, [7, 20, 4]]], [[5, [5, 16, 18, 23]]], [[21, [21, 6, 17]]], [[28, [28, 10, 9, 26, 15]]]]], "all_solution": [[[[[0, [3, 24, 14]], [14, []], [3, []], [24, []], [12, [12, 19, 29, 25, 30]], [30, []], [25, []], [19, []], [29, []], [5, [5, 16, 18, 23]], [16, []], [18, []], [28, [28, 10, 9, 26, 15]], [10, []], [9, []], [26, []], [15, []], [23, []]], [[0, []], [13, [13]], [2, [2, 1, 27, 22, 11, 8]], [1, []], [27, []], [22, []], [7, [7, 20, 4]], [11, []], [20, []], [8, []], [21, [21, 6, 17]], [6, []], [17, []], [4, []]]], [[[13, [13]]], [[12, [12, 19, 29, 25, 30]]], [[2, [2, 1, 27, 22, 11, 8]]], [[7, [7, 20, 4]]], [[5, [5, 16, 18, 23]]], [[21, [21, 6, 17]]], [[28, [28, 10, 9, 26, 15]]]]]], "Numrun": 5, "all_fitness": [359.2238941684225]}
{"file_name": "U_30_1", "number_of_trucks": 2, "drone_capacity": 10, "number_of_drones": 2, "iteration": 2, "best_fitness": 361.6612966634994, "runtime": 1586.648445367813, "best_solution": [[[[0, [3, 14, 13]], [13, []], [3, []], [14, []], [11, [11, 7, 22, 4, 8, 18, 16]], [7, []], [22, []], [4, []], [20, [20]], [18, []], [8, []], [21, [21, 17, 6]], [6, []], [17, []], [16, []]], [[0, [24]], [1, [1, 27, 30]], [27, []], [23, [23, 2, 29, 25, 19, 12]], [2, []], [29, []], [25, []], [30, []], [19, []], [24, []], [12, []], [28, [28, 10, 9, 26, 5, 15]], [10, []], [9, []], [26, []], [5, []], [15, []]]], [[[1, [1, 27, 30]]], [[23, [23, 2, 29, 25, 19, 12]]], [[11, [11, 7, 22, 4, 8, 18, 16]]], [[20, [20]]], [[28, [28, 10, 9, 26, 5, 15]]], [[21, [21, 17, 6]]]]], "all_solution": [[[[[0, [3, 24, 14]], [14, []], [3, []], [24, []], [12, [12, 19, 29, 25, 30]], [30, []], [25, []], [19, []], [29, []], [5, [5, 16, 18, 23]], [16, []], [18, []], [28, [28, 10, 9, 26, 15]], [10, []], [9, []], [26, []], [15, []], [23, []]], [[0, []], [13, [13]], [2, [2, 1, 27, 22, 11, 8]], [1, []], [27, []], [22, []], [7, [7, 20, 4]], [11, []], [20, []], [8, []], [21, [21, 6, 17]], [6, []], [17, []], [4, []]]], [[[13, [13]]], [[12, [12, 19, 29, 25, 30]]], [[2, [2, 1, 27, 22, 11, 8]]], [[7, [7, 20, 4]]], [[5, [5, 16, 18, 23]]], [[21, [21, 6, 17]]], [[28, [28, 10, 9, 26, 15]]]]], [[[[0, [3, 14, 13]], [13, []], [3, []], [14, []], [11, [11, 7, 22, 4, 8, 18, 16]], [7, []], [22, []], [4, []], [20, [20]], [18, []], [8, []], [21, [21, 17, 6]], [6, []], [17, []], [16, []]], [[0, [24]], [1, [1, 27, 30]], [27, []], [23, [23, 2, 29, 25, 19, 12]], [2, []], [29, []], [25, []], [30, []], [19, []], [24, []], [12, []], [28, [28, 10, 9, 26, 5, 15]], [10, []], [9, []], [26, []], [5, []], [15, []]]], [[[1, [1, 27, 30]]], [[23, [23, 2, 29, 25, 19, 12]]], [[11, [11, 7, 22, 4, 8, 18, 16]]], [[20, [20]]], [[28, [28, 10, 9, 26, 5, 15]]], [[21, [21, 17, 6]]]]]], "Numrun": 5, "all_fitness": [359.2238941684225, 361.6612966634994]}
{"file_name": "U_30_1", "number_of_trucks": 2, "drone_capacity": 10, "number_of_drones": 2, "iteration": 3, "best_fitness": 359.56301306504355, "runtime": 994.7109887599945, "best_solution": [[[[0, [14, 13, 3]], [3, []], [13, []], [14, []], [7, [7, 11, 4, 8, 20, 18, 22, 16]], [11, []], [20, []], [16, []], [4, []], [18, []], [8, []], [21, [21, 6, 17]], [6, []], [17, []], [22, []]], [[0, [24]], [24, []], [27, [27, 25, 2]], [23, [23, 1, 29, 19, 30, 12]], [1, []], [2, []], [29, []], [19, []], [30, []], [25, []], [12, []], [28, [28, 10, 9, 26, 5, 15]], [10, []], [9, []], [26, []], [5, []], [15, []]]], [[[27, [27, 25, 2]]], [[23, [23, 1, 29, 19, 30, 12]]], [[7, [7, 11, 4, 8, 20, 18, 22, 16]]], [[28, [28, 10, 9, 26, 5, 15]]], [[21, [21, 6, 17]]]]], "all_solution": [[[[[0, [3, 24, 14]], [14, []], [3, []], [24, []], [12, [12, 19, 29, 25, 30]], [30, []], [25, []], [19, []], [29, []], [5, [5, 16, 18, 23]], [16, []], [18, []], [28, [28, 10, 9, 26, 15]], [10, []], [9, []], [26, []], [15, []], [23, []]], [[0, []], [13, [13]], [2, [2, 1, 27, 22, 11, 8]], [1, []], [27, []], [22, []], [7, [7, 20, 4]], [11, []], [20, []], [8, []], [21, [21, 6, 17]], [6, []], [17, []], [4, []]]], [[[13, [13]]], [[12, [12, 19, 29, 25, 30]]], [[2, [2, 1, 27, 22, 11, 8]]], [[7, [7, 20, 4]]], [[5, [5, 16, 18, 23]]], [[21, [21, 6, 17]]], [[28, [28, 10, 9, 26, 15]]]]], [[[[0, [3, 14, 13]], [13, []], [3, []], [14, []], [11, [11, 7, 22, 4, 8, 18, 16]], [7, []], [22, []], [4, []], [20, [20]], [18, []], [8, []], [21, [21, 17, 6]], [6, []], [17, []], [16, []]], [[0, [24]], [1, [1, 27, 30]], [27, []], [23, [23, 2, 29, 25, 19, 12]], [2, []], [29, []], [25, []], [30, []], [19, []], [24, []], [12, []], [28, [28, 10, 9, 26, 5, 15]], [10, []], [9, []], [26, []], [5, []], [15, []]]], [[[1, [1, 27, 30]]], [[23, [23, 2, 29, 25, 19, 12]]], [[11, [11, 7, 22, 4, 8, 18, 16]]], [[20, [20]]], [[28, [28, 10, 9, 26, 5, 15]]], [[21, [21, 17, 6]]]]], [[[[0, [14, 13, 3]], [3, []], [13, []], [14, []], [7, [7, 11, 4, 8, 20, 18, 22, 16]], [11, []], [20, []], [16, []], [4, []], [18, []], [8, []], [21, [21, 6, 17]], [6, []], [17, []], [22, []]], [[0, [24]], [24, []], [27, [27, 25, 2]], [23, [23, 1, 29, 19, 30, 12]], [1, []], [2, []], [29, []], [19, []], [30, []], [25, []], [12, []], [28, [28, 10, 9, 26, 5, 15]], [10, []], [9, []], [26, []], [5, []], [15, []]]], [[[27, [27, 25, 2]]], [[23, [23, 1, 29, 19, 30, 12]]], [[7, [7, 11, 4, 8, 20, 18, 22, 16]]], [[28, [28, 10, 9, 26, 5, 15]]], [[21, [21, 6, 17]]]]]], "Numrun": 5, "all_fitness": [359.2238941684225, 361.6612966634994, 359.56301306504355]}
{"file_name": "U_30_1", "number_of_trucks": 2, "drone_capacity": 10, "number_of_drones": 2, "iteration": 4, "best_fitness": 422.15635684659446, "runtime": 19.566582918167114, "best_solution": [[[[0, []], [3, [3]], [1, [1, 2, 27, 22]], [2, []], [27, []], [22, []], [4, [4, 16, 20, 14, 17]], [16, []], [20, []], [14, []], [17, []], [13, [13, 6, 21, 8, 28]], [6, []], [21, []], [8, []], [28, []]], [[0, []], [24, [24, 19, 12, 30]], [19, []], [12, []], [30, []], [25, [25, 29]], [29, []], [18, [18, 7, 11, 10]], [7, []], [11, []], [10, []], [9, [9, 26, 5, 15, 23]], [26, []], [5, []], [15, []], [23, []]]], [[[3, [3]]], [[24, [24, 19, 12, 30]]], [[1, [1, 2, 27, 22]]], [[25, [25, 29]]], [[18, [18, 7, 11, 10]]], [[4, [4, 16, 20, 14, 17]]], [[9, [9, 26, 5, 15, 23]]], [[13, [13, 6, 21, 8, 28]]]]],