{"file_name": "U_30_1", "number_of_trucks": 2, "drone_capacity": 10, "number_of_drones": 2, "iteration": 1, "best_fitness": 488.576645868145, "runtime": 1520.4273800849915, "best_solution": [[[[0, [19, 21]], [9, [9, 17, 11, 8, 28]], [17, []], [11, []], [8, []], [7, [7]], [28, []], [19, []], [21, []], [23, [23, 1]], [1, []], [5, [5, 29]], [29, []]], [[0, [26, 24]], [24, []], [15, [25, 20, 15, 2, 4]], [26, []], [22, [22, 3, 27]], [13, [13]], [2, []], [3, []], [25, [10, 30, 14]], [30, []], [10, []], [20, []], [4, []], [27, []], [18, [18, 16, 12, 6]], [16, []], [12, []], [6, []], [14, []]]], [[[15, [25, 20, 15, 2, 4]]], [[9, [9, 17, 11, 8, 28]]], [[22, [22, 3, 27]]], [[13, [13]]], [[7, [7]]], [[25, [10, 30, 14]]], [[23, [23, 1]]], [[18, [18, 16, 12, 6]]], [[5, [5, 29]]]]], "all_solution": [[[[[0, [19, 21]], [9, [9, 17, 11, 8, 28]], [17, []], [11, []], [8, []], [7, [7]], [28, []], [19, []], [21, []], [23, [23, 1]], [1, []], [5, [5, 29]], [29, []]], [[0, [26, 24]], [24, []], [15, [25, 20, 15, 2, 4]], [26, []], [22, [22, 3, 27]], [13, [13]], [2, []], [3, []], [25, [10, 30, 14]], [30, []], [10, []], [20, []], [4, []], [27, []], [18, [18, 16, 12, 6]], [16, []], [12, []], [6, []], [14, []]]], [[[15, [25, 20, 15, 2, 4]]], [[9, [9, 17, 11, 8, 28]]], [[22, [22, 3, 27]]], [[13, [13]]], [[7, [7]]], [[25, [10, 30, 14]]], [[23, [23, 1]]], [[18, [18, 16, 12, 6]]], [[5, [5, 29]]]]]], "Numrun": 5, "all_fitness": [488.576645868145]}
{"file_name": "U_30_1", "number_of_trucks": 2, "drone_capacity": 10, "number_of_drones": 2, "iteration": 2, "best_fitness": 488.576645868145, "runtime": 959.9615242481232, "best_solution": [[[[0, [28, 27, 21, 8, 15, 9, 3, 24]], [22, [22]], [8, []], [28, []], [24, []], [15, []], [9, []], [3, []], [27, []], [21, []], [23, [23, 1]], [1, []], [29, [5, 29]], [5, []]], [[0, [26, 11, 2, 4, 17, 20, 19]], [26, []], [2, []], [4, []], [11, []], [17, []], [20, []], [19, []], [13, [13]], [7, [7, 30, 14, 25, 10]], [10, []], [25, []], [30, []], [18, [18, 12, 16, 6]], [16, []], [12, []], [6, []], [14, []]]], [[[22, [22]]], [[23, [23, 1]]], [[13, [13]]], [[7, [7, 30, 14, 25, 10]]], [[18, [18, 12, 16, 6]]], [[29, [5, 29]]]]], "all_solution": [[[[[0, [19, 21]], [9, [9, 17, 11, 8, 28]], [17, []], [11, []], [8, []], [7, [7]], [28, []], [19, []], [21, []], [23, [23, 1]], [1, []], [5, [5, 29]], [29, []]], [[0, [26, 24]], [24, []], [15, [25, 20, 15, 2, 4]], [26, []], [22, [22, 3, 27]], [13, [13]], [2, []], [3, []], [25, [10, 30, 14]], [30, []], [10, []], [20, []], [4, []], [27, []], [18, [18, 16, 12, 6]], [16, []], [12, []], [6, []], [14, []]]], [[[15, [25, 20, 15, 2, 4]]], [[9, [9, 17, 11, 8, 28]]], [[22, [22, 3, 27]]], [[13, [13]]], [[7, [7]]], [[25, [10, 30, 14]]], [[23, [23, 1]]], [[18, [18, 16, 12, 6]]], [[5, [5, 29]]]]], [[[[0, [28, 27, 21, 8, 15, 9, 3, 24]], [22, [22]], [8, []], [28, []], [24, []], [15, []], [9, []], [3, []], [27, []], [21, []], [23, [23, 1]], [1, []], [29, [5, 29]], [5, []]], [[0, [26, 11, 2, 4, 17, 20, 19]], [26, []], [2, []], [4, []], [11, []], [17, []], [20, []], [19, []], [13, [13]], [7, [7, 30, 14, 25, 10]], [10, []], [25, []], [30, []], [18, [18, 12, 16, 6]], [16, []], [12, []], [6, []], [14, []]]], [[[22, [22]]], [[23, [23, 1]]], [[13, [13]]], [[7, [7, 30, 14, 25, 10]]], [[18, [18, 12, 16, 6]]], [[29, [5, 29]]]]]], "Numrun": 5, "all_fitness": [488.576645868145, 488.576645868145]}
{"file_name": "U_30_1", "number_of_trucks": 2, "drone_capacity": 10, "number_of_drones": 2, "iteration": 3, "best_fitness": 488.576645868145, "runtime": 1134.6945579051971, "best_solution": [[[[0, [4, 21, 24, 11, 28, 3, 9, 8, 17]], [9, []], [24, []], [4, []], [3, []], [8, []], [28, []], [11, []], [22, [22]], [7, [7, 23, 1]], [23, []], [21, []], [1, []], [17, []], [29, [29, 5]], [5, []]], [[0, [26, 2, 15, 19, 20]], [2, []], [15, []], [26, [27]], [19, []], [27, []], [10, [10, 13, 25, 30]], [20, []], [13, []], [25, []], [30, []], [18, [18, 16, 12, 6, 14]], [16, []], [12, []], [6, []], [14, []]]], [[[26, [27]]], [[10, [10, 13, 25, 30]]], [[22, [22]]], [[7, [7, 23, 1]]], [[18, [18, 16, 12, 6, 14]]], [[29, [29, 5]]]]], "all_solution": [[[[[0, [19, 21]], [9, [9, 17, 11, 8, 28]], [17, []], [11, []], [8, []], [7, [7]], [28, []], [19, []], [21, []], [23, [23, 1]], [1, []], [5, [5, 29]], [29, []]], [[0, [26, 24]], [24, []], [15, [25, 20, 15, 2, 4]], [26, []], [22, [22, 3, 27]], [13, [13]], [2, []], [3, []], [25, [10, 30, 14]], [30, []], [10, []], [20, []], [4, []], [27, []], [18, [18, 16, 12, 6]], [16, []], [12, []], [6, []], [14, []]]], [[[15, [25, 20, 15, 2, 4]]], [[9, [9, 17, 11, 8, 28]]], [[22, [22, 3, 27]]], [[13, [13]]], [[7, [7]]], [[25, [10, 30, 14]]], [[23, [23, 1]]], [[18, [18, 16, 12, 6]]], [[5, [5, 29]]]]], [[[[0, [28, 27, 21, 8, 15, 9, 3, 24]], [22, [22]], [8, []], [28, []], [24, []], [15, []], [9, []], [3, []], [27, []], [21, []], [23, [23, 1]], [1, []], [29, [5, 29]], [5, []]], [[0, [26, 11, 2, 4, 17, 20, 19]], [26, []], [2, []], [4, []], [11, []], [17, []], [20, []], [19, []], [13, [13]], [7, [7, 30, 14, 25, 10]], [10, []], [25, []], [30, []], [18, [18, 12, 16, 6]], [16, []], [12, []], [6, []], [14, []]]], [[[22, [22]]], [[23, [23, 1]]], [[13, [13]]], [[7, [7, 30, 14, 25, 10]]], [[18, [18, 12, 16, 6]]], [[29, [5, 29]]]]], [[[[0, [4, 21, 24, 11, 28, 3, 9, 8, 17]], [9, []], [24, []], [4, []], [3, []], [8, []], [28, []], [11, []], [22, [22]], [7, [7, 23, 1]], [23, []], [21, []], [1, []], [17, []], [29, [29, 5]], [5, []]], [[0, [26, 2, 15, 19, 20]], [2, []], [15, []], [26, [27]], [19, []], [27, []], [10, [10, 13, 25, 30]], [20, []], [13, []], [25, []], [30, []], [18, [18, 16, 12, 6, 14]], [16, []], [12, []], [6, []], [14, []]]], [[[26, [27]]], [[10, [10, 13, 25, 30]]], [[22, [22]]], [[7, [7, 23, 1]]], [[18, [18, 16, 12, 6, 14]]], [[29, [29, 5]]]]]], "Numrun": 5, "all_fitness": [488.576645868145, 488.576645868145, 488.576645868145]}
{"file_name": "U_30_1", "number_of_trucks": 2, "drone_capacity": 10, "number_of_drones": 2, "iteration": 4, "best_fitness": 607.1790327724447, "runtime": 15.053690433502197, "best_solution": [[[[0, [2, 19, 26, 25, 24]], [2, []], [19, [27, 28, 8]], [26, []], [25, []], [24, []], [27, []], [28, []], [8, []], [10, [10, 30, 14, 6, 7, 23, 29, 5]], [30, []], [14, []], [6, []], [7, []], [23, []], [29, []], [5, []]], [[0, [4, 20, 11, 17, 15]], [4, []], [20, []], [11, []], [17, []], [15, []], [21, [21]], [3, [3, 9, 22, 13, 1, 16, 18, 12]], [9, []], [22, []], [13, []], [1, []], [16, []], [18, []], [12, []]]], [[[19, [27, 28, 8]]], [[21, [21]]], [[3, [3, 9, 22, 13, 1, 16, 18, 12]]], [[10, [10, 30, 14, 6, 7, 23, 29, 5]]]]],