{"file_name": "U_30_1", "number_of_trucks": 2, "drone_capacity": 10, "number_of_drones": 2, "iteration": 1, "best_fitness": 483.0213390014973, "runtime": 854.3349783420563, "best_solution": [[[[0, [7, 8, 3, 5, 27, 21, 15]], [21, []], [27, []], [15, []], [5, []], [8, []], [7, []], [3, []], [28, [28, 24, 26, 20, 11]], [20, []], [11, []], [24, []], [26, []]], [[0, [19, 16, 9, 22, 13, 29, 1]], [19, []], [16, []], [9, []], [22, []], [13, []], [29, []], [6, [6, 4, 14, 12]], [4, []], [14, []], [12, []], [1, []], [23, [23, 30, 2, 10]], [2, []], [30, []], [10, []], [25, [25, 17, 18]], [17, []], [18, []]]], [[[6, [6, 4, 14, 12]]], [[23, [23, 30, 2, 10]]], [[28, [28, 24, 26, 20, 11]]], [[25, [25, 17, 18]]]]], "all_solution": [[[[[0, [7, 8, 3, 5, 27, 21, 15]], [21, []], [27, []], [15, []], [5, []], [8, []], [7, []], [3, []], [28, [28, 24, 26, 20, 11]], [20, []], [11, []], [24, []], [26, []]], [[0, [19, 16, 9, 22, 13, 29, 1]], [19, []], [16, []], [9, []], [22, []], [13, []], [29, []], [6, [6, 4, 14, 12]], [4, []], [14, []], [12, []], [1, []], [23, [23, 30, 2, 10]], [2, []], [30, []], [10, []], [25, [25, 17, 18]], [17, []], [18, []]]], [[[6, [6, 4, 14, 12]]], [[23, [23, 30, 2, 10]]], [[28, [28, 24, 26, 20, 11]]], [[25, [25, 17, 18]]]]]], "Numrun": 5, "all_fitness": [483.0213390014973]}
{"file_name": "U_30_1", "number_of_trucks": 2, "drone_capacity": 10, "number_of_drones": 2, "iteration": 2, "best_fitness": 483.0213390014973, "runtime": 1045.651134967804, "best_solution": [[[[0, [3, 19, 21]], [19, []], [3, []], [21, [7, 5, 12, 8]], [7, []], [5, []], [12, []], [8, []], [28, [28, 20, 11, 24, 26]], [20, []], [11, []], [24, []], [26, []]], [[0, []], [22, [16, 22, 29, 13, 1, 9]], [29, []], [13, []], [16, []], [27, [27]], [9, []], [15, [15, 14, 4, 6, 23]], [4, []], [6, []], [14, []], [23, []], [30, [30, 10, 2]], [2, []], [1, []], [10, []], [25, [25, 17, 18]], [17, []], [18, []]]], [[[21, [7, 5, 12, 8]]], [[22, [16, 22, 29, 13, 1, 9]]], [[27, [27]]], [[15, [15, 14, 4, 6, 23]]], [[30, [30, 10, 2]]], [[25, [25, 17, 18]]], [[28, [28, 20, 11, 24, 26]]]]], "all_solution": [[[[[0, [7, 8, 3, 5, 27, 21, 15]], [21, []], [27, []], [15, []], [5, []], [8, []], [7, []], [3, []], [28, [28, 24, 26, 20, 11]], [20, []], [11, []], [24, []], [26, []]], [[0, [19, 16, 9, 22, 13, 29, 1]], [19, []], [16, []], [9, []], [22, []], [13, []], [29, []], [6, [6, 4, 14, 12]], [4, []], [14, []], [12, []], [1, []], [23, [23, 30, 2, 10]], [2, []], [30, []], [10, []], [25, [25, 17, 18]], [17, []], [18, []]]], [[[6, [6, 4, 14, 12]]], [[23, [23, 30, 2, 10]]], [[28, [28, 24, 26, 20, 11]]], [[25, [25, 17, 18]]]]], [[[[0, [3, 19, 21]], [19, []], [3, []], [21, [7, 5, 12, 8]], [7, []], [5, []], [12, []], [8, []], [28, [28, 20, 11, 24, 26]], [20, []], [11, []], [24, []], [26, []]], [[0, []], [22, [16, 22, 29, 13, 1, 9]], [29, []], [13, []], [16, []], [27, [27]], [9, []], [15, [15, 14, 4, 6, 23]], [4, []], [6, []], [14, []], [23, []], [30, [30, 10, 2]], [2, []], [1, []], [10, []], [25, [25, 17, 18]], [17, []], [18, []]]], [[[21, [7, 5, 12, 8]]], [[22, [16, 22, 29, 13, 1, 9]]], [[27, [27]]], [[15, [15, 14, 4, 6, 23]]], [[30, [30, 10, 2]]], [[25, [25, 17, 18]]], [[28, [28, 20, 11, 24, 26]]]]]], "Numrun": 5, "all_fitness": [483.0213390014973, 483.0213390014973]}
{"file_name": "U_30_1", "number_of_trucks": 2, "drone_capacity": 10, "number_of_drones": 2, "iteration": 3, "best_fitness": 482.9652718885713, "runtime": 1236.0894522666931, "best_solution": [[[[0, [16, 9, 7]], [7, []], [16, [27, 21, 13, 5]], [9, []], [27, []], [21, []], [13, []], [5, [8, 1, 23, 30]], [23, []], [8, []], [1, []], [17, [17, 24, 26]], [30, []], [24, []], [26, []]], [[0, [29, 22, 3, 19]], [3, []], [19, []], [22, []], [29, []], [6, [6, 15, 12, 4, 14]], [4, []], [14, []], [12, []], [15, []], [11, [11, 2, 10]], [2, []], [10, []], [25, [25, 28, 20, 18]], [28, []], [20, []], [18, []]]], [[[6, [6, 15, 12, 4, 14]]], [[16, [27, 21, 13, 5]]], [[5, [8, 1, 23, 30]]], [[11, [11, 2, 10]]], [[17, [17, 24, 26]]], [[25, [25, 28, 20, 18]]]]], "all_solution": [[[[[0, [7, 8, 3, 5, 27, 21, 15]], [21, []], [27, []], [15, []], [5, []], [8, []], [7, []], [3, []], [28, [28, 24, 26, 20, 11]], [20, []], [11, []], [24, []], [26, []]], [[0, [19, 16, 9, 22, 13, 29, 1]], [19, []], [16, []], [9, []], [22, []], [13, []], [29, []], [6, [6, 4, 14, 12]], [4, []], [14, []], [12, []], [1, []], [23, [23, 30, 2, 10]], [2, []], [30, []], [10, []], [25, [25, 17, 18]], [17, []], [18, []]]], [[[6, [6, 4, 14, 12]]], [[23, [23, 30, 2, 10]]], [[28, [28, 24, 26, 20, 11]]], [[25, [25, 17, 18]]]]], [[[[0, [3, 19, 21]], [19, []], [3, []], [21, [7, 5, 12, 8]], [7, []], [5, []], [12, []], [8, []], [28, [28, 20, 11, 24, 26]], [20, []], [11, []], [24, []], [26, []]], [[0, []], [22, [16, 22, 29, 13, 1, 9]], [29, []], [13, []], [16, []], [27, [27]], [9, []], [15, [15, 14, 4, 6, 23]], [4, []], [6, []], [14, []], [23, []], [30, [30, 10, 2]], [2, []], [1, []], [10, []], [25, [25, 17, 18]], [17, []], [18, []]]], [[[21, [7, 5, 12, 8]]], [[22, [16, 22, 29, 13, 1, 9]]], [[27, [27]]], [[15, [15, 14, 4, 6, 23]]], [[30, [30, 10, 2]]], [[25, [25, 17, 18]]], [[28, [28, 20, 11, 24, 26]]]]], [[[[0, [16, 9, 7]], [7, []], [16, [27, 21, 13, 5]], [9, []], [27, []], [21, []], [13, []], [5, [8, 1, 23, 30]], [23, []], [8, []], [1, []], [17, [17, 24, 26]], [30, []], [24, []], [26, []]], [[0, [29, 22, 3, 19]], [3, []], [19, []], [22, []], [29, []], [6, [6, 15, 12, 4, 14]], [4, []], [14, []], [12, []], [15, []], [11, [11, 2, 10]], [2, []], [10, []], [25, [25, 28, 20, 18]], [28, []], [20, []], [18, []]]], [[[6, [6, 15, 12, 4, 14]]], [[16, [27, 21, 13, 5]]], [[5, [8, 1, 23, 30]]], [[11, [11, 2, 10]]], [[17, [17, 24, 26]]], [[25, [25, 28, 20, 18]]]]]], "Numrun": 5, "all_fitness": [483.0213390014973, 483.0213390014973, 482.9652718885713]}
{"file_name": "U_30_1", "number_of_trucks": 2, "drone_capacity": 10, "number_of_drones": 2, "iteration": 4, "best_fitness": 488.7075760868527, "runtime": 472.0122468471527, "best_solution": [[[[0, [21, 27, 12, 1, 5, 7, 6, 4, 15]], [15, []], [12, []], [1, []], [5, []], [7, []], [6, []], [4, []], [21, []], [27, []], [24, [24, 26, 28, 20, 18]], [26, []], [28, []], [20, []], [18, []]], [[0, [16, 22, 13, 9]], [9, []], [16, []], [29, [29, 19, 3]], [19, []], [3, []], [8, [8, 23, 14]], [22, []], [14, []], [13, []], [30, [30, 10]], [23, []], [10, []], [17, [17, 25, 2, 11]], [25, []], [2, []], [11, []]]], [[[29, [29, 19, 3]]], [[8, [8, 23, 14]]], [[30, [30, 10]]], [[24, [24, 26, 28, 20, 18]]], [[17, [17, 25, 2, 11]]]]],