{"file_name": "U_30_1", "number_of_trucks": 2, "drone_capacity": 10, "number_of_drones": 2, "iteration": 1, "best_fitness": 477.8324659476499, "runtime": 975.0792021751404, "best_solution": [[[[0, [30, 14, 13, 29, 18]], [13, []], [30, []], [18, []], [14, []], [21, [21, 10, 16, 9]], [10, []], [29, []], [16, []], [9, [8, 11, 26, 25]], [8, []], [26, []], [11, []], [3, [3, 1, 4]], [25, []], [1, []], [4, []]], [[0, [27]], [2, [2, 15]], [15, []], [5, [5, 24]], [24, []], [28, [28]], [12, [12]], [17, [17, 7, 20, 6, 22]], [7, []], [20, []], [6, []], [22, []], [27, []], [23, [23, 19]], [19, []]]], [[[21, [21, 10, 16, 9]]], [[2, [2, 15]]], [[5, [5, 24]]], [[28, [28]]], [[12, [12]]], [[17, [17, 7, 20, 6, 22]]], [[9, [8, 11, 26, 25]]], [[3, [3, 1, 4]]], [[23, [23, 19]]]]], "all_solution": [[[[[0, [30, 14, 13, 29, 18]], [13, []], [30, []], [18, []], [14, []], [21, [21, 10, 16, 9]], [10, []], [29, []], [16, []], [9, [8, 11, 26, 25]], [8, []], [26, []], [11, []], [3, [3, 1, 4]], [25, []], [1, []], [4, []]], [[0, [27]], [2, [2, 15]], [15, []], [5, [5, 24]], [24, []], [28, [28]], [12, [12]], [17, [17, 7, 20, 6, 22]], [7, []], [20, []], [6, []], [22, []], [27, []], [23, [23, 19]], [19, []]]], [[[21, [21, 10, 16, 9]]], [[2, [2, 15]]], [[5, [5, 24]]], [[28, [28]]], [[12, [12]]], [[17, [17, 7, 20, 6, 22]]], [[9, [8, 11, 26, 25]]], [[3, [3, 1, 4]]], [[23, [23, 19]]]]]], "Numrun": 5, "all_fitness": [477.8324659476499]}
{"file_name": "U_30_1", "number_of_trucks": 2, "drone_capacity": 10, "number_of_drones": 2, "iteration": 2, "best_fitness": 476.9657367139764, "runtime": 886.4627304077148, "best_solution": [[[[0, [27, 2, 15, 29, 18, 30]], [30, []], [14, [14]], [27, []], [18, []], [2, []], [15, []], [28, [28]], [8, [10, 11, 17, 12, 26, 8, 16]], [10, []], [29, []], [16, []], [17, []], [12, []], [26, []], [11, []], [3, [3, 1, 4]], [1, []], [4, []]], [[0, [13, 21, 24, 5]], [21, []], [13, []], [9, [9, 7]], [7, []], [24, []], [20, [20, 6, 22, 25]], [6, []], [22, []], [5, []], [25, []], [23, [23, 19]], [19, []]]], [[[14, [14]]], [[9, [9, 7]]], [[28, [28]]], [[8, [10, 11, 17, 12, 26, 8, 16]]], [[20, [20, 6, 22, 25]]], [[3, [3, 1, 4]]], [[23, [23, 19]]]]], "all_solution": [[[[[0, [30, 14, 13, 29, 18]], [13, []], [30, []], [18, []], [14, []], [21, [21, 10, 16, 9]], [10, []], [29, []], [16, []], [9, [8, 11, 26, 25]], [8, []], [26, []], [11, []], [3, [3, 1, 4]], [25, []], [1, []], [4, []]], [[0, [27]], [2, [2, 15]], [15, []], [5, [5, 24]], [24, []], [28, [28]], [12, [12]], [17, [17, 7, 20, 6, 22]], [7, []], [20, []], [6, []], [22, []], [27, []], [23, [23, 19]], [19, []]]], [[[21, [21, 10, 16, 9]]], [[2, [2, 15]]], [[5, [5, 24]]], [[28, [28]]], [[12, [12]]], [[17, [17, 7, 20, 6, 22]]], [[9, [8, 11, 26, 25]]], [[3, [3, 1, 4]]], [[23, [23, 19]]]]], [[[[0, [27, 2, 15, 29, 18, 30]], [30, []], [14, [14]], [27, []], [18, []], [2, []], [15, []], [28, [28]], [8, [10, 11, 17, 12, 26, 8, 16]], [10, []], [29, []], [16, []], [17, []], [12, []], [26, []], [11, []], [3, [3, 1, 4]], [1, []], [4, []]], [[0, [13, 21, 24, 5]], [21, []], [13, []], [9, [9, 7]], [7, []], [24, []], [20, [20, 6, 22, 25]], [6, []], [22, []], [5, []], [25, []], [23, [23, 19]], [19, []]]], [[[14, [14]]], [[9, [9, 7]]], [[28, [28]]], [[8, [10, 11, 17, 12, 26, 8, 16]]], [[20, [20, 6, 22, 25]]], [[3, [3, 1, 4]]], [[23, [23, 19]]]]]], "Numrun": 5, "all_fitness": [477.8324659476499, 476.9657367139764]}
{"file_name": "U_30_1", "number_of_trucks": 2, "drone_capacity": 10, "number_of_drones": 2, "iteration": 3, "best_fitness": 477.8324659476499, "runtime": 787.0361967086792, "best_solution": [[[[0, [14, 2, 15]], [14, []], [2, []], [15, []], [10, [10]], [24, [24, 9, 21]], [9, []], [5, [5, 16]], [16, []], [6, [6, 20, 22]], [21, []], [20, []], [22, []], [23, [23, 19]], [19, []]], [[0, [27, 29, 18, 13, 30]], [18, []], [27, []], [13, []], [30, []], [7, [7]], [8, [8, 28]], [29, []], [28, []], [17, [17, 12, 26, 11, 25]], [12, []], [26, []], [11, []], [3, [3, 1, 4]], [25, []], [1, []], [4, []]]], [[[10, [10]]], [[24, [24, 9, 21]]], [[7, [7]]], [[5, [5, 16]]], [[8, [8, 28]]], [[17, [17, 12, 26, 11, 25]]], [[6, [6, 20, 22]]], [[3, [3, 1, 4]]], [[23, [23, 19]]]]], "all_solution": [[[[[0, [30, 14, 13, 29, 18]], [13, []], [30, []], [18, []], [14, []], [21, [21, 10, 16, 9]], [10, []], [29, []], [16, []], [9, [8, 11, 26, 25]], [8, []], [26, []], [11, []], [3, [3, 1, 4]], [25, []], [1, []], [4, []]], [[0, [27]], [2, [2, 15]], [15, []], [5, [5, 24]], [24, []], [28, [28]], [12, [12]], [17, [17, 7, 20, 6, 22]], [7, []], [20, []], [6, []], [22, []], [27, []], [23, [23, 19]], [19, []]]], [[[21, [21, 10, 16, 9]]], [[2, [2, 15]]], [[5, [5, 24]]], [[28, [28]]], [[12, [12]]], [[17, [17, 7, 20, 6, 22]]], [[9, [8, 11, 26, 25]]], [[3, [3, 1, 4]]], [[23, [23, 19]]]]], [[[[0, [27, 2, 15, 29, 18, 30]], [30, []], [14, [14]], [27, []], [18, []], [2, []], [15, []], [28, [28]], [8, [10, 11, 17, 12, 26, 8, 16]], [10, []], [29, []], [16, []], [17, []], [12, []], [26, []], [11, []], [3, [3, 1, 4]], [1, []], [4, []]], [[0, [13, 21, 24, 5]], [21, []], [13, []], [9, [9, 7]], [7, []], [24, []], [20, [20, 6, 22, 25]], [6, []], [22, []], [5, []], [25, []], [23, [23, 19]], [19, []]]], [[[14, [14]]], [[9, [9, 7]]], [[28, [28]]], [[8, [10, 11, 17, 12, 26, 8, 16]]], [[20, [20, 6, 22, 25]]], [[3, [3, 1, 4]]], [[23, [23, 19]]]]], [[[[0, [14, 2, 15]], [14, []], [2, []], [15, []], [10, [10]], [24, [24, 9, 21]], [9, []], [5, [5, 16]], [16, []], [6, [6, 20, 22]], [21, []], [20, []], [22, []], [23, [23, 19]], [19, []]], [[0, [27, 29, 18, 13, 30]], [18, []], [27, []], [13, []], [30, []], [7, [7]], [8, [8, 28]], [29, []], [28, []], [17, [17, 12, 26, 11, 25]], [12, []], [26, []], [11, []], [3, [3, 1, 4]], [25, []], [1, []], [4, []]]], [[[10, [10]]], [[24, [24, 9, 21]]], [[7, [7]]], [[5, [5, 16]]], [[8, [8, 28]]], [[17, [17, 12, 26, 11, 25]]], [[6, [6, 20, 22]]], [[3, [3, 1, 4]]], [[23, [23, 19]]]]]], "Numrun": 5, "all_fitness": [477.8324659476499, 476.9657367139764, 477.8324659476499]}
{"file_name": "U_30_1", "number_of_trucks": 2, "drone_capacity": 10, "number_of_drones": 2, "iteration": 4, "best_fitness": 476.9657367139764, "runtime": 970.3169386386871, "best_solution": [[[[0, [18, 14]], [14, [21, 24, 5, 27]], [18, []], [5, []], [27, []], [21, []], [24, []], [7, [7, 20, 6, 22]], [20, []], [6, []], [22, []], [3, [3, 1, 4]], [1, []], [4, []]], [[0, [2]], [30, [29, 30, 13, 15]], [13, []], [9, [9]], [15, []], [29, []], [2, []], [16, [16, 10]], [10, []], [28, [28, 8, 12]], [8, []], [17, [17, 26, 11, 25]], [12, []], [26, []], [11, []], [25, []], [23, [23, 19]], [19, []]]], [[[30, [29, 30, 13, 15]]], [[9, [9]]], [[14, [21, 24, 5, 27]]], [[16, [16, 10]]], [[28, [28, 8, 12]]], [[17, [17, 26, 11, 25]]], [[7, [7, 20, 6, 22]]], [[3, [3, 1, 4]]], [[23, [23, 19]]]]],