{"file_name": "U_30_1", "number_of_trucks": 2, "drone_capacity": 10, "number_of_drones": 2, "iteration": 1, "best_fitness": 377.32677805031113, "runtime": 1099.28964304924, "best_solution": [[[[0, [19, 24, 14]], [14, []], [24, []], [19, [11]], [11, []], [29, [29, 13, 15, 6, 23, 17, 5, 3, 8]], [13, []], [8, []], [26, [26, 27, 20]], [15, []], [3, []], [6, []], [27, []], [23, []], [17, []], [5, []], [20, []]], [[0, [25]], [7, [7, 16]], [16, []], [25, []], [1, [1, 21, 30, 18]], [18, []], [21, []], [10, [10, 2, 4, 28, 9]], [2, []], [30, []], [28, []], [12, [12, 22]], [9, []], [4, []], [22, []]]], [[[19, [11]]], [[7, [7, 16]]], [[1, [1, 21, 30, 18]]], [[29, [29, 13, 15, 6, 23, 17, 5, 3, 8]]], [[10, [10, 2, 4, 28, 9]]], [[26, [26, 27, 20]]], [[12, [12, 22]]]]], "all_solution": [[[[[0, [19, 24, 14]], [14, []], [24, []], [19, [11]], [11, []], [29, [29, 13, 15, 6, 23, 17, 5, 3, 8]], [13, []], [8, []], [26, [26, 27, 20]], [15, []], [3, []], [6, []], [27, []], [23, []], [17, []], [5, []], [20, []]], [[0, [25]], [7, [7, 16]], [16, []], [25, []], [1, [1, 21, 30, 18]], [18, []], [21, []], [10, [10, 2, 4, 28, 9]], [2, []], [30, []], [28, []], [12, [12, 22]], [9, []], [4, []], [22, []]]], [[[19, [11]]], [[7, [7, 16]]], [[1, [1, 21, 30, 18]]], [[29, [29, 13, 15, 6, 23, 17, 5, 3, 8]]], [[10, [10, 2, 4, 28, 9]]], [[26, [26, 27, 20]]], [[12, [12, 22]]]]]], "Numrun": 5, "all_fitness": [377.32677805031113]}
{"file_name": "U_30_1", "number_of_trucks": 2, "drone_capacity": 10, "number_of_drones": 2, "iteration": 2, "best_fitness": 373.3516963970639, "runtime": 943.9483480453491, "best_solution": [[[[0, []], [19, [19, 7, 8]], [7, []], [6, [6, 15, 23, 18, 29, 11, 1]], [15, []], [23, []], [4, [4, 2, 13]], [11, []], [18, []], [1, []], [2, []], [29, []], [13, []], [8, []], [26, [26]]], [[0, [25, 14]], [14, []], [3, [3, 24]], [24, []], [25, []], [16, [16, 28, 30, 21]], [28, []], [30, []], [21, []], [27, [27, 10, 9, 5, 17]], [10, []], [9, []], [12, [12, 20, 22]], [17, []], [22, []], [5, []], [20, []]]], [[[19, [19, 7, 8]]], [[3, [3, 24]]], [[16, [16, 28, 30, 21]]], [[6, [6, 15, 23, 18, 29, 11, 1]]], [[4, [4, 2, 13]]], [[27, [27, 10, 9, 5, 17]]], [[26, [26]]], [[12, [12, 20, 22]]]]], "all_solution": [[[[[0, [19, 24, 14]], [14, []], [24, []], [19, [11]], [11, []], [29, [29, 13, 15, 6, 23, 17, 5, 3, 8]], [13, []], [8, []], [26, [26, 27, 20]], [15, []], [3, []], [6, []], [27, []], [23, []], [17, []], [5, []], [20, []]], [[0, [25]], [7, [7, 16]], [16, []], [25, []], [1, [1, 21, 30, 18]], [18, []], [21, []], [10, [10, 2, 4, 28, 9]], [2, []], [30, []], [28, []], [12, [12, 22]], [9, []], [4, []], [22, []]]], [[[19, [11]]], [[7, [7, 16]]], [[1, [1, 21, 30, 18]]], [[29, [29, 13, 15, 6, 23, 17, 5, 3, 8]]], [[10, [10, 2, 4, 28, 9]]], [[26, [26, 27, 20]]], [[12, [12, 22]]]]], [[[[0, []], [19, [19, 7, 8]], [7, []], [6, [6, 15, 23, 18, 29, 11, 1]], [15, []], [23, []], [4, [4, 2, 13]], [11, []], [18, []], [1, []], [2, []], [29, []], [13, []], [8, []], [26, [26]]], [[0, [25, 14]], [14, []], [3, [3, 24]], [24, []], [25, []], [16, [16, 28, 30, 21]], [28, []], [30, []], [21, []], [27, [27, 10, 9, 5, 17]], [10, []], [9, []], [12, [12, 20, 22]], [17, []], [22, []], [5, []], [20, []]]], [[[19, [19, 7, 8]]], [[3, [3, 24]]], [[16, [16, 28, 30, 21]]], [[6, [6, 15, 23, 18, 29, 11, 1]]], [[4, [4, 2, 13]]], [[27, [27, 10, 9, 5, 17]]], [[26, [26]]], [[12, [12, 20, 22]]]]]], "Numrun": 5, "all_fitness": [377.32677805031113, 373.3516963970639]}
{"file_name": "U_30_1", "number_of_trucks": 2, "drone_capacity": 10, "number_of_drones": 2, "iteration": 3, "best_fitness": 375.39192968417007, "runtime": 1587.6614594459534, "best_solution": [[[[0, []], [25, [25, 7]], [7, []], [11, [11, 21, 8]], [21, []], [29, [29, 17, 5, 13]], [13, []], [8, []], [26, [26, 2, 20, 9, 4]], [2, []], [9, []], [4, []], [17, []], [5, []], [20, []]], [[0, []], [14, [14, 24]], [24, []], [3, [3, 19, 30, 16]], [19, []], [6, [6, 15, 23, 18, 1]], [15, []], [23, []], [27, [27, 10, 28]], [10, []], [18, []], [16, []], [30, []], [28, []], [12, [12, 22]], [1, []], [22, []]]], [[[14, [14, 24]]], [[25, [25, 7]]], [[3, [3, 19, 30, 16]]], [[11, [11, 21, 8]]], [[6, [6, 15, 23, 18, 1]]], [[29, [29, 17, 5, 13]]], [[27, [27, 10, 28]]], [[26, [26, 2, 20, 9, 4]]], [[12, [12, 22]]]]], "all_solution": [[[[[0, [19, 24, 14]], [14, []], [24, []], [19, [11]], [11, []], [29, [29, 13, 15, 6, 23, 17, 5, 3, 8]], [13, []], [8, []], [26, [26, 27, 20]], [15, []], [3, []], [6, []], [27, []], [23, []], [17, []], [5, []], [20, []]], [[0, [25]], [7, [7, 16]], [16, []], [25, []], [1, [1, 21, 30, 18]], [18, []], [21, []], [10, [10, 2, 4, 28, 9]], [2, []], [30, []], [28, []], [12, [12, 22]], [9, []], [4, []], [22, []]]], [[[19, [11]]], [[7, [7, 16]]], [[1, [1, 21, 30, 18]]], [[29, [29, 13, 15, 6, 23, 17, 5, 3, 8]]], [[10, [10, 2, 4, 28, 9]]], [[26, [26, 27, 20]]], [[12, [12, 22]]]]], [[[[0, []], [19, [19, 7, 8]], [7, []], [6, [6, 15, 23, 18, 29, 11, 1]], [15, []], [23, []], [4, [4, 2, 13]], [11, []], [18, []], [1, []], [2, []], [29, []], [13, []], [8, []], [26, [26]]], [[0, [25, 14]], [14, []], [3, [3, 24]], [24, []], [25, []], [16, [16, 28, 30, 21]], [28, []], [30, []], [21, []], [27, [27, 10, 9, 5, 17]], [10, []], [9, []], [12, [12, 20, 22]], [17, []], [22, []], [5, []], [20, []]]], [[[19, [19, 7, 8]]], [[3, [3, 24]]], [[16, [16, 28, 30, 21]]], [[6, [6, 15, 23, 18, 29, 11, 1]]], [[4, [4, 2, 13]]], [[27, [27, 10, 9, 5, 17]]], [[26, [26]]], [[12, [12, 20, 22]]]]], [[[[0, []], [25, [25, 7]], [7, []], [11, [11, 21, 8]], [21, []], [29, [29, 17, 5, 13]], [13, []], [8, []], [26, [26, 2, 20, 9, 4]], [2, []], [9, []], [4, []], [17, []], [5, []], [20, []]], [[0, []], [14, [14, 24]], [24, []], [3, [3, 19, 30, 16]], [19, []], [6, [6, 15, 23, 18, 1]], [15, []], [23, []], [27, [27, 10, 28]], [10, []], [18, []], [16, []], [30, []], [28, []], [12, [12, 22]], [1, []], [22, []]]], [[[14, [14, 24]]], [[25, [25, 7]]], [[3, [3, 19, 30, 16]]], [[11, [11, 21, 8]]], [[6, [6, 15, 23, 18, 1]]], [[29, [29, 17, 5, 13]]], [[27, [27, 10, 28]]], [[26, [26, 2, 20, 9, 4]]], [[12, [12, 22]]]]]], "Numrun": 5, "all_fitness": [377.32677805031113, 373.3516963970639, 375.39192968417007]}
{"file_name": "U_30_1", "number_of_trucks": 2, "drone_capacity": 10, "number_of_drones": 2, "iteration": 4, "best_fitness": 456.08545254433125, "runtime": 18.087709426879883, "best_solution": [[[[0, [25, 7]], [25, [8]], [7, []], [8, []], [16, [16, 30, 28, 18]], [30, []], [28, []], [18, []], [29, [29, 2, 24, 26, 13, 12]], [2, []], [24, []], [26, []], [13, []], [12, []]], [[0, []], [21, [21, 19, 23, 3, 15, 6, 11]], [19, []], [23, []], [3, []], [15, []], [6, []], [11, []], [1, [1, 5, 17, 27, 4, 10, 9, 22, 20, 14]], [5, []], [17, []], [27, []], [4, []], [10, []], [9, []], [22, []], [20, []], [14, []]]], [[[25, [8]]], [[16, [16, 30, 28, 18]]], [[21, [21, 19, 23, 3, 15, 6, 11]]], [[1, [1, 5, 17, 27, 4, 10, 9, 22, 20, 14]]], [[29, [29, 2, 24, 26, 13, 12]]]]],