{"file_name": "U_30_1", "number_of_trucks": 2, "drone_capacity": 10, "number_of_drones": 2, "iteration": 1, "best_fitness": 489.44132190678005, "runtime": 1112.9747331142426, "best_solution": [[[[0, [28, 20, 18, 19, 9, 24, 15, 6, 3]], [24, []], [15, []], [6, []], [20, []], [3, []], [19, []], [9, []], [2, [2, 16]], [18, []], [28, []], [16, []], [30, [30, 12]], [12, []]], [[0, []], [5, [5, 8, 26, 11]], [11, []], [26, [13, 29, 25]], [8, []], [13, []], [29, []], [25, []], [10, [10, 7, 21]], [7, []], [21, []], [27, [27, 22, 4]], [4, []], [22, []], [23, [23, 17, 1, 14]], [17, []], [1, []], [14, []]]], [[[5, [5, 8, 26, 11]]], [[26, [13, 29, 25]]], [[10, [10, 7, 21]]], [[2, [2, 16]]], [[27, [27, 22, 4]]], [[23, [23, 17, 1, 14]]], [[30, [30, 12]]]]], "all_solution": [[[[[0, [28, 20, 18, 19, 9, 24, 15, 6, 3]], [24, []], [15, []], [6, []], [20, []], [3, []], [19, []], [9, []], [2, [2, 16]], [18, []], [28, []], [16, []], [30, [30, 12]], [12, []]], [[0, []], [5, [5, 8, 26, 11]], [11, []], [26, [13, 29, 25]], [8, []], [13, []], [29, []], [25, []], [10, [10, 7, 21]], [7, []], [21, []], [27, [27, 22, 4]], [4, []], [22, []], [23, [23, 17, 1, 14]], [17, []], [1, []], [14, []]]], [[[5, [5, 8, 26, 11]]], [[26, [13, 29, 25]]], [[10, [10, 7, 21]]], [[2, [2, 16]]], [[27, [27, 22, 4]]], [[23, [23, 17, 1, 14]]], [[30, [30, 12]]]]]], "Numrun": 5, "all_fitness": [489.44132190678005]}
{"file_name": "U_30_1", "number_of_trucks": 2, "drone_capacity": 10, "number_of_drones": 2, "iteration": 2, "best_fitness": 489.44132190678005, "runtime": 758.6830513477325, "best_solution": [[[[0, [28, 13, 5]], [28, []], [13, []], [5, []], [15, [15, 9]], [9, []], [21, [21, 3, 22]], [3, []], [22, []], [1, [1, 4, 17, 23, 14]], [4, []], [17, []], [23, []], [14, []]], [[0, []], [20, [20, 26, 8]], [26, []], [8, []], [19, [19, 11, 24]], [11, []], [24, [7, 10, 6, 18, 29, 25]], [29, []], [18, []], [7, []], [10, []], [6, []], [27, [27, 2, 16]], [2, []], [25, []], [16, []], [30, [30, 12]], [12, []]]], [[[20, [20, 26, 8]]], [[19, [19, 11, 24]]], [[15, [15, 9]]], [[24, [7, 10, 6, 18, 29, 25]]], [[21, [21, 3, 22]]], [[27, [27, 2, 16]]], [[1, [1, 4, 17, 23, 14]]], [[30, [30, 12]]]]], "all_solution": [[[[[0, [28, 20, 18, 19, 9, 24, 15, 6, 3]], [24, []], [15, []], [6, []], [20, []], [3, []], [19, []], [9, []], [2, [2, 16]], [18, []], [28, []], [16, []], [30, [30, 12]], [12, []]], [[0, []], [5, [5, 8, 26, 11]], [11, []], [26, [13, 29, 25]], [8, []], [13, []], [29, []], [25, []], [10, [10, 7, 21]], [7, []], [21, []], [27, [27, 22, 4]], [4, []], [22, []], [23, [23, 17, 1, 14]], [17, []], [1, []], [14, []]]], [[[5, [5, 8, 26, 11]]], [[26, [13, 29, 25]]], [[10, [10, 7, 21]]], [[2, [2, 16]]], [[27, [27, 22, 4]]], [[23, [23, 17, 1, 14]]], [[30, [30, 12]]]]], [[[[0, [28, 13, 5]], [28, []], [13, []], [5, []], [15, [15, 9]], [9, []], [21, [21, 3, 22]], [3, []], [22, []], [1, [1, 4, 17, 23, 14]], [4, []], [17, []], [23, []], [14, []]], [[0, []], [20, [20, 26, 8]], [26, []], [8, []], [19, [19, 11, 24]], [11, []], [24, [7, 10, 6, 18, 29, 25]], [29, []], [18, []], [7, []], [10, []], [6, []], [27, [27, 2, 16]], [2, []], [25, []], [16, []], [30, [30, 12]], [12, []]]], [[[20, [20, 26, 8]]], [[19, [19, 11, 24]]], [[15, [15, 9]]], [[24, [7, 10, 6, 18, 29, 25]]], [[21, [21, 3, 22]]], [[27, [27, 2, 16]]], [[1, [1, 4, 17, 23, 14]]], [[30, [30, 12]]]]]], "Numrun": 5, "all_fitness": [489.44132190678005, 489.44132190678005]}
{"file_name": "U_30_1", "number_of_trucks": 2, "drone_capacity": 10, "number_of_drones": 2, "iteration": 3, "best_fitness": 489.44132190678005, "runtime": 969.142121553421, "best_solution": [[[[0, [11, 15]], [15, []], [11, []], [3, [3, 5, 9, 18, 19, 25]], [5, []], [9, []], [7, [7, 21]], [21, []], [18, []], [19, []], [22, [22, 16]], [25, []], [16, []], [30, [30, 12]], [12, []]], [[0, [8]], [20, [20, 26, 24, 28, 13]], [24, []], [26, [6, 29]], [13, []], [8, []], [29, []], [28, [10, 2]], [2, []], [27, [27]], [6, []], [10, []], [1, [1, 4, 23, 17, 14]], [4, []], [23, []], [17, []], [14, []]]], [[[20, [20, 26, 24, 28, 13]]], [[26, [6, 29]]], [[3, [3, 5, 9, 18, 19, 25]]], [[28, [10, 2]]], [[7, [7, 21]]], [[22, [22, 16]]], [[27, [27]]], [[1, [1, 4, 23, 17, 14]]], [[30, [30, 12]]]]], "all_solution": [[[[[0, [28, 20, 18, 19, 9, 24, 15, 6, 3]], [24, []], [15, []], [6, []], [20, []], [3, []], [19, []], [9, []], [2, [2, 16]], [18, []], [28, []], [16, []], [30, [30, 12]], [12, []]], [[0, []], [5, [5, 8, 26, 11]], [11, []], [26, [13, 29, 25]], [8, []], [13, []], [29, []], [25, []], [10, [10, 7, 21]], [7, []], [21, []], [27, [27, 22, 4]], [4, []], [22, []], [23, [23, 17, 1, 14]], [17, []], [1, []], [14, []]]], [[[5, [5, 8, 26, 11]]], [[26, [13, 29, 25]]], [[10, [10, 7, 21]]], [[2, [2, 16]]], [[27, [27, 22, 4]]], [[23, [23, 17, 1, 14]]], [[30, [30, 12]]]]], [[[[0, [28, 13, 5]], [28, []], [13, []], [5, []], [15, [15, 9]], [9, []], [21, [21, 3, 22]], [3, []], [22, []], [1, [1, 4, 17, 23, 14]], [4, []], [17, []], [23, []], [14, []]], [[0, []], [20, [20, 26, 8]], [26, []], [8, []], [19, [19, 11, 24]], [11, []], [24, [7, 10, 6, 18, 29, 25]], [29, []], [18, []], [7, []], [10, []], [6, []], [27, [27, 2, 16]], [2, []], [25, []], [16, []], [30, [30, 12]], [12, []]]], [[[20, [20, 26, 8]]], [[19, [19, 11, 24]]], [[15, [15, 9]]], [[24, [7, 10, 6, 18, 29, 25]]], [[21, [21, 3, 22]]], [[27, [27, 2, 16]]], [[1, [1, 4, 17, 23, 14]]], [[30, [30, 12]]]]], [[[[0, [11, 15]], [15, []], [11, []], [3, [3, 5, 9, 18, 19, 25]], [5, []], [9, []], [7, [7, 21]], [21, []], [18, []], [19, []], [22, [22, 16]], [25, []], [16, []], [30, [30, 12]], [12, []]], [[0, [8]], [20, [20, 26, 24, 28, 13]], [24, []], [26, [6, 29]], [13, []], [8, []], [29, []], [28, [10, 2]], [2, []], [27, [27]], [6, []], [10, []], [1, [1, 4, 23, 17, 14]], [4, []], [23, []], [17, []], [14, []]]], [[[20, [20, 26, 24, 28, 13]]], [[26, [6, 29]]], [[3, [3, 5, 9, 18, 19, 25]]], [[28, [10, 2]]], [[7, [7, 21]]], [[22, [22, 16]]], [[27, [27]]], [[1, [1, 4, 23, 17, 14]]], [[30, [30, 12]]]]]], "Numrun": 5, "all_fitness": [489.44132190678005, 489.44132190678005, 489.44132190678005]}
{"file_name": "U_30_1", "number_of_trucks": 2, "drone_capacity": 10, "number_of_drones": 2, "iteration": 4, "best_fitness": 489.44132190678005, "runtime": 799.7362086772919, "best_solution": [[[[0, []], [15, [15, 11, 28, 5, 13, 20]], [11, []], [28, []], [5, [18, 29, 9]], [13, []], [29, []], [18, []], [9, []], [2, [2, 4, 22]], [4, []], [1, [1, 23, 17, 14]], [23, []], [22, []], [17, []], [20, []], [14, []]], [[0, [8, 19, 26]], [8, []], [26, []], [19, []], [3, [3, 6, 7, 24, 25, 10]], [24, []], [25, []], [10, []], [6, []], [27, [27, 21, 16]], [7, []], [21, []], [16, []], [30, [30, 12]], [12, []]]], [[[15, [15, 11, 28, 5, 13, 20]]], [[3, [3, 6, 7, 24, 25, 10]]], [[5, [18, 29, 9]]], [[2, [2, 4, 22]]], [[27, [27, 21, 16]]], [[1, [1, 23, 17, 14]]], [[30, [30, 12]]]]],