{"file_name": "U_30_1", "number_of_trucks": 2, "drone_capacity": 10, "number_of_drones": 2, "iteration": 1, "best_fitness": 365.1562214993455, "runtime": 1415.0500292778015, "best_solution": [[[[0, [1, 6]], [1, []], [6, []], [22, [22, 24, 20]], [20, []], [24, []], [7, [7, 30, 16, 15, 9, 10]], [30, []], [17, [17, 29]], [15, []], [16, []], [26, [26, 28]], [29, []], [10, []], [28, []], [9, []]], [[0, [4, 2]], [4, []], [2, []], [8, [8, 5, 11, 23]], [5, []], [11, []], [12, [12, 3, 25, 19]], [3, []], [25, []], [23, []], [27, [27, 14, 18, 21, 13]], [14, []], [18, []], [19, []], [21, []], [13, []]]], [[[8, [8, 5, 11, 23]]], [[22, [22, 24, 20]]], [[12, [12, 3, 25, 19]]], [[7, [7, 30, 16, 15, 9, 10]]], [[27, [27, 14, 18, 21, 13]]], [[17, [17, 29]]], [[26, [26, 28]]]]], "all_solution": [[[[[0, [1, 6]], [1, []], [6, []], [22, [22, 24, 20]], [20, []], [24, []], [7, [7, 30, 16, 15, 9, 10]], [30, []], [17, [17, 29]], [15, []], [16, []], [26, [26, 28]], [29, []], [10, []], [28, []], [9, []]], [[0, [4, 2]], [4, []], [2, []], [8, [8, 5, 11, 23]], [5, []], [11, []], [12, [12, 3, 25, 19]], [3, []], [25, []], [23, []], [27, [27, 14, 18, 21, 13]], [14, []], [18, []], [19, []], [21, []], [13, []]]], [[[8, [8, 5, 11, 23]]], [[22, [22, 24, 20]]], [[12, [12, 3, 25, 19]]], [[7, [7, 30, 16, 15, 9, 10]]], [[27, [27, 14, 18, 21, 13]]], [[17, [17, 29]]], [[26, [26, 28]]]]]], "Numrun": 5, "all_fitness": [365.1562214993455]}
{"file_name": "U_30_1", "number_of_trucks": 2, "drone_capacity": 10, "number_of_drones": 2, "iteration": 2, "best_fitness": 365.17198759910167, "runtime": 929.0456657409668, "best_solution": [[[[0, [4, 6]], [4, []], [20, [20, 22]], [22, []], [6, []], [19, [19]], [7, [7, 17, 29, 15, 16, 9, 10]], [17, []], [29, []], [15, []], [16, []], [26, [26, 28]], [10, []], [28, []], [9, []]], [[0, []], [8, [8, 2, 5, 1, 11]], [2, []], [5, []], [1, []], [11, []], [12, [12, 3, 25, 23, 24]], [3, []], [25, []], [23, []], [27, [27, 18, 21, 13, 14, 30]], [14, []], [18, []], [24, []], [21, []], [13, []], [30, []]]], [[[8, [8, 2, 5, 1, 11]]], [[20, [20, 22]]], [[19, [19]]], [[12, [12, 3, 25, 23, 24]]], [[7, [7, 17, 29, 15, 16, 9, 10]]], [[27, [27, 18, 21, 13, 14, 30]]], [[26, [26, 28]]]]], "all_solution": [[[[[0, [1, 6]], [1, []], [6, []], [22, [22, 24, 20]], [20, []], [24, []], [7, [7, 30, 16, 15, 9, 10]], [30, []], [17, [17, 29]], [15, []], [16, []], [26, [26, 28]], [29, []], [10, []], [28, []], [9, []]], [[0, [4, 2]], [4, []], [2, []], [8, [8, 5, 11, 23]], [5, []], [11, []], [12, [12, 3, 25, 19]], [3, []], [25, []], [23, []], [27, [27, 14, 18, 21, 13]], [14, []], [18, []], [19, []], [21, []], [13, []]]], [[[8, [8, 5, 11, 23]]], [[22, [22, 24, 20]]], [[12, [12, 3, 25, 19]]], [[7, [7, 30, 16, 15, 9, 10]]], [[27, [27, 14, 18, 21, 13]]], [[17, [17, 29]]], [[26, [26, 28]]]]], [[[[0, [4, 6]], [4, []], [20, [20, 22]], [22, []], [6, []], [19, [19]], [7, [7, 17, 29, 15, 16, 9, 10]], [17, []], [29, []], [15, []], [16, []], [26, [26, 28]], [10, []], [28, []], [9, []]], [[0, []], [8, [8, 2, 5, 1, 11]], [2, []], [5, []], [1, []], [11, []], [12, [12, 3, 25, 23, 24]], [3, []], [25, []], [23, []], [27, [27, 18, 21, 13, 14, 30]], [14, []], [18, []], [24, []], [21, []], [13, []], [30, []]]], [[[8, [8, 2, 5, 1, 11]]], [[20, [20, 22]]], [[19, [19]]], [[12, [12, 3, 25, 23, 24]]], [[7, [7, 17, 29, 15, 16, 9, 10]]], [[27, [27, 18, 21, 13, 14, 30]]], [[26, [26, 28]]]]]], "Numrun": 5, "all_fitness": [365.1562214993455, 365.17198759910167]}
{"file_name": "U_30_1", "number_of_trucks": 2, "drone_capacity": 10, "number_of_drones": 2, "iteration": 3, "best_fitness": 366.07187936618817, "runtime": 1255.4678964614868, "best_solution": [[[[0, [1, 8, 6]], [8, []], [1, []], [7, [7, 24]], [24, []], [19, [19, 22, 20, 10]], [22, []], [6, []], [20, []], [13, [13, 30, 21, 17, 15, 16, 29]], [30, []], [21, []], [17, []], [15, []], [16, []], [29, []], [10, []]], [[0, [4, 2]], [4, []], [2, []], [11, [11, 5, 23]], [5, []], [23, []], [25, [25, 12, 3, 9]], [3, []], [27, [27, 14, 18]], [14, []], [18, []], [12, []], [26, [26, 28]], [28, []], [9, []]]], [[[7, [7, 24]]], [[11, [11, 5, 23]]], [[25, [25, 12, 3, 9]]], [[19, [19, 22, 20, 10]]], [[27, [27, 14, 18]]], [[13, [13, 30, 21, 17, 15, 16, 29]]], [[26, [26, 28]]]]], "all_solution": [[[[[0, [1, 6]], [1, []], [6, []], [22, [22, 24, 20]], [20, []], [24, []], [7, [7, 30, 16, 15, 9, 10]], [30, []], [17, [17, 29]], [15, []], [16, []], [26, [26, 28]], [29, []], [10, []], [28, []], [9, []]], [[0, [4, 2]], [4, []], [2, []], [8, [8, 5, 11, 23]], [5, []], [11, []], [12, [12, 3, 25, 19]], [3, []], [25, []], [23, []], [27, [27, 14, 18, 21, 13]], [14, []], [18, []], [19, []], [21, []], [13, []]]], [[[8, [8, 5, 11, 23]]], [[22, [22, 24, 20]]], [[12, [12, 3, 25, 19]]], [[7, [7, 30, 16, 15, 9, 10]]], [[27, [27, 14, 18, 21, 13]]], [[17, [17, 29]]], [[26, [26, 28]]]]], [[[[0, [4, 6]], [4, []], [20, [20, 22]], [22, []], [6, []], [19, [19]], [7, [7, 17, 29, 15, 16, 9, 10]], [17, []], [29, []], [15, []], [16, []], [26, [26, 28]], [10, []], [28, []], [9, []]], [[0, []], [8, [8, 2, 5, 1, 11]], [2, []], [5, []], [1, []], [11, []], [12, [12, 3, 25, 23, 24]], [3, []], [25, []], [23, []], [27, [27, 18, 21, 13, 14, 30]], [14, []], [18, []], [24, []], [21, []], [13, []], [30, []]]], [[[8, [8, 2, 5, 1, 11]]], [[20, [20, 22]]], [[19, [19]]], [[12, [12, 3, 25, 23, 24]]], [[7, [7, 17, 29, 15, 16, 9, 10]]], [[27, [27, 18, 21, 13, 14, 30]]], [[26, [26, 28]]]]], [[[[0, [1, 8, 6]], [8, []], [1, []], [7, [7, 24]], [24, []], [19, [19, 22, 20, 10]], [22, []], [6, []], [20, []], [13, [13, 30, 21, 17, 15, 16, 29]], [30, []], [21, []], [17, []], [15, []], [16, []], [29, []], [10, []]], [[0, [4, 2]], [4, []], [2, []], [11, [11, 5, 23]], [5, []], [23, []], [25, [25, 12, 3, 9]], [3, []], [27, [27, 14, 18]], [14, []], [18, []], [12, []], [26, [26, 28]], [28, []], [9, []]]], [[[7, [7, 24]]], [[11, [11, 5, 23]]], [[25, [25, 12, 3, 9]]], [[19, [19, 22, 20, 10]]], [[27, [27, 14, 18]]], [[13, [13, 30, 21, 17, 15, 16, 29]]], [[26, [26, 28]]]]]], "Numrun": 5, "all_fitness": [365.1562214993455, 365.17198759910167, 366.07187936618817]}
{"file_name": "U_30_1", "number_of_trucks": 2, "drone_capacity": 10, "number_of_drones": 2, "iteration": 4, "best_fitness": 452.8141586656804, "runtime": 15.3931303024292, "best_solution": [[[[0, [23, 5, 1]], [23, [9, 10]], [5, []], [1, []], [9, []], [10, []], [15, [15, 16, 29, 17, 21, 18, 24, 7, 30, 13]], [16, []], [29, []], [17, []], [21, []], [18, []], [24, []], [7, []], [30, []], [13, []]], [[0, [4, 8, 2, 11, 6]], [4, []], [8, []], [2, []], [11, []], [6, []], [20, [20, 22]], [22, []], [19, [19, 12, 3, 25, 27, 14, 26, 28]], [12, []], [3, []], [25, []], [27, []], [14, []], [26, []], [28, []]]], [[[20, [20, 22]]], [[23, [9, 10]]], [[15, [15, 16, 29, 17, 21, 18, 24, 7, 30, 13]]], [[19, [19, 12, 3, 25, 27, 14, 26, 28]]]]],