{"file_name": "U_30_1", "number_of_trucks": 2, "drone_capacity": 10, "number_of_drones": 2, "iteration": 1, "best_fitness": 467.4755450568001, "runtime": 1026.711354970932, "best_solution": [[[[0, [23, 9]], [9, [12, 2, 10, 8, 13]], [12, []], [2, []], [23, [3, 21, 26]], [26, []], [10, []], [8, []], [3, []], [21, []], [13, []], [20, [20, 16, 28]], [16, []], [28, []], [24, [24, 25]], [25, []]], [[0, [18, 4, 6, 14]], [4, []], [18, []], [6, []], [14, []], [7, [7, 17, 30]], [17, []], [30, []], [29, [29, 19]], [19, []], [27, [27, 15]], [15, []], [1, [1, 5, 22, 11]], [5, []], [22, []], [11, []]]], [[[7, [7, 17, 30]]], [[9, [12, 2, 10, 8, 13]]], [[23, [3, 21, 26]]], [[29, [29, 19]]], [[20, [20, 16, 28]]], [[27, [27, 15]]], [[1, [1, 5, 22, 11]]], [[24, [24, 25]]]]], "all_solution": [[[[[0, [23, 9]], [9, [12, 2, 10, 8, 13]], [12, []], [2, []], [23, [3, 21, 26]], [26, []], [10, []], [8, []], [3, []], [21, []], [13, []], [20, [20, 16, 28]], [16, []], [28, []], [24, [24, 25]], [25, []]], [[0, [18, 4, 6, 14]], [4, []], [18, []], [6, []], [14, []], [7, [7, 17, 30]], [17, []], [30, []], [29, [29, 19]], [19, []], [27, [27, 15]], [15, []], [1, [1, 5, 22, 11]], [5, []], [22, []], [11, []]]], [[[7, [7, 17, 30]]], [[9, [12, 2, 10, 8, 13]]], [[23, [3, 21, 26]]], [[29, [29, 19]]], [[20, [20, 16, 28]]], [[27, [27, 15]]], [[1, [1, 5, 22, 11]]], [[24, [24, 25]]]]]], "Numrun": 5, "all_fitness": [467.4755450568001]}
{"file_name": "U_30_1", "number_of_trucks": 2, "drone_capacity": 10, "number_of_drones": 2, "iteration": 2, "best_fitness": 467.4755450568001, "runtime": 1078.2178013324738, "best_solution": [[[[0, [14]], [14, [12, 10, 18, 4, 2]], [12, []], [10, []], [18, []], [4, []], [15, [15, 27, 29, 16]], [27, []], [29, []], [2, []], [16, []], [11, [11, 20, 22, 1]], [20, []], [22, []], [1, []]], [[0, [13, 23, 9]], [23, []], [9, []], [7, [7, 21]], [17, [17, 6, 8, 3, 30]], [6, []], [13, []], [8, []], [21, []], [3, []], [19, [19, 26]], [30, []], [26, []], [5, [5, 28]], [28, []], [24, [24, 25]], [25, []]]], [[[14, [12, 10, 18, 4, 2]]], [[7, [7, 21]]], [[17, [17, 6, 8, 3, 30]]], [[19, [19, 26]]], [[15, [15, 27, 29, 16]]], [[5, [5, 28]]], [[11, [11, 20, 22, 1]]], [[24, [24, 25]]]]], "all_solution": [[[[[0, [23, 9]], [9, [12, 2, 10, 8, 13]], [12, []], [2, []], [23, [3, 21, 26]], [26, []], [10, []], [8, []], [3, []], [21, []], [13, []], [20, [20, 16, 28]], [16, []], [28, []], [24, [24, 25]], [25, []]], [[0, [18, 4, 6, 14]], [4, []], [18, []], [6, []], [14, []], [7, [7, 17, 30]], [17, []], [30, []], [29, [29, 19]], [19, []], [27, [27, 15]], [15, []], [1, [1, 5, 22, 11]], [5, []], [22, []], [11, []]]], [[[7, [7, 17, 30]]], [[9, [12, 2, 10, 8, 13]]], [[23, [3, 21, 26]]], [[29, [29, 19]]], [[20, [20, 16, 28]]], [[27, [27, 15]]], [[1, [1, 5, 22, 11]]], [[24, [24, 25]]]]], [[[[0, [14]], [14, [12, 10, 18, 4, 2]], [12, []], [10, []], [18, []], [4, []], [15, [15, 27, 29, 16]], [27, []], [29, []], [2, []], [16, []], [11, [11, 20, 22, 1]], [20, []], [22, []], [1, []]], [[0, [13, 23, 9]], [23, []], [9, []], [7, [7, 21]], [17, [17, 6, 8, 3, 30]], [6, []], [13, []], [8, []], [21, []], [3, []], [19, [19, 26]], [30, []], [26, []], [5, [5, 28]], [28, []], [24, [24, 25]], [25, []]]], [[[14, [12, 10, 18, 4, 2]]], [[7, [7, 21]]], [[17, [17, 6, 8, 3, 30]]], [[19, [19, 26]]], [[15, [15, 27, 29, 16]]], [[5, [5, 28]]], [[11, [11, 20, 22, 1]]], [[24, [24, 25]]]]]], "Numrun": 5, "all_fitness": [467.4755450568001, 467.4755450568001]}
{"file_name": "U_30_1", "number_of_trucks": 2, "drone_capacity": 10, "number_of_drones": 2, "iteration": 3, "best_fitness": 467.4755450568001, "runtime": 1196.0721237659454, "best_solution": [[[[0, [21]], [21, []], [3, [3, 8, 18, 2, 12]], [8, []], [18, []], [2, []], [12, []], [19, [19, 29, 30]], [29, []], [16, [16, 28]], [28, []], [30, []], [24, [24, 25]], [25, []]], [[0, [9]], [13, [13, 4]], [4, []], [9, [6, 10]], [10, []], [6, []], [17, [17, 14, 7, 15, 26, 23]], [14, []], [7, []], [23, []], [15, []], [26, []], [5, [5, 27, 20]], [27, []], [1, [1, 11, 22]], [11, []], [20, []], [22, []]]], [[[13, [13, 4]]], [[9, [6, 10]]], [[3, [3, 8, 18, 2, 12]]], [[17, [17, 14, 7, 15, 26, 23]]], [[19, [19, 29, 30]]], [[5, [5, 27, 20]]], [[16, [16, 28]]], [[1, [1, 11, 22]]], [[24, [24, 25]]]]], "all_solution": [[[[[0, [23, 9]], [9, [12, 2, 10, 8, 13]], [12, []], [2, []], [23, [3, 21, 26]], [26, []], [10, []], [8, []], [3, []], [21, []], [13, []], [20, [20, 16, 28]], [16, []], [28, []], [24, [24, 25]], [25, []]], [[0, [18, 4, 6, 14]], [4, []], [18, []], [6, []], [14, []], [7, [7, 17, 30]], [17, []], [30, []], [29, [29, 19]], [19, []], [27, [27, 15]], [15, []], [1, [1, 5, 22, 11]], [5, []], [22, []], [11, []]]], [[[7, [7, 17, 30]]], [[9, [12, 2, 10, 8, 13]]], [[23, [3, 21, 26]]], [[29, [29, 19]]], [[20, [20, 16, 28]]], [[27, [27, 15]]], [[1, [1, 5, 22, 11]]], [[24, [24, 25]]]]], [[[[0, [14]], [14, [12, 10, 18, 4, 2]], [12, []], [10, []], [18, []], [4, []], [15, [15, 27, 29, 16]], [27, []], [29, []], [2, []], [16, []], [11, [11, 20, 22, 1]], [20, []], [22, []], [1, []]], [[0, [13, 23, 9]], [23, []], [9, []], [7, [7, 21]], [17, [17, 6, 8, 3, 30]], [6, []], [13, []], [8, []], [21, []], [3, []], [19, [19, 26]], [30, []], [26, []], [5, [5, 28]], [28, []], [24, [24, 25]], [25, []]]], [[[14, [12, 10, 18, 4, 2]]], [[7, [7, 21]]], [[17, [17, 6, 8, 3, 30]]], [[19, [19, 26]]], [[15, [15, 27, 29, 16]]], [[5, [5, 28]]], [[11, [11, 20, 22, 1]]], [[24, [24, 25]]]]], [[[[0, [21]], [21, []], [3, [3, 8, 18, 2, 12]], [8, []], [18, []], [2, []], [12, []], [19, [19, 29, 30]], [29, []], [16, [16, 28]], [28, []], [30, []], [24, [24, 25]], [25, []]], [[0, [9]], [13, [13, 4]], [4, []], [9, [6, 10]], [10, []], [6, []], [17, [17, 14, 7, 15, 26, 23]], [14, []], [7, []], [23, []], [15, []], [26, []], [5, [5, 27, 20]], [27, []], [1, [1, 11, 22]], [11, []], [20, []], [22, []]]], [[[13, [13, 4]]], [[9, [6, 10]]], [[3, [3, 8, 18, 2, 12]]], [[17, [17, 14, 7, 15, 26, 23]]], [[19, [19, 29, 30]]], [[5, [5, 27, 20]]], [[16, [16, 28]]], [[1, [1, 11, 22]]], [[24, [24, 25]]]]]], "Numrun": 5, "all_fitness": [467.4755450568001, 467.4755450568001, 467.4755450568001]}
{"file_name": "U_30_1", "number_of_trucks": 2, "drone_capacity": 10, "number_of_drones": 2, "iteration": 4, "best_fitness": 471.9245113738529, "runtime": 305.93512177467346, "best_solution": [[[[0, [2, 17, 7, 14]], [14, []], [17, []], [7, []], [27, [27, 29, 16]], [16, []], [5, [5]], [29, []], [2, []], [1, [1, 22, 20, 11]], [22, []], [20, []], [11, []]], [[0, [4, 9, 21]], [9, []], [4, []], [23, [6, 10, 12, 3, 8, 13, 23, 18]], [18, []], [13, []], [6, []], [10, []], [12, []], [26, [26, 19, 30, 15]], [3, []], [21, []], [8, []], [28, [28]], [19, []], [30, []], [25, [25, 24]], [24, []], [15, []]]], [[[23, [6, 10, 12, 3, 8, 13, 23, 18]]], [[26, [26, 19, 30, 15]]], [[27, [27, 29, 16]]], [[5, [5]]], [[28, [28]]], [[1, [1, 22, 20, 11]]], [[25, [25, 24]]]]],