{"file_name": "U_30_1", "number_of_trucks": 2, "drone_capacity": 10, "number_of_drones": 2, "iteration": 1, "best_fitness": 382.0110720996228, "runtime": 1522.6271467208862, "best_solution": [[[[0, [9, 24]], [24, []], [9, []], [6, [25, 6, 23, 20, 3]], [23, []], [20, []], [10, [10, 27, 8, 14]], [25, []], [3, []], [14, []], [27, []], [16, [16, 17, 1, 12]], [8, []], [17, []], [1, []], [12, []]], [[0, [4, 5]], [26, [26, 18, 19, 21]], [4, []], [18, []], [21, []], [15, [15, 7, 11]], [5, []], [19, []], [11, []], [7, []], [28, [28, 22, 30, 29, 2]], [22, []], [30, []], [29, []], [2, []], [13, [13]]]], [[[26, [26, 18, 19, 21]]], [[6, [25, 6, 23, 20, 3]]], [[15, [15, 7, 11]]], [[10, [10, 27, 8, 14]]], [[16, [16, 17, 1, 12]]], [[28, [28, 22, 30, 29, 2]]], [[13, [13]]]]], "all_solution": [[[[[0, [9, 24]], [24, []], [9, []], [6, [25, 6, 23, 20, 3]], [23, []], [20, []], [10, [10, 27, 8, 14]], [25, []], [3, []], [14, []], [27, []], [16, [16, 17, 1, 12]], [8, []], [17, []], [1, []], [12, []]], [[0, [4, 5]], [26, [26, 18, 19, 21]], [4, []], [18, []], [21, []], [15, [15, 7, 11]], [5, []], [19, []], [11, []], [7, []], [28, [28, 22, 30, 29, 2]], [22, []], [30, []], [29, []], [2, []], [13, [13]]]], [[[26, [26, 18, 19, 21]]], [[6, [25, 6, 23, 20, 3]]], [[15, [15, 7, 11]]], [[10, [10, 27, 8, 14]]], [[16, [16, 17, 1, 12]]], [[28, [28, 22, 30, 29, 2]]], [[13, [13]]]]]], "Numrun": 5, "all_fitness": [382.0110720996228]}
{"file_name": "U_30_1", "number_of_trucks": 2, "drone_capacity": 10, "number_of_drones": 2, "iteration": 2, "best_fitness": 379.6288630099745, "runtime": 906.5348703861237, "best_solution": [[[[0, []], [18, [18, 19, 21]], [19, []], [21, []], [10, [10, 15, 11]], [14, [14, 27, 7, 8]], [7, []], [27, []], [11, []], [16, [16, 5, 17, 1, 12]], [15, []], [8, []], [5, []], [17, []], [1, []], [12, []]], [[0, [20, 24]], [20, []], [4, [4, 26, 23]], [26, []], [24, [3, 9, 25, 6]], [9, []], [6, []], [23, []], [25, []], [3, []], [22, [22, 30, 28, 29, 2]], [30, []], [28, []], [29, []], [2, []], [13, [13]]]], [[[18, [18, 19, 21]]], [[4, [4, 26, 23]]], [[10, [10, 15, 11]]], [[24, [3, 9, 25, 6]]], [[14, [14, 27, 7, 8]]], [[22, [22, 30, 28, 29, 2]]], [[16, [16, 5, 17, 1, 12]]], [[13, [13]]]]], "all_solution": [[[[[0, [9, 24]], [24, []], [9, []], [6, [25, 6, 23, 20, 3]], [23, []], [20, []], [10, [10, 27, 8, 14]], [25, []], [3, []], [14, []], [27, []], [16, [16, 17, 1, 12]], [8, []], [17, []], [1, []], [12, []]], [[0, [4, 5]], [26, [26, 18, 19, 21]], [4, []], [18, []], [21, []], [15, [15, 7, 11]], [5, []], [19, []], [11, []], [7, []], [28, [28, 22, 30, 29, 2]], [22, []], [30, []], [29, []], [2, []], [13, [13]]]], [[[26, [26, 18, 19, 21]]], [[6, [25, 6, 23, 20, 3]]], [[15, [15, 7, 11]]], [[10, [10, 27, 8, 14]]], [[16, [16, 17, 1, 12]]], [[28, [28, 22, 30, 29, 2]]], [[13, [13]]]]], [[[[0, []], [18, [18, 19, 21]], [19, []], [21, []], [10, [10, 15, 11]], [14, [14, 27, 7, 8]], [7, []], [27, []], [11, []], [16, [16, 5, 17, 1, 12]], [15, []], [8, []], [5, []], [17, []], [1, []], [12, []]], [[0, [20, 24]], [20, []], [4, [4, 26, 23]], [26, []], [24, [3, 9, 25, 6]], [9, []], [6, []], [23, []], [25, []], [3, []], [22, [22, 30, 28, 29, 2]], [30, []], [28, []], [29, []], [2, []], [13, [13]]]], [[[18, [18, 19, 21]]], [[4, [4, 26, 23]]], [[10, [10, 15, 11]]], [[24, [3, 9, 25, 6]]], [[14, [14, 27, 7, 8]]], [[22, [22, 30, 28, 29, 2]]], [[16, [16, 5, 17, 1, 12]]], [[13, [13]]]]]], "Numrun": 5, "all_fitness": [382.0110720996228, 379.6288630099745]}
{"file_name": "U_30_1", "number_of_trucks": 2, "drone_capacity": 10, "number_of_drones": 2, "iteration": 3, "best_fitness": 372.6510720996228, "runtime": 1096.699120759964, "best_solution": [[[[0, [9, 24, 23, 20]], [23, []], [20, []], [9, [3, 6, 25, 7]], [24, []], [6, []], [2, [2, 30, 14]], [25, []], [3, []], [14, []], [7, []], [29, [29, 28, 13, 22]], [28, []], [30, []], [22, []], [13, []]], [[0, [21, 5, 4, 19]], [4, []], [26, [26, 18, 15]], [19, []], [5, []], [21, []], [15, []], [18, []], [27, [27, 10, 11, 8]], [11, []], [10, []], [17, [17, 16, 1, 12]], [8, []], [16, []], [1, []], [12, []]]], [[[26, [26, 18, 15]]], [[9, [3, 6, 25, 7]]], [[2, [2, 30, 14]]], [[27, [27, 10, 11, 8]]], [[17, [17, 16, 1, 12]]], [[29, [29, 28, 13, 22]]]]], "all_solution": [[[[[0, [9, 24]], [24, []], [9, []], [6, [25, 6, 23, 20, 3]], [23, []], [20, []], [10, [10, 27, 8, 14]], [25, []], [3, []], [14, []], [27, []], [16, [16, 17, 1, 12]], [8, []], [17, []], [1, []], [12, []]], [[0, [4, 5]], [26, [26, 18, 19, 21]], [4, []], [18, []], [21, []], [15, [15, 7, 11]], [5, []], [19, []], [11, []], [7, []], [28, [28, 22, 30, 29, 2]], [22, []], [30, []], [29, []], [2, []], [13, [13]]]], [[[26, [26, 18, 19, 21]]], [[6, [25, 6, 23, 20, 3]]], [[15, [15, 7, 11]]], [[10, [10, 27, 8, 14]]], [[16, [16, 17, 1, 12]]], [[28, [28, 22, 30, 29, 2]]], [[13, [13]]]]], [[[[0, []], [18, [18, 19, 21]], [19, []], [21, []], [10, [10, 15, 11]], [14, [14, 27, 7, 8]], [7, []], [27, []], [11, []], [16, [16, 5, 17, 1, 12]], [15, []], [8, []], [5, []], [17, []], [1, []], [12, []]], [[0, [20, 24]], [20, []], [4, [4, 26, 23]], [26, []], [24, [3, 9, 25, 6]], [9, []], [6, []], [23, []], [25, []], [3, []], [22, [22, 30, 28, 29, 2]], [30, []], [28, []], [29, []], [2, []], [13, [13]]]], [[[18, [18, 19, 21]]], [[4, [4, 26, 23]]], [[10, [10, 15, 11]]], [[24, [3, 9, 25, 6]]], [[14, [14, 27, 7, 8]]], [[22, [22, 30, 28, 29, 2]]], [[16, [16, 5, 17, 1, 12]]], [[13, [13]]]]], [[[[0, [9, 24, 23, 20]], [23, []], [20, []], [9, [3, 6, 25, 7]], [24, []], [6, []], [2, [2, 30, 14]], [25, []], [3, []], [14, []], [7, []], [29, [29, 28, 13, 22]], [28, []], [30, []], [22, []], [13, []]], [[0, [21, 5, 4, 19]], [4, []], [26, [26, 18, 15]], [19, []], [5, []], [21, []], [15, []], [18, []], [27, [27, 10, 11, 8]], [11, []], [10, []], [17, [17, 16, 1, 12]], [8, []], [16, []], [1, []], [12, []]]], [[[26, [26, 18, 15]]], [[9, [3, 6, 25, 7]]], [[2, [2, 30, 14]]], [[27, [27, 10, 11, 8]]], [[17, [17, 16, 1, 12]]], [[29, [29, 28, 13, 22]]]]]], "Numrun": 5, "all_fitness": [382.0110720996228, 379.6288630099745, 372.6510720996228]}
{"file_name": "U_30_1", "number_of_trucks": 2, "drone_capacity": 10, "number_of_drones": 2, "iteration": 4, "best_fitness": 392.93756832925607, "runtime": 113.2683756351471, "best_solution": [[[[0, []], [9, [23, 20, 3, 9, 5, 19]], [5, []], [19, []], [23, []], [20, []], [7, [7, 15, 11]], [11, []], [15, []], [16, [16, 8, 14, 27]], [8, []], [27, []], [29, [29, 13, 28]], [14, []], [28, []], [3, []], [13, []]], [[0, [24]], [4, [4, 21, 18]], [18, []], [21, []], [6, [6, 26, 25, 10]], [24, []], [10, []], [26, []], [25, []], [2, [2, 22, 30, 1, 12]], [22, []], [30, []], [17, [17]], [1, []], [12, []]]], [[[4, [4, 21, 18]]], [[9, [23, 20, 3, 9, 5, 19]]], [[6, [6, 26, 25, 10]]], [[7, [7, 15, 11]]], [[2, [2, 22, 30, 1, 12]]], [[16, [16, 8, 14, 27]]], [[29, [29, 13, 28]]], [[17, [17]]]]],