{"file_name": "U_30_1", "number_of_trucks": 2, "drone_capacity": 10, "number_of_drones": 2, "iteration": 1, "best_fitness": 429.3361838146311, "runtime": 780.4456222057343, "best_solution": [[[[0, [30]], [30, []], [3, [3, 29, 8]], [29, []], [8, []], [23, [23, 18, 24]], [18, []], [24, []], [4, [4, 27, 21]], [21, []], [12, [12, 19, 6, 10, 15]], [27, []], [19, []], [6, []], [10, []], [20, [20, 9, 1]], [9, []], [1, []], [15, []]], [[0, []], [5, [13, 5]], [13, []], [26, [26, 22, 25, 2, 14]], [22, []], [25, []], [2, []], [17, [17, 28]], [28, []], [14, []], [11, [11, 16, 7]], [16, []], [7, []]]], [[[5, [13, 5]]], [[3, [3, 29, 8]]], [[23, [23, 18, 24]]], [[26, [26, 22, 25, 2, 14]]], [[4, [4, 27, 21]]], [[12, [12, 19, 6, 10, 15]]], [[17, [17, 28]]], [[11, [11, 16, 7]]], [[20, [20, 9, 1]]]]], "all_solution": [[[[[0, [30]], [30, []], [3, [3, 29, 8]], [29, []], [8, []], [23, [23, 18, 24]], [18, []], [24, []], [4, [4, 27, 21]], [21, []], [12, [12, 19, 6, 10, 15]], [27, []], [19, []], [6, []], [10, []], [20, [20, 9, 1]], [9, []], [1, []], [15, []]], [[0, []], [5, [13, 5]], [13, []], [26, [26, 22, 25, 2, 14]], [22, []], [25, []], [2, []], [17, [17, 28]], [28, []], [14, []], [11, [11, 16, 7]], [16, []], [7, []]]], [[[5, [13, 5]]], [[3, [3, 29, 8]]], [[23, [23, 18, 24]]], [[26, [26, 22, 25, 2, 14]]], [[4, [4, 27, 21]]], [[12, [12, 19, 6, 10, 15]]], [[17, [17, 28]]], [[11, [11, 16, 7]]], [[20, [20, 9, 1]]]]]], "Numrun": 5, "all_fitness": [429.3361838146311]}
{"file_name": "U_30_1", "number_of_trucks": 2, "drone_capacity": 10, "number_of_drones": 2, "iteration": 2, "best_fitness": 436.7346046560658, "runtime": 1034.5804800987244, "best_solution": [[[[0, [29, 23, 8, 3, 5, 30, 13]], [21, [21, 18, 24]], [30, []], [18, []], [24, []], [8, []], [3, []], [27, [27, 28, 4, 14]], [19, [19]], [4, []], [29, []], [23, []], [14, []], [5, []], [13, []], [11, [11, 17]], [28, []], [17, []]], [[0, []], [26, [26, 2, 25]], [25, []], [22, [22, 10, 6]], [2, []], [10, []], [6, []], [1, [1, 15, 12]], [12, []], [16, [16, 7, 20, 9]], [7, []], [20, []], [15, []], [9, []]]], [[[21, [21, 18, 24]]], [[26, [26, 2, 25]]], [[22, [22, 10, 6]]], [[27, [27, 28, 4, 14]]], [[19, [19]]], [[1, [1, 15, 12]]], [[16, [16, 7, 20, 9]]], [[11, [11, 17]]]]], "all_solution": [[[[[0, [30]], [30, []], [3, [3, 29, 8]], [29, []], [8, []], [23, [23, 18, 24]], [18, []], [24, []], [4, [4, 27, 21]], [21, []], [12, [12, 19, 6, 10, 15]], [27, []], [19, []], [6, []], [10, []], [20, [20, 9, 1]], [9, []], [1, []], [15, []]], [[0, []], [5, [13, 5]], [13, []], [26, [26, 22, 25, 2, 14]], [22, []], [25, []], [2, []], [17, [17, 28]], [28, []], [14, []], [11, [11, 16, 7]], [16, []], [7, []]]], [[[5, [13, 5]]], [[3, [3, 29, 8]]], [[23, [23, 18, 24]]], [[26, [26, 22, 25, 2, 14]]], [[4, [4, 27, 21]]], [[12, [12, 19, 6, 10, 15]]], [[17, [17, 28]]], [[11, [11, 16, 7]]], [[20, [20, 9, 1]]]]], [[[[0, [29, 23, 8, 3, 5, 30, 13]], [21, [21, 18, 24]], [30, []], [18, []], [24, []], [8, []], [3, []], [27, [27, 28, 4, 14]], [19, [19]], [4, []], [29, []], [23, []], [14, []], [5, []], [13, []], [11, [11, 17]], [28, []], [17, []]], [[0, []], [26, [26, 2, 25]], [25, []], [22, [22, 10, 6]], [2, []], [10, []], [6, []], [1, [1, 15, 12]], [12, []], [16, [16, 7, 20, 9]], [7, []], [20, []], [15, []], [9, []]]], [[[21, [21, 18, 24]]], [[26, [26, 2, 25]]], [[22, [22, 10, 6]]], [[27, [27, 28, 4, 14]]], [[19, [19]]], [[1, [1, 15, 12]]], [[16, [16, 7, 20, 9]]], [[11, [11, 17]]]]]], "Numrun": 5, "all_fitness": [429.3361838146311, 436.7346046560658]}
{"file_name": "U_30_1", "number_of_trucks": 2, "drone_capacity": 10, "number_of_drones": 2, "iteration": 3, "best_fitness": 426.2401393829888, "runtime": 1120.4158189296722, "best_solution": [[[[0, [30, 21, 3]], [30, []], [21, [23, 24, 29, 13, 8]], [3, []], [8, []], [23, []], [24, []], [29, []], [15, [15, 10, 4, 14, 19, 28]], [10, []], [19, []], [4, []], [28, []], [14, []], [13, []], [11, [11, 7, 16]], [16, []], [7, []]], [[0, [5]], [5, []], [18, [18, 2, 25]], [27, [27]], [26, [26, 6, 22]], [6, []], [2, []], [25, []], [22, []], [17, [17]], [20, [20, 9, 1, 12]], [9, []], [1, []], [12, []]]], [[[21, [23, 24, 29, 13, 8]]], [[18, [18, 2, 25]]], [[27, [27]]], [[26, [26, 6, 22]]], [[15, [15, 10, 4, 14, 19, 28]]], [[11, [11, 7, 16]]], [[17, [17]]], [[20, [20, 9, 1, 12]]]]], "all_solution": [[[[[0, [30]], [30, []], [3, [3, 29, 8]], [29, []], [8, []], [23, [23, 18, 24]], [18, []], [24, []], [4, [4, 27, 21]], [21, []], [12, [12, 19, 6, 10, 15]], [27, []], [19, []], [6, []], [10, []], [20, [20, 9, 1]], [9, []], [1, []], [15, []]], [[0, []], [5, [13, 5]], [13, []], [26, [26, 22, 25, 2, 14]], [22, []], [25, []], [2, []], [17, [17, 28]], [28, []], [14, []], [11, [11, 16, 7]], [16, []], [7, []]]], [[[5, [13, 5]]], [[3, [3, 29, 8]]], [[23, [23, 18, 24]]], [[26, [26, 22, 25, 2, 14]]], [[4, [4, 27, 21]]], [[12, [12, 19, 6, 10, 15]]], [[17, [17, 28]]], [[11, [11, 16, 7]]], [[20, [20, 9, 1]]]]], [[[[0, [29, 23, 8, 3, 5, 30, 13]], [21, [21, 18, 24]], [30, []], [18, []], [24, []], [8, []], [3, []], [27, [27, 28, 4, 14]], [19, [19]], [4, []], [29, []], [23, []], [14, []], [5, []], [13, []], [11, [11, 17]], [28, []], [17, []]], [[0, []], [26, [26, 2, 25]], [25, []], [22, [22, 10, 6]], [2, []], [10, []], [6, []], [1, [1, 15, 12]], [12, []], [16, [16, 7, 20, 9]], [7, []], [20, []], [15, []], [9, []]]], [[[21, [21, 18, 24]]], [[26, [26, 2, 25]]], [[22, [22, 10, 6]]], [[27, [27, 28, 4, 14]]], [[19, [19]]], [[1, [1, 15, 12]]], [[16, [16, 7, 20, 9]]], [[11, [11, 17]]]]], [[[[0, [30, 21, 3]], [30, []], [21, [23, 24, 29, 13, 8]], [3, []], [8, []], [23, []], [24, []], [29, []], [15, [15, 10, 4, 14, 19, 28]], [10, []], [19, []], [4, []], [28, []], [14, []], [13, []], [11, [11, 7, 16]], [16, []], [7, []]], [[0, [5]], [5, []], [18, [18, 2, 25]], [27, [27]], [26, [26, 6, 22]], [6, []], [2, []], [25, []], [22, []], [17, [17]], [20, [20, 9, 1, 12]], [9, []], [1, []], [12, []]]], [[[21, [23, 24, 29, 13, 8]]], [[18, [18, 2, 25]]], [[27, [27]]], [[26, [26, 6, 22]]], [[15, [15, 10, 4, 14, 19, 28]]], [[11, [11, 7, 16]]], [[17, [17]]], [[20, [20, 9, 1, 12]]]]]], "Numrun": 5, "all_fitness": [429.3361838146311, 436.7346046560658, 426.2401393829888]}
{"file_name": "U_30_1", "number_of_trucks": 2, "drone_capacity": 10, "number_of_drones": 2, "iteration": 4, "best_fitness": 435.0631531825373, "runtime": 685.08922123909, "best_solution": [[[[0, [21]], [21, []], [18, [18, 3, 30, 5, 13, 2]], [3, []], [30, []], [5, [14, 28]], [13, []], [14, []], [28, []], [7, [7, 17]], [2, []], [17, []], [11, [11, 16]], [16, []]], [[0, []], [29, [29, 23, 24, 25, 8]], [23, []], [24, []], [8, []], [10, [10, 6, 22, 26, 27]], [6, []], [22, []], [25, []], [26, []], [9, [9, 15, 1, 4, 19, 12]], [15, []], [1, []], [20, [20]], [4, []], [19, []], [12, []], [27, []]]], [[[18, [18, 3, 30, 5, 13, 2]]], [[29, [29, 23, 24, 25, 8]]], [[10, [10, 6, 22, 26, 27]]], [[5, [14, 28]]], [[9, [9, 15, 1, 4, 19, 12]]], [[7, [7, 17]]], [[20, [20]]], [[11, [11, 16]]]]],