{"file_name": "U_10_0", "number_of_trucks": 2, "drone_capacity": 10, "number_of_drones": 2, "iteration": 1, "best_fitness": 174.61970158072307, "runtime": 31.44169545173645, "best_solution": [[[[0, [5]], [5, []], [2, [2, 4, 8]], [4, []], [8, []]], [[0, []], [6, [6, 1, 3, 9, 7, 10]], [7, []], [1, []], [10, []], [9, []], [3, []]]], [[[2, [2, 4, 8]]], [[6, [6, 1, 3, 9, 7, 10]]]]], "all_solution": [[[[[0, [5]], [5, []], [2, [2, 4, 8]], [4, []], [8, []]], [[0, []], [6, [6, 1, 3, 9, 7, 10]], [7, []], [1, []], [10, []], [9, []], [3, []]]], [[[2, [2, 4, 8]]], [[6, [6, 1, 3, 9, 7, 10]]]]]], "Numrun": 5, "all_fitness": [174.61970158072307]}
{"file_name": "U_10_0", "number_of_trucks": 2, "drone_capacity": 10, "number_of_drones": 2, "iteration": 2, "best_fitness": 174.61970158072307, "runtime": 21.686318159103394, "best_solution": [[[[0, [9]], [6, [6, 7, 10, 3, 1]], [7, []], [1, []], [10, []], [9, []], [3, []]], [[0, [5]], [5, []], [2, [2, 4, 8]], [4, []], [8, []]]], [[[6, [6, 7, 10, 3, 1]]], [[2, [2, 4, 8]]]]], "all_solution": [[[[[0, [5]], [5, []], [2, [2, 4, 8]], [4, []], [8, []]], [[0, []], [6, [6, 1, 3, 9, 7, 10]], [7, []], [1, []], [10, []], [9, []], [3, []]]], [[[2, [2, 4, 8]]], [[6, [6, 1, 3, 9, 7, 10]]]]], [[[[0, [9]], [6, [6, 7, 10, 3, 1]], [7, []], [1, []], [10, []], [9, []], [3, []]], [[0, [5]], [5, []], [2, [2, 4, 8]], [4, []], [8, []]]], [[[6, [6, 7, 10, 3, 1]]], [[2, [2, 4, 8]]]]]], "Numrun": 5, "all_fitness": [174.61970158072307, 174.61970158072307]}
{"file_name": "U_10_0", "number_of_trucks": 2, "drone_capacity": 10, "number_of_drones": 2, "iteration": 3, "best_fitness": 174.61970158072307, "runtime": 17.625863075256348, "best_solution": [[[[0, [5]], [5, []], [2, [2, 4, 8]], [4, []], [8, []]], [[0, [9]], [6, [6, 7, 1, 10, 3]], [7, []], [1, []], [10, []], [9, []], [3, []]]], [[[2, [2, 4, 8]]], [[6, [6, 7, 1, 10, 3]]]]], "all_solution": [[[[[0, [5]], [5, []], [2, [2, 4, 8]], [4, []], [8, []]], [[0, []], [6, [6, 1, 3, 9, 7, 10]], [7, []], [1, []], [10, []], [9, []], [3, []]]], [[[2, [2, 4, 8]]], [[6, [6, 1, 3, 9, 7, 10]]]]], [[[[0, [9]], [6, [6, 7, 10, 3, 1]], [7, []], [1, []], [10, []], [9, []], [3, []]], [[0, [5]], [5, []], [2, [2, 4, 8]], [4, []], [8, []]]], [[[6, [6, 7, 10, 3, 1]]], [[2, [2, 4, 8]]]]], [[[[0, [5]], [5, []], [2, [2, 4, 8]], [4, []], [8, []]], [[0, [9]], [6, [6, 7, 1, 10, 3]], [7, []], [1, []], [10, []], [9, []], [3, []]]], [[[2, [2, 4, 8]]], [[6, [6, 7, 1, 10, 3]]]]]], "Numrun": 5, "all_fitness": [174.61970158072307, 174.61970158072307, 174.61970158072307]}
{"file_name": "U_10_0", "number_of_trucks": 2, "drone_capacity": 10, "number_of_drones": 2, "iteration": 4, "best_fitness": 174.61970158072307, "runtime": 21.930519819259644, "best_solution": [[[[0, [5]], [5, []], [2, [2, 4, 8]], [4, []], [8, []]], [[0, []], [6, [6, 9, 7, 1, 10, 3]], [7, []], [1, []], [10, []], [9, []], [3, []]]], [[[6, [6, 9, 7, 1, 10, 3]]], [[2, [2, 4, 8]]]]], "all_solution": [[[[[0, [5]], [5, []], [2, [2, 4, 8]], [4, []], [8, []]], [[0, []], [6, [6, 1, 3, 9, 7, 10]], [7, []], [1, []], [10, []], [9, []], [3, []]]], [[[2, [2, 4, 8]]], [[6, [6, 1, 3, 9, 7, 10]]]]], [[[[0, [9]], [6, [6, 7, 10, 3, 1]], [7, []], [1, []], [10, []], [9, []], [3, []]], [[0, [5]], [5, []], [2, [2, 4, 8]], [4, []], [8, []]]], [[[6, [6, 7, 10, 3, 1]]], [[2, [2, 4, 8]]]]], [[[[0, [5]], [5, []], [2, [2, 4, 8]], [4, []], [8, []]], [[0, [9]], [6, [6, 7, 1, 10, 3]], [7, []], [1, []], [10, []], [9, []], [3, []]]], [[[2, [2, 4, 8]]], [[6, [6, 7, 1, 10, 3]]]]], [[[[0, [5]], [5, []], [2, [2, 4, 8]], [4, []], [8, []]], [[0, []], [6, [6, 9, 7, 1, 10, 3]], [7, []], [1, []], [10, []], [9, []], [3, []]]], [[[6, [6, 9, 7, 1, 10, 3]]], [[2, [2, 4, 8]]]]]], "Numrun": 5, "all_fitness": [174.61970158072307, 174.61970158072307, 174.61970158072307, 174.61970158072307]}
{"file_name": "U_10_0", "number_of_trucks": 2, "drone_capacity": 10, "number_of_drones": 2, "iteration": 5, "best_fitness": 174.61970158072307, "runtime": 24.702280521392822, "best_solution": [[[[0, [5]], [5, []], [2, [2, 4, 8]], [4, []], [8, []]], [[0, []], [6, [6, 1, 3, 9, 7, 10]], [7, []], [1, []], [10, []], [9, []], [3, []]]], [[[6, [6, 1, 3, 9, 7, 10]]], [[2, [2, 4, 8]]]]], "all_solution": [[[[[0, [5]], [5, []], [2, [2, 4, 8]], [4, []], [8, []]], [[0, []], [6, [6, 1, 3, 9, 7, 10]], [7, []], [1, []], [10, []], [9, []], [3, []]]], [[[2, [2, 4, 8]]], [[6, [6, 1, 3, 9, 7, 10]]]]], [[[[0, [9]], [6, [6, 7, 10, 3, 1]], [7, []], [1, []], [10, []], [9, []], [3, []]], [[0, [5]], [5, []], [2, [2, 4, 8]], [4, []], [8, []]]], [[[6, [6, 7, 10, 3, 1]]], [[2, [2, 4, 8]]]]], [[[[0, [5]], [5, []], [2, [2, 4, 8]], [4, []], [8, []]], [[0, [9]], [6, [6, 7, 1, 10, 3]], [7, []], [1, []], [10, []], [9, []], [3, []]]], [[[2, [2, 4, 8]]], [[6, [6, 7, 1, 10, 3]]]]], [[[[0, [5]], [5, []], [2, [2, 4, 8]], [4, []], [8, []]], [[0, []], [6, [6, 9, 7, 1, 10, 3]], [7, []], [1, []], [10, []], [9, []], [3, []]]], [[[6, [6, 9, 7, 1, 10, 3]]], [[2, [2, 4, 8]]]]], [[[[0, [5]], [5, []], [2, [2, 4, 8]], [4, []], [8, []]], [[0, []], [6, [6, 1, 3, 9, 7, 10]], [7, []], [1, []], [10, []], [9, []], [3, []]]], [[[6, [6, 1, 3, 9, 7, 10]]], [[2, [2, 4, 8]]]]]], "Numrun": 5, "all_fitness": [174.61970158072307, 174.61970158072307, 174.61970158072307, 174.61970158072307, 174.61970158072307]}
